"Dist Code","Year","State Code","State Name","Dist Name","ADULT MALE CROSSBRED (1000 Number)","ADULT MALE INDIGENOUS (1000 Number)","ADULT FEMALE CROSSBRED (1000 Number)","ADULT FEMALE INDIGENOUS (1000 Number)","YOUNG MALE CROSSBRED (1000 Number)","YOUNG MALE INDIGENOUS (1000 Number)","YOUNG FEMALE CROSSBRED (1000 Number)","YOUNG FEMALE INDIGENOUS (1000 Number)"
"1","1966","14","Chhattisgarh","Durg","-1.0","-1.0","-1.0","-1.0","-1.0","-1.0","-1.0","-1.0"
"1","1972","14","Chhattisgarh","Durg","-1.0","-1.0","-1.0","-1.0","-1.0","-1.0","-1.0","-1.0"
"1","1977","14","Chhattisgarh","Durg","-1.0","-1.0","-1.0","-1.0","-1.0","-1.0","-1.0","-1.0"
"1","1982","14","Chhattisgarh","Durg","-1.0","-1.0","-1.0","-1.0","-1.0","-1.0","-1.0","-1.0"
"1","1987","14","Chhattisgarh","Durg","-1.0","-1.0","-1.0","-1.0","-1.0","-1.0","-1.0","-1.0"
"1","1992","14","Chhattisgarh","Durg","-1.0","-1.0","-1.0","-1.0","-1.0","-1.0","-1.0","-1.0"
"1","1997","14","Chhattisgarh","Durg","-1.0","-1.0","-1.0","-1.0","-1.0","-1.0","-1.0","-1.0"
"1","2003","14","Chhattisgarh","Durg","7.6","484.38","14.2","502.93","6.17","305.16","8.44","341.53"
"1","2007","14","Chhattisgarh","Durg","1.24","572.66","8.65","747.01","2.89","340.97","4.37","368.8"
"1","2012","14","Chhattisgarh","Durg","1.44","565.65","10.79","777.03","2.47","288.99","4.7","392.12"
"1","2019","14","Chhattisgarh","Durg","1.27","460.88","13.97","813.04","2.39","287.06","5.87","478.47"
"2","1966","14","Chhattisgarh","Bastar","-1.0","-1.0","-1.0","-1.0","-1.0","-1.0","-1.0","-1.0"
"2","1972","14","Chhattisgarh","Bastar","-1.0","-1.0","-1.0","-1.0","-1.0","-1.0","-1.0","-1.0"
"2","1977","14","Chhattisgarh","Bastar","-1.0","-1.0","-1.0","-1.0","-1.0","-1.0","-1.0","-1.0"
"2","1982","14","Chhattisgarh","Bastar","-1.0","-1.0","-1.0","-1.0","-1.0","-1.0","-1.0","-1.0"
"2","1987","14","Chhattisgarh","Bastar","-1.0","-1.0","-1.0","-1.0","-1.0","-1.0","-1.0","-1.0"
"2","1992","14","Chhattisgarh","Bastar","-1.0","-1.0","-1.0","-1.0","-1.0","-1.0","-1.0","-1.0"
"2","1997","14","Chhattisgarh","Bastar","-1.0","-1.0","-1.0","-1.0","-1.0","-1.0","-1.0","-1.0"
"2","2003","14","Chhattisgarh","Bastar","1.98","640.45","4.1","306.12","1.54","202.8","2.66","245.79"
"2","2007","14","Chhattisgarh","Bastar","1.82","694.43","6.78","486.99","3.05","216.31","3.06","217.07"
"2","2012","14","Chhattisgarh","Bastar","2.25","861.84","8.79","564.63","2.51","150.7","4.2","277.71"
"2","2019","14","Chhattisgarh","Bastar","2.58","924.93","15.92","547.7","3.77","183.9","9.89","321.06"
"3","1966","14","Chhattisgarh","Raipur","-1.0","-1.0","-1.0","-1.0","-1.0","-1.0","-1.0","-1.0"
"3","1972","14","Chhattisgarh","Raipur","-1.0","-1.0","-1.0","-1.0","-1.0","-1.0","-1.0","-1.0"
"3","1977","14","Chhattisgarh","Raipur","-1.0","-1.0","-1.0","-1.0","-1.0","-1.0","-1.0","-1.0"
"3","1982","14","Chhattisgarh","Raipur","-1.0","-1.0","-1.0","-1.0","-1.0","-1.0","-1.0","-1.0"
"3","1987","14","Chhattisgarh","Raipur","-1.0","-1.0","-1.0","-1.0","-1.0","-1.0","-1.0","-1.0"
"3","1992","14","Chhattisgarh","Raipur","-1.0","-1.0","-1.0","-1.0","-1.0","-1.0","-1.0","-1.0"
"3","1997","14","Chhattisgarh","Raipur","-1.0","-1.0","-1.0","-1.0","-1.0","-1.0","-1.0","-1.0"
"3","2003","14","Chhattisgarh","Raipur","52.57","477.01","16.67","510.57","8.66","307.29","10.89","337.01"
"3","2007","14","Chhattisgarh","Raipur","14.39","538.09","16.58","681.71","7.74","335.03","8.78","335.95"
"3","2012","14","Chhattisgarh","Raipur","4.14","561.47","20.2","667.32","5.66","262.11","7.95","347.49"
"3","2019","14","Chhattisgarh","Raipur","3.15","383.75","30.05","628.76","6.94","233.73","18.76","366.6"
"4","1966","14","Chhattisgarh","Bilaspur","-1.0","-1.0","-1.0","-1.0","-1.0","-1.0","-1.0","-1.0"
"4","1972","14","Chhattisgarh","Bilaspur","-1.0","-1.0","-1.0","-1.0","-1.0","-1.0","-1.0","-1.0"
"4","1977","14","Chhattisgarh","Bilaspur","-1.0","-1.0","-1.0","-1.0","-1.0","-1.0","-1.0","-1.0"
"4","1982","14","Chhattisgarh","Bilaspur","-1.0","-1.0","-1.0","-1.0","-1.0","-1.0","-1.0","-1.0"
"4","1987","14","Chhattisgarh","Bilaspur","-1.0","-1.0","-1.0","-1.0","-1.0","-1.0","-1.0","-1.0"
"4","1992","14","Chhattisgarh","Bilaspur","-1.0","-1.0","-1.0","-1.0","-1.0","-1.0","-1.0","-1.0"
"4","1997","14","Chhattisgarh","Bilaspur","-1.0","-1.0","-1.0","-1.0","-1.0","-1.0","-1.0","-1.0"
"4","2003","14","Chhattisgarh","Bilaspur","6.05","383.7","7.58","480.89","3.37","251.21","4.39","313.76"
"4","2007","14","Chhattisgarh","Bilaspur","10.98","441.8","17.21","679.41","7.99","296.45","7.66","321.87"
"4","2012","14","Chhattisgarh","Bilaspur","4.58","517.95","16.11","708.55","4.51","218.5","7.43","339.76"
"4","2019","14","Chhattisgarh","Bilaspur","3.61","468.11","20.23","716.46","4.21","212.12","10.85","406.62"
"5","1966","14","Chhattisgarh","Raigarh","-1.0","-1.0","-1.0","-1.0","-1.0","-1.0","-1.0","-1.0"
"5","1972","14","Chhattisgarh","Raigarh","-1.0","-1.0","-1.0","-1.0","-1.0","-1.0","-1.0","-1.0"
"5","1977","14","Chhattisgarh","Raigarh","-1.0","-1.0","-1.0","-1.0","-1.0","-1.0","-1.0","-1.0"
"5","1982","14","Chhattisgarh","Raigarh","-1.0","-1.0","-1.0","-1.0","-1.0","-1.0","-1.0","-1.0"
"5","1987","14","Chhattisgarh","Raigarh","-1.0","-1.0","-1.0","-1.0","-1.0","-1.0","-1.0","-1.0"
"5","1992","14","Chhattisgarh","Raigarh","-1.0","-1.0","-1.0","-1.0","-1.0","-1.0","-1.0","-1.0"
"5","1997","14","Chhattisgarh","Raigarh","-1.0","-1.0","-1.0","-1.0","-1.0","-1.0","-1.0","-1.0"
"5","2003","14","Chhattisgarh","Raigarh","18.54","368.32","17.91","162.5","8.79","88.39","10.94","102.71"
"5","2007","14","Chhattisgarh","Raigarh","6.69","417.41","20.12","209.43","9.18","88.84","10.25","104.07"
"5","2012","14","Chhattisgarh","Raigarh","8.37","459.37","23.85","210.75","7.5","69.07","10.38","102.03"
"5","2019","14","Chhattisgarh","Raigarh","5.2","397.31","27.9","183.42","6.72","67.33","15.19","109.01"
"6","1966","14","Chhattisgarh","Surguja","-1.0","-1.0","-1.0","-1.0","-1.0","-1.0","-1.0","-1.0"
"6","1972","14","Chhattisgarh","Surguja","-1.0","-1.0","-1.0","-1.0","-1.0","-1.0","-1.0","-1.0"
"6","1977","14","Chhattisgarh","Surguja","-1.0","-1.0","-1.0","-1.0","-1.0","-1.0","-1.0","-1.0"
"6","1982","14","Chhattisgarh","Surguja","-1.0","-1.0","-1.0","-1.0","-1.0","-1.0","-1.0","-1.0"
"6","1987","14","Chhattisgarh","Surguja","-1.0","-1.0","-1.0","-1.0","-1.0","-1.0","-1.0","-1.0"
"6","1992","14","Chhattisgarh","Surguja","-1.0","-1.0","-1.0","-1.0","-1.0","-1.0","-1.0","-1.0"
"6","1997","14","Chhattisgarh","Surguja","-1.0","-1.0","-1.0","-1.0","-1.0","-1.0","-1.0","-1.0"
"6","2003","14","Chhattisgarh","Surguja","1.04","617.28","3.45","272.96","2.1","118.29","2.45","160.18"
"6","2007","14","Chhattisgarh","Surguja","2.66","659.58","6.69","313.03","3.96","107.23","3.29","131.17"
"6","2012","14","Chhattisgarh","Surguja","3.52","744.64","8.97","310.21","2.67","84.12","5.21","154.76"
"6","2019","14","Chhattisgarh","Surguja","11.85","855.62","24.78","357.03","5.68","99.89","16.24","214.12"
"7","1966","6","Madhya Pradesh","Jabalpur","-1.0","-1.0","-1.0","-1.0","-1.0","-1.0","-1.0","-1.0"
"7","1972","6","Madhya Pradesh","Jabalpur","-1.0","-1.0","-1.0","-1.0","-1.0","-1.0","-1.0","-1.0"
"7","1977","6","Madhya Pradesh","Jabalpur","-1.0","-1.0","-1.0","-1.0","-1.0","-1.0","-1.0","-1.0"
"7","1982","6","Madhya Pradesh","Jabalpur","-1.0","-1.0","-1.0","-1.0","-1.0","-1.0","-1.0","-1.0"
"7","1987","6","Madhya Pradesh","Jabalpur","-1.0","-1.0","-1.0","-1.0","-1.0","-1.0","-1.0","-1.0"
"7","1992","6","Madhya Pradesh","Jabalpur","-1.0","-1.0","-1.0","-1.0","-1.0","-1.0","-1.0","-1.0"
"7","1997","6","Madhya Pradesh","Jabalpur","-1.0","-1.0","-1.0","-1.0","-1.0","-1.0","-1.0","-1.0"
"7","2003","6","Madhya Pradesh","Jabalpur","0.95","117.45","2.38","236.67","1.07","125.51","1.66","167.74"
"7","2007","6","Madhya Pradesh","Jabalpur","0.72","263.43","8.67","334.15","3.15","141.91","4.78","165.23"
"7","2012","6","Madhya Pradesh","Jabalpur","2.53","236.26","15.26","269.86","4.25","86.67","9.39","176.51"
"7","2019","6","Madhya Pradesh","Jabalpur","1.14","137.71","29.96","245.18","2.67","59.6","23.14","176.83"
"8","1966","6","Madhya Pradesh","Balaghat","-1.0","-1.0","-1.0","-1.0","-1.0","-1.0","-1.0","-1.0"
"8","1972","6","Madhya Pradesh","Balaghat","-1.0","-1.0","-1.0","-1.0","-1.0","-1.0","-1.0","-1.0"
"8","1977","6","Madhya Pradesh","Balaghat","-1.0","-1.0","-1.0","-1.0","-1.0","-1.0","-1.0","-1.0"
"8","1982","6","Madhya Pradesh","Balaghat","-1.0","-1.0","-1.0","-1.0","-1.0","-1.0","-1.0","-1.0"
"8","1987","6","Madhya Pradesh","Balaghat","-1.0","-1.0","-1.0","-1.0","-1.0","-1.0","-1.0","-1.0"
"8","1992","6","Madhya Pradesh","Balaghat","-1.0","-1.0","-1.0","-1.0","-1.0","-1.0","-1.0","-1.0"
"8","1997","6","Madhya Pradesh","Balaghat","-1.0","-1.0","-1.0","-1.0","-1.0","-1.0","-1.0","-1.0"
"8","2003","6","Madhya Pradesh","Balaghat","0.21","221.98","0.55","138.73","0.28","67.16","0.42","93.74"
"8","2007","6","Madhya Pradesh","Balaghat","0.26","264.24","1.65","162.31","1.27","64.89","1.45","74.54"
"8","2012","6","Madhya Pradesh","Balaghat","2.0","265.11","3.62","147.98","1.92","52.71","3.32","100.11"
"8","2019","6","Madhya Pradesh","Balaghat","1.99","259.71","10.06","161.36","2.02","49.8","7.48","113.51"
"9","1966","6","Madhya Pradesh","Chhindwara","-1.0","-1.0","-1.0","-1.0","-1.0","-1.0","-1.0","-1.0"
"9","1972","6","Madhya Pradesh","Chhindwara","-1.0","-1.0","-1.0","-1.0","-1.0","-1.0","-1.0","-1.0"
"9","1977","6","Madhya Pradesh","Chhindwara","-1.0","-1.0","-1.0","-1.0","-1.0","-1.0","-1.0","-1.0"
"9","1982","6","Madhya Pradesh","Chhindwara","-1.0","-1.0","-1.0","-1.0","-1.0","-1.0","-1.0","-1.0"
"9","1987","6","Madhya Pradesh","Chhindwara","-1.0","-1.0","-1.0","-1.0","-1.0","-1.0","-1.0","-1.0"
"9","1992","6","Madhya Pradesh","Chhindwara","-1.0","-1.0","-1.0","-1.0","-1.0","-1.0","-1.0","-1.0"
"9","1997","6","Madhya Pradesh","Chhindwara","-1.0","-1.0","-1.0","-1.0","-1.0","-1.0","-1.0","-1.0"
"9","2003","6","Madhya Pradesh","Chhindwara","0.82","309.4","3.37","180.3","0.91","89.08","2.18","111.95"
"9","2007","6","Madhya Pradesh","Chhindwara","1.12","343.48","8.22","230.11","2.78","84.73","4.36","103.57"
"9","2012","6","Madhya Pradesh","Chhindwara","2.51","312.19","9.81","191.26","3.52","56.62","7.24","115.92"
"9","2019","6","Madhya Pradesh","Chhindwara","3.57","262.48","27.94","190.87","4.16","59.9","22.23","141.01"
"10","1966","6","Madhya Pradesh","Narsinghpur","-1.0","-1.0","-1.0","-1.0","-1.0","-1.0","-1.0","-1.0"
"10","1972","6","Madhya Pradesh","Narsinghpur","-1.0","-1.0","-1.0","-1.0","-1.0","-1.0","-1.0","-1.0"
"10","1977","6","Madhya Pradesh","Narsinghpur","-1.0","-1.0","-1.0","-1.0","-1.0","-1.0","-1.0","-1.0"
"10","1982","6","Madhya Pradesh","Narsinghpur","-1.0","-1.0","-1.0","-1.0","-1.0","-1.0","-1.0","-1.0"
"10","1987","6","Madhya Pradesh","Narsinghpur","-1.0","-1.0","-1.0","-1.0","-1.0","-1.0","-1.0","-1.0"
"10","1992","6","Madhya Pradesh","Narsinghpur","-1.0","-1.0","-1.0","-1.0","-1.0","-1.0","-1.0","-1.0"
"10","1997","6","Madhya Pradesh","Narsinghpur","-1.0","-1.0","-1.0","-1.0","-1.0","-1.0","-1.0","-1.0"
"10","2003","6","Madhya Pradesh","Narsinghpur","0.81","96.15","5.21","124.35","2.36","69.86","5.04","90.73"
"10","2007","6","Madhya Pradesh","Narsinghpur","0.34","70.49","5.77","168.18","1.75","55.71","2.86","69.39"
"10","2012","6","Madhya Pradesh","Narsinghpur","2.18","60.42","17.86","111.96","5.31","34.82","12.73","75.83"
"10","2019","6","Madhya Pradesh","Narsinghpur","0.9","25.99","16.95","99.26","3.54","16.75","12.31","79.2"
"11","1966","6","Madhya Pradesh","Seoni / Shivani","-1.0","-1.0","-1.0","-1.0","-1.0","-1.0","-1.0","-1.0"
"11","1972","6","Madhya Pradesh","Seoni / Shivani","-1.0","-1.0","-1.0","-1.0","-1.0","-1.0","-1.0","-1.0"
"11","1977","6","Madhya Pradesh","Seoni / Shivani","-1.0","-1.0","-1.0","-1.0","-1.0","-1.0","-1.0","-1.0"
"11","1982","6","Madhya Pradesh","Seoni / Shivani","-1.0","-1.0","-1.0","-1.0","-1.0","-1.0","-1.0","-1.0"
"11","1987","6","Madhya Pradesh","Seoni / Shivani","-1.0","-1.0","-1.0","-1.0","-1.0","-1.0","-1.0","-1.0"
"11","1992","6","Madhya Pradesh","Seoni / Shivani","-1.0","-1.0","-1.0","-1.0","-1.0","-1.0","-1.0","-1.0"
"11","1997","6","Madhya Pradesh","Seoni / Shivani","-1.0","-1.0","-1.0","-1.0","-1.0","-1.0","-1.0","-1.0"
"11","2003","6","Madhya Pradesh","Seoni / Shivani","0.33","191.14","1.65","111.3","0.86","30.24","1.29","85.78"
"11","2007","6","Madhya Pradesh","Seoni / Shivani","0.97","240.41","5.64","151.88","2.13","62.96","3.81","71.98"
"11","2012","6","Madhya Pradesh","Seoni / Shivani","1.47","232.32","9.34","130.28","3.27","42.75","7.3","85.96"
"11","2019","6","Madhya Pradesh","Seoni / Shivani","1.74","167.4","18.87","113.79","4.08","40.65","15.95","83.13"
"12","1966","6","Madhya Pradesh","Mandla","-1.0","-1.0","-1.0","-1.0","-1.0","-1.0","-1.0","-1.0"
"12","1972","6","Madhya Pradesh","Mandla","-1.0","-1.0","-1.0","-1.0","-1.0","-1.0","-1.0","-1.0"
"12","1977","6","Madhya Pradesh","Mandla","-1.0","-1.0","-1.0","-1.0","-1.0","-1.0","-1.0","-1.0"
"12","1982","6","Madhya Pradesh","Mandla","-1.0","-1.0","-1.0","-1.0","-1.0","-1.0","-1.0","-1.0"
"12","1987","6","Madhya Pradesh","Mandla","-1.0","-1.0","-1.0","-1.0","-1.0","-1.0","-1.0","-1.0"
"12","1992","6","Madhya Pradesh","Mandla","-1.0","-1.0","-1.0","-1.0","-1.0","-1.0","-1.0","-1.0"
"12","1997","6","Madhya Pradesh","Mandla","-1.0","-1.0","-1.0","-1.0","-1.0","-1.0","-1.0","-1.0"
"12","2003","6","Madhya Pradesh","Mandla","0.11","321.93","0.6","178.04","0.16","94.63","0.47","119.86"
"12","2007","6","Madhya Pradesh","Mandla","0.08","455.5","1.34","259.31","0.61","109.43","1.13","126.37"
"12","2012","6","Madhya Pradesh","Mandla","1.39","391.41","2.83","179.9","1.48","65.57","2.42","124.22"
"12","2019","6","Madhya Pradesh","Mandla","2.66","495.77","6.79","202.33","1.94","65.01","5.5","154.27"
"13","1966","6","Madhya Pradesh","Sagar","-1.0","-1.0","-1.0","-1.0","-1.0","-1.0","-1.0","-1.0"
"13","1972","6","Madhya Pradesh","Sagar","-1.0","-1.0","-1.0","-1.0","-1.0","-1.0","-1.0","-1.0"
"13","1977","6","Madhya Pradesh","Sagar","-1.0","-1.0","-1.0","-1.0","-1.0","-1.0","-1.0","-1.0"
"13","1982","6","Madhya Pradesh","Sagar","-1.0","-1.0","-1.0","-1.0","-1.0","-1.0","-1.0","-1.0"
"13","1987","6","Madhya Pradesh","Sagar","-1.0","-1.0","-1.0","-1.0","-1.0","-1.0","-1.0","-1.0"
"13","1992","6","Madhya Pradesh","Sagar","-1.0","-1.0","-1.0","-1.0","-1.0","-1.0","-1.0","-1.0"
"13","1997","6","Madhya Pradesh","Sagar","-1.0","-1.0","-1.0","-1.0","-1.0","-1.0","-1.0","-1.0"
"13","2003","6","Madhya Pradesh","Sagar","0.24","111.77","1.03","219.14","0.28","97.16","0.63","138.34"
"13","2007","6","Madhya Pradesh","Sagar","0.16","184.48","2.15","371.64","0.73","147.42","1.24","172.47"
"13","2012","6","Madhya Pradesh","Sagar","0.41","113.09","3.82","367.31","1.23","95.67","2.62","218.68"
"13","2019","6","Madhya Pradesh","Sagar","0.97","48.95","13.07","364.28","3.29","61.87","11.3","241.24"
"14","1966","6","Madhya Pradesh","Damoh","-1.0","-1.0","-1.0","-1.0","-1.0","-1.0","-1.0","-1.0"
"14","1972","6","Madhya Pradesh","Damoh","-1.0","-1.0","-1.0","-1.0","-1.0","-1.0","-1.0","-1.0"
"14","1977","6","Madhya Pradesh","Damoh","-1.0","-1.0","-1.0","-1.0","-1.0","-1.0","-1.0","-1.0"
"14","1982","6","Madhya Pradesh","Damoh","-1.0","-1.0","-1.0","-1.0","-1.0","-1.0","-1.0","-1.0"
"14","1987","6","Madhya Pradesh","Damoh","-1.0","-1.0","-1.0","-1.0","-1.0","-1.0","-1.0","-1.0"
"14","1992","6","Madhya Pradesh","Damoh","-1.0","-1.0","-1.0","-1.0","-1.0","-1.0","-1.0","-1.0"
"14","1997","6","Madhya Pradesh","Damoh","-1.0","-1.0","-1.0","-1.0","-1.0","-1.0","-1.0","-1.0"
"14","2003","6","Madhya Pradesh","Damoh","0.0","87.32","0.18","133.64","0.08","84.59","0.1","97.13"
"14","2007","6","Madhya Pradesh","Damoh","0.04","124.28","0.49","242.77","0.34","106.25","0.39","116.6"
"14","2012","6","Madhya Pradesh","Damoh","0.53","122.04","1.87","228.08","0.89","66.6","1.57","137.26"
"14","2019","6","Madhya Pradesh","Damoh","0.17","45.86","4.32","234.44","0.69","29.57","3.81","161.25"
"15","1966","6","Madhya Pradesh","Tikamgarh","-1.0","-1.0","-1.0","-1.0","-1.0","-1.0","-1.0","-1.0"
"15","1972","6","Madhya Pradesh","Tikamgarh","-1.0","-1.0","-1.0","-1.0","-1.0","-1.0","-1.0","-1.0"
"15","1977","6","Madhya Pradesh","Tikamgarh","-1.0","-1.0","-1.0","-1.0","-1.0","-1.0","-1.0","-1.0"
"15","1982","6","Madhya Pradesh","Tikamgarh","-1.0","-1.0","-1.0","-1.0","-1.0","-1.0","-1.0","-1.0"
"15","1987","6","Madhya Pradesh","Tikamgarh","-1.0","-1.0","-1.0","-1.0","-1.0","-1.0","-1.0","-1.0"
"15","1992","6","Madhya Pradesh","Tikamgarh","-1.0","-1.0","-1.0","-1.0","-1.0","-1.0","-1.0","-1.0"
"15","1997","6","Madhya Pradesh","Tikamgarh","-1.0","-1.0","-1.0","-1.0","-1.0","-1.0","-1.0","-1.0"
"15","2003","6","Madhya Pradesh","Tikamgarh","0.23","166.77","0.78","121.72","0.45","51.97","0.55","65.12"
"15","2007","6","Madhya Pradesh","Tikamgarh","0.42","191.43","2.51","222.6","1.26","82.8","1.49","97.64"
"15","2012","6","Madhya Pradesh","Tikamgarh","0.84","123.5","2.37","128.59","1.11","29.99","2.09","78.49"
"15","2019","6","Madhya Pradesh","Tikamgarh","0.43","47.14","7.92","133.16","0.5","13.14","7.08","97.84"
"16","1966","6","Madhya Pradesh","Chhatarpur","-1.0","-1.0","-1.0","-1.0","-1.0","-1.0","-1.0","-1.0"
"16","1972","6","Madhya Pradesh","Chhatarpur","-1.0","-1.0","-1.0","-1.0","-1.0","-1.0","-1.0","-1.0"
"16","1977","6","Madhya Pradesh","Chhatarpur","-1.0","-1.0","-1.0","-1.0","-1.0","-1.0","-1.0","-1.0"
"16","1982","6","Madhya Pradesh","Chhatarpur","-1.0","-1.0","-1.0","-1.0","-1.0","-1.0","-1.0","-1.0"
"16","1987","6","Madhya Pradesh","Chhatarpur","-1.0","-1.0","-1.0","-1.0","-1.0","-1.0","-1.0","-1.0"
"16","1992","6","Madhya Pradesh","Chhatarpur","-1.0","-1.0","-1.0","-1.0","-1.0","-1.0","-1.0","-1.0"
"16","1997","6","Madhya Pradesh","Chhatarpur","-1.0","-1.0","-1.0","-1.0","-1.0","-1.0","-1.0","-1.0"
"16","2003","6","Madhya Pradesh","Chhatarpur","0.18","174.05","0.31","145.74","0.17","69.34","0.24","82.44"
"16","2007","6","Madhya Pradesh","Chhatarpur","0.05","171.48","0.61","214.35","0.26","88.5","0.4","91.62"
"16","2012","6","Madhya Pradesh","Chhatarpur","0.18","106.13","1.2","124.0","0.5","37.87","1.22","72.82"
"16","2019","6","Madhya Pradesh","Chhatarpur","0.34","47.62","5.03","132.21","0.6","21.4","4.38","92.08"
"17","1966","6","Madhya Pradesh","Panna","-1.0","-1.0","-1.0","-1.0","-1.0","-1.0","-1.0","-1.0"
"17","1972","6","Madhya Pradesh","Panna","-1.0","-1.0","-1.0","-1.0","-1.0","-1.0","-1.0","-1.0"
"17","1977","6","Madhya Pradesh","Panna","-1.0","-1.0","-1.0","-1.0","-1.0","-1.0","-1.0","-1.0"
"17","1982","6","Madhya Pradesh","Panna","-1.0","-1.0","-1.0","-1.0","-1.0","-1.0","-1.0","-1.0"
"17","1987","6","Madhya Pradesh","Panna","-1.0","-1.0","-1.0","-1.0","-1.0","-1.0","-1.0","-1.0"
"17","1992","6","Madhya Pradesh","Panna","-1.0","-1.0","-1.0","-1.0","-1.0","-1.0","-1.0","-1.0"
"17","1997","6","Madhya Pradesh","Panna","-1.0","-1.0","-1.0","-1.0","-1.0","-1.0","-1.0","-1.0"
"17","2003","6","Madhya Pradesh","Panna","0.46","158.11","1.2","194.18","0.25","45.96","0.25","106.73"
"17","2007","6","Madhya Pradesh","Panna","0.18","159.65","0.54","207.97","0.19","81.94","0.38","96.73"
"17","2012","6","Madhya Pradesh","Panna","0.17","124.57","0.36","155.99","0.32","41.7","0.56","91.15"
"17","2019","6","Madhya Pradesh","Panna","0.21","82.45","1.31","146.9","0.71","22.18","1.39","110.36"
"18","1966","6","Madhya Pradesh","Rewa","-1.0","-1.0","-1.0","-1.0","-1.0","-1.0","-1.0","-1.0"
"18","1972","6","Madhya Pradesh","Rewa","-1.0","-1.0","-1.0","-1.0","-1.0","-1.0","-1.0","-1.0"
"18","1977","6","Madhya Pradesh","Rewa","-1.0","-1.0","-1.0","-1.0","-1.0","-1.0","-1.0","-1.0"
"18","1982","6","Madhya Pradesh","Rewa","-1.0","-1.0","-1.0","-1.0","-1.0","-1.0","-1.0","-1.0"
"18","1987","6","Madhya Pradesh","Rewa","-1.0","-1.0","-1.0","-1.0","-1.0","-1.0","-1.0","-1.0"
"18","1992","6","Madhya Pradesh","Rewa","-1.0","-1.0","-1.0","-1.0","-1.0","-1.0","-1.0","-1.0"
"18","1997","6","Madhya Pradesh","Rewa","-1.0","-1.0","-1.0","-1.0","-1.0","-1.0","-1.0","-1.0"
"18","2003","6","Madhya Pradesh","Rewa","0.48","241.62","3.05","188.09","0.81","99.96","1.86","120.57"
"18","2007","6","Madhya Pradesh","Rewa","0.33","279.86","5.63","356.58","1.46","148.37","2.89","170.47"
"18","2012","6","Madhya Pradesh","Rewa","4.21","234.28","19.76","320.4","4.49","82.84","12.93","235.3"
"18","2019","6","Madhya Pradesh","Rewa","0.89","64.39","34.74","274.75","4.14","38.21","28.68","216.99"
"19","1966","6","Madhya Pradesh","Sidhi","-1.0","-1.0","-1.0","-1.0","-1.0","-1.0","-1.0","-1.0"
"19","1972","6","Madhya Pradesh","Sidhi","-1.0","-1.0","-1.0","-1.0","-1.0","-1.0","-1.0","-1.0"
"19","1977","6","Madhya Pradesh","Sidhi","-1.0","-1.0","-1.0","-1.0","-1.0","-1.0","-1.0","-1.0"
"19","1982","6","Madhya Pradesh","Sidhi","-1.0","-1.0","-1.0","-1.0","-1.0","-1.0","-1.0","-1.0"
"19","1987","6","Madhya Pradesh","Sidhi","-1.0","-1.0","-1.0","-1.0","-1.0","-1.0","-1.0","-1.0"
"19","1992","6","Madhya Pradesh","Sidhi","-1.0","-1.0","-1.0","-1.0","-1.0","-1.0","-1.0","-1.0"
"19","1997","6","Madhya Pradesh","Sidhi","-1.0","-1.0","-1.0","-1.0","-1.0","-1.0","-1.0","-1.0"
"19","2003","6","Madhya Pradesh","Sidhi","0.96","402.81","2.47","232.89","1.07","106.49","1.65","144.88"
"19","2007","6","Madhya Pradesh","Sidhi","0.58","464.53","7.13","325.05","2.81","135.59","4.2","158.33"
"19","2012","6","Madhya Pradesh","Sidhi","0.97","441.56","7.51","278.82","2.46","72.73","6.23","181.98"
"19","2019","6","Madhya Pradesh","Sidhi","1.26","420.55","21.57","298.94","3.56","92.39","17.29","213.56"
"20","1966","6","Madhya Pradesh","Satna","-1.0","-1.0","-1.0","-1.0","-1.0","-1.0","-1.0","-1.0"
"20","1972","6","Madhya Pradesh","Satna","-1.0","-1.0","-1.0","-1.0","-1.0","-1.0","-1.0","-1.0"
"20","1977","6","Madhya Pradesh","Satna","-1.0","-1.0","-1.0","-1.0","-1.0","-1.0","-1.0","-1.0"
"20","1982","6","Madhya Pradesh","Satna","-1.0","-1.0","-1.0","-1.0","-1.0","-1.0","-1.0","-1.0"
"20","1987","6","Madhya Pradesh","Satna","-1.0","-1.0","-1.0","-1.0","-1.0","-1.0","-1.0","-1.0"
"20","1992","6","Madhya Pradesh","Satna","-1.0","-1.0","-1.0","-1.0","-1.0","-1.0","-1.0","-1.0"
"20","1997","6","Madhya Pradesh","Satna","-1.0","-1.0","-1.0","-1.0","-1.0","-1.0","-1.0","-1.0"
"20","2003","6","Madhya Pradesh","Satna","0.53","204.13","2.56","234.54","0.93","113.87","1.62","131.44"
"20","2007","6","Madhya Pradesh","Satna","0.81","229.12","7.36","395.89","2.46","159.06","3.93","193.12"
"20","2012","6","Madhya Pradesh","Satna","1.51","179.03","10.15","336.56","4.12","87.82","8.19","226.19"
"20","2019","6","Madhya Pradesh","Satna","1.43","56.5","20.31","264.11","2.44","33.12","16.18","185.82"
"21","1966","6","Madhya Pradesh","Shahdol","-1.0","-1.0","-1.0","-1.0","-1.0","-1.0","-1.0","-1.0"
"21","1972","6","Madhya Pradesh","Shahdol","-1.0","-1.0","-1.0","-1.0","-1.0","-1.0","-1.0","-1.0"
"21","1977","6","Madhya Pradesh","Shahdol","-1.0","-1.0","-1.0","-1.0","-1.0","-1.0","-1.0","-1.0"
"21","1982","6","Madhya Pradesh","Shahdol","-1.0","-1.0","-1.0","-1.0","-1.0","-1.0","-1.0","-1.0"
"21","1987","6","Madhya Pradesh","Shahdol","-1.0","-1.0","-1.0","-1.0","-1.0","-1.0","-1.0","-1.0"
"21","1992","6","Madhya Pradesh","Shahdol","-1.0","-1.0","-1.0","-1.0","-1.0","-1.0","-1.0","-1.0"
"21","1997","6","Madhya Pradesh","Shahdol","-1.0","-1.0","-1.0","-1.0","-1.0","-1.0","-1.0","-1.0"
"21","2003","6","Madhya Pradesh","Shahdol","0.49","410.81","2.69","206.83","0.8","116.46","1.51","155.99"
"21","2007","6","Madhya Pradesh","Shahdol","0.31","510.96","3.77","319.98","1.59","136.0","2.49","156.63"
"21","2012","6","Madhya Pradesh","Shahdol","1.41","554.22","6.51","297.65","2.11","103.88","4.65","222.78"
"21","2019","6","Madhya Pradesh","Shahdol","6.5","544.47","21.73","318.47","3.81","103.31","15.88","221.59"
"22","1966","6","Madhya Pradesh","Gwalior","-1.0","-1.0","-1.0","-1.0","-1.0","-1.0","-1.0","-1.0"
"22","1972","6","Madhya Pradesh","Gwalior","-1.0","-1.0","-1.0","-1.0","-1.0","-1.0","-1.0","-1.0"
"22","1977","6","Madhya Pradesh","Gwalior","-1.0","-1.0","-1.0","-1.0","-1.0","-1.0","-1.0","-1.0"
"22","1982","6","Madhya Pradesh","Gwalior","-1.0","-1.0","-1.0","-1.0","-1.0","-1.0","-1.0","-1.0"
"22","1987","6","Madhya Pradesh","Gwalior","-1.0","-1.0","-1.0","-1.0","-1.0","-1.0","-1.0","-1.0"
"22","1992","6","Madhya Pradesh","Gwalior","-1.0","-1.0","-1.0","-1.0","-1.0","-1.0","-1.0","-1.0"
"22","1997","6","Madhya Pradesh","Gwalior","-1.0","-1.0","-1.0","-1.0","-1.0","-1.0","-1.0","-1.0"
"22","2003","6","Madhya Pradesh","Gwalior","0.04","34.96","1.05","86.18","0.26","25.23","0.56","36.7"
"22","2007","6","Madhya Pradesh","Gwalior","0.24","26.86","4.89","103.98","0.75","28.89","2.11","49.03"
"22","2012","6","Madhya Pradesh","Gwalior","0.05","14.55","3.2","108.09","0.6","17.76","1.88","41.83"
"22","2019","6","Madhya Pradesh","Gwalior","0.1","5.19","7.79","70.51","0.86","11.12","4.7","46.39"
"23","1966","6","Madhya Pradesh","Shivpuri","-1.0","-1.0","-1.0","-1.0","-1.0","-1.0","-1.0","-1.0"
"23","1972","6","Madhya Pradesh","Shivpuri","-1.0","-1.0","-1.0","-1.0","-1.0","-1.0","-1.0","-1.0"
"23","1977","6","Madhya Pradesh","Shivpuri","-1.0","-1.0","-1.0","-1.0","-1.0","-1.0","-1.0","-1.0"
"23","1982","6","Madhya Pradesh","Shivpuri","-1.0","-1.0","-1.0","-1.0","-1.0","-1.0","-1.0","-1.0"
"23","1987","6","Madhya Pradesh","Shivpuri","-1.0","-1.0","-1.0","-1.0","-1.0","-1.0","-1.0","-1.0"
"23","1992","6","Madhya Pradesh","Shivpuri","-1.0","-1.0","-1.0","-1.0","-1.0","-1.0","-1.0","-1.0"
"23","1997","6","Madhya Pradesh","Shivpuri","-1.0","-1.0","-1.0","-1.0","-1.0","-1.0","-1.0","-1.0"
"23","2003","6","Madhya Pradesh","Shivpuri","0.32","185.77","0.35","163.12","0.21","67.17","0.35","83.86"
"23","2007","6","Madhya Pradesh","Shivpuri","0.16","204.29","2.15","258.15","1.29","99.68","1.46","128.03"
"23","2012","6","Madhya Pradesh","Shivpuri","2.39","173.46","8.5","191.36","1.81","46.14","4.0","116.85"
"23","2019","6","Madhya Pradesh","Shivpuri","0.14","62.53","3.92","161.4","0.49","22.57","3.5","115.36"
"24","1966","6","Madhya Pradesh","Guna","-1.0","-1.0","-1.0","-1.0","-1.0","-1.0","-1.0","-1.0"
"24","1972","6","Madhya Pradesh","Guna","-1.0","-1.0","-1.0","-1.0","-1.0","-1.0","-1.0","-1.0"
"24","1977","6","Madhya Pradesh","Guna","-1.0","-1.0","-1.0","-1.0","-1.0","-1.0","-1.0","-1.0"
"24","1982","6","Madhya Pradesh","Guna","-1.0","-1.0","-1.0","-1.0","-1.0","-1.0","-1.0","-1.0"
"24","1987","6","Madhya Pradesh","Guna","-1.0","-1.0","-1.0","-1.0","-1.0","-1.0","-1.0","-1.0"
"24","1992","6","Madhya Pradesh","Guna","-1.0","-1.0","-1.0","-1.0","-1.0","-1.0","-1.0","-1.0"
"24","1997","6","Madhya Pradesh","Guna","-1.0","-1.0","-1.0","-1.0","-1.0","-1.0","-1.0","-1.0"
"24","2003","6","Madhya Pradesh","Guna","0.61","151.66","1.45","202.34","0.77","65.02","0.77","95.96"
"24","2007","6","Madhya Pradesh","Guna","0.21","130.27","2.78","271.53","1.05","98.08","1.76","136.66"
"24","2012","6","Madhya Pradesh","Guna","1.75","98.53","10.92","260.45","4.61","64.54","8.94","159.63"
"24","2019","6","Madhya Pradesh","Guna","1.31","51.07","10.95","281.61","2.15","44.42","10.29","207.27"
"25","1966","6","Madhya Pradesh","Datia","-1.0","-1.0","-1.0","-1.0","-1.0","-1.0","-1.0","-1.0"
"25","1972","6","Madhya Pradesh","Datia","-1.0","-1.0","-1.0","-1.0","-1.0","-1.0","-1.0","-1.0"
"25","1977","6","Madhya Pradesh","Datia","-1.0","-1.0","-1.0","-1.0","-1.0","-1.0","-1.0","-1.0"
"25","1982","6","Madhya Pradesh","Datia","-1.0","-1.0","-1.0","-1.0","-1.0","-1.0","-1.0","-1.0"
"25","1987","6","Madhya Pradesh","Datia","-1.0","-1.0","-1.0","-1.0","-1.0","-1.0","-1.0","-1.0"
"25","1992","6","Madhya Pradesh","Datia","-1.0","-1.0","-1.0","-1.0","-1.0","-1.0","-1.0","-1.0"
"25","1997","6","Madhya Pradesh","Datia","-1.0","-1.0","-1.0","-1.0","-1.0","-1.0","-1.0","-1.0"
"25","2003","6","Madhya Pradesh","Datia","0.01","43.27","0.06","45.58","0.01","19.68","0.04","23.59"
"25","2007","6","Madhya Pradesh","Datia","0.01","36.64","0.33","56.16","0.14","22.3","0.24","26.46"
"25","2012","6","Madhya Pradesh","Datia","0.02","25.27","0.3","44.01","0.11","13.64","0.2","23.64"
"25","2019","6","Madhya Pradesh","Datia","0.04","6.68","7.05","52.98","0.06","2.3","5.47","39.66"
"26","1966","6","Madhya Pradesh","Morena","-1.0","-1.0","-1.0","-1.0","-1.0","-1.0","-1.0","-1.0"
"26","1972","6","Madhya Pradesh","Morena","-1.0","-1.0","-1.0","-1.0","-1.0","-1.0","-1.0","-1.0"
"26","1977","6","Madhya Pradesh","Morena","-1.0","-1.0","-1.0","-1.0","-1.0","-1.0","-1.0","-1.0"
"26","1982","6","Madhya Pradesh","Morena","-1.0","-1.0","-1.0","-1.0","-1.0","-1.0","-1.0","-1.0"
"26","1987","6","Madhya Pradesh","Morena","-1.0","-1.0","-1.0","-1.0","-1.0","-1.0","-1.0","-1.0"
"26","1992","6","Madhya Pradesh","Morena","-1.0","-1.0","-1.0","-1.0","-1.0","-1.0","-1.0","-1.0"
"26","1997","6","Madhya Pradesh","Morena","-1.0","-1.0","-1.0","-1.0","-1.0","-1.0","-1.0","-1.0"
"26","2003","6","Madhya Pradesh","Morena","0.42","94.93","1.46","127.65","6.06","32.23","0.36","58.07"
"26","2007","6","Madhya Pradesh","Morena","0.03","94.2","1.78","198.23","0.89","61.78","1.02","91.44"
"26","2012","6","Madhya Pradesh","Morena","0.17","61.46","7.05","174.82","1.72","36.95","4.33","100.54"
"26","2019","6","Madhya Pradesh","Morena","0.78","30.4","17.94","165.45","2.06","25.44","13.65","116.94"
"27","1966","6","Madhya Pradesh","Bhind","-1.0","-1.0","-1.0","-1.0","-1.0","-1.0","-1.0","-1.0"
"27","1972","6","Madhya Pradesh","Bhind","-1.0","-1.0","-1.0","-1.0","-1.0","-1.0","-1.0","-1.0"
"27","1977","6","Madhya Pradesh","Bhind","-1.0","-1.0","-1.0","-1.0","-1.0","-1.0","-1.0","-1.0"
"27","1982","6","Madhya Pradesh","Bhind","-1.0","-1.0","-1.0","-1.0","-1.0","-1.0","-1.0","-1.0"
"27","1987","6","Madhya Pradesh","Bhind","-1.0","-1.0","-1.0","-1.0","-1.0","-1.0","-1.0","-1.0"
"27","1992","6","Madhya Pradesh","Bhind","-1.0","-1.0","-1.0","-1.0","-1.0","-1.0","-1.0","-1.0"
"27","1997","6","Madhya Pradesh","Bhind","-1.0","-1.0","-1.0","-1.0","-1.0","-1.0","-1.0","-1.0"
"27","2003","6","Madhya Pradesh","Bhind","0.06","29.28","0.75","53.96","0.19","21.3","0.39","32.48"
"27","2007","6","Madhya Pradesh","Bhind","0.05","19.3","3.24","69.33","0.49","22.92","2.07","35.49"
"27","2012","6","Madhya Pradesh","Bhind","0.08","6.97","4.16","48.59","0.96","12.12","2.33","34.36"
"27","2019","6","Madhya Pradesh","Bhind","0.07","1.79","14.91","56.08","1.5","4.75","11.56","35.48"
"28","1966","6","Madhya Pradesh","Indore","-1.0","-1.0","-1.0","-1.0","-1.0","-1.0","-1.0","-1.0"
"28","1972","6","Madhya Pradesh","Indore","-1.0","-1.0","-1.0","-1.0","-1.0","-1.0","-1.0","-1.0"
"28","1977","6","Madhya Pradesh","Indore","-1.0","-1.0","-1.0","-1.0","-1.0","-1.0","-1.0","-1.0"
"28","1982","6","Madhya Pradesh","Indore","-1.0","-1.0","-1.0","-1.0","-1.0","-1.0","-1.0","-1.0"
"28","1987","6","Madhya Pradesh","Indore","-1.0","-1.0","-1.0","-1.0","-1.0","-1.0","-1.0","-1.0"
"28","1992","6","Madhya Pradesh","Indore","-1.0","-1.0","-1.0","-1.0","-1.0","-1.0","-1.0","-1.0"
"28","1997","6","Madhya Pradesh","Indore","-1.0","-1.0","-1.0","-1.0","-1.0","-1.0","-1.0","-1.0"
"28","2003","6","Madhya Pradesh","Indore","4.07","46.96","12.63","51.13","8.59","17.77","7.6","31.57"
"28","2007","6","Madhya Pradesh","Indore","1.99","47.87","27.23","65.98","7.29","19.65","15.62","33.83"
"28","2012","6","Madhya Pradesh","Indore","2.7","18.53","45.09","45.21","9.85","9.3","23.82","23.09"
"28","2019","6","Madhya Pradesh","Indore","2.59","12.01","95.72","37.19","7.02","5.6","58.51","21.22"
"29","1966","6","Madhya Pradesh","Ratlam","-1.0","-1.0","-1.0","-1.0","-1.0","-1.0","-1.0","-1.0"
"29","1972","6","Madhya Pradesh","Ratlam","-1.0","-1.0","-1.0","-1.0","-1.0","-1.0","-1.0","-1.0"
"29","1977","6","Madhya Pradesh","Ratlam","-1.0","-1.0","-1.0","-1.0","-1.0","-1.0","-1.0","-1.0"
"29","1982","6","Madhya Pradesh","Ratlam","-1.0","-1.0","-1.0","-1.0","-1.0","-1.0","-1.0","-1.0"
"29","1987","6","Madhya Pradesh","Ratlam","-1.0","-1.0","-1.0","-1.0","-1.0","-1.0","-1.0","-1.0"
"29","1992","6","Madhya Pradesh","Ratlam","-1.0","-1.0","-1.0","-1.0","-1.0","-1.0","-1.0","-1.0"
"29","1997","6","Madhya Pradesh","Ratlam","-1.0","-1.0","-1.0","-1.0","-1.0","-1.0","-1.0","-1.0"
"29","2003","6","Madhya Pradesh","Ratlam","0.27","89.96","3.6","88.7","0.9","36.53","2.11","47.63"
"29","2007","6","Madhya Pradesh","Ratlam","0.96","95.91","7.22","104.74","2.05","36.54","4.48","54.87"
"29","2012","6","Madhya Pradesh","Ratlam","0.99","86.79","16.28","109.67","3.72","28.52","9.44","67.2"
"29","2019","6","Madhya Pradesh","Ratlam","1.41","60.0","29.8","110.93","5.08","24.89","20.15","67.49"
"30","1966","6","Madhya Pradesh","Ujjain","-1.0","-1.0","-1.0","-1.0","-1.0","-1.0","-1.0","-1.0"
"30","1972","6","Madhya Pradesh","Ujjain","-1.0","-1.0","-1.0","-1.0","-1.0","-1.0","-1.0","-1.0"
"30","1977","6","Madhya Pradesh","Ujjain","-1.0","-1.0","-1.0","-1.0","-1.0","-1.0","-1.0","-1.0"
"30","1982","6","Madhya Pradesh","Ujjain","-1.0","-1.0","-1.0","-1.0","-1.0","-1.0","-1.0","-1.0"
"30","1987","6","Madhya Pradesh","Ujjain","-1.0","-1.0","-1.0","-1.0","-1.0","-1.0","-1.0","-1.0"
"30","1992","6","Madhya Pradesh","Ujjain","-1.0","-1.0","-1.0","-1.0","-1.0","-1.0","-1.0","-1.0"
"30","1997","6","Madhya Pradesh","Ujjain","-1.0","-1.0","-1.0","-1.0","-1.0","-1.0","-1.0","-1.0"
"30","2003","6","Madhya Pradesh","Ujjain","0.48","68.86","3.92","26.33","0.94","31.33","2.37","79.44"
"30","2007","6","Madhya Pradesh","Ujjain","2.21","88.96","11.01","116.54","3.82","55.09","7.15","89.13"
"30","2012","6","Madhya Pradesh","Ujjain","0.99","45.82","17.5","104.17","4.31","24.86","10.76","64.02"
"30","2019","6","Madhya Pradesh","Ujjain","1.04","7.38","40.71","101.17","3.55","9.82","29.8","72.06"
"31","1966","6","Madhya Pradesh","Mandsaur","-1.0","-1.0","-1.0","-1.0","-1.0","-1.0","-1.0","-1.0"
"31","1972","6","Madhya Pradesh","Mandsaur","-1.0","-1.0","-1.0","-1.0","-1.0","-1.0","-1.0","-1.0"
"31","1977","6","Madhya Pradesh","Mandsaur","-1.0","-1.0","-1.0","-1.0","-1.0","-1.0","-1.0","-1.0"
"31","1982","6","Madhya Pradesh","Mandsaur","-1.0","-1.0","-1.0","-1.0","-1.0","-1.0","-1.0","-1.0"
"31","1987","6","Madhya Pradesh","Mandsaur","-1.0","-1.0","-1.0","-1.0","-1.0","-1.0","-1.0","-1.0"
"31","1992","6","Madhya Pradesh","Mandsaur","-1.0","-1.0","-1.0","-1.0","-1.0","-1.0","-1.0","-1.0"
"31","1997","6","Madhya Pradesh","Mandsaur","-1.0","-1.0","-1.0","-1.0","-1.0","-1.0","-1.0","-1.0"
"31","2003","6","Madhya Pradesh","Mandsaur","0.89","114.81","12.3","181.06","3.62","63.08","7.78","99.45"
"31","2007","6","Madhya Pradesh","Mandsaur","1.21","114.71","23.63","216.28","7.21","73.2","13.46","111.19"
"31","2012","6","Madhya Pradesh","Mandsaur","1.3","97.61","38.72","207.41","9.44","48.11","23.2","119.08"
"31","2019","6","Madhya Pradesh","Mandsaur","1.33","37.01","58.72","188.17","9.16","26.67","43.72","136.53"
"32","1966","6","Madhya Pradesh","Dewas","-1.0","-1.0","-1.0","-1.0","-1.0","-1.0","-1.0","-1.0"
"32","1972","6","Madhya Pradesh","Dewas","-1.0","-1.0","-1.0","-1.0","-1.0","-1.0","-1.0","-1.0"
"32","1977","6","Madhya Pradesh","Dewas","-1.0","-1.0","-1.0","-1.0","-1.0","-1.0","-1.0","-1.0"
"32","1982","6","Madhya Pradesh","Dewas","-1.0","-1.0","-1.0","-1.0","-1.0","-1.0","-1.0","-1.0"
"32","1987","6","Madhya Pradesh","Dewas","-1.0","-1.0","-1.0","-1.0","-1.0","-1.0","-1.0","-1.0"
"32","1992","6","Madhya Pradesh","Dewas","-1.0","-1.0","-1.0","-1.0","-1.0","-1.0","-1.0","-1.0"
"32","1997","6","Madhya Pradesh","Dewas","-1.0","-1.0","-1.0","-1.0","-1.0","-1.0","-1.0","-1.0"
"32","2003","6","Madhya Pradesh","Dewas","0.88","126.51","4.91","96.69","1.32","43.01","3.12","53.51"
"32","2007","6","Madhya Pradesh","Dewas","0.95","142.78","10.68","124.27","2.5","53.19","5.55","64.13"
"32","2012","6","Madhya Pradesh","Dewas","1.59","107.32","16.23","112.36","3.23","29.71","9.21","65.24"
"32","2019","6","Madhya Pradesh","Dewas","1.12","52.02","31.24","142.36","3.11","30.21","20.29","106.79"
"33","1966","6","Madhya Pradesh","Dhar","-1.0","-1.0","-1.0","-1.0","-1.0","-1.0","-1.0","-1.0"
"33","1972","6","Madhya Pradesh","Dhar","-1.0","-1.0","-1.0","-1.0","-1.0","-1.0","-1.0","-1.0"
"33","1977","6","Madhya Pradesh","Dhar","-1.0","-1.0","-1.0","-1.0","-1.0","-1.0","-1.0","-1.0"
"33","1982","6","Madhya Pradesh","Dhar","-1.0","-1.0","-1.0","-1.0","-1.0","-1.0","-1.0","-1.0"
"33","1987","6","Madhya Pradesh","Dhar","-1.0","-1.0","-1.0","-1.0","-1.0","-1.0","-1.0","-1.0"
"33","1992","6","Madhya Pradesh","Dhar","-1.0","-1.0","-1.0","-1.0","-1.0","-1.0","-1.0","-1.0"
"33","1997","6","Madhya Pradesh","Dhar","-1.0","-1.0","-1.0","-1.0","-1.0","-1.0","-1.0","-1.0"
"33","2003","6","Madhya Pradesh","Dhar","0.36","226.84","4.1","141.46","1.23","60.87","2.58","83.56"
"33","2007","6","Madhya Pradesh","Dhar","0.77","244.8","8.09","172.05","1.67","69.99","4.29","82.48"
"33","2012","6","Madhya Pradesh","Dhar","3.21","224.86","29.15","191.81","8.03","50.32","17.73","98.32"
"33","2019","6","Madhya Pradesh","Dhar","0.54","208.24","35.0","196.03","9.32","44.05","25.73","144.63"
"34","1966","6","Madhya Pradesh","Jhabua","-1.0","-1.0","-1.0","-1.0","-1.0","-1.0","-1.0","-1.0"
"34","1972","6","Madhya Pradesh","Jhabua","-1.0","-1.0","-1.0","-1.0","-1.0","-1.0","-1.0","-1.0"
"34","1977","6","Madhya Pradesh","Jhabua","-1.0","-1.0","-1.0","-1.0","-1.0","-1.0","-1.0","-1.0"
"34","1982","6","Madhya Pradesh","Jhabua","-1.0","-1.0","-1.0","-1.0","-1.0","-1.0","-1.0","-1.0"
"34","1987","6","Madhya Pradesh","Jhabua","-1.0","-1.0","-1.0","-1.0","-1.0","-1.0","-1.0","-1.0"
"34","1992","6","Madhya Pradesh","Jhabua","-1.0","-1.0","-1.0","-1.0","-1.0","-1.0","-1.0","-1.0"
"34","1997","6","Madhya Pradesh","Jhabua","-1.0","-1.0","-1.0","-1.0","-1.0","-1.0","-1.0","-1.0"
"34","2003","6","Madhya Pradesh","Jhabua","0.72","317.0","2.27","145.11","1.21","66.97","1.59","85.34"
"34","2007","6","Madhya Pradesh","Jhabua","0.6","366.89","3.29","175.89","1.61","68.02","2.17","82.45"
"34","2012","6","Madhya Pradesh","Jhabua","2.27","384.28","7.44","168.62","2.68","52.74","5.46","226.18"
"34","2019","6","Madhya Pradesh","Jhabua","4.24","384.1","17.29","182.54","2.78","50.67","13.94","137.3"
"35","1966","6","Madhya Pradesh","Khargone / West Nimar","-1.0","-1.0","-1.0","-1.0","-1.0","-1.0","-1.0","-1.0"
"35","1972","6","Madhya Pradesh","Khargone / West Nimar","-1.0","-1.0","-1.0","-1.0","-1.0","-1.0","-1.0","-1.0"
"35","1977","6","Madhya Pradesh","Khargone / West Nimar","-1.0","-1.0","-1.0","-1.0","-1.0","-1.0","-1.0","-1.0"
"35","1982","6","Madhya Pradesh","Khargone / West Nimar","-1.0","-1.0","-1.0","-1.0","-1.0","-1.0","-1.0","-1.0"
"35","1987","6","Madhya Pradesh","Khargone / West Nimar","-1.0","-1.0","-1.0","-1.0","-1.0","-1.0","-1.0","-1.0"
"35","1992","6","Madhya Pradesh","Khargone / West Nimar","-1.0","-1.0","-1.0","-1.0","-1.0","-1.0","-1.0","-1.0"
"35","1997","6","Madhya Pradesh","Khargone / West Nimar","-1.0","-1.0","-1.0","-1.0","-1.0","-1.0","-1.0","-1.0"
"35","2003","6","Madhya Pradesh","Khargone / West Nimar","0.2","326.99","1.09","186.14","0.23","81.42","0.51","106.86"
"35","2007","6","Madhya Pradesh","Khargone / West Nimar","0.31","416.46","1.86","277.39","0.71","101.05","1.06","130.84"
"35","2012","6","Madhya Pradesh","Khargone / West Nimar","0.2","425.22","1.13","269.04","0.29","83.56","0.58","145.98"
"35","2019","6","Madhya Pradesh","Khargone / West Nimar","0.4","434.24","2.31","305.35","0.22","93.19","1.18","196.18"
"36","1966","6","Madhya Pradesh","Khandwa / East Nimar","-1.0","-1.0","-1.0","-1.0","-1.0","-1.0","-1.0","-1.0"
"36","1972","6","Madhya Pradesh","Khandwa / East Nimar","-1.0","-1.0","-1.0","-1.0","-1.0","-1.0","-1.0","-1.0"
"36","1977","6","Madhya Pradesh","Khandwa / East Nimar","-1.0","-1.0","-1.0","-1.0","-1.0","-1.0","-1.0","-1.0"
"36","1982","6","Madhya Pradesh","Khandwa / East Nimar","-1.0","-1.0","-1.0","-1.0","-1.0","-1.0","-1.0","-1.0"
"36","1987","6","Madhya Pradesh","Khandwa / East Nimar","-1.0","-1.0","-1.0","-1.0","-1.0","-1.0","-1.0","-1.0"
"36","1992","6","Madhya Pradesh","Khandwa / East Nimar","-1.0","-1.0","-1.0","-1.0","-1.0","-1.0","-1.0","-1.0"
"36","1997","6","Madhya Pradesh","Khandwa / East Nimar","-1.0","-1.0","-1.0","-1.0","-1.0","-1.0","-1.0","-1.0"
"36","2003","6","Madhya Pradesh","Khandwa / East Nimar","0.4","208.79","1.44","109.5","0.36","58.47","0.83","66.52"
"36","2007","6","Madhya Pradesh","Khandwa / East Nimar","0.35","244.57","1.84","157.87","0.43","65.7","0.97","75.24"
"36","2012","6","Madhya Pradesh","Khandwa / East Nimar","0.14","212.63","1.74","138.84","0.62","43.14","1.15","79.61"
"36","2019","6","Madhya Pradesh","Khandwa / East Nimar","1.96","183.07","2.63","164.58","0.38","44.31","1.89","112.86"
"37","1966","6","Madhya Pradesh","Sehore","-1.0","-1.0","-1.0","-1.0","-1.0","-1.0","-1.0","-1.0"
"37","1972","6","Madhya Pradesh","Sehore","-1.0","-1.0","-1.0","-1.0","-1.0","-1.0","-1.0","-1.0"
"37","1977","6","Madhya Pradesh","Sehore","-1.0","-1.0","-1.0","-1.0","-1.0","-1.0","-1.0","-1.0"
"37","1982","6","Madhya Pradesh","Sehore","-1.0","-1.0","-1.0","-1.0","-1.0","-1.0","-1.0","-1.0"
"37","1987","6","Madhya Pradesh","Sehore","-1.0","-1.0","-1.0","-1.0","-1.0","-1.0","-1.0","-1.0"
"37","1992","6","Madhya Pradesh","Sehore","-1.0","-1.0","-1.0","-1.0","-1.0","-1.0","-1.0","-1.0"
"37","1997","6","Madhya Pradesh","Sehore","-1.0","-1.0","-1.0","-1.0","-1.0","-1.0","-1.0","-1.0"
"37","2003","6","Madhya Pradesh","Sehore","2.57","142.52","15.59","141.96","4.8","60.07","10.3","79.89"
"37","2007","6","Madhya Pradesh","Sehore","2.73","135.49","32.94","187.82","8.97","69.2","17.99","94.43"
"37","2012","6","Madhya Pradesh","Sehore","2.35","71.31","39.27","123.21","8.62","27.33","21.94","72.68"
"37","2019","6","Madhya Pradesh","Sehore","3.42","26.8","98.29","151.8","8.0","18.14","73.77","112.89"
"38","1966","6","Madhya Pradesh","Raisen","-1.0","-1.0","-1.0","-1.0","-1.0","-1.0","-1.0","-1.0"
"38","1972","6","Madhya Pradesh","Raisen","-1.0","-1.0","-1.0","-1.0","-1.0","-1.0","-1.0","-1.0"
"38","1977","6","Madhya Pradesh","Raisen","-1.0","-1.0","-1.0","-1.0","-1.0","-1.0","-1.0","-1.0"
"38","1982","6","Madhya Pradesh","Raisen","-1.0","-1.0","-1.0","-1.0","-1.0","-1.0","-1.0","-1.0"
"38","1987","6","Madhya Pradesh","Raisen","-1.0","-1.0","-1.0","-1.0","-1.0","-1.0","-1.0","-1.0"
"38","1992","6","Madhya Pradesh","Raisen","-1.0","-1.0","-1.0","-1.0","-1.0","-1.0","-1.0","-1.0"
"38","1997","6","Madhya Pradesh","Raisen","-1.0","-1.0","-1.0","-1.0","-1.0","-1.0","-1.0","-1.0"
"38","2003","6","Madhya Pradesh","Raisen","1.08","111.75","2.63","119.92","0.67","66.75","1.07","72.23"
"38","2007","6","Madhya Pradesh","Raisen","0.24","78.04","5.13","184.86","1.36","70.05","2.77","95.36"
"38","2012","6","Madhya Pradesh","Raisen","0.47","72.81","6.75","182.83","1.72","51.68","4.0","109.95"
"38","2019","6","Madhya Pradesh","Raisen","0.98","29.47","65.04","151.17","2.09","32.78","53.01","119.9"
"39","1966","6","Madhya Pradesh","Vidisha","-1.0","-1.0","-1.0","-1.0","-1.0","-1.0","-1.0","-1.0"
"39","1972","6","Madhya Pradesh","Vidisha","-1.0","-1.0","-1.0","-1.0","-1.0","-1.0","-1.0","-1.0"
"39","1977","6","Madhya Pradesh","Vidisha","-1.0","-1.0","-1.0","-1.0","-1.0","-1.0","-1.0","-1.0"
"39","1982","6","Madhya Pradesh","Vidisha","-1.0","-1.0","-1.0","-1.0","-1.0","-1.0","-1.0","-1.0"
"39","1987","6","Madhya Pradesh","Vidisha","-1.0","-1.0","-1.0","-1.0","-1.0","-1.0","-1.0","-1.0"
"39","1992","6","Madhya Pradesh","Vidisha","-1.0","-1.0","-1.0","-1.0","-1.0","-1.0","-1.0","-1.0"
"39","1997","6","Madhya Pradesh","Vidisha","-1.0","-1.0","-1.0","-1.0","-1.0","-1.0","-1.0","-1.0"
"39","2003","6","Madhya Pradesh","Vidisha","0.72","95.15","2.94","216.57","1.65","71.08","3.98","107.69"
"39","2007","6","Madhya Pradesh","Vidisha","0.02","54.35","1.38","187.45","0.38","71.3","0.63","87.68"
"39","2012","6","Madhya Pradesh","Vidisha","0.41","34.26","6.76","179.46","1.6","41.37","4.25","96.23"
"39","2019","6","Madhya Pradesh","Vidisha","0.2","13.56","4.95","167.15","0.53","24.5","2.93","100.85"
"40","1966","6","Madhya Pradesh","Betul","-1.0","-1.0","-1.0","-1.0","-1.0","-1.0","-1.0","-1.0"
"40","1972","6","Madhya Pradesh","Betul","-1.0","-1.0","-1.0","-1.0","-1.0","-1.0","-1.0","-1.0"
"40","1977","6","Madhya Pradesh","Betul","-1.0","-1.0","-1.0","-1.0","-1.0","-1.0","-1.0","-1.0"
"40","1982","6","Madhya Pradesh","Betul","-1.0","-1.0","-1.0","-1.0","-1.0","-1.0","-1.0","-1.0"
"40","1987","6","Madhya Pradesh","Betul","-1.0","-1.0","-1.0","-1.0","-1.0","-1.0","-1.0","-1.0"
"40","1992","6","Madhya Pradesh","Betul","-1.0","-1.0","-1.0","-1.0","-1.0","-1.0","-1.0","-1.0"
"40","1997","6","Madhya Pradesh","Betul","-1.0","-1.0","-1.0","-1.0","-1.0","-1.0","-1.0","-1.0"
"40","2003","6","Madhya Pradesh","Betul","1.12","280.23","5.99","121.6","2.48","59.74","4.4","78.85"
"40","2007","6","Madhya Pradesh","Betul","2.25","298.01","11.65","152.18","4.84","63.93","8.2","79.52"
"40","2012","6","Madhya Pradesh","Betul","1.39","260.68","10.91","126.65","3.56","35.61","7.05","80.21"
"40","2019","6","Madhya Pradesh","Betul","4.79","234.42","31.87","134.36","4.38","33.54","29.74","100.1"
"41","1966","6","Madhya Pradesh","Rajgarh","-1.0","-1.0","-1.0","-1.0","-1.0","-1.0","-1.0","-1.0"
"41","1972","6","Madhya Pradesh","Rajgarh","-1.0","-1.0","-1.0","-1.0","-1.0","-1.0","-1.0","-1.0"
"41","1977","6","Madhya Pradesh","Rajgarh","-1.0","-1.0","-1.0","-1.0","-1.0","-1.0","-1.0","-1.0"
"41","1982","6","Madhya Pradesh","Rajgarh","-1.0","-1.0","-1.0","-1.0","-1.0","-1.0","-1.0","-1.0"
"41","1987","6","Madhya Pradesh","Rajgarh","-1.0","-1.0","-1.0","-1.0","-1.0","-1.0","-1.0","-1.0"
"41","1992","6","Madhya Pradesh","Rajgarh","-1.0","-1.0","-1.0","-1.0","-1.0","-1.0","-1.0","-1.0"
"41","1997","6","Madhya Pradesh","Rajgarh","-1.0","-1.0","-1.0","-1.0","-1.0","-1.0","-1.0","-1.0"
"41","2003","6","Madhya Pradesh","Rajgarh","0.1","123.48","1.68","108.03","0.48","43.36","1.0","61.04"
"41","2007","6","Madhya Pradesh","Rajgarh","0.34","191.51","3.24","189.1","1.0","66.54","2.07","87.79"
"41","2012","6","Madhya Pradesh","Rajgarh","0.68","155.89","6.38","176.74","1.75","45.51","4.42","100.5"
"41","2019","6","Madhya Pradesh","Rajgarh","0.27","28.14","9.06","119.45","0.91","13.16","7.39","93.37"
"42","1966","6","Madhya Pradesh","Shajapur","-1.0","-1.0","-1.0","-1.0","-1.0","-1.0","-1.0","-1.0"
"42","1972","6","Madhya Pradesh","Shajapur","-1.0","-1.0","-1.0","-1.0","-1.0","-1.0","-1.0","-1.0"
"42","1977","6","Madhya Pradesh","Shajapur","-1.0","-1.0","-1.0","-1.0","-1.0","-1.0","-1.0","-1.0"
"42","1982","6","Madhya Pradesh","Shajapur","-1.0","-1.0","-1.0","-1.0","-1.0","-1.0","-1.0","-1.0"
"42","1987","6","Madhya Pradesh","Shajapur","-1.0","-1.0","-1.0","-1.0","-1.0","-1.0","-1.0","-1.0"
"42","1992","6","Madhya Pradesh","Shajapur","-1.0","-1.0","-1.0","-1.0","-1.0","-1.0","-1.0","-1.0"
"42","1997","6","Madhya Pradesh","Shajapur","-1.0","-1.0","-1.0","-1.0","-1.0","-1.0","-1.0","-1.0"
"42","2003","6","Madhya Pradesh","Shajapur","0.28","114.44","4.8","129.01","1.3","50.09","2.96","65.96"
"42","2007","6","Madhya Pradesh","Shajapur","0.46","132.86","8.26","146.76","1.92","49.92","3.08","73.73"
"42","2012","6","Madhya Pradesh","Shajapur","1.6","86.72","15.35","122.76","2.79","28.52","9.96","68.74"
"42","2019","6","Madhya Pradesh","Shajapur","0.99","20.42","23.46","143.55","2.16","18.83","16.31","96.69"
"43","1966","6","Madhya Pradesh","Hoshangabad","-1.0","-1.0","-1.0","-1.0","-1.0","-1.0","-1.0","-1.0"
"43","1972","6","Madhya Pradesh","Hoshangabad","-1.0","-1.0","-1.0","-1.0","-1.0","-1.0","-1.0","-1.0"
"43","1977","6","Madhya Pradesh","Hoshangabad","-1.0","-1.0","-1.0","-1.0","-1.0","-1.0","-1.0","-1.0"
"43","1982","6","Madhya Pradesh","Hoshangabad","-1.0","-1.0","-1.0","-1.0","-1.0","-1.0","-1.0","-1.0"
"43","1987","6","Madhya Pradesh","Hoshangabad","-1.0","-1.0","-1.0","-1.0","-1.0","-1.0","-1.0","-1.0"
"43","1992","6","Madhya Pradesh","Hoshangabad","-1.0","-1.0","-1.0","-1.0","-1.0","-1.0","-1.0","-1.0"
"43","1997","6","Madhya Pradesh","Hoshangabad","-1.0","-1.0","-1.0","-1.0","-1.0","-1.0","-1.0","-1.0"
"43","2003","6","Madhya Pradesh","Hoshangabad","0.42","158.32","2.61","156.91","1.04","79.05","1.6","104.14"
"43","2007","6","Madhya Pradesh","Hoshangabad","0.26","121.8","5.66","183.95","1.83","80.54","3.4","109.99"
"43","2012","6","Madhya Pradesh","Hoshangabad","0.82","97.99","10.37","183.6","3.09","55.92","8.56","121.38"
"43","2019","6","Madhya Pradesh","Hoshangabad","0.57","44.46","24.62","203.99","3.12","33.79","21.52","157.77"
"44","1966","1","Andhra Pradesh","Srikakulam","-1.0","-1.0","-1.0","-1.0","-1.0","-1.0","-1.0","-1.0"
"44","1972","1","Andhra Pradesh","Srikakulam","-1.0","-1.0","-1.0","-1.0","-1.0","-1.0","-1.0","-1.0"
"44","1977","1","Andhra Pradesh","Srikakulam","-1.0","-1.0","-1.0","-1.0","-1.0","-1.0","-1.0","-1.0"
"44","1983","1","Andhra Pradesh","Srikakulam","-1.0","-1.0","-1.0","-1.0","-1.0","-1.0","-1.0","-1.0"
"44","1987","1","Andhra Pradesh","Srikakulam","-1.0","-1.0","-1.0","-1.0","-1.0","-1.0","-1.0","-1.0"
"44","1993","1","Andhra Pradesh","Srikakulam","25.95","272.6","19.3","234.5","4.3","42.75","14.1","139.15"
"44","1999","1","Andhra Pradesh","Srikakulam","-1.0","-1.0","-1.0","-1.0","-1.0","-1.0","-1.0","-1.0"
"44","2003","1","Andhra Pradesh","Srikakulam","70.69","218.27","93.77","198.09","27.94","62.91","57.05","129.18"
"44","2007","1","Andhra Pradesh","Srikakulam","113.64","184.62","183.4","211.87","52.14","58.66","114.78","118.27"
"44","2012","1","Andhra Pradesh","Srikakulam","91.7","132.49","238.4","157.76","57.88","43.14","147.56","113.67"
"44","2019","1","Andhra Pradesh","Srikakulam","42.53","50.87","279.4","92.21","35.31","18.2","222.49","76.43"
"45","1966","1","Andhra Pradesh","Visakhapatnam","-1.0","-1.0","-1.0","-1.0","-1.0","-1.0","-1.0","-1.0"
"45","1972","1","Andhra Pradesh","Visakhapatnam","-1.0","-1.0","-1.0","-1.0","-1.0","-1.0","-1.0","-1.0"
"45","1977","1","Andhra Pradesh","Visakhapatnam","-1.0","-1.0","-1.0","-1.0","-1.0","-1.0","-1.0","-1.0"
"45","1983","1","Andhra Pradesh","Visakhapatnam","-1.0","-1.0","-1.0","-1.0","-1.0","-1.0","-1.0","-1.0"
"45","1987","1","Andhra Pradesh","Visakhapatnam","-1.0","-1.0","-1.0","-1.0","-1.0","-1.0","-1.0","-1.0"
"45","1993","1","Andhra Pradesh","Visakhapatnam","5.75","320.2","10.0","173.4","2.8","60.15","6.6","90.95"
"45","1999","1","Andhra Pradesh","Visakhapatnam","-1.0","-1.0","-1.0","-1.0","-1.0","-1.0","-1.0","-1.0"
"45","2003","1","Andhra Pradesh","Visakhapatnam","15.07","217.06","46.8","112.0","11.07","55.93","25.07","71.31"
"45","2007","1","Andhra Pradesh","Visakhapatnam","27.34","210.32","112.11","155.37","33.6","96.21","66.26","105.97"
"45","2012","1","Andhra Pradesh","Visakhapatnam","18.18","201.06","136.43","116.57","24.67","39.85","77.88","82.88"
"45","2019","1","Andhra Pradesh","Visakhapatnam","13.12","229.86","183.39","128.13","14.7","61.26","145.08","118.7"
"46","1966","1","Andhra Pradesh","East Godavari","-1.0","-1.0","-1.0","-1.0","-1.0","-1.0","-1.0","-1.0"
"46","1972","1","Andhra Pradesh","East Godavari","-1.0","-1.0","-1.0","-1.0","-1.0","-1.0","-1.0","-1.0"
"46","1977","1","Andhra Pradesh","East Godavari","-1.0","-1.0","-1.0","-1.0","-1.0","-1.0","-1.0","-1.0"
"46","1983","1","Andhra Pradesh","East Godavari","-1.0","-1.0","-1.0","-1.0","-1.0","-1.0","-1.0","-1.0"
"46","1987","1","Andhra Pradesh","East Godavari","-1.0","-1.0","-1.0","-1.0","-1.0","-1.0","-1.0","-1.0"
"46","1993","1","Andhra Pradesh","East Godavari","5.3","132.3","9.9","90.8","1.6","28.6","5.5","55.3"
"46","1999","1","Andhra Pradesh","East Godavari","-1.0","-1.0","-1.0","-1.0","-1.0","-1.0","-1.0","-1.0"
"46","2003","1","Andhra Pradesh","East Godavari","0.55","55.37","1.94","20.47","0.39","9.37","1.04","11.46"
"46","2007","1","Andhra Pradesh","East Godavari","3.65","52.14","47.97","76.82","11.27","30.26","28.7","41.85"
"46","2012","1","Andhra Pradesh","East Godavari","5.19","42.14","69.15","53.77","12.72","13.29","40.3","35.11"
"46","2019","1","Andhra Pradesh","East Godavari","1.71","75.81","48.86","117.45","2.81","24.4","36.65","88.33"
"47","1966","1","Andhra Pradesh","West Godavari","-1.0","-1.0","-1.0","-1.0","-1.0","-1.0","-1.0","-1.0"
"47","1972","1","Andhra Pradesh","West Godavari","-1.0","-1.0","-1.0","-1.0","-1.0","-1.0","-1.0","-1.0"
"47","1977","1","Andhra Pradesh","West Godavari","-1.0","-1.0","-1.0","-1.0","-1.0","-1.0","-1.0","-1.0"
"47","1983","1","Andhra Pradesh","West Godavari","-1.0","-1.0","-1.0","-1.0","-1.0","-1.0","-1.0","-1.0"
"47","1987","1","Andhra Pradesh","West Godavari","-1.0","-1.0","-1.0","-1.0","-1.0","-1.0","-1.0","-1.0"
"47","1993","1","Andhra Pradesh","West Godavari","2.5","106.1","6.0","68.4","0.5","20.4","3.6","41.6"
"47","1999","1","Andhra Pradesh","West Godavari","-1.0","-1.0","-1.0","-1.0","-1.0","-1.0","-1.0","-1.0"
"47","2003","1","Andhra Pradesh","West Godavari","2.02","53.23","10.99","44.24","2.06","15.9","6.75","31.96"
"47","2007","1","Andhra Pradesh","West Godavari","1.54","42.65","23.78","58.18","5.85","19.11","14.84","36.8"
"47","2012","1","Andhra Pradesh","West Godavari","1.56","29.17","30.58","50.81","6.53","11.92","18.14","33.68"
"47","2019","1","Andhra Pradesh","West Godavari","2.4","21.74","25.54","67.5","2.9","9.51","21.14","50.38"
"48","1966","1","Andhra Pradesh","Krishna","-1.0","-1.0","-1.0","-1.0","-1.0","-1.0","-1.0","-1.0"
"48","1972","1","Andhra Pradesh","Krishna","-1.0","-1.0","-1.0","-1.0","-1.0","-1.0","-1.0","-1.0"
"48","1977","1","Andhra Pradesh","Krishna","-1.0","-1.0","-1.0","-1.0","-1.0","-1.0","-1.0","-1.0"
"48","1983","1","Andhra Pradesh","Krishna","-1.0","-1.0","-1.0","-1.0","-1.0","-1.0","-1.0","-1.0"
"48","1987","1","Andhra Pradesh","Krishna","-1.0","-1.0","-1.0","-1.0","-1.0","-1.0","-1.0","-1.0"
"48","1993","1","Andhra Pradesh","Krishna","1.6","83.8","3.7","50.7","0.5","15.7","2.4","24.9"
"48","1999","1","Andhra Pradesh","Krishna","-1.0","-1.0","-1.0","-1.0","-1.0","-1.0","-1.0","-1.0"
"48","2003","1","Andhra Pradesh","Krishna","1.12","37.55","3.86","25.09","0.85","9.32","2.41","15.75"
"48","2007","1","Andhra Pradesh","Krishna","1.0","33.32","5.44","31.03","0.93","9.67","3.58","19.49"
"48","2012","1","Andhra Pradesh","Krishna","0.62","23.43","5.28","25.2","1.03","7.12","3.1","13.64"
"48","2019","1","Andhra Pradesh","Krishna","0.88","12.95","5.32","27.84","0.7","5.11","3.36","22.68"
"49","1966","1","Andhra Pradesh","Guntur","-1.0","-1.0","-1.0","-1.0","-1.0","-1.0","-1.0","-1.0"
"49","1972","1","Andhra Pradesh","Guntur","-1.0","-1.0","-1.0","-1.0","-1.0","-1.0","-1.0","-1.0"
"49","1977","1","Andhra Pradesh","Guntur","-1.0","-1.0","-1.0","-1.0","-1.0","-1.0","-1.0","-1.0"
"49","1983","1","Andhra Pradesh","Guntur","-1.0","-1.0","-1.0","-1.0","-1.0","-1.0","-1.0","-1.0"
"49","1987","1","Andhra Pradesh","Guntur","-1.0","-1.0","-1.0","-1.0","-1.0","-1.0","-1.0","-1.0"
"49","1993","1","Andhra Pradesh","Guntur","1.21","137.86","1.96","45.71","0.2","17.33","1.23","23.48"
"49","1999","1","Andhra Pradesh","Guntur","-1.0","-1.0","-1.0","-1.0","-1.0","-1.0","-1.0","-1.0"
"49","2003","1","Andhra Pradesh","Guntur","0.14","33.2","1.86","10.51","0.36","4.64","0.74","6.2"
"49","2007","1","Andhra Pradesh","Guntur","0.69","91.48","3.1","41.96","0.67","20.78","1.78","25.16"
"49","2012","1","Andhra Pradesh","Guntur","1.13","71.57","4.7","33.72","0.81","9.5","2.7","20.37"
"49","2019","1","Andhra Pradesh","Guntur","2.3","45.01","8.33","32.28","1.14","8.36","6.14","23.8"
"50","1966","1","Andhra Pradesh","S.P.S. Nellore","-1.0","-1.0","-1.0","-1.0","-1.0","-1.0","-1.0","-1.0"
"50","1972","1","Andhra Pradesh","S.P.S. Nellore","-1.0","-1.0","-1.0","-1.0","-1.0","-1.0","-1.0","-1.0"
"50","1977","1","Andhra Pradesh","S.P.S. Nellore","-1.0","-1.0","-1.0","-1.0","-1.0","-1.0","-1.0","-1.0"
"50","1983","1","Andhra Pradesh","S.P.S. Nellore","-1.0","-1.0","-1.0","-1.0","-1.0","-1.0","-1.0","-1.0"
"50","1987","1","Andhra Pradesh","S.P.S. Nellore","-1.0","-1.0","-1.0","-1.0","-1.0","-1.0","-1.0","-1.0"
"50","1993","1","Andhra Pradesh","S.P.S. Nellore","0.74","186.17","1.28","94.24","0.0","29.78","0.69","49.85"
"50","1999","1","Andhra Pradesh","S.P.S. Nellore","-1.0","-1.0","-1.0","-1.0","-1.0","-1.0","-1.0","-1.0"
"50","2003","1","Andhra Pradesh","S.P.S. Nellore","0.43","82.93","1.94","48.47","0.49","22.84","1.07","34.53"
"50","2007","1","Andhra Pradesh","S.P.S. Nellore","0.82","83.04","7.59","61.29","1.53","19.72","4.11","36.57"
"50","2012","1","Andhra Pradesh","S.P.S. Nellore","0.92","45.48","6.18","45.8","1.09","12.25","3.54","29.16"
"50","2019","1","Andhra Pradesh","S.P.S. Nellore","1.03","18.15","10.51","45.78","1.21","8.55","8.4","40.19"
"51","1966","1","Andhra Pradesh","Kurnool","-1.0","-1.0","-1.0","-1.0","-1.0","-1.0","-1.0","-1.0"
"51","1972","1","Andhra Pradesh","Kurnool","-1.0","-1.0","-1.0","-1.0","-1.0","-1.0","-1.0","-1.0"
"51","1977","1","Andhra Pradesh","Kurnool","-1.0","-1.0","-1.0","-1.0","-1.0","-1.0","-1.0","-1.0"
"51","1983","1","Andhra Pradesh","Kurnool","-1.0","-1.0","-1.0","-1.0","-1.0","-1.0","-1.0","-1.0"
"51","1987","1","Andhra Pradesh","Kurnool","-1.0","-1.0","-1.0","-1.0","-1.0","-1.0","-1.0","-1.0"
"51","1993","1","Andhra Pradesh","Kurnool","1.44","296.37","1.36","118.94","0.2","31.0","0.68","62.57"
"51","1999","1","Andhra Pradesh","Kurnool","-1.0","-1.0","-1.0","-1.0","-1.0","-1.0","-1.0","-1.0"
"51","2003","1","Andhra Pradesh","Kurnool","0.92","229.65","1.46","104.27","0.55","37.47","0.9","56.98"
"51","2007","1","Andhra Pradesh","Kurnool","0.78","280.44","1.45","139.69","0.45","40.06","0.9","72.29"
"51","2012","1","Andhra Pradesh","Kurnool","0.44","203.37","4.48","120.03","0.72","27.98","2.27","61.31"
"51","2019","1","Andhra Pradesh","Kurnool","3.93","160.88","8.02","92.52","1.06","24.49","5.86","70.29"
"52","1966","1","Andhra Pradesh","Ananthapur","-1.0","-1.0","-1.0","-1.0","-1.0","-1.0","-1.0","-1.0"
"52","1972","1","Andhra Pradesh","Ananthapur","-1.0","-1.0","-1.0","-1.0","-1.0","-1.0","-1.0","-1.0"
"52","1977","1","Andhra Pradesh","Ananthapur","-1.0","-1.0","-1.0","-1.0","-1.0","-1.0","-1.0","-1.0"
"52","1983","1","Andhra Pradesh","Ananthapur","-1.0","-1.0","-1.0","-1.0","-1.0","-1.0","-1.0","-1.0"
"52","1987","1","Andhra Pradesh","Ananthapur","-1.0","-1.0","-1.0","-1.0","-1.0","-1.0","-1.0","-1.0"
"52","1993","1","Andhra Pradesh","Ananthapur","1.9","319.6","6.8","162.9","0.6","46.7","3.7","86.9"
"52","1999","1","Andhra Pradesh","Ananthapur","-1.0","-1.0","-1.0","-1.0","-1.0","-1.0","-1.0","-1.0"
"52","2003","1","Andhra Pradesh","Ananthapur","2.07","314.68","21.94","165.77","4.03","55.96","12.83","92.96"
"52","2007","1","Andhra Pradesh","Ananthapur","2.15","316.97","55.56","217.94","8.72","68.38","30.92","117.08"
"52","2012","1","Andhra Pradesh","Ananthapur","2.09","179.11","97.69","157.66","11.16","32.9","50.72","85.95"
"52","2019","1","Andhra Pradesh","Ananthapur","9.93","80.1","126.42","99.48","4.92","18.09","84.63","73.54"
"53","1966","1","Andhra Pradesh","Kadapa YSR","-1.0","-1.0","-1.0","-1.0","-1.0","-1.0","-1.0","-1.0"
"53","1972","1","Andhra Pradesh","Kadapa YSR","-1.0","-1.0","-1.0","-1.0","-1.0","-1.0","-1.0","-1.0"
"53","1977","1","Andhra Pradesh","Kadapa YSR","-1.0","-1.0","-1.0","-1.0","-1.0","-1.0","-1.0","-1.0"
"53","1983","1","Andhra Pradesh","Kadapa YSR","-1.0","-1.0","-1.0","-1.0","-1.0","-1.0","-1.0","-1.0"
"53","1987","1","Andhra Pradesh","Kadapa YSR","-1.0","-1.0","-1.0","-1.0","-1.0","-1.0","-1.0","-1.0"
"53","1993","1","Andhra Pradesh","Kadapa YSR","0.6","153.2","3.1","39.3","0.4","8.3","2.0","18.1"
"53","1999","1","Andhra Pradesh","Kadapa YSR","-1.0","-1.0","-1.0","-1.0","-1.0","-1.0","-1.0","-1.0"
"53","2003","1","Andhra Pradesh","Kadapa YSR","3.48","67.83","22.01","60.59","5.11","27.88","11.29","39.04"
"53","2007","1","Andhra Pradesh","Kadapa YSR","2.23","69.46","11.54","37.02","3.94","13.35","7.32","25.2"
"53","2012","1","Andhra Pradesh","Kadapa YSR","1.15","39.34","16.97","40.4","2.92","8.65","9.09","20.61"
"53","2019","1","Andhra Pradesh","Kadapa YSR","2.59","16.21","28.7","29.14","1.57","5.57","27.42","25.91"
"54","1966","1","Andhra Pradesh","Chittoor","-1.0","-1.0","-1.0","-1.0","-1.0","-1.0","-1.0","-1.0"
"54","1972","1","Andhra Pradesh","Chittoor","-1.0","-1.0","-1.0","-1.0","-1.0","-1.0","-1.0","-1.0"
"54","1977","1","Andhra Pradesh","Chittoor","-1.0","-1.0","-1.0","-1.0","-1.0","-1.0","-1.0","-1.0"
"54","1983","1","Andhra Pradesh","Chittoor","-1.0","-1.0","-1.0","-1.0","-1.0","-1.0","-1.0","-1.0"
"54","1987","1","Andhra Pradesh","Chittoor","-1.0","-1.0","-1.0","-1.0","-1.0","-1.0","-1.0","-1.0"
"54","1993","1","Andhra Pradesh","Chittoor","14.0","222.2","132.8","188.9","17.9","39.4","97.8","90.9"
"54","1999","1","Andhra Pradesh","Chittoor","-1.0","-1.0","-1.0","-1.0","-1.0","-1.0","-1.0","-1.0"
"54","2003","1","Andhra Pradesh","Chittoor","18.07","113.39","260.76","110.16","56.0","42.44","138.55","66.31"
"54","2007","1","Andhra Pradesh","Chittoor","15.06","116.17","401.75","131.99","76.55","38.17","255.2","69.47"
"54","2012","1","Andhra Pradesh","Chittoor","8.6","63.23","401.71","76.69","69.87","16.21","251.03","39.53"
"54","2019","1","Andhra Pradesh","Chittoor","8.84","17.25","468.75","54.78","32.61","9.84","319.65","38.31"
"55","1966","20","Telangana","Hyderabad","-1.0","-1.0","-1.0","-1.0","-1.0","-1.0","-1.0","-1.0"
"55","1972","20","Telangana","Hyderabad","-1.0","-1.0","-1.0","-1.0","-1.0","-1.0","-1.0","-1.0"
"55","1977","20","Telangana","Hyderabad","-1.0","-1.0","-1.0","-1.0","-1.0","-1.0","-1.0","-1.0"
"55","1983","20","Telangana","Hyderabad","-1.0","-1.0","-1.0","-1.0","-1.0","-1.0","-1.0","-1.0"
"55","1987","20","Telangana","Hyderabad","-1.0","-1.0","-1.0","-1.0","-1.0","-1.0","-1.0","-1.0"
"55","1993","20","Telangana","Hyderabad","0.3","0.4","0.8","1.1","0.2","0.2","0.3","0.5"
"55","1999","20","Telangana","Hyderabad","-1.0","-1.0","-1.0","-1.0","-1.0","-1.0","-1.0","-1.0"
"55","2003","20","Telangana","Hyderabad","0.05","0.22","1.6","1.29","0.11","0.15","0.47","0.46"
"55","2007","20","Telangana","Hyderabad","0.1","0.46","3.39","2.74","0.23","0.32","1.0","0.98"
"55","2012","20","Telangana","Hyderabad","0.36","0.99","7.54","5.61","0.41","0.34","2.01","0.9"
"55","2019","20","Telangana","Hyderabad","0.1","0.84","3.82","4.63","0.27","0.88","2.07","3.03"
"56","1966","20","Telangana","Nizamabad","-1.0","-1.0","-1.0","-1.0","-1.0","-1.0","-1.0","-1.0"
"56","1972","20","Telangana","Nizamabad","-1.0","-1.0","-1.0","-1.0","-1.0","-1.0","-1.0","-1.0"
"56","1977","20","Telangana","Nizamabad","-1.0","-1.0","-1.0","-1.0","-1.0","-1.0","-1.0","-1.0"
"56","1983","20","Telangana","Nizamabad","-1.0","-1.0","-1.0","-1.0","-1.0","-1.0","-1.0","-1.0"
"56","1987","20","Telangana","Nizamabad","-1.0","-1.0","-1.0","-1.0","-1.0","-1.0","-1.0","-1.0"
"56","1993","20","Telangana","Nizamabad","0.7","204.7","1.3","75.7","0.2","38.6","0.7","49.5"
"56","1999","20","Telangana","Nizamabad","-1.0","-1.0","-1.0","-1.0","-1.0","-1.0","-1.0","-1.0"
"56","2003","20","Telangana","Nizamabad","0.93","160.45","1.58","59.08","0.82","32.39","1.65","41.11"
"56","2007","20","Telangana","Nizamabad","0.77","197.8","1.99","103.92","0.55","52.49","1.17","66.52"
"56","2012","20","Telangana","Nizamabad","0.99","83.69","23.12","115.91","4.34","33.78","7.74","65.01"
"56","2019","20","Telangana","Nizamabad","1.11","24.62","8.83","81.59","0.64","13.19","6.81","76.62"
"57","1966","20","Telangana","Medak","-1.0","-1.0","-1.0","-1.0","-1.0","-1.0","-1.0","-1.0"
"57","1972","20","Telangana","Medak","-1.0","-1.0","-1.0","-1.0","-1.0","-1.0","-1.0","-1.0"
"57","1977","20","Telangana","Medak","-1.0","-1.0","-1.0","-1.0","-1.0","-1.0","-1.0","-1.0"
"57","1983","20","Telangana","Medak","-1.0","-1.0","-1.0","-1.0","-1.0","-1.0","-1.0","-1.0"
"57","1987","20","Telangana","Medak","-1.0","-1.0","-1.0","-1.0","-1.0","-1.0","-1.0","-1.0"
"57","1993","20","Telangana","Medak","0.9","281.6","1.7","107.2","0.4","46.9","1.1","70.8"
"57","1999","20","Telangana","Medak","-1.0","-1.0","-1.0","-1.0","-1.0","-1.0","-1.0","-1.0"
"57","2003","20","Telangana","Medak","3.04","216.81","5.87","68.0","3.35","38.24","3.74","57.49"
"57","2007","20","Telangana","Medak","7.33","228.95","5.89","124.03","3.27","42.47","2.59","68.45"
"57","2012","20","Telangana","Medak","3.12","172.46","16.34","123.26","3.62","40.58","9.11","73.21"
"57","2019","20","Telangana","Medak","5.91","75.76","27.05","116.91","3.04","16.82","20.55","78.43"
"58","1966","20","Telangana","Mahabubnagar","-1.0","-1.0","-1.0","-1.0","-1.0","-1.0","-1.0","-1.0"
"58","1972","20","Telangana","Mahabubnagar","-1.0","-1.0","-1.0","-1.0","-1.0","-1.0","-1.0","-1.0"
"58","1977","20","Telangana","Mahabubnagar","-1.0","-1.0","-1.0","-1.0","-1.0","-1.0","-1.0","-1.0"
"58","1983","20","Telangana","Mahabubnagar","-1.0","-1.0","-1.0","-1.0","-1.0","-1.0","-1.0","-1.0"
"58","1987","20","Telangana","Mahabubnagar","-1.0","-1.0","-1.0","-1.0","-1.0","-1.0","-1.0","-1.0"
"58","1993","20","Telangana","Mahabubnagar","2.6","467.8","4.9","238.9","1.5","94.2","3.2","147.7"
"58","1999","20","Telangana","Mahabubnagar","-1.0","-1.0","-1.0","-1.0","-1.0","-1.0","-1.0","-1.0"
"58","2003","20","Telangana","Mahabubnagar","4.55","364.13","12.96","146.64","6.34","72.96","7.5","82.95"
"58","2007","20","Telangana","Mahabubnagar","5.0","373.35","16.97","218.25","6.7","88.61","10.44","121.23"
"58","2012","20","Telangana","Mahabubnagar","6.04","305.48","52.98","229.08","10.79","49.29","29.76","139.91"
"58","2019","20","Telangana","Mahabubnagar","4.22","177.91","55.43","185.51","4.22","44.9","38.57","137.65"
"59","1966","20","Telangana","Nalgonda","-1.0","-1.0","-1.0","-1.0","-1.0","-1.0","-1.0","-1.0"
"59","1972","20","Telangana","Nalgonda","-1.0","-1.0","-1.0","-1.0","-1.0","-1.0","-1.0","-1.0"
"59","1977","20","Telangana","Nalgonda","-1.0","-1.0","-1.0","-1.0","-1.0","-1.0","-1.0","-1.0"
"59","1983","20","Telangana","Nalgonda","-1.0","-1.0","-1.0","-1.0","-1.0","-1.0","-1.0","-1.0"
"59","1987","20","Telangana","Nalgonda","-1.0","-1.0","-1.0","-1.0","-1.0","-1.0","-1.0","-1.0"
"59","1993","20","Telangana","Nalgonda","1.5","373.8","3.2","246.9","0.6","86.5","2.1","110.0"
"59","1999","20","Telangana","Nalgonda","-1.0","-1.0","-1.0","-1.0","-1.0","-1.0","-1.0","-1.0"
"59","2003","20","Telangana","Nalgonda","1.25","210.5","6.43","139.63","1.98","66.21","4.21","85.63"
"59","2007","20","Telangana","Nalgonda","1.32","221.76","6.77","147.1","2.09","69.75","4.44","90.21"
"59","2012","20","Telangana","Nalgonda","2.28","145.47","31.41","136.15","13.7","46.19","23.84","97.43"
"59","2019","20","Telangana","Nalgonda","5.01","95.62","35.78","117.08","5.66","27.84","24.9","91.68"
"60","1966","20","Telangana","Warangal","-1.0","-1.0","-1.0","-1.0","-1.0","-1.0","-1.0","-1.0"
"60","1972","20","Telangana","Warangal","-1.0","-1.0","-1.0","-1.0","-1.0","-1.0","-1.0","-1.0"
"60","1977","20","Telangana","Warangal","-1.0","-1.0","-1.0","-1.0","-1.0","-1.0","-1.0","-1.0"
"60","1983","20","Telangana","Warangal","-1.0","-1.0","-1.0","-1.0","-1.0","-1.0","-1.0","-1.0"
"60","1987","20","Telangana","Warangal","-1.0","-1.0","-1.0","-1.0","-1.0","-1.0","-1.0","-1.0"
"60","1993","20","Telangana","Warangal","0.9","389.6","1.6","189.8","0.3","65.0","1.2","86.0"
"60","1999","20","Telangana","Warangal","-1.0","-1.0","-1.0","-1.0","-1.0","-1.0","-1.0","-1.0"
"60","2003","20","Telangana","Warangal","2.72","329.14","5.51","90.2","2.7","62.54","3.13","64.65"
"60","2007","20","Telangana","Warangal","0.82","481.48","5.17","153.82","2.51","65.01","3.94","84.79"
"60","2012","20","Telangana","Warangal","2.34","327.84","16.26","124.47","4.93","33.02","9.35","67.85"
"60","2019","20","Telangana","Warangal","4.21","258.16","29.53","127.63","4.13","41.22","22.36","99.14"
"61","1966","20","Telangana","Khammam","-1.0","-1.0","-1.0","-1.0","-1.0","-1.0","-1.0","-1.0"
"61","1972","20","Telangana","Khammam","-1.0","-1.0","-1.0","-1.0","-1.0","-1.0","-1.0","-1.0"
"61","1977","20","Telangana","Khammam","-1.0","-1.0","-1.0","-1.0","-1.0","-1.0","-1.0","-1.0"
"61","1983","20","Telangana","Khammam","-1.0","-1.0","-1.0","-1.0","-1.0","-1.0","-1.0","-1.0"
"61","1987","20","Telangana","Khammam","-1.0","-1.0","-1.0","-1.0","-1.0","-1.0","-1.0","-1.0"
"61","1993","20","Telangana","Khammam","0.2","253.7","0.4","266.5","0.1","80.6","0.3","126.1"
"61","1999","20","Telangana","Khammam","-1.0","-1.0","-1.0","-1.0","-1.0","-1.0","-1.0","-1.0"
"61","2003","20","Telangana","Khammam","0.15","202.76","0.36","163.43","0.08","70.63","0.21","103.61"
"61","2007","20","Telangana","Khammam","0.36","264.16","1.5","261.26","1.13","91.41","0.95","138.76"
"61","2012","20","Telangana","Khammam","0.23","199.56","1.74","216.89","0.36","45.62","1.07","125.74"
"61","2019","20","Telangana","Khammam","0.78","115.63","2.74","141.67","0.38","33.87","1.96","107.29"
"62","1966","20","Telangana","Karimnagar","-1.0","-1.0","-1.0","-1.0","-1.0","-1.0","-1.0","-1.0"
"62","1972","20","Telangana","Karimnagar","-1.0","-1.0","-1.0","-1.0","-1.0","-1.0","-1.0","-1.0"
"62","1977","20","Telangana","Karimnagar","-1.0","-1.0","-1.0","-1.0","-1.0","-1.0","-1.0","-1.0"
"62","1983","20","Telangana","Karimnagar","-1.0","-1.0","-1.0","-1.0","-1.0","-1.0","-1.0","-1.0"
"62","1987","20","Telangana","Karimnagar","-1.0","-1.0","-1.0","-1.0","-1.0","-1.0","-1.0","-1.0"
"62","1993","20","Telangana","Karimnagar","1.5","435.7","4.0","116.3","0.6","60.4","2.9","82.0"
"62","1999","20","Telangana","Karimnagar","-1.0","-1.0","-1.0","-1.0","-1.0","-1.0","-1.0","-1.0"
"62","2003","20","Telangana","Karimnagar","2.02","323.12","6.31","48.85","3.89","32.9","4.51","33.05"
"62","2007","20","Telangana","Karimnagar","1.74","369.27","11.59","80.97","2.99","32.57","7.86","58.53"
"62","2012","20","Telangana","Karimnagar","4.11","217.41","30.38","61.29","7.13","20.84","21.55","40.68"
"62","2019","20","Telangana","Karimnagar","4.44","82.89","38.93","54.11","3.13","15.28","30.22","47.02"
"63","1966","20","Telangana","Adilabad","-1.0","-1.0","-1.0","-1.0","-1.0","-1.0","-1.0","-1.0"
"63","1972","20","Telangana","Adilabad","-1.0","-1.0","-1.0","-1.0","-1.0","-1.0","-1.0","-1.0"
"63","1977","20","Telangana","Adilabad","-1.0","-1.0","-1.0","-1.0","-1.0","-1.0","-1.0","-1.0"
"63","1983","20","Telangana","Adilabad","-1.0","-1.0","-1.0","-1.0","-1.0","-1.0","-1.0","-1.0"
"63","1987","20","Telangana","Adilabad","-1.0","-1.0","-1.0","-1.0","-1.0","-1.0","-1.0","-1.0"
"63","1993","20","Telangana","Adilabad","0.5","322.8","0.8","202.9","0.2","85.6","0.4","138.8"
"63","1999","20","Telangana","Adilabad","-1.0","-1.0","-1.0","-1.0","-1.0","-1.0","-1.0","-1.0"
"63","2003","20","Telangana","Adilabad","0.44","310.78","0.97","218.81","0.64","127.07","0.74","162.45"
"63","2007","20","Telangana","Adilabad","1.02","405.11","1.72","300.51","0.48","124.36","1.26","188.82"
"63","2012","20","Telangana","Adilabad","2.14","404.29","7.02","277.1","2.96","72.61","5.56","202.86"
"63","2019","20","Telangana","Adilabad","2.61","337.19","4.6","265.41","0.77","89.09","4.38","230.37"
"64","1966","5","Karnataka","Bangalore","-1.0","-1.0","-1.0","-1.0","-1.0","-1.0","-1.0","-1.0"
"64","1972","5","Karnataka","Bangalore","-1.0","-1.0","-1.0","-1.0","-1.0","-1.0","-1.0","-1.0"
"64","1977","5","Karnataka","Bangalore","-1.0","-1.0","-1.0","-1.0","-1.0","-1.0","-1.0","-1.0"
"64","1983","5","Karnataka","Bangalore","-1.0","-1.0","-1.0","-1.0","-1.0","-1.0","-1.0","-1.0"
"64","1987","5","Karnataka","Bangalore","-1.0","-1.0","-1.0","-1.0","-1.0","-1.0","-1.0","-1.0"
"64","1992","5","Karnataka","Bangalore","9.0","112.0","112.0","238.0","13.0","48.0","51.0","94.0"
"64","1997","5","Karnataka","Bangalore","-1.0","-1.0","-1.0","-1.0","-1.0","-1.0","-1.0","-1.0"
"64","2003","5","Karnataka","Bangalore","3.71","58.51","157.49","129.64","4.42","27.37","74.35","61.9"
"64","2007","5","Karnataka","Bangalore","3.69","45.42","202.75","134.3","6.32","28.05","87.45","50.11"
"64","2012","5","Karnataka","Bangalore","5.3","26.1","244.21","102.0","6.86","16.96","107.4","46.48"
"64","2019","5","Karnataka","Bangalore","4.14","10.03","310.46","61.17","3.03","7.91","176.4","38.96"
"65","1966","5","Karnataka","Kolar","-1.0","-1.0","-1.0","-1.0","-1.0","-1.0","-1.0","-1.0"
"65","1972","5","Karnataka","Kolar","-1.0","-1.0","-1.0","-1.0","-1.0","-1.0","-1.0","-1.0"
"65","1977","5","Karnataka","Kolar","-1.0","-1.0","-1.0","-1.0","-1.0","-1.0","-1.0","-1.0"
"65","1983","5","Karnataka","Kolar","-1.0","-1.0","-1.0","-1.0","-1.0","-1.0","-1.0","-1.0"
"65","1987","5","Karnataka","Kolar","-1.0","-1.0","-1.0","-1.0","-1.0","-1.0","-1.0","-1.0"
"65","1992","5","Karnataka","Kolar","7.0","162.0","58.0","146.0","7.0","28.0","30.0","62.0"
"65","1997","5","Karnataka","Kolar","-1.0","-1.0","-1.0","-1.0","-1.0","-1.0","-1.0","-1.0"
"65","2003","5","Karnataka","Kolar","2.09","97.24","154.38","69.28","3.42","11.6","73.61","36.75"
"65","2007","5","Karnataka","Kolar","1.69","85.55","196.64","69.64","3.9","10.32","80.28","29.01"
"65","2012","5","Karnataka","Kolar","1.99","57.46","227.94","52.92","5.91","7.05","100.41","21.7"
"65","2019","5","Karnataka","Kolar","1.07","21.38","231.7","25.61","0.44","4.48","122.99","15.79"
"66","1966","5","Karnataka","Tumkur","-1.0","-1.0","-1.0","-1.0","-1.0","-1.0","-1.0","-1.0"
"66","1972","5","Karnataka","Tumkur","-1.0","-1.0","-1.0","-1.0","-1.0","-1.0","-1.0","-1.0"
"66","1977","5","Karnataka","Tumkur","-1.0","-1.0","-1.0","-1.0","-1.0","-1.0","-1.0","-1.0"
"66","1983","5","Karnataka","Tumkur","-1.0","-1.0","-1.0","-1.0","-1.0","-1.0","-1.0","-1.0"
"66","1987","5","Karnataka","Tumkur","-1.0","-1.0","-1.0","-1.0","-1.0","-1.0","-1.0","-1.0"
"66","1992","5","Karnataka","Tumkur","2.0","213.0","20.0","223.0","3.0","52.0","12.0","84.0"
"66","1997","5","Karnataka","Tumkur","-1.0","-1.0","-1.0","-1.0","-1.0","-1.0","-1.0","-1.0"
"66","2003","5","Karnataka","Tumkur","0.35","131.78","37.22","166.19","2.65","41.59","19.61","71.17"
"66","2007","5","Karnataka","Tumkur","0.81","139.25","91.74","192.93","4.12","41.55","44.56","74.31"
"66","2012","5","Karnataka","Tumkur","0.8","68.79","150.22","157.71","7.69","19.97","65.65","56.24"
"66","2019","5","Karnataka","Tumkur","0.55","18.8","179.52","80.11","0.88","10.46","90.53","50.41"
"67","1966","5","Karnataka","Mysore","-1.0","-1.0","-1.0","-1.0","-1.0","-1.0","-1.0","-1.0"
"67","1972","5","Karnataka","Mysore","-1.0","-1.0","-1.0","-1.0","-1.0","-1.0","-1.0","-1.0"
"67","1977","5","Karnataka","Mysore","-1.0","-1.0","-1.0","-1.0","-1.0","-1.0","-1.0","-1.0"
"67","1983","5","Karnataka","Mysore","-1.0","-1.0","-1.0","-1.0","-1.0","-1.0","-1.0","-1.0"
"67","1987","5","Karnataka","Mysore","-1.0","-1.0","-1.0","-1.0","-1.0","-1.0","-1.0","-1.0"
"67","1992","5","Karnataka","Mysore","4.0","253.0","39.0","309.0","7.0","72.0","22.0","129.0"
"67","1997","5","Karnataka","Mysore","-1.0","-1.0","-1.0","-1.0","-1.0","-1.0","-1.0","-1.0"
"67","2003","5","Karnataka","Mysore","5.25","210.47","92.15","197.02","15.34","51.72","51.14","101.8"
"67","2007","5","Karnataka","Mysore","5.23","223.29","144.84","258.35","23.64","57.63","74.05","103.33"
"67","2012","5","Karnataka","Mysore","8.59","143.14","229.78","190.55","28.07","25.94","109.68","76.33"
"67","2019","5","Karnataka","Mysore","7.72","65.56","292.18","110.73","11.42","16.24","175.95","62.16"
"68","1966","5","Karnataka","Mandya","-1.0","-1.0","-1.0","-1.0","-1.0","-1.0","-1.0","-1.0"
"68","1972","5","Karnataka","Mandya","-1.0","-1.0","-1.0","-1.0","-1.0","-1.0","-1.0","-1.0"
"68","1977","5","Karnataka","Mandya","-1.0","-1.0","-1.0","-1.0","-1.0","-1.0","-1.0","-1.0"
"68","1983","5","Karnataka","Mandya","-1.0","-1.0","-1.0","-1.0","-1.0","-1.0","-1.0","-1.0"
"68","1987","5","Karnataka","Mandya","-1.0","-1.0","-1.0","-1.0","-1.0","-1.0","-1.0","-1.0"
"68","1992","5","Karnataka","Mandya","1.0","96.0","27.0","155.0","2.0","21.0","13.0","40.0"
"68","1997","5","Karnataka","Mandya","-1.0","-1.0","-1.0","-1.0","-1.0","-1.0","-1.0","-1.0"
"68","2003","5","Karnataka","Mandya","0.85","59.6","66.63","53.43","1.53","9.76","32.01","25.79"
"68","2007","5","Karnataka","Mandya","1.02","58.55","103.0","106.56","2.38","9.45","45.17","23.74"
"68","2012","5","Karnataka","Mandya","0.96","42.99","150.92","89.2","1.72","4.81","60.02","16.12"
"68","2019","5","Karnataka","Mandya","2.59","23.52","194.6","36.16","1.02","3.55","95.7","12.85"
"69","1966","5","Karnataka","Hassan","-1.0","-1.0","-1.0","-1.0","-1.0","-1.0","-1.0","-1.0"
"69","1972","5","Karnataka","Hassan","-1.0","-1.0","-1.0","-1.0","-1.0","-1.0","-1.0","-1.0"
"69","1977","5","Karnataka","Hassan","-1.0","-1.0","-1.0","-1.0","-1.0","-1.0","-1.0","-1.0"
"69","1983","5","Karnataka","Hassan","-1.0","-1.0","-1.0","-1.0","-1.0","-1.0","-1.0","-1.0"
"69","1987","5","Karnataka","Hassan","-1.0","-1.0","-1.0","-1.0","-1.0","-1.0","-1.0","-1.0"
"69","1992","5","Karnataka","Hassan","3.0","179.0","18.0","219.0","4.0","56.0","11.0","90.0"
"69","1997","5","Karnataka","Hassan","-1.0","-1.0","-1.0","-1.0","-1.0","-1.0","-1.0","-1.0"
"69","2003","5","Karnataka","Hassan","2.64","134.77","52.18","163.1","6.23","37.34","26.8","80.7"
"69","2007","5","Karnataka","Hassan","4.41","139.07","98.24","207.57","11.5","44.25","45.81","82.51"
"69","2012","5","Karnataka","Hassan","5.93","89.42","171.17","155.43","12.98","23.63","79.27","68.63"
"69","2019","5","Karnataka","Hassan","6.28","55.4","228.67","80.51","6.29","13.34","115.01","42.69"
"70","1966","5","Karnataka","Shimoge","-1.0","-1.0","-1.0","-1.0","-1.0","-1.0","-1.0","-1.0"
"70","1972","5","Karnataka","Shimoge","-1.0","-1.0","-1.0","-1.0","-1.0","-1.0","-1.0","-1.0"
"70","1977","5","Karnataka","Shimoge","-1.0","-1.0","-1.0","-1.0","-1.0","-1.0","-1.0","-1.0"
"70","1983","5","Karnataka","Shimoge","-1.0","-1.0","-1.0","-1.0","-1.0","-1.0","-1.0","-1.0"
"70","1987","5","Karnataka","Shimoge","-1.0","-1.0","-1.0","-1.0","-1.0","-1.0","-1.0","-1.0"
"70","1992","5","Karnataka","Shimoge","8.0","238.0","15.0","224.0","4.0","81.0","9.0","121.0"
"70","1997","5","Karnataka","Shimoge","-1.0","-1.0","-1.0","-1.0","-1.0","-1.0","-1.0","-1.0"
"70","2003","5","Karnataka","Shimoge","1.22","153.95","28.47","145.58","5.68","61.84","17.7","93.25"
"70","2007","5","Karnataka","Shimoge","1.93","151.04","44.67","182.94","7.98","63.34","26.13","101.61"
"70","2012","5","Karnataka","Shimoge","2.5","135.74","64.76","174.65","10.03","45.57","34.43","99.86"
"70","2019","5","Karnataka","Shimoge","0.97","72.67","81.03","162.18","8.02","44.72","47.99","101.08"
"71","1966","5","Karnataka","Chickmagalur","-1.0","-1.0","-1.0","-1.0","-1.0","-1.0","-1.0","-1.0"
"71","1972","5","Karnataka","Chickmagalur","-1.0","-1.0","-1.0","-1.0","-1.0","-1.0","-1.0","-1.0"
"71","1977","5","Karnataka","Chickmagalur","-1.0","-1.0","-1.0","-1.0","-1.0","-1.0","-1.0","-1.0"
"71","1983","5","Karnataka","Chickmagalur","-1.0","-1.0","-1.0","-1.0","-1.0","-1.0","-1.0","-1.0"
"71","1987","5","Karnataka","Chickmagalur","-1.0","-1.0","-1.0","-1.0","-1.0","-1.0","-1.0","-1.0"
"71","1992","5","Karnataka","Chickmagalur","0.0","140.0","7.0","146.0","1.0","45.0","4.0","75.0"
"71","1997","5","Karnataka","Chickmagalur","-1.0","-1.0","-1.0","-1.0","-1.0","-1.0","-1.0","-1.0"
"71","2003","5","Karnataka","Chickmagalur","0.46","111.02","15.98","105.83","3.12","33.59","10.38","67.23"
"71","2007","5","Karnataka","Chickmagalur","0.39","110.79","28.54","125.69","4.57","34.21","16.5","65.49"
"71","2012","5","Karnataka","Chickmagalur","1.41","77.76","48.06","107.52","6.01","19.34","24.36","53.12"
"71","2019","5","Karnataka","Chickmagalur","0.67","39.65","70.58","71.54","3.34","14.72","38.06","51.43"
"72","1966","5","Karnataka","Chitradurga","-1.0","-1.0","-1.0","-1.0","-1.0","-1.0","-1.0","-1.0"
"72","1972","5","Karnataka","Chitradurga","-1.0","-1.0","-1.0","-1.0","-1.0","-1.0","-1.0","-1.0"
"72","1977","5","Karnataka","Chitradurga","-1.0","-1.0","-1.0","-1.0","-1.0","-1.0","-1.0","-1.0"
"72","1983","5","Karnataka","Chitradurga","-1.0","-1.0","-1.0","-1.0","-1.0","-1.0","-1.0","-1.0"
"72","1987","5","Karnataka","Chitradurga","-1.0","-1.0","-1.0","-1.0","-1.0","-1.0","-1.0","-1.0"
"72","1992","5","Karnataka","Chitradurga","1.0","205.0","8.0","128.0","2.0","43.0","5.0","63.0"
"72","1997","5","Karnataka","Chitradurga","-1.0","-1.0","-1.0","-1.0","-1.0","-1.0","-1.0","-1.0"
"72","2003","5","Karnataka","Chitradurga","1.09","281.4","49.71","147.17","8.17","37.99","28.96","83.21"
"72","2007","5","Karnataka","Chitradurga","2.6","281.05","76.46","178.94","14.6","44.17","41.94","96.47"
"72","2012","5","Karnataka","Chitradurga","1.08","214.51","94.38","138.41","15.55","29.22","47.96","66.85"
"72","2019","5","Karnataka","Chitradurga","1.23","108.68","152.11","88.85","10.68","20.88","90.03","50.52"
"73","1966","5","Karnataka","Bellary","-1.0","-1.0","-1.0","-1.0","-1.0","-1.0","-1.0","-1.0"
"73","1972","5","Karnataka","Bellary","-1.0","-1.0","-1.0","-1.0","-1.0","-1.0","-1.0","-1.0"
"73","1977","5","Karnataka","Bellary","-1.0","-1.0","-1.0","-1.0","-1.0","-1.0","-1.0","-1.0"
"73","1983","5","Karnataka","Bellary","-1.0","-1.0","-1.0","-1.0","-1.0","-1.0","-1.0","-1.0"
"73","1987","5","Karnataka","Bellary","-1.0","-1.0","-1.0","-1.0","-1.0","-1.0","-1.0","-1.0"
"73","1992","5","Karnataka","Bellary","2.0","208.0","3.0","135.0","1.0","54.0","2.0","78.0"
"73","1997","5","Karnataka","Bellary","-1.0","-1.0","-1.0","-1.0","-1.0","-1.0","-1.0","-1.0"
"73","2003","5","Karnataka","Bellary","0.21","143.47","4.61","102.03","0.86","32.31","2.75","59.28"
"73","2007","5","Karnataka","Bellary","0.4","148.63","9.33","118.5","1.92","40.65","5.32","66.51"
"73","2012","5","Karnataka","Bellary","0.24","127.67","18.85","104.75","2.8","23.56","9.38","56.83"
"73","2019","5","Karnataka","Bellary","0.98","87.84","32.89","74.74","1.23","15.21","19.23","51.59"
"74","1966","5","Karnataka","Dharwad","-1.0","-1.0","-1.0","-1.0","-1.0","-1.0","-1.0","-1.0"
"74","1972","5","Karnataka","Dharwad","-1.0","-1.0","-1.0","-1.0","-1.0","-1.0","-1.0","-1.0"
"74","1977","5","Karnataka","Dharwad","-1.0","-1.0","-1.0","-1.0","-1.0","-1.0","-1.0","-1.0"
"74","1983","5","Karnataka","Dharwad","-1.0","-1.0","-1.0","-1.0","-1.0","-1.0","-1.0","-1.0"
"74","1987","5","Karnataka","Dharwad","-1.0","-1.0","-1.0","-1.0","-1.0","-1.0","-1.0","-1.0"
"74","1992","5","Karnataka","Dharwad","5.0","315.0","17.0","154.0","6.0","73.0","10.0","87.0"
"74","1997","5","Karnataka","Dharwad","-1.0","-1.0","-1.0","-1.0","-1.0","-1.0","-1.0","-1.0"
"74","2003","5","Karnataka","Dharwad","2.86","281.1","38.76","113.13","7.96","42.41","22.21","66.92"
"74","2007","5","Karnataka","Dharwad","3.95","318.46","62.84","138.43","12.03","43.44","34.6","76.58"
"74","2012","5","Karnataka","Dharwad","1.74","275.96","75.29","121.2","12.36","29.39","38.51","66.62"
"74","2019","5","Karnataka","Dharwad","4.45","195.96","132.21","67.78","7.53","23.01","89.38","49.28"
"75","1966","5","Karnataka","Belgaum","-1.0","-1.0","-1.0","-1.0","-1.0","-1.0","-1.0","-1.0"
"75","1972","5","Karnataka","Belgaum","-1.0","-1.0","-1.0","-1.0","-1.0","-1.0","-1.0","-1.0"
"75","1977","5","Karnataka","Belgaum","-1.0","-1.0","-1.0","-1.0","-1.0","-1.0","-1.0","-1.0"
"75","1983","5","Karnataka","Belgaum","-1.0","-1.0","-1.0","-1.0","-1.0","-1.0","-1.0","-1.0"
"75","1987","5","Karnataka","Belgaum","-1.0","-1.0","-1.0","-1.0","-1.0","-1.0","-1.0","-1.0"
"75","1992","5","Karnataka","Belgaum","4.0","249.0","12.0","122.0","3.0","51.0","6.0","65.0"
"75","1997","5","Karnataka","Belgaum","-1.0","-1.0","-1.0","-1.0","-1.0","-1.0","-1.0","-1.0"
"75","2003","5","Karnataka","Belgaum","3.25","225.89","36.67","107.21","4.06","29.68","17.1","51.55"
"75","2007","5","Karnataka","Belgaum","6.45","241.36","67.55","150.49","8.38","35.7","28.33","60.27"
"75","2012","5","Karnataka","Belgaum","6.85","186.17","111.78","140.91","10.83","27.95","47.54","60.82"
"75","2019","5","Karnataka","Belgaum","2.51","123.53","152.28","99.49","4.04","21.6","85.16","60.94"
"76","1966","5","Karnataka","Bijapur / Vijayapura","-1.0","-1.0","-1.0","-1.0","-1.0","-1.0","-1.0","-1.0"
"76","1972","5","Karnataka","Bijapur / Vijayapura","-1.0","-1.0","-1.0","-1.0","-1.0","-1.0","-1.0","-1.0"
"76","1977","5","Karnataka","Bijapur / Vijayapura","-1.0","-1.0","-1.0","-1.0","-1.0","-1.0","-1.0","-1.0"
"76","1983","5","Karnataka","Bijapur / Vijayapura","-1.0","-1.0","-1.0","-1.0","-1.0","-1.0","-1.0","-1.0"
"76","1987","5","Karnataka","Bijapur / Vijayapura","-1.0","-1.0","-1.0","-1.0","-1.0","-1.0","-1.0","-1.0"
"76","1992","5","Karnataka","Bijapur / Vijayapura","1.0","217.0","2.0","146.0","1.0","69.0","1.0","86.0"
"76","1997","5","Karnataka","Bijapur / Vijayapura","-1.0","-1.0","-1.0","-1.0","-1.0","-1.0","-1.0","-1.0"
"76","2003","5","Karnataka","Bijapur / Vijayapura","0.31","195.47","11.64","120.99","1.62","40.07","5.78","69.97"
"76","2007","5","Karnataka","Bijapur / Vijayapura","0.99","224.26","18.54","183.08","2.57","53.6","10.05","91.75"
"76","2012","5","Karnataka","Bijapur / Vijayapura","0.55","176.9","28.87","174.69","2.53","41.7","15.39","91.83"
"76","2019","5","Karnataka","Bijapur / Vijayapura","1.11","111.02","46.09","119.97","1.16","26.13","29.94","89.51"
"77","1966","5","Karnataka","Bidar","-1.0","-1.0","-1.0","-1.0","-1.0","-1.0","-1.0","-1.0"
"77","1972","5","Karnataka","Bidar","-1.0","-1.0","-1.0","-1.0","-1.0","-1.0","-1.0","-1.0"
"77","1977","5","Karnataka","Bidar","-1.0","-1.0","-1.0","-1.0","-1.0","-1.0","-1.0","-1.0"
"77","1983","5","Karnataka","Bidar","-1.0","-1.0","-1.0","-1.0","-1.0","-1.0","-1.0","-1.0"
"77","1987","5","Karnataka","Bidar","-1.0","-1.0","-1.0","-1.0","-1.0","-1.0","-1.0","-1.0"
"77","1992","5","Karnataka","Bidar","1.0","92.0","2.0","86.0","1.0","37.0","2.0","53.0"
"77","1997","5","Karnataka","Bidar","-1.0","-1.0","-1.0","-1.0","-1.0","-1.0","-1.0","-1.0"
"77","2003","5","Karnataka","Bidar","0.75","91.72","6.48","72.99","1.47","26.28","4.09","44.91"
"77","2007","5","Karnataka","Bidar","0.64","95.38","6.88","89.03","1.7","27.7","4.42","51.73"
"77","2012","5","Karnataka","Bidar","0.65","72.95","7.94","80.44","1.5","19.31","4.47","47.27"
"77","2019","5","Karnataka","Bidar","0.51","47.51","11.12","55.96","1.17","12.77","7.36","37.24"
"78","1966","5","Karnataka","Raichur","-1.0","-1.0","-1.0","-1.0","-1.0","-1.0","-1.0","-1.0"
"78","1972","5","Karnataka","Raichur","-1.0","-1.0","-1.0","-1.0","-1.0","-1.0","-1.0","-1.0"
"78","1977","5","Karnataka","Raichur","-1.0","-1.0","-1.0","-1.0","-1.0","-1.0","-1.0","-1.0"
"78","1983","5","Karnataka","Raichur","-1.0","-1.0","-1.0","-1.0","-1.0","-1.0","-1.0","-1.0"
"78","1987","5","Karnataka","Raichur","-1.0","-1.0","-1.0","-1.0","-1.0","-1.0","-1.0","-1.0"
"78","1992","5","Karnataka","Raichur","2.0","251.0","3.0","174.0","1.0","77.0","2.0","102.0"
"78","1997","5","Karnataka","Raichur","-1.0","-1.0","-1.0","-1.0","-1.0","-1.0","-1.0","-1.0"
"78","2003","5","Karnataka","Raichur","1.8","212.28","11.25","165.36","1.88","51.38","8.27","102.97"
"78","2007","5","Karnataka","Raichur","1.12","219.19","15.34","219.4","2.99","66.03","8.48","117.76"
"78","2012","5","Karnataka","Raichur","0.67","196.32","26.13","208.16","4.16","43.88","17.2","123.0"
"78","2019","5","Karnataka","Raichur","0.82","125.39","42.59","136.67","1.75","34.33","28.32","106.92"
"79","1966","5","Karnataka","Gulbarga / Kalaburagi","-1.0","-1.0","-1.0","-1.0","-1.0","-1.0","-1.0","-1.0"
"79","1972","5","Karnataka","Gulbarga / Kalaburagi","-1.0","-1.0","-1.0","-1.0","-1.0","-1.0","-1.0","-1.0"
"79","1977","5","Karnataka","Gulbarga / Kalaburagi","-1.0","-1.0","-1.0","-1.0","-1.0","-1.0","-1.0","-1.0"
"79","1983","5","Karnataka","Gulbarga / Kalaburagi","-1.0","-1.0","-1.0","-1.0","-1.0","-1.0","-1.0","-1.0"
"79","1987","5","Karnataka","Gulbarga / Kalaburagi","-1.0","-1.0","-1.0","-1.0","-1.0","-1.0","-1.0","-1.0"
"79","1992","5","Karnataka","Gulbarga / Kalaburagi","2.0","289.0","3.0","232.0","2.0","101.0","2.0","139.0"
"79","1997","5","Karnataka","Gulbarga / Kalaburagi","-1.0","-1.0","-1.0","-1.0","-1.0","-1.0","-1.0","-1.0"
"79","2003","5","Karnataka","Gulbarga / Kalaburagi","1.64","293.38","5.09","244.9","1.95","78.76","3.15","154.19"
"79","2007","5","Karnataka","Gulbarga / Kalaburagi","0.95","307.87","6.73","312.0","2.4","97.68","4.37","175.39"
"79","2012","5","Karnataka","Gulbarga / Kalaburagi","0.79","267.52","7.36","269.7","2.19","63.32","4.88","168.09"
"79","2019","5","Karnataka","Gulbarga / Kalaburagi","0.76","200.07","8.42","196.93","1.04","53.4","5.87","152.44"
"80","1966","5","Karnataka","Dakshina Kannada","-1.0","-1.0","-1.0","-1.0","-1.0","-1.0","-1.0","-1.0"
"80","1972","5","Karnataka","Dakshina Kannada","-1.0","-1.0","-1.0","-1.0","-1.0","-1.0","-1.0","-1.0"
"80","1977","5","Karnataka","Dakshina Kannada","-1.0","-1.0","-1.0","-1.0","-1.0","-1.0","-1.0","-1.0"
"80","1983","5","Karnataka","Dakshina Kannada","-1.0","-1.0","-1.0","-1.0","-1.0","-1.0","-1.0","-1.0"
"80","1987","5","Karnataka","Dakshina Kannada","-1.0","-1.0","-1.0","-1.0","-1.0","-1.0","-1.0","-1.0"
"80","1992","5","Karnataka","Dakshina Kannada","1.0","95.0","28.0","274.0","5.0","68.0","18.0","178.0"
"80","1997","5","Karnataka","Dakshina Kannada","-1.0","-1.0","-1.0","-1.0","-1.0","-1.0","-1.0","-1.0"
"80","2003","5","Karnataka","Dakshina Kannada","1.82","32.1","97.71","198.41","18.85","56.05","65.9","151.06"
"80","2007","5","Karnataka","Dakshina Kannada","5.16","23.11","125.14","213.89","27.53","66.91","88.34","165.56"
"80","2012","5","Karnataka","Dakshina Kannada","2.46","11.46","127.68","141.34","19.82","23.57","86.77","92.68"
"80","2019","5","Karnataka","Dakshina Kannada","2.32","3.64","172.58","88.61","12.99","10.83","134.28","80.09"
"81","1966","5","Karnataka","Uttara Kannada","-1.0","-1.0","-1.0","-1.0","-1.0","-1.0","-1.0","-1.0"
"81","1972","5","Karnataka","Uttara Kannada","-1.0","-1.0","-1.0","-1.0","-1.0","-1.0","-1.0","-1.0"
"81","1977","5","Karnataka","Uttara Kannada","-1.0","-1.0","-1.0","-1.0","-1.0","-1.0","-1.0","-1.0"
"81","1983","5","Karnataka","Uttara Kannada","-1.0","-1.0","-1.0","-1.0","-1.0","-1.0","-1.0","-1.0"
"81","1987","5","Karnataka","Uttara Kannada","-1.0","-1.0","-1.0","-1.0","-1.0","-1.0","-1.0","-1.0"
"81","1992","5","Karnataka","Uttara Kannada","1.0","130.0","7.0","120.0","2.0","47.0","4.0","69.0"
"81","1997","5","Karnataka","Uttara Kannada","-1.0","-1.0","-1.0","-1.0","-1.0","-1.0","-1.0","-1.0"
"81","2003","5","Karnataka","Uttara Kannada","0.58","100.23","14.29","91.7","2.93","39.02","8.63","62.28"
"81","2007","5","Karnataka","Uttara Kannada","0.72","101.14","18.73","115.67","4.31","45.58","11.65","69.61"
"81","2012","5","Karnataka","Uttara Kannada","1.07","89.76","26.65","108.94","4.44","25.58","15.01","65.5"
"81","2019","5","Karnataka","Uttara Kannada","0.78","65.29","35.1","100.27","4.35","32.65","22.29","75.59"
"82","1966","5","Karnataka","Kodagu / Coorg","-1.0","-1.0","-1.0","-1.0","-1.0","-1.0","-1.0","-1.0"
"82","1972","5","Karnataka","Kodagu / Coorg","-1.0","-1.0","-1.0","-1.0","-1.0","-1.0","-1.0","-1.0"
"82","1977","5","Karnataka","Kodagu / Coorg","-1.0","-1.0","-1.0","-1.0","-1.0","-1.0","-1.0","-1.0"
"82","1983","5","Karnataka","Kodagu / Coorg","-1.0","-1.0","-1.0","-1.0","-1.0","-1.0","-1.0","-1.0"
"82","1987","5","Karnataka","Kodagu / Coorg","-1.0","-1.0","-1.0","-1.0","-1.0","-1.0","-1.0","-1.0"
"82","1992","5","Karnataka","Kodagu / Coorg","2.0","52.0","7.0","44.0","3.0","19.0","4.0","27.0"
"82","1997","5","Karnataka","Kodagu / Coorg","-1.0","-1.0","-1.0","-1.0","-1.0","-1.0","-1.0","-1.0"
"82","2003","5","Karnataka","Kodagu / Coorg","1.42","30.24","10.72","28.74","3.45","13.0","6.78","19.14"
"82","2007","5","Karnataka","Kodagu / Coorg","2.8","25.56","15.54","30.16","5.17","14.0","9.17","16.95"
"82","2012","5","Karnataka","Kodagu / Coorg","1.99","14.54","17.01","21.89","4.19","5.99","10.04","13.72"
"82","2019","5","Karnataka","Kodagu / Coorg","1.88","5.79","18.86","12.93","3.97","3.8","15.05","9.39"
"83","1966","11","Tamil Nadu","Chengalpattu MGR / Kanchipuram","-1.0","-1.0","-1.0","-1.0","-1.0","-1.0","-1.0","-1.0"
"83","1972","11","Tamil Nadu","Chengalpattu MGR / Kanchipuram","-1.0","-1.0","-1.0","-1.0","-1.0","-1.0","-1.0","-1.0"
"83","1977","11","Tamil Nadu","Chengalpattu MGR / Kanchipuram","-1.0","-1.0","-1.0","-1.0","-1.0","-1.0","-1.0","-1.0"
"83","1982","11","Tamil Nadu","Chengalpattu MGR / Kanchipuram","-1.0","-1.0","-1.0","-1.0","-1.0","-1.0","-1.0","-1.0"
"83","1987","11","Tamil Nadu","Chengalpattu MGR / Kanchipuram","-1.0","-1.0","-1.0","-1.0","-1.0","-1.0","-1.0","-1.0"
"83","1992","11","Tamil Nadu","Chengalpattu MGR / Kanchipuram","-1.0","-1.0","-1.0","-1.0","-1.0","-1.0","-1.0","-1.0"
"83","1997","11","Tamil Nadu","Chengalpattu MGR / Kanchipuram","-1.0","-1.0","-1.0","-1.0","-1.0","-1.0","-1.0","-1.0"
"83","2003","11","Tamil Nadu","Chengalpattu MGR / Kanchipuram","7.17","75.5","52.72","89.96","11.67","40.18","34.59","63.33"
"83","2007","11","Tamil Nadu","Chengalpattu MGR / Kanchipuram","88.98","103.31","230.39","184.4","117.05","51.72","68.17","101.87"
"83","2012","11","Tamil Nadu","Chengalpattu MGR / Kanchipuram","29.42","41.95","126.81","152.2","27.34","29.53","61.58","89.39"
"83","2019","11","Tamil Nadu","Chengalpattu MGR / Kanchipuram","13.31","23.26","189.63","153.04","20.46","21.82","148.46","140.62"
"84","1966","11","Tamil Nadu","South Arcot / Cuddalore","-1.0","-1.0","-1.0","-1.0","-1.0","-1.0","-1.0","-1.0"
"84","1972","11","Tamil Nadu","South Arcot / Cuddalore","-1.0","-1.0","-1.0","-1.0","-1.0","-1.0","-1.0","-1.0"
"84","1977","11","Tamil Nadu","South Arcot / Cuddalore","-1.0","-1.0","-1.0","-1.0","-1.0","-1.0","-1.0","-1.0"
"84","1982","11","Tamil Nadu","South Arcot / Cuddalore","-1.0","-1.0","-1.0","-1.0","-1.0","-1.0","-1.0","-1.0"
"84","1987","11","Tamil Nadu","South Arcot / Cuddalore","-1.0","-1.0","-1.0","-1.0","-1.0","-1.0","-1.0","-1.0"
"84","1992","11","Tamil Nadu","South Arcot / Cuddalore","-1.0","-1.0","-1.0","-1.0","-1.0","-1.0","-1.0","-1.0"
"84","1997","11","Tamil Nadu","South Arcot / Cuddalore","-1.0","-1.0","-1.0","-1.0","-1.0","-1.0","-1.0","-1.0"
"84","2003","11","Tamil Nadu","South Arcot / Cuddalore","20.02","100.17","251.72","97.19","56.68","38.51","142.75","65.8"
"84","2007","11","Tamil Nadu","South Arcot / Cuddalore","122.84","141.51","278.25","189.24","215.61","46.45","71.14","138.33"
"84","2012","11","Tamil Nadu","South Arcot / Cuddalore","46.05","71.46","382.35","168.0","85.96","42.07","240.31","110.04"
"84","2019","11","Tamil Nadu","South Arcot / Cuddalore","35.88","21.42","524.85","84.35","36.79","10.02","438.4","75.78"
"85","1966","11","Tamil Nadu","North Arcot / Vellore","-1.0","-1.0","-1.0","-1.0","-1.0","-1.0","-1.0","-1.0"
"85","1972","11","Tamil Nadu","North Arcot / Vellore","-1.0","-1.0","-1.0","-1.0","-1.0","-1.0","-1.0","-1.0"
"85","1977","11","Tamil Nadu","North Arcot / Vellore","-1.0","-1.0","-1.0","-1.0","-1.0","-1.0","-1.0","-1.0"
"85","1982","11","Tamil Nadu","North Arcot / Vellore","-1.0","-1.0","-1.0","-1.0","-1.0","-1.0","-1.0","-1.0"
"85","1987","11","Tamil Nadu","North Arcot / Vellore","-1.0","-1.0","-1.0","-1.0","-1.0","-1.0","-1.0","-1.0"
"85","1992","11","Tamil Nadu","North Arcot / Vellore","-1.0","-1.0","-1.0","-1.0","-1.0","-1.0","-1.0","-1.0"
"85","1997","11","Tamil Nadu","North Arcot / Vellore","-1.0","-1.0","-1.0","-1.0","-1.0","-1.0","-1.0","-1.0"
"85","2003","11","Tamil Nadu","North Arcot / Vellore","19.15","56.14","155.73","93.01","45.29","34.66","87.04","65.26"
"85","2007","11","Tamil Nadu","North Arcot / Vellore","63.44","139.98","458.55","132.23","311.42","30.79","71.41","83.2"
"85","2012","11","Tamil Nadu","North Arcot / Vellore","55.13","103.54","458.25","108.85","93.95","23.59","293.87","66.56"
"85","2019","11","Tamil Nadu","North Arcot / Vellore","26.21","30.8","592.34","45.39","44.42","11.56","524.16","46.81"
"86","1966","11","Tamil Nadu","Salem","-1.0","-1.0","-1.0","-1.0","-1.0","-1.0","-1.0","-1.0"
"86","1972","11","Tamil Nadu","Salem","-1.0","-1.0","-1.0","-1.0","-1.0","-1.0","-1.0","-1.0"
"86","1977","11","Tamil Nadu","Salem","-1.0","-1.0","-1.0","-1.0","-1.0","-1.0","-1.0","-1.0"
"86","1982","11","Tamil Nadu","Salem","-1.0","-1.0","-1.0","-1.0","-1.0","-1.0","-1.0","-1.0"
"86","1987","11","Tamil Nadu","Salem","-1.0","-1.0","-1.0","-1.0","-1.0","-1.0","-1.0","-1.0"
"86","1992","11","Tamil Nadu","Salem","-1.0","-1.0","-1.0","-1.0","-1.0","-1.0","-1.0","-1.0"
"86","1997","11","Tamil Nadu","Salem","-1.0","-1.0","-1.0","-1.0","-1.0","-1.0","-1.0","-1.0"
"86","2003","11","Tamil Nadu","Salem","9.19","97.94","306.21","135.64","69.27","43.28","183.24","72.31"
"86","2007","11","Tamil Nadu","Salem","65.56","82.34","485.66","133.47","345.98","28.66","76.37","84.54"
"86","2012","11","Tamil Nadu","Salem","17.41","64.23","678.51","108.79","64.57","19.13","394.61","57.34"
"86","2019","11","Tamil Nadu","Salem","12.17","30.01","827.88","83.79","21.82","15.55","602.55","63.0"
"87","1966","11","Tamil Nadu","Coimbatore","-1.0","-1.0","-1.0","-1.0","-1.0","-1.0","-1.0","-1.0"
"87","1972","11","Tamil Nadu","Coimbatore","-1.0","-1.0","-1.0","-1.0","-1.0","-1.0","-1.0","-1.0"
"87","1977","11","Tamil Nadu","Coimbatore","-1.0","-1.0","-1.0","-1.0","-1.0","-1.0","-1.0","-1.0"
"87","1982","11","Tamil Nadu","Coimbatore","-1.0","-1.0","-1.0","-1.0","-1.0","-1.0","-1.0","-1.0"
"87","1987","11","Tamil Nadu","Coimbatore","-1.0","-1.0","-1.0","-1.0","-1.0","-1.0","-1.0","-1.0"
"87","1992","11","Tamil Nadu","Coimbatore","-1.0","-1.0","-1.0","-1.0","-1.0","-1.0","-1.0","-1.0"
"87","1997","11","Tamil Nadu","Coimbatore","-1.0","-1.0","-1.0","-1.0","-1.0","-1.0","-1.0","-1.0"
"87","2003","11","Tamil Nadu","Coimbatore","19.25","85.35","169.35","89.34","37.93","47.44","96.06","59.8"
"87","2007","11","Tamil Nadu","Coimbatore","57.85","114.7","260.85","158.34","186.24","67.66","68.42","111.52"
"87","2012","11","Tamil Nadu","Coimbatore","29.15","50.03","325.55","152.54","59.89","49.52","183.68","80.47"
"87","2019","11","Tamil Nadu","Coimbatore","11.97","23.44","313.93","71.83","14.84","16.55","235.46","79.24"
"88","1966","11","Tamil Nadu","Tiruchirapalli / Trichy","-1.0","-1.0","-1.0","-1.0","-1.0","-1.0","-1.0","-1.0"
"88","1972","11","Tamil Nadu","Tiruchirapalli / Trichy","-1.0","-1.0","-1.0","-1.0","-1.0","-1.0","-1.0","-1.0"
"88","1977","11","Tamil Nadu","Tiruchirapalli / Trichy","-1.0","-1.0","-1.0","-1.0","-1.0","-1.0","-1.0","-1.0"
"88","1982","11","Tamil Nadu","Tiruchirapalli / Trichy","-1.0","-1.0","-1.0","-1.0","-1.0","-1.0","-1.0","-1.0"
"88","1987","11","Tamil Nadu","Tiruchirapalli / Trichy","-1.0","-1.0","-1.0","-1.0","-1.0","-1.0","-1.0","-1.0"
"88","1992","11","Tamil Nadu","Tiruchirapalli / Trichy","-1.0","-1.0","-1.0","-1.0","-1.0","-1.0","-1.0","-1.0"
"88","1997","11","Tamil Nadu","Tiruchirapalli / Trichy","-1.0","-1.0","-1.0","-1.0","-1.0","-1.0","-1.0","-1.0"
"88","2003","11","Tamil Nadu","Tiruchirapalli / Trichy","20.7","74.59","296.96","135.88","76.57","45.1","178.37","85.23"
"88","2007","11","Tamil Nadu","Tiruchirapalli / Trichy","61.29","89.43","425.14","136.62","305.72","45.34","103.77","89.07"
"88","2012","11","Tamil Nadu","Tiruchirapalli / Trichy","31.85","47.06","468.98","93.01","83.56","22.8","284.62","55.23"
"88","2019","11","Tamil Nadu","Tiruchirapalli / Trichy","19.69","20.28","511.75","70.14","32.66","10.53","403.01","58.93"
"89","1966","11","Tamil Nadu","Thanjavur","-1.0","-1.0","-1.0","-1.0","-1.0","-1.0","-1.0","-1.0"
"89","1972","11","Tamil Nadu","Thanjavur","-1.0","-1.0","-1.0","-1.0","-1.0","-1.0","-1.0","-1.0"
"89","1977","11","Tamil Nadu","Thanjavur","-1.0","-1.0","-1.0","-1.0","-1.0","-1.0","-1.0","-1.0"
"89","1982","11","Tamil Nadu","Thanjavur","-1.0","-1.0","-1.0","-1.0","-1.0","-1.0","-1.0","-1.0"
"89","1987","11","Tamil Nadu","Thanjavur","-1.0","-1.0","-1.0","-1.0","-1.0","-1.0","-1.0","-1.0"
"89","1992","11","Tamil Nadu","Thanjavur","-1.0","-1.0","-1.0","-1.0","-1.0","-1.0","-1.0","-1.0"
"89","1997","11","Tamil Nadu","Thanjavur","-1.0","-1.0","-1.0","-1.0","-1.0","-1.0","-1.0","-1.0"
"89","2003","11","Tamil Nadu","Thanjavur","35.21","174.52","227.84","196.53","75.7","82.71","148.79","141.97"
"89","2007","11","Tamil Nadu","Thanjavur","45.81","96.19","354.06","170.0","256.68","64.0","88.17","118.18"
"89","2012","11","Tamil Nadu","Thanjavur","35.29","39.17","369.98","119.26","69.81","24.66","243.66","81.65"
"89","2019","11","Tamil Nadu","Thanjavur","23.44","17.68","358.74","102.77","26.13","12.7","310.72","106.22"
"90","1966","11","Tamil Nadu","Madurai","-1.0","-1.0","-1.0","-1.0","-1.0","-1.0","-1.0","-1.0"
"90","1972","11","Tamil Nadu","Madurai","-1.0","-1.0","-1.0","-1.0","-1.0","-1.0","-1.0","-1.0"
"90","1977","11","Tamil Nadu","Madurai","-1.0","-1.0","-1.0","-1.0","-1.0","-1.0","-1.0","-1.0"
"90","1982","11","Tamil Nadu","Madurai","-1.0","-1.0","-1.0","-1.0","-1.0","-1.0","-1.0","-1.0"
"90","1987","11","Tamil Nadu","Madurai","-1.0","-1.0","-1.0","-1.0","-1.0","-1.0","-1.0","-1.0"
"90","1992","11","Tamil Nadu","Madurai","-1.0","-1.0","-1.0","-1.0","-1.0","-1.0","-1.0","-1.0"
"90","1997","11","Tamil Nadu","Madurai","-1.0","-1.0","-1.0","-1.0","-1.0","-1.0","-1.0","-1.0"
"90","2003","11","Tamil Nadu","Madurai","11.58","37.08","164.13","47.31","42.62","16.3","100.75","24.17"
"90","2007","11","Tamil Nadu","Madurai","10.99","37.64","320.58","60.47","224.35","15.56","30.78","35.93"
"90","2012","11","Tamil Nadu","Madurai","12.01","15.63","192.87","24.89","27.0","5.67","103.12","13.63"
"90","2019","11","Tamil Nadu","Madurai","14.51","14.03","325.78","33.68","17.72","9.85","227.8","26.63"
"91","1966","11","Tamil Nadu","Ramananthapuram","-1.0","-1.0","-1.0","-1.0","-1.0","-1.0","-1.0","-1.0"
"91","1972","11","Tamil Nadu","Ramananthapuram","-1.0","-1.0","-1.0","-1.0","-1.0","-1.0","-1.0","-1.0"
"91","1977","11","Tamil Nadu","Ramananthapuram","-1.0","-1.0","-1.0","-1.0","-1.0","-1.0","-1.0","-1.0"
"91","1982","11","Tamil Nadu","Ramananthapuram","-1.0","-1.0","-1.0","-1.0","-1.0","-1.0","-1.0","-1.0"
"91","1987","11","Tamil Nadu","Ramananthapuram","-1.0","-1.0","-1.0","-1.0","-1.0","-1.0","-1.0","-1.0"
"91","1992","11","Tamil Nadu","Ramananthapuram","-1.0","-1.0","-1.0","-1.0","-1.0","-1.0","-1.0","-1.0"
"91","1997","11","Tamil Nadu","Ramananthapuram","-1.0","-1.0","-1.0","-1.0","-1.0","-1.0","-1.0","-1.0"
"91","2003","11","Tamil Nadu","Ramananthapuram","38.56","216.76","392.32","219.3","105.67","93.55","241.08","139.68"
"91","2007","11","Tamil Nadu","Ramananthapuram","29.01","50.68","181.63","101.76","127.69","38.21","40.62","71.45"
"91","2012","11","Tamil Nadu","Ramananthapuram","17.51","35.73","164.85","98.69","34.84","28.28","108.11","67.62"
"91","2019","11","Tamil Nadu","Ramananthapuram","7.5","18.34","174.86","74.72","16.31","18.32","153.36","78.28"
"92","1966","11","Tamil Nadu","Thirunelveli","-1.0","-1.0","-1.0","-1.0","-1.0","-1.0","-1.0","-1.0"
"92","1972","11","Tamil Nadu","Thirunelveli","-1.0","-1.0","-1.0","-1.0","-1.0","-1.0","-1.0","-1.0"
"92","1977","11","Tamil Nadu","Thirunelveli","-1.0","-1.0","-1.0","-1.0","-1.0","-1.0","-1.0","-1.0"
"92","1982","11","Tamil Nadu","Thirunelveli","-1.0","-1.0","-1.0","-1.0","-1.0","-1.0","-1.0","-1.0"
"92","1987","11","Tamil Nadu","Thirunelveli","-1.0","-1.0","-1.0","-1.0","-1.0","-1.0","-1.0","-1.0"
"92","1992","11","Tamil Nadu","Thirunelveli","-1.0","-1.0","-1.0","-1.0","-1.0","-1.0","-1.0","-1.0"
"92","1997","11","Tamil Nadu","Thirunelveli","-1.0","-1.0","-1.0","-1.0","-1.0","-1.0","-1.0","-1.0"
"92","2003","11","Tamil Nadu","Thirunelveli","9.97","40.59","122.53","78.04","39.09","34.43","76.02","56.87"
"92","2007","11","Tamil Nadu","Thirunelveli","141.74","64.62","451.23","196.57","346.07","35.94","79.51","147.7"
"92","2012","11","Tamil Nadu","Thirunelveli","16.56","13.27","190.48","37.74","35.55","6.64","109.76","21.27"
"92","2019","11","Tamil Nadu","Thirunelveli","10.93","4.45","194.06","22.56","16.78","3.24","147.92","15.77"
"93","1966","11","Tamil Nadu","The Nilgiris","-1.0","-1.0","-1.0","-1.0","-1.0","-1.0","-1.0","-1.0"
"93","1972","11","Tamil Nadu","The Nilgiris","-1.0","-1.0","-1.0","-1.0","-1.0","-1.0","-1.0","-1.0"
"93","1977","11","Tamil Nadu","The Nilgiris","-1.0","-1.0","-1.0","-1.0","-1.0","-1.0","-1.0","-1.0"
"93","1982","11","Tamil Nadu","The Nilgiris","-1.0","-1.0","-1.0","-1.0","-1.0","-1.0","-1.0","-1.0"
"93","1987","11","Tamil Nadu","The Nilgiris","-1.0","-1.0","-1.0","-1.0","-1.0","-1.0","-1.0","-1.0"
"93","1992","11","Tamil Nadu","The Nilgiris","-1.0","-1.0","-1.0","-1.0","-1.0","-1.0","-1.0","-1.0"
"93","1997","11","Tamil Nadu","The Nilgiris","-1.0","-1.0","-1.0","-1.0","-1.0","-1.0","-1.0","-1.0"
"93","2003","11","Tamil Nadu","The Nilgiris","19.38","53.38","102.73","68.72","66.96","24.46","72.84","40.0"
"93","2007","11","Tamil Nadu","The Nilgiris","2.52","0.67","14.22","4.22","10.58","0.79","2.3","2.08"
"93","2012","11","Tamil Nadu","The Nilgiris","1.0","0.87","19.16","7.14","3.23","1.04","13.42","4.92"
"93","2019","11","Tamil Nadu","The Nilgiris","0.59","0.45","8.11","5.63","0.41","0.54","4.52","5.85"
"94","1966","11","Tamil Nadu","Kanyakumari","-1.0","-1.0","-1.0","-1.0","-1.0","-1.0","-1.0","-1.0"
"94","1972","11","Tamil Nadu","Kanyakumari","-1.0","-1.0","-1.0","-1.0","-1.0","-1.0","-1.0","-1.0"
"94","1977","11","Tamil Nadu","Kanyakumari","-1.0","-1.0","-1.0","-1.0","-1.0","-1.0","-1.0","-1.0"
"94","1982","11","Tamil Nadu","Kanyakumari","-1.0","-1.0","-1.0","-1.0","-1.0","-1.0","-1.0","-1.0"
"94","1987","11","Tamil Nadu","Kanyakumari","-1.0","-1.0","-1.0","-1.0","-1.0","-1.0","-1.0","-1.0"
"94","1992","11","Tamil Nadu","Kanyakumari","-1.0","-1.0","-1.0","-1.0","-1.0","-1.0","-1.0","-1.0"
"94","1997","11","Tamil Nadu","Kanyakumari","-1.0","-1.0","-1.0","-1.0","-1.0","-1.0","-1.0","-1.0"
"94","2003","11","Tamil Nadu","Kanyakumari","1.29","0.81","40.56","1.06","12.09","0.36","21.41","1.35"
"94","2007","11","Tamil Nadu","Kanyakumari","1.17","1.16","43.57","2.94","30.53","0.64","7.96","1.74"
"94","2012","11","Tamil Nadu","Kanyakumari","3.28","0.12","30.55","1.78","5.35","0.15","19.19","0.85"
"94","2019","11","Tamil Nadu","Kanyakumari","1.07","0.85","33.77","1.33","2.62","0.25","28.73","1.75"
"95","1966","7","Maharashtra","Bombay","-1.0","-1.0","-1.0","-1.0","-1.0","-1.0","-1.0","-1.0"
"95","1972","7","Maharashtra","Bombay","-1.0","-1.0","-1.0","-1.0","-1.0","-1.0","-1.0","-1.0"
"95","1978","7","Maharashtra","Bombay","-1.0","-1.0","-1.0","-1.0","-1.0","-1.0","-1.0","-1.0"
"95","1982","7","Maharashtra","Bombay","-1.0","-1.0","-1.0","-1.0","-1.0","-1.0","-1.0","-1.0"
"95","1987","7","Maharashtra","Bombay","-1.0","-1.0","-1.0","-1.0","-1.0","-1.0","-1.0","-1.0"
"95","1992","7","Maharashtra","Bombay","0.0","5.0","1.0","5.0","0.0","1.0","0.0","2.0"
"95","2003","7","Maharashtra","Bombay","0.0","0.0","0.0","0.0","0.0","0.0","0.0","0.0"
"95","2007","7","Maharashtra","Bombay","0.06","0.07","0.73","0.59","0.08","0.06","0.33","0.35"
"95","2019","7","Maharashtra","Bombay","0.18","0.27","0.82","1.11","0.03","0.12","0.31","0.38"
"96","1966","7","Maharashtra","Thane","-1.0","-1.0","-1.0","-1.0","-1.0","-1.0","-1.0","-1.0"
"96","1972","7","Maharashtra","Thane","-1.0","-1.0","-1.0","-1.0","-1.0","-1.0","-1.0","-1.0"
"96","1978","7","Maharashtra","Thane","-1.0","-1.0","-1.0","-1.0","-1.0","-1.0","-1.0","-1.0"
"96","1982","7","Maharashtra","Thane","-1.0","-1.0","-1.0","-1.0","-1.0","-1.0","-1.0","-1.0"
"96","1987","7","Maharashtra","Thane","-1.0","-1.0","-1.0","-1.0","-1.0","-1.0","-1.0","-1.0"
"96","1992","7","Maharashtra","Thane","1.0","241.0","7.0","162.0","2.0","61.0","4.0","59.0"
"96","2003","7","Maharashtra","Thane","1.36","228.77","4.13","115.33","1.26","53.46","1.88","59.46"
"96","2007","7","Maharashtra","Thane","0.97","220.36","5.23","119.74","1.44","48.9","2.75","54.99"
"96","2012","7","Maharashtra","Thane","1.68","205.17","6.99","107.15","1.07","32.22","2.64","53.55"
"96","2019","7","Maharashtra","Thane","1.03","154.41","7.22","81.22","0.92","24.69","3.62","44.82"
"97","1966","7","Maharashtra","Raigad","-1.0","-1.0","-1.0","-1.0","-1.0","-1.0","-1.0","-1.0"
"97","1972","7","Maharashtra","Raigad","-1.0","-1.0","-1.0","-1.0","-1.0","-1.0","-1.0","-1.0"
"97","1978","7","Maharashtra","Raigad","-1.0","-1.0","-1.0","-1.0","-1.0","-1.0","-1.0","-1.0"
"97","1982","7","Maharashtra","Raigad","-1.0","-1.0","-1.0","-1.0","-1.0","-1.0","-1.0","-1.0"
"97","1987","7","Maharashtra","Raigad","-1.0","-1.0","-1.0","-1.0","-1.0","-1.0","-1.0","-1.0"
"97","1992","7","Maharashtra","Raigad","1.0","191.0","3.0","153.0","2.0","66.0","2.0","62.0"
"97","2003","7","Maharashtra","Raigad","0.98","157.8","4.43","101.43","1.81","54.33","2.6","55.93"
"97","2007","7","Maharashtra","Raigad","0.77","123.83","3.48","79.59","1.42","42.63","2.04","43.89"
"97","2012","7","Maharashtra","Raigad","1.62","99.11","4.3","58.46","1.13","21.24","2.77","35.3"
"97","2019","7","Maharashtra","Raigad","2.07","62.47","9.26","50.3","1.0","14.54","4.8","32.47"
"98","1966","7","Maharashtra","Ratnagiri","-1.0","-1.0","-1.0","-1.0","-1.0","-1.0","-1.0","-1.0"
"98","1972","7","Maharashtra","Ratnagiri","-1.0","-1.0","-1.0","-1.0","-1.0","-1.0","-1.0","-1.0"
"98","1978","7","Maharashtra","Ratnagiri","-1.0","-1.0","-1.0","-1.0","-1.0","-1.0","-1.0","-1.0"
"98","1982","7","Maharashtra","Ratnagiri","-1.0","-1.0","-1.0","-1.0","-1.0","-1.0","-1.0","-1.0"
"98","1987","7","Maharashtra","Ratnagiri","-1.0","-1.0","-1.0","-1.0","-1.0","-1.0","-1.0","-1.0"
"98","1992","7","Maharashtra","Ratnagiri","3.0","383.0","15.0","218.0","4.0","89.0","8.0","91.0"
"98","2003","7","Maharashtra","Ratnagiri","7.36","316.55","13.67","137.24","5.49","77.76","8.63","88.35"
"98","2007","7","Maharashtra","Ratnagiri","3.1","282.09","10.81","132.37","4.29","65.52","6.79","72.88"
"98","2012","7","Maharashtra","Ratnagiri","5.02","235.31","14.24","102.93","4.07","39.01","9.12","57.03"
"98","2019","7","Maharashtra","Ratnagiri","6.03","147.54","18.47","76.3","3.66","29.88","12.18","46.93"
"99","1966","7","Maharashtra","Nasik","-1.0","-1.0","-1.0","-1.0","-1.0","-1.0","-1.0","-1.0"
"99","1972","7","Maharashtra","Nasik","-1.0","-1.0","-1.0","-1.0","-1.0","-1.0","-1.0","-1.0"
"99","1978","7","Maharashtra","Nasik","-1.0","-1.0","-1.0","-1.0","-1.0","-1.0","-1.0","-1.0"
"99","1982","7","Maharashtra","Nasik","-1.0","-1.0","-1.0","-1.0","-1.0","-1.0","-1.0","-1.0"
"99","1987","7","Maharashtra","Nasik","-1.0","-1.0","-1.0","-1.0","-1.0","-1.0","-1.0","-1.0"
"99","1992","7","Maharashtra","Nasik","16.0","417.0","46.0","324.0","18.0","120.0","25.0","132.0"
"99","2003","7","Maharashtra","Nasik","22.12","386.98","72.17","222.78","23.26","81.43","37.8","102.31"
"99","2007","7","Maharashtra","Nasik","25.79","397.04","84.95","229.25","26.02","76.41","40.32","96.93"
"99","2012","7","Maharashtra","Nasik","20.6","371.07","146.46","222.35","26.42","54.44","70.19","104.35"
"99","2019","7","Maharashtra","Nasik","12.73","251.31","204.72","173.72","9.77","31.04","118.11","93.66"
"100","1966","7","Maharashtra","Dhule","-1.0","-1.0","-1.0","-1.0","-1.0","-1.0","-1.0","-1.0"
"100","1972","7","Maharashtra","Dhule","-1.0","-1.0","-1.0","-1.0","-1.0","-1.0","-1.0","-1.0"
"100","1978","7","Maharashtra","Dhule","-1.0","-1.0","-1.0","-1.0","-1.0","-1.0","-1.0","-1.0"
"100","1982","7","Maharashtra","Dhule","-1.0","-1.0","-1.0","-1.0","-1.0","-1.0","-1.0","-1.0"
"100","1987","7","Maharashtra","Dhule","-1.0","-1.0","-1.0","-1.0","-1.0","-1.0","-1.0","-1.0"
"100","1992","7","Maharashtra","Dhule","4.0","349.0","23.0","190.0","9.0","76.0","14.0","86.0"
"100","2003","7","Maharashtra","Dhule","6.35","381.85","25.51","171.06","8.19","68.25","14.63","81.61"
"100","2007","7","Maharashtra","Dhule","8.16","393.71","29.23","181.04","9.28","61.57","14.58","83.26"
"100","2012","7","Maharashtra","Dhule","6.24","356.57","27.32","162.81","6.33","38.89","15.15","79.8"
"100","2019","7","Maharashtra","Dhule","5.16","314.49","45.32","139.8","4.51","33.66","28.26","87.65"
"101","1966","7","Maharashtra","Jalgaon","-1.0","-1.0","-1.0","-1.0","-1.0","-1.0","-1.0","-1.0"
"101","1972","7","Maharashtra","Jalgaon","-1.0","-1.0","-1.0","-1.0","-1.0","-1.0","-1.0","-1.0"
"101","1978","7","Maharashtra","Jalgaon","-1.0","-1.0","-1.0","-1.0","-1.0","-1.0","-1.0","-1.0"
"101","1982","7","Maharashtra","Jalgaon","-1.0","-1.0","-1.0","-1.0","-1.0","-1.0","-1.0","-1.0"
"101","1987","7","Maharashtra","Jalgaon","-1.0","-1.0","-1.0","-1.0","-1.0","-1.0","-1.0","-1.0"
"101","1992","7","Maharashtra","Jalgaon","8.0","300.0","29.0","191.0","10.0","76.0","16.0","92.0"
"101","2003","7","Maharashtra","Jalgaon","12.28","258.88","38.83","119.31","10.74","48.5","20.27","63.08"
"101","2007","7","Maharashtra","Jalgaon","14.04","247.47","30.2","134.23","7.5","40.75","16.02","64.34"
"101","2012","7","Maharashtra","Jalgaon","7.62","273.19","45.35","109.15","9.18","28.62","23.76","55.35"
"101","2019","7","Maharashtra","Jalgaon","10.68","212.61","83.71","115.67","3.44","24.95","56.62","69.63"
"102","1966","7","Maharashtra","Ahmednagar","-1.0","-1.0","-1.0","-1.0","-1.0","-1.0","-1.0","-1.0"
"102","1972","7","Maharashtra","Ahmednagar","-1.0","-1.0","-1.0","-1.0","-1.0","-1.0","-1.0","-1.0"
"102","1978","7","Maharashtra","Ahmednagar","-1.0","-1.0","-1.0","-1.0","-1.0","-1.0","-1.0","-1.0"
"102","1982","7","Maharashtra","Ahmednagar","-1.0","-1.0","-1.0","-1.0","-1.0","-1.0","-1.0","-1.0"
"102","1987","7","Maharashtra","Ahmednagar","-1.0","-1.0","-1.0","-1.0","-1.0","-1.0","-1.0","-1.0"
"102","1992","7","Maharashtra","Ahmednagar","17.0","318.0","189.0","259.0","44.0","98.0","104.0","106.0"
"102","2003","7","Maharashtra","Ahmednagar","27.72","251.22","375.24","165.52","56.29","58.81","194.29","86.14"
"102","2007","7","Maharashtra","Ahmednagar","31.12","240.39","505.16","193.62","57.74","58.9","224.13","72.18"
"102","2012","7","Maharashtra","Ahmednagar","14.2","254.15","556.98","173.75","28.35","40.87","282.44","76.46"
"102","2019","7","Maharashtra","Ahmednagar","4.9","129.61","641.44","162.18","7.12","31.1","320.34","81.62"
"103","1966","7","Maharashtra","Pune","-1.0","-1.0","-1.0","-1.0","-1.0","-1.0","-1.0","-1.0"
"103","1972","7","Maharashtra","Pune","-1.0","-1.0","-1.0","-1.0","-1.0","-1.0","-1.0","-1.0"
"103","1978","7","Maharashtra","Pune","-1.0","-1.0","-1.0","-1.0","-1.0","-1.0","-1.0","-1.0"
"103","1982","7","Maharashtra","Pune","-1.0","-1.0","-1.0","-1.0","-1.0","-1.0","-1.0","-1.0"
"103","1987","7","Maharashtra","Pune","-1.0","-1.0","-1.0","-1.0","-1.0","-1.0","-1.0","-1.0"
"103","1992","7","Maharashtra","Pune","17.0","258.0","158.0","157.0","29.0","58.0","77.0","62.0"
"103","2003","7","Maharashtra","Pune","20.75","170.87","228.87","86.33","23.62","31.11","97.85","38.74"
"103","2007","7","Maharashtra","Pune","16.28","187.53","256.45","98.96","22.45","38.26","121.46","41.59"
"103","2012","7","Maharashtra","Pune","11.57","156.77","291.46","85.52","13.99","23.5","139.16","41.29"
"103","2019","7","Maharashtra","Pune","4.96","71.96","423.78","79.98","3.67","13.21","206.89","42.31"
"104","1966","7","Maharashtra","Satara","-1.0","-1.0","-1.0","-1.0","-1.0","-1.0","-1.0","-1.0"
"104","1972","7","Maharashtra","Satara","-1.0","-1.0","-1.0","-1.0","-1.0","-1.0","-1.0","-1.0"
"104","1978","7","Maharashtra","Satara","-1.0","-1.0","-1.0","-1.0","-1.0","-1.0","-1.0","-1.0"
"104","1982","7","Maharashtra","Satara","-1.0","-1.0","-1.0","-1.0","-1.0","-1.0","-1.0","-1.0"
"104","1987","7","Maharashtra","Satara","-1.0","-1.0","-1.0","-1.0","-1.0","-1.0","-1.0","-1.0"
"104","1992","7","Maharashtra","Satara","8.0","148.0","76.0","104.0","10.0","36.0","34.0","41.0"
"104","2003","7","Maharashtra","Satara","4.29","106.73","94.13","55.2","7.37","20.68","48.88","25.71"
"104","2007","7","Maharashtra","Satara","3.3","93.6","101.59","61.35","6.41","20.49","47.18","25.14"
"104","2012","7","Maharashtra","Satara","3.37","82.52","125.64","59.05","5.33","14.91","60.57","25.87"
"104","2019","7","Maharashtra","Satara","0.97","32.72","161.06","42.03","1.15","5.83","85.6","23.08"
"105","1966","7","Maharashtra","Sangli","-1.0","-1.0","-1.0","-1.0","-1.0","-1.0","-1.0","-1.0"
"105","1972","7","Maharashtra","Sangli","-1.0","-1.0","-1.0","-1.0","-1.0","-1.0","-1.0","-1.0"
"105","1978","7","Maharashtra","Sangli","-1.0","-1.0","-1.0","-1.0","-1.0","-1.0","-1.0","-1.0"
"105","1982","7","Maharashtra","Sangli","-1.0","-1.0","-1.0","-1.0","-1.0","-1.0","-1.0","-1.0"
"105","1987","7","Maharashtra","Sangli","-1.0","-1.0","-1.0","-1.0","-1.0","-1.0","-1.0","-1.0"
"105","1992","7","Maharashtra","Sangli","8.0","97.0","41.0","72.0","5.0","28.0","18.0","28.0"
"105","2003","7","Maharashtra","Sangli","6.27","83.85","34.35","62.37","4.86","20.31","16.89","30.05"
"105","2007","7","Maharashtra","Sangli","3.88","71.39","59.19","63.17","6.46","22.52","28.94","25.45"
"105","2012","7","Maharashtra","Sangli","5.16","61.26","114.44","65.89","4.21","16.07","47.36","27.16"
"105","2019","7","Maharashtra","Sangli","0.94","25.4","153.02","45.67","0.73","5.69","69.17","24.14"
"106","1966","7","Maharashtra","Solapur","-1.0","-1.0","-1.0","-1.0","-1.0","-1.0","-1.0","-1.0"
"106","1972","7","Maharashtra","Solapur","-1.0","-1.0","-1.0","-1.0","-1.0","-1.0","-1.0","-1.0"
"106","1978","7","Maharashtra","Solapur","-1.0","-1.0","-1.0","-1.0","-1.0","-1.0","-1.0","-1.0"
"106","1982","7","Maharashtra","Solapur","-1.0","-1.0","-1.0","-1.0","-1.0","-1.0","-1.0","-1.0"
"106","1987","7","Maharashtra","Solapur","-1.0","-1.0","-1.0","-1.0","-1.0","-1.0","-1.0","-1.0"
"106","1992","7","Maharashtra","Solapur","7.0","179.0","52.0","161.0","12.0","64.0","29.0","70.0"
"106","2003","7","Maharashtra","Solapur","9.54","136.79","151.21","138.79","26.77","47.99","79.25","68.76"
"106","2007","7","Maharashtra","Solapur","9.92","142.18","157.17","144.26","27.82","49.88","82.37","71.47"
"106","2012","7","Maharashtra","Solapur","17.31","123.69","207.09","158.49","15.83","33.21","100.24","74.62"
"106","2019","7","Maharashtra","Solapur","3.24","55.21","328.71","103.97","3.12","11.03","176.92","63.21"
"107","1966","7","Maharashtra","Kolhapur","-1.0","-1.0","-1.0","-1.0","-1.0","-1.0","-1.0","-1.0"
"107","1972","7","Maharashtra","Kolhapur","-1.0","-1.0","-1.0","-1.0","-1.0","-1.0","-1.0","-1.0"
"107","1978","7","Maharashtra","Kolhapur","-1.0","-1.0","-1.0","-1.0","-1.0","-1.0","-1.0","-1.0"
"107","1982","7","Maharashtra","Kolhapur","-1.0","-1.0","-1.0","-1.0","-1.0","-1.0","-1.0","-1.0"
"107","1987","7","Maharashtra","Kolhapur","-1.0","-1.0","-1.0","-1.0","-1.0","-1.0","-1.0","-1.0"
"107","1992","7","Maharashtra","Kolhapur","6.0","130.0","38.0","38.0","3.0","14.0","13.0","13.0"
"107","2003","7","Maharashtra","Kolhapur","7.2","96.92","68.62","27.53","3.82","8.01","30.43","12.65"
"107","2007","7","Maharashtra","Kolhapur","4.56","84.66","81.28","22.87","5.05","7.63","37.86","8.63"
"107","2012","7","Maharashtra","Kolhapur","5.26","73.07","116.02","17.51","3.44","4.26","48.58","6.99"
"107","2019","7","Maharashtra","Kolhapur","1.47","34.41","145.52","24.34","0.48","3.11","62.09","12.23"
"108","1966","7","Maharashtra","Aurangabad","-1.0","-1.0","-1.0","-1.0","-1.0","-1.0","-1.0","-1.0"
"108","1972","7","Maharashtra","Aurangabad","-1.0","-1.0","-1.0","-1.0","-1.0","-1.0","-1.0","-1.0"
"108","1978","7","Maharashtra","Aurangabad","-1.0","-1.0","-1.0","-1.0","-1.0","-1.0","-1.0","-1.0"
"108","1982","7","Maharashtra","Aurangabad","-1.0","-1.0","-1.0","-1.0","-1.0","-1.0","-1.0","-1.0"
"108","1987","7","Maharashtra","Aurangabad","-1.0","-1.0","-1.0","-1.0","-1.0","-1.0","-1.0","-1.0"
"108","1992","7","Maharashtra","Aurangabad","14.0","456.0","47.0","260.0","17.0","107.0","27.0","112.0"
"108","2003","7","Maharashtra","Aurangabad","22.15","439.72","67.32","189.16","22.53","83.58","35.86","93.59"
"108","2007","7","Maharashtra","Aurangabad","29.12","438.36","67.42","183.96","17.74","75.92","35.91","86.51"
"108","2012","7","Maharashtra","Aurangabad","33.76","455.2","100.81","185.54","21.33","50.03","54.0","96.25"
"108","2019","7","Maharashtra","Aurangabad","16.02","378.65","140.5","178.61","7.93","47.72","83.43","107.7"
"109","1966","7","Maharashtra","Parbhani","-1.0","-1.0","-1.0","-1.0","-1.0","-1.0","-1.0","-1.0"
"109","1972","7","Maharashtra","Parbhani","-1.0","-1.0","-1.0","-1.0","-1.0","-1.0","-1.0","-1.0"
"109","1978","7","Maharashtra","Parbhani","-1.0","-1.0","-1.0","-1.0","-1.0","-1.0","-1.0","-1.0"
"109","1982","7","Maharashtra","Parbhani","-1.0","-1.0","-1.0","-1.0","-1.0","-1.0","-1.0","-1.0"
"109","1987","7","Maharashtra","Parbhani","-1.0","-1.0","-1.0","-1.0","-1.0","-1.0","-1.0","-1.0"
"109","1992","7","Maharashtra","Parbhani","3.0","284.0","7.0","224.0","3.0","91.0","5.0","91.0"
"109","2003","7","Maharashtra","Parbhani","6.21","275.16","11.55","148.06","5.97","64.64","7.96","79.87"
"109","2007","7","Maharashtra","Parbhani","4.62","307.36","8.31","179.45","3.62","78.09","4.32","83.85"
"109","2012","7","Maharashtra","Parbhani","5.1","303.91","10.08","166.72","2.8","51.54","5.38","87.82"
"109","2019","7","Maharashtra","Parbhani","1.81","242.53","11.38","133.38","1.53","37.98","8.39","95.07"
"110","1966","7","Maharashtra","Beed","-1.0","-1.0","-1.0","-1.0","-1.0","-1.0","-1.0","-1.0"
"110","1972","7","Maharashtra","Beed","-1.0","-1.0","-1.0","-1.0","-1.0","-1.0","-1.0","-1.0"
"110","1978","7","Maharashtra","Beed","-1.0","-1.0","-1.0","-1.0","-1.0","-1.0","-1.0","-1.0"
"110","1982","7","Maharashtra","Beed","-1.0","-1.0","-1.0","-1.0","-1.0","-1.0","-1.0","-1.0"
"110","1987","7","Maharashtra","Beed","-1.0","-1.0","-1.0","-1.0","-1.0","-1.0","-1.0","-1.0"
"110","1992","7","Maharashtra","Beed","4.0","250.0","26.0","143.0","7.0","68.0","14.0","65.0"
"110","2003","7","Maharashtra","Beed","7.31","239.9","63.9","110.75","17.0","44.98","33.97","59.71"
"110","2007","7","Maharashtra","Beed","12.7","263.37","88.21","119.33","26.11","53.56","46.64","57.48"
"110","2012","7","Maharashtra","Beed","13.93","265.53","70.79","102.17","11.17","27.48","34.86","56.15"
"110","2019","7","Maharashtra","Beed","6.19","200.2","78.72","82.99","3.34","23.93","43.94","57.06"
"111","1966","7","Maharashtra","Nanded","-1.0","-1.0","-1.0","-1.0","-1.0","-1.0","-1.0","-1.0"
"111","1972","7","Maharashtra","Nanded","-1.0","-1.0","-1.0","-1.0","-1.0","-1.0","-1.0","-1.0"
"111","1978","7","Maharashtra","Nanded","-1.0","-1.0","-1.0","-1.0","-1.0","-1.0","-1.0","-1.0"
"111","1982","7","Maharashtra","Nanded","-1.0","-1.0","-1.0","-1.0","-1.0","-1.0","-1.0","-1.0"
"111","1987","7","Maharashtra","Nanded","-1.0","-1.0","-1.0","-1.0","-1.0","-1.0","-1.0","-1.0"
"111","1992","7","Maharashtra","Nanded","3.0","252.0","14.0","243.0","4.0","90.0","8.0","98.0"
"111","2003","7","Maharashtra","Nanded","2.5","241.35","10.85","184.29","3.71","71.44","6.74","105.64"
"111","2007","7","Maharashtra","Nanded","1.28","242.91","7.88","205.17","2.93","86.99","4.77","106.66"
"111","2012","7","Maharashtra","Nanded","1.43","251.32","7.65","202.05","2.2","66.92","4.01","114.73"
"111","2019","7","Maharashtra","Nanded","0.48","179.31","8.86","160.27","0.97","41.15","5.88","105.52"
"112","1966","7","Maharashtra","Osmanabad","-1.0","-1.0","-1.0","-1.0","-1.0","-1.0","-1.0","-1.0"
"112","1972","7","Maharashtra","Osmanabad","-1.0","-1.0","-1.0","-1.0","-1.0","-1.0","-1.0","-1.0"
"112","1978","7","Maharashtra","Osmanabad","-1.0","-1.0","-1.0","-1.0","-1.0","-1.0","-1.0","-1.0"
"112","1982","7","Maharashtra","Osmanabad","-1.0","-1.0","-1.0","-1.0","-1.0","-1.0","-1.0","-1.0"
"112","1987","7","Maharashtra","Osmanabad","-1.0","-1.0","-1.0","-1.0","-1.0","-1.0","-1.0","-1.0"
"112","1992","7","Maharashtra","Osmanabad","6.0","317.0","44.0","213.0","12.0","79.0","23.0","83.0"
"112","2003","7","Maharashtra","Osmanabad","8.26","297.06","63.61","158.68","21.25","58.07","33.35","88.7"
"112","2007","7","Maharashtra","Osmanabad","17.55","284.82","71.77","164.83","20.89","64.63","35.49","84.17"
"112","2012","7","Maharashtra","Osmanabad","15.28","271.69","88.16","149.81","17.04","48.45","43.19","82.64"
"112","2019","7","Maharashtra","Osmanabad","8.23","168.94","143.66","110.15","6.71","28.57","79.44","74.24"
"113","1966","7","Maharashtra","Buldhana","-1.0","-1.0","-1.0","-1.0","-1.0","-1.0","-1.0","-1.0"
"113","1972","7","Maharashtra","Buldhana","-1.0","-1.0","-1.0","-1.0","-1.0","-1.0","-1.0","-1.0"
"113","1978","7","Maharashtra","Buldhana","-1.0","-1.0","-1.0","-1.0","-1.0","-1.0","-1.0","-1.0"
"113","1982","7","Maharashtra","Buldhana","-1.0","-1.0","-1.0","-1.0","-1.0","-1.0","-1.0","-1.0"
"113","1987","7","Maharashtra","Buldhana","-1.0","-1.0","-1.0","-1.0","-1.0","-1.0","-1.0","-1.0"
"113","1992","7","Maharashtra","Buldhana","8.0","244.0","16.0","163.0","6.0","63.0","9.0","63.0"
"113","2003","7","Maharashtra","Buldhana","11.11","222.53","16.81","113.77","6.9","50.76","9.31","56.92"
"113","2007","7","Maharashtra","Buldhana","15.28","243.22","24.64","128.37","9.06","61.28","12.05","62.13"
"113","2012","7","Maharashtra","Buldhana","12.75","212.87","23.51","116.52","5.18","35.77","11.54","61.52"
"113","2019","7","Maharashtra","Buldhana","6.58","164.41","29.06","130.2","2.25","36.05","16.02","76.96"
"114","1966","7","Maharashtra","Akola","-1.0","-1.0","-1.0","-1.0","-1.0","-1.0","-1.0","-1.0"
"114","1972","7","Maharashtra","Akola","-1.0","-1.0","-1.0","-1.0","-1.0","-1.0","-1.0","-1.0"
"114","1978","7","Maharashtra","Akola","-1.0","-1.0","-1.0","-1.0","-1.0","-1.0","-1.0","-1.0"
"114","1982","7","Maharashtra","Akola","-1.0","-1.0","-1.0","-1.0","-1.0","-1.0","-1.0","-1.0"
"114","1987","7","Maharashtra","Akola","-1.0","-1.0","-1.0","-1.0","-1.0","-1.0","-1.0","-1.0"
"114","1992","7","Maharashtra","Akola","3.0","257.0","7.0","220.0","4.0","77.0","5.0","81.0"
"114","2003","7","Maharashtra","Akola","5.14","122.5","9.29","160.16","4.69","63.78","5.94","76.35"
"114","2007","7","Maharashtra","Akola","3.06","237.82","10.25","164.18","3.95","83.81","5.51","76.36"
"114","2012","7","Maharashtra","Akola","3.7","207.82","11.14","151.3","3.36","51.93","6.09","77.07"
"114","2019","7","Maharashtra","Akola","2.25","124.84","8.06","137.17","1.08","39.48","5.17","83.32"
"115","1966","7","Maharashtra","Amarawati","-1.0","-1.0","-1.0","-1.0","-1.0","-1.0","-1.0","-1.0"
"115","1972","7","Maharashtra","Amarawati","-1.0","-1.0","-1.0","-1.0","-1.0","-1.0","-1.0","-1.0"
"115","1978","7","Maharashtra","Amarawati","-1.0","-1.0","-1.0","-1.0","-1.0","-1.0","-1.0","-1.0"
"115","1982","7","Maharashtra","Amarawati","-1.0","-1.0","-1.0","-1.0","-1.0","-1.0","-1.0","-1.0"
"115","1987","7","Maharashtra","Amarawati","-1.0","-1.0","-1.0","-1.0","-1.0","-1.0","-1.0","-1.0"
"115","1992","7","Maharashtra","Amarawati","3.0","217.0","10.0","190.0","4.0","74.0","6.0","85.0"
"115","2003","7","Maharashtra","Amarawati","3.21","195.62","11.26","138.15","4.42","59.67","7.1","76.7"
"115","2007","7","Maharashtra","Amarawati","2.04","190.11","14.52","145.57","4.19","63.78","7.52","73.88"
"115","2012","7","Maharashtra","Amarawati","4.58","197.0","22.38","151.58","6.24","54.01","13.41","86.82"
"115","2019","7","Maharashtra","Amarawati","1.74","137.65","18.66","148.94","2.13","38.64","13.04","104.17"
"116","1966","7","Maharashtra","Yeotmal","-1.0","-1.0","-1.0","-1.0","-1.0","-1.0","-1.0","-1.0"
"116","1972","7","Maharashtra","Yeotmal","-1.0","-1.0","-1.0","-1.0","-1.0","-1.0","-1.0","-1.0"
"116","1978","7","Maharashtra","Yeotmal","-1.0","-1.0","-1.0","-1.0","-1.0","-1.0","-1.0","-1.0"
"116","1982","7","Maharashtra","Yeotmal","-1.0","-1.0","-1.0","-1.0","-1.0","-1.0","-1.0","-1.0"
"116","1987","7","Maharashtra","Yeotmal","-1.0","-1.0","-1.0","-1.0","-1.0","-1.0","-1.0","-1.0"
"116","1992","7","Maharashtra","Yeotmal","2.0","296.0","6.0","289.0","2.0","106.0","3.0","111.0"
"116","2003","7","Maharashtra","Yeotmal","2.99","312.38","8.78","214.73","3.58","81.27","5.35","101.58"
"116","2007","7","Maharashtra","Yeotmal","2.31","281.95","9.98","218.54","3.17","87.01","5.41","109.61"
"116","2012","7","Maharashtra","Yeotmal","2.01","291.85","10.53","216.84","2.95","73.21","6.35","116.46"
"116","2019","7","Maharashtra","Yeotmal","0.61","199.73","9.85","193.81","1.22","56.92","5.62","128.36"
"117","1966","7","Maharashtra","Wardha","-1.0","-1.0","-1.0","-1.0","-1.0","-1.0","-1.0","-1.0"
"117","1972","7","Maharashtra","Wardha","-1.0","-1.0","-1.0","-1.0","-1.0","-1.0","-1.0","-1.0"
"117","1978","7","Maharashtra","Wardha","-1.0","-1.0","-1.0","-1.0","-1.0","-1.0","-1.0","-1.0"
"117","1982","7","Maharashtra","Wardha","-1.0","-1.0","-1.0","-1.0","-1.0","-1.0","-1.0","-1.0"
"117","1987","7","Maharashtra","Wardha","-1.0","-1.0","-1.0","-1.0","-1.0","-1.0","-1.0","-1.0"
"117","1992","7","Maharashtra","Wardha","3.0","132.0","16.0","140.0","5.0","54.0","10.0","60.0"
"117","2003","7","Maharashtra","Wardha","6.68","128.16","17.96","85.43","6.04","27.94","11.55","49.53"
"117","2007","7","Maharashtra","Wardha","8.01","117.75","24.63","92.07","9.22","37.19","13.72","46.98"
"117","2012","7","Maharashtra","Wardha","3.1","110.42","22.64","76.78","5.81","27.05","14.95","43.62"
"117","2019","7","Maharashtra","Wardha","3.97","85.57","26.04","72.44","3.55","19.97","17.12","47.21"
"118","1966","7","Maharashtra","Nagpur","-1.0","-1.0","-1.0","-1.0","-1.0","-1.0","-1.0","-1.0"
"118","1972","7","Maharashtra","Nagpur","-1.0","-1.0","-1.0","-1.0","-1.0","-1.0","-1.0","-1.0"
"118","1978","7","Maharashtra","Nagpur","-1.0","-1.0","-1.0","-1.0","-1.0","-1.0","-1.0","-1.0"
"118","1982","7","Maharashtra","Nagpur","-1.0","-1.0","-1.0","-1.0","-1.0","-1.0","-1.0","-1.0"
"118","1987","7","Maharashtra","Nagpur","-1.0","-1.0","-1.0","-1.0","-1.0","-1.0","-1.0","-1.0"
"118","1992","7","Maharashtra","Nagpur","6.0","217.0","22.0","198.0","8.0","82.0","14.0","88.0"
"118","2003","7","Maharashtra","Nagpur","9.62","198.81","31.92","119.98","11.37","45.7","20.09","65.88"
"118","2007","7","Maharashtra","Nagpur","8.93","191.49","41.16","133.98","14.2","54.35","23.85","67.98"
"118","2012","7","Maharashtra","Nagpur","6.7","165.08","48.4","104.42","14.22","35.79","30.44","63.86"
"118","2019","7","Maharashtra","Nagpur","5.04","122.94","65.17","93.31","8.43","25.05","40.68","57.93"
"119","1966","7","Maharashtra","Bhandara","-1.0","-1.0","-1.0","-1.0","-1.0","-1.0","-1.0","-1.0"
"119","1972","7","Maharashtra","Bhandara","-1.0","-1.0","-1.0","-1.0","-1.0","-1.0","-1.0","-1.0"
"119","1978","7","Maharashtra","Bhandara","-1.0","-1.0","-1.0","-1.0","-1.0","-1.0","-1.0","-1.0"
"119","1982","7","Maharashtra","Bhandara","-1.0","-1.0","-1.0","-1.0","-1.0","-1.0","-1.0","-1.0"
"119","1987","7","Maharashtra","Bhandara","-1.0","-1.0","-1.0","-1.0","-1.0","-1.0","-1.0","-1.0"
"119","1992","7","Maharashtra","Bhandara","4.0","338.0","15.0","203.0","6.0","97.0","9.0","99.0"
"119","2003","7","Maharashtra","Bhandara","6.97","282.02","23.67","138.35","8.66","70.33","15.93","93.96"
"119","2007","7","Maharashtra","Bhandara","5.08","283.43","30.08","139.35","11.03","73.0","19.79","85.0"
"119","2012","7","Maharashtra","Bhandara","6.41","239.59","49.85","112.73","14.78","45.86","33.07","74.09"
"119","2019","7","Maharashtra","Bhandara","4.03","146.42","79.37","98.75","9.87","29.37","61.43","76.43"
"120","1966","7","Maharashtra","Chandrapur","-1.0","-1.0","-1.0","-1.0","-1.0","-1.0","-1.0","-1.0"
"120","1972","7","Maharashtra","Chandrapur","-1.0","-1.0","-1.0","-1.0","-1.0","-1.0","-1.0","-1.0"
"120","1978","7","Maharashtra","Chandrapur","-1.0","-1.0","-1.0","-1.0","-1.0","-1.0","-1.0","-1.0"
"120","1982","7","Maharashtra","Chandrapur","-1.0","-1.0","-1.0","-1.0","-1.0","-1.0","-1.0","-1.0"
"120","1987","7","Maharashtra","Chandrapur","-1.0","-1.0","-1.0","-1.0","-1.0","-1.0","-1.0","-1.0"
"120","1992","7","Maharashtra","Chandrapur","1.0","523.0","2.0","360.0","1.0","164.0","2.0","176.0"
"120","2003","7","Maharashtra","Chandrapur","3.34","498.2","7.99","260.94","4.74","155.12","6.33","168.88"
"120","2007","7","Maharashtra","Chandrapur","3.17","524.73","9.78","313.57","4.82","186.19","6.54","179.21"
"120","2012","7","Maharashtra","Chandrapur","3.51","483.69","13.46","241.84","4.95","116.47","9.34","151.81"
"120","2019","7","Maharashtra","Chandrapur","2.87","379.11","18.89","201.69","4.11","94.59","14.52","139.6"
"121","1966","3","Gujarat","Ahmedabad","-1.0","-1.0","-1.0","-1.0","-1.0","-1.0","-1.0","-1.0"
"121","1972","3","Gujarat","Ahmedabad","-1.0","-1.0","-1.0","-1.0","-1.0","-1.0","-1.0","-1.0"
"121","1977","3","Gujarat","Ahmedabad","-1.0","-1.0","-1.0","-1.0","-1.0","-1.0","-1.0","-1.0"
"121","1982","3","Gujarat","Ahmedabad","-1.0","-1.0","-1.0","-1.0","-1.0","-1.0","-1.0","-1.0"
"121","1988","3","Gujarat","Ahmedabad","-1.0","-1.0","-1.0","-1.0","-1.0","-1.0","-1.0","-1.0"
"121","1992","3","Gujarat","Ahmedabad","1.0","83.13","3.0","113.31","1.0","22.18","2.0","47.36"
"121","1997","3","Gujarat","Ahmedabad","-1.0","-1.0","-1.0","-1.0","-1.0","-1.0","-1.0","-1.0"
"121","2003","3","Gujarat","Ahmedabad","1.32","34.17","20.38","109.51","2.09","19.29","9.4","51.83"
"121","2007","3","Gujarat","Ahmedabad","2.05","32.84","33.53","120.53","4.14","26.53","18.04","66.88"
"121","2012","3","Gujarat","Ahmedabad","1.92","27.69","40.44","146.8","2.84","19.88","25.05","78.51"
"121","2019","3","Gujarat","Ahmedabad","0.5","12.08","53.28","164.98","2.85","11.97","30.76","105.92"
"122","1966","3","Gujarat","Amreli","-1.0","-1.0","-1.0","-1.0","-1.0","-1.0","-1.0","-1.0"
"122","1972","3","Gujarat","Amreli","-1.0","-1.0","-1.0","-1.0","-1.0","-1.0","-1.0","-1.0"
"122","1977","3","Gujarat","Amreli","-1.0","-1.0","-1.0","-1.0","-1.0","-1.0","-1.0","-1.0"
"122","1982","3","Gujarat","Amreli","-1.0","-1.0","-1.0","-1.0","-1.0","-1.0","-1.0","-1.0"
"122","1988","3","Gujarat","Amreli","-1.0","-1.0","-1.0","-1.0","-1.0","-1.0","-1.0","-1.0"
"122","1992","3","Gujarat","Amreli","0.0","121.0","1.0","91.0","0.0","28.0","1.0","49.0"
"122","1997","3","Gujarat","Amreli","-1.0","-1.0","-1.0","-1.0","-1.0","-1.0","-1.0","-1.0"
"122","2003","3","Gujarat","Amreli","0.29","112.7","0.85","68.17","0.22","17.05","0.49","34.35"
"122","2007","3","Gujarat","Amreli","2.34","114.83","3.47","78.91","0.81","24.17","1.85","42.61"
"122","2012","3","Gujarat","Amreli","1.71","116.7","2.17","122.82","0.35","15.81","1.21","341.67"
"122","2019","3","Gujarat","Amreli","0.01","41.84","0.93","92.32","0.03","7.77","0.51","63.83"
"123","1966","3","Gujarat","Banaskantha","-1.0","-1.0","-1.0","-1.0","-1.0","-1.0","-1.0","-1.0"
"123","1972","3","Gujarat","Banaskantha","-1.0","-1.0","-1.0","-1.0","-1.0","-1.0","-1.0","-1.0"
"123","1977","3","Gujarat","Banaskantha","-1.0","-1.0","-1.0","-1.0","-1.0","-1.0","-1.0","-1.0"
"123","1982","3","Gujarat","Banaskantha","-1.0","-1.0","-1.0","-1.0","-1.0","-1.0","-1.0","-1.0"
"123","1988","3","Gujarat","Banaskantha","-1.0","-1.0","-1.0","-1.0","-1.0","-1.0","-1.0","-1.0"
"123","1992","3","Gujarat","Banaskantha","1.0","194.0","4.0","135.0","1.0","40.0","2.0","62.0"
"123","1997","3","Gujarat","Banaskantha","-1.0","-1.0","-1.0","-1.0","-1.0","-1.0","-1.0","-1.0"
"123","2003","3","Gujarat","Banaskantha","1.61","140.17","33.12","146.67","4.47","41.68","20.42","85.95"
"123","2007","3","Gujarat","Banaskantha","4.3","144.13","68.52","183.97","13.23","67.34","44.98","133.66"
"123","2012","3","Gujarat","Banaskantha","8.75","104.16","202.64","246.83","25.64","44.84","145.72","176.34"
"123","2019","3","Gujarat","Banaskantha","1.94","48.99","501.57","226.58","31.31","37.71","377.36","164.9"
"124","1966","3","Gujarat","Bharuch","-1.0","-1.0","-1.0","-1.0","-1.0","-1.0","-1.0","-1.0"
"124","1972","3","Gujarat","Bharuch","-1.0","-1.0","-1.0","-1.0","-1.0","-1.0","-1.0","-1.0"
"124","1977","3","Gujarat","Bharuch","-1.0","-1.0","-1.0","-1.0","-1.0","-1.0","-1.0","-1.0"
"124","1982","3","Gujarat","Bharuch","-1.0","-1.0","-1.0","-1.0","-1.0","-1.0","-1.0","-1.0"
"124","1988","3","Gujarat","Bharuch","-1.0","-1.0","-1.0","-1.0","-1.0","-1.0","-1.0","-1.0"
"124","1992","3","Gujarat","Bharuch","1.0","138.0","3.0","69.0","1.0","35.0","2.0","37.0"
"124","1997","3","Gujarat","Bharuch","-1.0","-1.0","-1.0","-1.0","-1.0","-1.0","-1.0","-1.0"
"124","2003","3","Gujarat","Bharuch","2.75","137.84","4.62","76.12","2.77","35.21","2.45","39.01"
"124","2007","3","Gujarat","Bharuch","2.26","109.06","9.4","65.38","4.83","29.82","6.5","35.51"
"124","2012","3","Gujarat","Bharuch","4.1","114.91","15.2","80.41","2.77","24.26","8.76","50.74"
"124","2019","3","Gujarat","Bharuch","1.98","85.32","22.51","79.76","2.03","23.84","18.4","66.07"
"125","1966","3","Gujarat","Vadodara / Baroda","-1.0","-1.0","-1.0","-1.0","-1.0","-1.0","-1.0","-1.0"
"125","1972","3","Gujarat","Vadodara / Baroda","-1.0","-1.0","-1.0","-1.0","-1.0","-1.0","-1.0","-1.0"
"125","1977","3","Gujarat","Vadodara / Baroda","-1.0","-1.0","-1.0","-1.0","-1.0","-1.0","-1.0","-1.0"
"125","1982","3","Gujarat","Vadodara / Baroda","-1.0","-1.0","-1.0","-1.0","-1.0","-1.0","-1.0","-1.0"
"125","1988","3","Gujarat","Vadodara / Baroda","-1.0","-1.0","-1.0","-1.0","-1.0","-1.0","-1.0","-1.0"
"125","1992","3","Gujarat","Vadodara / Baroda","1.0","232.0","6.0","101.0","1.0","47.0","3.0","50.0"
"125","1997","3","Gujarat","Vadodara / Baroda","-1.0","-1.0","-1.0","-1.0","-1.0","-1.0","-1.0","-1.0"
"125","2003","3","Gujarat","Vadodara / Baroda","3.44","208.86","8.0","104.44","1.48","54.95","3.31","60.59"
"125","2007","3","Gujarat","Vadodara / Baroda","1.22","210.93","12.28","126.16","3.71","51.03","6.47","70.06"
"125","2012","3","Gujarat","Vadodara / Baroda","4.08","220.38","14.89","135.1","2.49","33.17","8.36","83.95"
"125","2019","3","Gujarat","Vadodara / Baroda","1.63","162.46","51.5","121.6","5.29","25.5","31.36","77.86"
"126","1966","3","Gujarat","Bhavnagar","-1.0","-1.0","-1.0","-1.0","-1.0","-1.0","-1.0","-1.0"
"126","1972","3","Gujarat","Bhavnagar","-1.0","-1.0","-1.0","-1.0","-1.0","-1.0","-1.0","-1.0"
"126","1977","3","Gujarat","Bhavnagar","-1.0","-1.0","-1.0","-1.0","-1.0","-1.0","-1.0","-1.0"
"126","1982","3","Gujarat","Bhavnagar","-1.0","-1.0","-1.0","-1.0","-1.0","-1.0","-1.0","-1.0"
"126","1988","3","Gujarat","Bhavnagar","-1.0","-1.0","-1.0","-1.0","-1.0","-1.0","-1.0","-1.0"
"126","1992","3","Gujarat","Bhavnagar","2.0","122.0","2.0","121.0","0.0","29.0","1.0","60.0"
"126","1997","3","Gujarat","Bhavnagar","-1.0","-1.0","-1.0","-1.0","-1.0","-1.0","-1.0","-1.0"
"126","2003","3","Gujarat","Bhavnagar","1.09","105.12","2.92","100.92","0.63","26.23","1.49","54.04"
"126","2007","3","Gujarat","Bhavnagar","1.54","100.18","5.49","126.36","1.53","35.6","2.93","66.44"
"126","2012","3","Gujarat","Bhavnagar","0.7","116.67","5.71","175.43","0.88","25.37","3.21","87.32"
"126","2019","3","Gujarat","Bhavnagar","0.92","41.69","6.76","157.58","0.6","13.94","4.32","114.57"
"127","1966","3","Gujarat","Valsad","-1.0","-1.0","-1.0","-1.0","-1.0","-1.0","-1.0","-1.0"
"127","1972","3","Gujarat","Valsad","-1.0","-1.0","-1.0","-1.0","-1.0","-1.0","-1.0","-1.0"
"127","1977","3","Gujarat","Valsad","-1.0","-1.0","-1.0","-1.0","-1.0","-1.0","-1.0","-1.0"
"127","1982","3","Gujarat","Valsad","-1.0","-1.0","-1.0","-1.0","-1.0","-1.0","-1.0","-1.0"
"127","1988","3","Gujarat","Valsad","-1.0","-1.0","-1.0","-1.0","-1.0","-1.0","-1.0","-1.0"
"127","1992","3","Gujarat","Valsad","2.0","171.0","16.0","115.0","3.0","53.0","10.0","62.0"
"127","1997","3","Gujarat","Valsad","-1.0","-1.0","-1.0","-1.0","-1.0","-1.0","-1.0","-1.0"
"127","2003","3","Gujarat","Valsad","8.55","111.13","58.79","79.19","12.83","35.72","37.13","50.93"
"127","2007","3","Gujarat","Valsad","13.98","119.01","86.9","78.66","23.45","32.78","60.16","49.53"
"127","2012","3","Gujarat","Valsad","8.43","94.71","137.4","62.45","19.75","15.69","100.54","37.95"
"127","2019","3","Gujarat","Valsad","2.43","79.97","201.8","44.9","16.68","13.67","144.12","37.29"
"128","1966","3","Gujarat","Dangs","-1.0","-1.0","-1.0","-1.0","-1.0","-1.0","-1.0","-1.0"
"128","1972","3","Gujarat","Dangs","-1.0","-1.0","-1.0","-1.0","-1.0","-1.0","-1.0","-1.0"
"128","1977","3","Gujarat","Dangs","-1.0","-1.0","-1.0","-1.0","-1.0","-1.0","-1.0","-1.0"
"128","1982","3","Gujarat","Dangs","-1.0","-1.0","-1.0","-1.0","-1.0","-1.0","-1.0","-1.0"
"128","1988","3","Gujarat","Dangs","-1.0","-1.0","-1.0","-1.0","-1.0","-1.0","-1.0","-1.0"
"128","1992","3","Gujarat","Dangs","0.0","32.0","0.0","18.0","0.0","9.0","0.0","12.0"
"128","1997","3","Gujarat","Dangs","-1.0","-1.0","-1.0","-1.0","-1.0","-1.0","-1.0","-1.0"
"128","2003","3","Gujarat","Dangs","0.04","37.85","1.61","17.18","0.45","11.29","1.02","12.12"
"128","2007","3","Gujarat","Dangs","0.22","29.82","5.31","14.1","1.71","7.83","2.63","8.33"
"128","2012","3","Gujarat","Dangs","0.69","41.57","5.1","13.8","1.11","4.48","3.08","8.33"
"128","2019","3","Gujarat","Dangs","1.0","33.45","10.5","10.2","1.73","3.63","7.11","7.29"
"129","1966","3","Gujarat","Jamnagar","-1.0","-1.0","-1.0","-1.0","-1.0","-1.0","-1.0","-1.0"
"129","1972","3","Gujarat","Jamnagar","-1.0","-1.0","-1.0","-1.0","-1.0","-1.0","-1.0","-1.0"
"129","1977","3","Gujarat","Jamnagar","-1.0","-1.0","-1.0","-1.0","-1.0","-1.0","-1.0","-1.0"
"129","1982","3","Gujarat","Jamnagar","-1.0","-1.0","-1.0","-1.0","-1.0","-1.0","-1.0","-1.0"
"129","1988","3","Gujarat","Jamnagar","-1.0","-1.0","-1.0","-1.0","-1.0","-1.0","-1.0","-1.0"
"129","1992","3","Gujarat","Jamnagar","0.0","135.0","0.0","100.0","0.0","38.0","0.0","57.0"
"129","1997","3","Gujarat","Jamnagar","-1.0","-1.0","-1.0","-1.0","-1.0","-1.0","-1.0","-1.0"
"129","2003","3","Gujarat","Jamnagar","0.13","136.89","0.15","95.22","0.06","30.93","0.07","49.75"
"129","2007","3","Gujarat","Jamnagar","0.52","163.5","0.62","98.64","0.07","36.29","0.25","50.05"
"129","2012","3","Gujarat","Jamnagar","0.1","154.81","0.73","134.32","0.14","22.14","0.33","56.72"
"129","2019","3","Gujarat","Jamnagar","0.11","75.53","1.25","109.52","0.09","8.48","0.59","77.58"
"130","1966","3","Gujarat","Junagadh","-1.0","-1.0","-1.0","-1.0","-1.0","-1.0","-1.0","-1.0"
"130","1972","3","Gujarat","Junagadh","-1.0","-1.0","-1.0","-1.0","-1.0","-1.0","-1.0","-1.0"
"130","1977","3","Gujarat","Junagadh","-1.0","-1.0","-1.0","-1.0","-1.0","-1.0","-1.0","-1.0"
"130","1982","3","Gujarat","Junagadh","-1.0","-1.0","-1.0","-1.0","-1.0","-1.0","-1.0","-1.0"
"130","1988","3","Gujarat","Junagadh","-1.0","-1.0","-1.0","-1.0","-1.0","-1.0","-1.0","-1.0"
"130","1992","3","Gujarat","Junagadh","0.0","198.0","1.0","148.0","0.0","54.0","0.0","78.0"
"130","1997","3","Gujarat","Junagadh","-1.0","-1.0","-1.0","-1.0","-1.0","-1.0","-1.0","-1.0"
"130","2003","3","Gujarat","Junagadh","1.29","218.61","2.25","148.25","0.5","54.14","0.81","76.83"
"130","2007","3","Gujarat","Junagadh","3.53","224.39","7.12","167.69","2.16","65.59","3.28","90.39"
"130","2012","3","Gujarat","Junagadh","1.24","198.46","13.71","213.6","2.41","42.86","8.47","115.03"
"130","2019","3","Gujarat","Junagadh","0.48","86.29","10.58","187.82","0.36","15.99","7.84","133.4"
"131","1966","3","Gujarat","Kheda","-1.0","-1.0","-1.0","-1.0","-1.0","-1.0","-1.0","-1.0"
"131","1972","3","Gujarat","Kheda","-1.0","-1.0","-1.0","-1.0","-1.0","-1.0","-1.0","-1.0"
"131","1977","3","Gujarat","Kheda","-1.0","-1.0","-1.0","-1.0","-1.0","-1.0","-1.0","-1.0"
"131","1982","3","Gujarat","Kheda","-1.0","-1.0","-1.0","-1.0","-1.0","-1.0","-1.0","-1.0"
"131","1988","3","Gujarat","Kheda","-1.0","-1.0","-1.0","-1.0","-1.0","-1.0","-1.0","-1.0"
"131","1992","3","Gujarat","Kheda","3.0","112.0","34.0","69.0","4.0","31.0","16.0","30.0"
"131","1997","3","Gujarat","Kheda","-1.0","-1.0","-1.0","-1.0","-1.0","-1.0","-1.0","-1.0"
"131","2003","3","Gujarat","Kheda","8.99","74.25","42.02","83.69","7.95","28.2","19.33","42.48"
"131","2007","3","Gujarat","Kheda","10.85","64.62","80.45","81.97","10.88","35.56","45.57","44.44"
"131","2012","3","Gujarat","Kheda","4.27","69.1","132.57","127.22","9.56","23.46","78.38","67.27"
"131","2019","3","Gujarat","Kheda","1.79","27.56","235.99","107.62","8.75","9.04","150.44","68.64"
"132","1966","3","Gujarat","Kutch","-1.0","-1.0","-1.0","-1.0","-1.0","-1.0","-1.0","-1.0"
"132","1972","3","Gujarat","Kutch","-1.0","-1.0","-1.0","-1.0","-1.0","-1.0","-1.0","-1.0"
"132","1977","3","Gujarat","Kutch","-1.0","-1.0","-1.0","-1.0","-1.0","-1.0","-1.0","-1.0"
"132","1982","3","Gujarat","Kutch","-1.0","-1.0","-1.0","-1.0","-1.0","-1.0","-1.0","-1.0"
"132","1988","3","Gujarat","Kutch","-1.0","-1.0","-1.0","-1.0","-1.0","-1.0","-1.0","-1.0"
"132","1992","3","Gujarat","Kutch","0.0","64.0","1.0","153.0","0.0","41.0","0.0","86.0"
"132","1997","3","Gujarat","Kutch","-1.0","-1.0","-1.0","-1.0","-1.0","-1.0","-1.0","-1.0"
"132","2003","3","Gujarat","Kutch","0.32","36.56","1.93","145.84","0.3","37.19","0.77","78.14"
"132","2007","3","Gujarat","Kutch","0.47","39.65","3.29","181.39","1.23","60.09","3.05","99.54"
"132","2012","3","Gujarat","Kutch","0.5","44.81","2.61","305.54","0.38","60.56","1.62","164.85"
"132","2019","3","Gujarat","Kutch","0.25","26.37","12.4","280.9","1.02","46.63","7.88","199.41"
"133","1966","3","Gujarat","Mehsana","-1.0","-1.0","-1.0","-1.0","-1.0","-1.0","-1.0","-1.0"
"133","1972","3","Gujarat","Mehsana","-1.0","-1.0","-1.0","-1.0","-1.0","-1.0","-1.0","-1.0"
"133","1977","3","Gujarat","Mehsana","-1.0","-1.0","-1.0","-1.0","-1.0","-1.0","-1.0","-1.0"
"133","1982","3","Gujarat","Mehsana","-1.0","-1.0","-1.0","-1.0","-1.0","-1.0","-1.0","-1.0"
"133","1988","3","Gujarat","Mehsana","-1.0","-1.0","-1.0","-1.0","-1.0","-1.0","-1.0","-1.0"
"133","1992","3","Gujarat","Mehsana","2.0","99.87","26.0","102.69","3.0","17.82","14.0","42.64"
"133","1997","3","Gujarat","Mehsana","-1.0","-1.0","-1.0","-1.0","-1.0","-1.0","-1.0","-1.0"
"133","2003","3","Gujarat","Mehsana","2.72","53.27","43.74","107.52","4.36","17.51","23.63","50.27"
"133","2007","3","Gujarat","Mehsana","5.49","50.88","75.7","129.29","10.05","25.28","47.73","63.74"
"133","2012","3","Gujarat","Mehsana","8.53","35.92","119.13","145.56","8.21","13.58","76.19","72.18"
"133","2019","3","Gujarat","Mehsana","3.83","22.03","171.28","150.43","7.14","16.49","111.2","90.88"
"134","1966","3","Gujarat","Panchmahal","-1.0","-1.0","-1.0","-1.0","-1.0","-1.0","-1.0","-1.0"
"134","1972","3","Gujarat","Panchmahal","-1.0","-1.0","-1.0","-1.0","-1.0","-1.0","-1.0","-1.0"
"134","1977","3","Gujarat","Panchmahal","-1.0","-1.0","-1.0","-1.0","-1.0","-1.0","-1.0","-1.0"
"134","1982","3","Gujarat","Panchmahal","-1.0","-1.0","-1.0","-1.0","-1.0","-1.0","-1.0","-1.0"
"134","1988","3","Gujarat","Panchmahal","-1.0","-1.0","-1.0","-1.0","-1.0","-1.0","-1.0","-1.0"
"134","1992","3","Gujarat","Panchmahal","0.0","561.0","3.0","203.0","0.0","75.0","1.0","105.0"
"134","1997","3","Gujarat","Panchmahal","-1.0","-1.0","-1.0","-1.0","-1.0","-1.0","-1.0","-1.0"
"134","2003","3","Gujarat","Panchmahal","2.63","612.96","4.54","237.39","1.25","110.3","2.6","141.88"
"134","2007","3","Gujarat","Panchmahal","15.97","584.07","22.28","255.15","6.94","127.07","12.88","152.71"
"134","2012","3","Gujarat","Panchmahal","11.64","643.5","48.42","320.98","8.28","86.34","32.63","213.62"
"134","2019","3","Gujarat","Panchmahal","3.71","453.84","113.29","275.89","5.01","83.1","76.62","217.22"
"135","1966","3","Gujarat","Rajkot","-1.0","-1.0","-1.0","-1.0","-1.0","-1.0","-1.0","-1.0"
"135","1972","3","Gujarat","Rajkot","-1.0","-1.0","-1.0","-1.0","-1.0","-1.0","-1.0","-1.0"
"135","1977","3","Gujarat","Rajkot","-1.0","-1.0","-1.0","-1.0","-1.0","-1.0","-1.0","-1.0"
"135","1982","3","Gujarat","Rajkot","-1.0","-1.0","-1.0","-1.0","-1.0","-1.0","-1.0","-1.0"
"135","1988","3","Gujarat","Rajkot","-1.0","-1.0","-1.0","-1.0","-1.0","-1.0","-1.0","-1.0"
"135","1992","3","Gujarat","Rajkot","1.0","170.0","2.0","150.0","1.0","42.0","1.0","75.0"
"135","1997","3","Gujarat","Rajkot","-1.0","-1.0","-1.0","-1.0","-1.0","-1.0","-1.0","-1.0"
"135","2003","3","Gujarat","Rajkot","2.79","163.34","3.87","122.03","0.49","30.25","1.65","63.34"
"135","2007","3","Gujarat","Rajkot","2.83","164.76","11.13","150.29","1.95","38.54","5.87","76.34"
"135","2012","3","Gujarat","Rajkot","3.14","166.64","16.49","229.04","2.0","32.76","8.76","115.56"
"135","2019","3","Gujarat","Rajkot","0.89","78.84","31.16","189.02","1.67","19.56","22.74","132.51"
"136","1966","3","Gujarat","Sabarkantha","-1.0","-1.0","-1.0","-1.0","-1.0","-1.0","-1.0","-1.0"
"136","1972","3","Gujarat","Sabarkantha","-1.0","-1.0","-1.0","-1.0","-1.0","-1.0","-1.0","-1.0"
"136","1977","3","Gujarat","Sabarkantha","-1.0","-1.0","-1.0","-1.0","-1.0","-1.0","-1.0","-1.0"
"136","1982","3","Gujarat","Sabarkantha","-1.0","-1.0","-1.0","-1.0","-1.0","-1.0","-1.0","-1.0"
"136","1988","3","Gujarat","Sabarkantha","-1.0","-1.0","-1.0","-1.0","-1.0","-1.0","-1.0","-1.0"
"136","1992","3","Gujarat","Sabarkantha","1.0","223.0","12.0","108.0","2.0","33.0","7.0","52.0"
"136","1997","3","Gujarat","Sabarkantha","-1.0","-1.0","-1.0","-1.0","-1.0","-1.0","-1.0","-1.0"
"136","2003","3","Gujarat","Sabarkantha","9.29","217.32","59.94","125.29","9.44","42.89","30.43","72.33"
"136","2007","3","Gujarat","Sabarkantha","3.53","211.8","83.14","137.94","11.99","49.62","53.19","69.5"
"136","2012","3","Gujarat","Sabarkantha","7.95","211.99","151.9","130.44","12.82","25.63","93.27","74.09"
"136","2019","3","Gujarat","Sabarkantha","2.4","116.77","337.03","112.68","12.42","13.64","211.16","78.86"
"137","1966","3","Gujarat","Surat","-1.0","-1.0","-1.0","-1.0","-1.0","-1.0","-1.0","-1.0"
"137","1972","3","Gujarat","Surat","-1.0","-1.0","-1.0","-1.0","-1.0","-1.0","-1.0","-1.0"
"137","1977","3","Gujarat","Surat","-1.0","-1.0","-1.0","-1.0","-1.0","-1.0","-1.0","-1.0"
"137","1982","3","Gujarat","Surat","-1.0","-1.0","-1.0","-1.0","-1.0","-1.0","-1.0","-1.0"
"137","1988","3","Gujarat","Surat","-1.0","-1.0","-1.0","-1.0","-1.0","-1.0","-1.0","-1.0"
"137","1992","3","Gujarat","Surat","2.0","150.0","12.0","100.0","3.0","37.0","6.0","54.0"
"137","1997","3","Gujarat","Surat","-1.0","-1.0","-1.0","-1.0","-1.0","-1.0","-1.0","-1.0"
"137","2003","3","Gujarat","Surat","6.13","117.01","31.28","102.48","7.94","39.12","16.39","62.79"
"137","2007","3","Gujarat","Surat","19.58","114.62","61.75","93.51","20.53","34.87","41.78","54.79"
"137","2012","3","Gujarat","Surat","7.84","68.43","137.55","109.26","16.97","23.38","89.0","71.95"
"137","2019","3","Gujarat","Surat","4.7","53.53","166.79","66.7","10.98","13.18","131.25","48.87"
"138","1966","3","Gujarat","Surendranagar","-1.0","-1.0","-1.0","-1.0","-1.0","-1.0","-1.0","-1.0"
"138","1972","3","Gujarat","Surendranagar","-1.0","-1.0","-1.0","-1.0","-1.0","-1.0","-1.0","-1.0"
"138","1977","3","Gujarat","Surendranagar","-1.0","-1.0","-1.0","-1.0","-1.0","-1.0","-1.0","-1.0"
"138","1982","3","Gujarat","Surendranagar","-1.0","-1.0","-1.0","-1.0","-1.0","-1.0","-1.0","-1.0"
"138","1988","3","Gujarat","Surendranagar","-1.0","-1.0","-1.0","-1.0","-1.0","-1.0","-1.0","-1.0"
"138","1992","3","Gujarat","Surendranagar","0.0","78.0","0.0","114.0","0.0","27.0","0.0","62.0"
"138","1997","3","Gujarat","Surendranagar","-1.0","-1.0","-1.0","-1.0","-1.0","-1.0","-1.0","-1.0"
"138","2003","3","Gujarat","Surendranagar","0.05","51.89","0.22","125.47","0.03","19.91","0.15","65.16"
"138","2007","3","Gujarat","Surendranagar","1.15","52.22","2.18","163.19","0.48","36.57","1.03","90.04"
"138","2012","3","Gujarat","Surendranagar","0.15","50.23","1.82","392.89","0.24","29.88","1.14","123.93"
"138","2019","3","Gujarat","Surendranagar","0.11","20.07","4.93","182.08","0.32","19.06","3.07","130.97"
"139","1966","10","Rajasthan","Ajmer","-1.0","-1.0","-1.0","-1.0","-1.0","-1.0","-1.0","-1.0"
"139","1972","10","Rajasthan","Ajmer","-1.0","-1.0","-1.0","-1.0","-1.0","-1.0","-1.0","-1.0"
"139","1977","10","Rajasthan","Ajmer","-1.0","-1.0","-1.0","-1.0","-1.0","-1.0","-1.0","-1.0"
"139","1983","10","Rajasthan","Ajmer","-1.0","-1.0","-1.0","-1.0","-1.0","-1.0","-1.0","-1.0"
"139","1988","10","Rajasthan","Ajmer","-1.0","-1.0","-1.0","-1.0","-1.0","-1.0","-1.0","-1.0"
"139","1992","10","Rajasthan","Ajmer","0.0","95.0","3.0","186.0","1.0","59.0","5.0","99.0"
"139","1997","10","Rajasthan","Ajmer","-1.0","-1.0","-1.0","-1.0","-1.0","-1.0","-1.0","-1.0"
"139","2003","10","Rajasthan","Ajmer","0.21","41.33","5.51","129.79","1.02","33.47","3.31","59.34"
"139","2007","10","Rajasthan","Ajmer","0.78","35.65","9.51","191.5","6.07","48.06","2.39","98.06"
"139","2012","10","Rajasthan","Ajmer","1.02","19.1","23.5","200.81","5.23","39.45","13.05","102.57"
"139","2019","10","Rajasthan","Ajmer","0.64","5.98","43.33","157.85","5.8","26.31","30.81","113.94"
"140","1966","10","Rajasthan","Alwar","-1.0","-1.0","-1.0","-1.0","-1.0","-1.0","-1.0","-1.0"
"140","1972","10","Rajasthan","Alwar","-1.0","-1.0","-1.0","-1.0","-1.0","-1.0","-1.0","-1.0"
"140","1977","10","Rajasthan","Alwar","-1.0","-1.0","-1.0","-1.0","-1.0","-1.0","-1.0","-1.0"
"140","1983","10","Rajasthan","Alwar","-1.0","-1.0","-1.0","-1.0","-1.0","-1.0","-1.0","-1.0"
"140","1988","10","Rajasthan","Alwar","-1.0","-1.0","-1.0","-1.0","-1.0","-1.0","-1.0","-1.0"
"140","1992","10","Rajasthan","Alwar","0.0","45.0","0.0","99.0","0.0","31.0","0.0","55.0"
"140","1997","10","Rajasthan","Alwar","-1.0","-1.0","-1.0","-1.0","-1.0","-1.0","-1.0","-1.0"
"140","2003","10","Rajasthan","Alwar","0.11","16.19","3.52","75.39","0.84","24.53","2.54","46.15"
"140","2007","10","Rajasthan","Alwar","0.12","11.81","5.96","92.85","4.48","23.5","1.39","56.36"
"140","2012","10","Rajasthan","Alwar","0.42","2.43","33.31","79.32","7.47","15.12","22.12","46.67"
"140","2019","10","Rajasthan","Alwar","0.71","3.64","53.61","71.95","5.63","7.55","40.71","58.05"
"141","1966","10","Rajasthan","Banswara","-1.0","-1.0","-1.0","-1.0","-1.0","-1.0","-1.0","-1.0"
"141","1972","10","Rajasthan","Banswara","-1.0","-1.0","-1.0","-1.0","-1.0","-1.0","-1.0","-1.0"
"141","1977","10","Rajasthan","Banswara","-1.0","-1.0","-1.0","-1.0","-1.0","-1.0","-1.0","-1.0"
"141","1983","10","Rajasthan","Banswara","-1.0","-1.0","-1.0","-1.0","-1.0","-1.0","-1.0","-1.0"
"141","1988","10","Rajasthan","Banswara","-1.0","-1.0","-1.0","-1.0","-1.0","-1.0","-1.0","-1.0"
"141","1992","10","Rajasthan","Banswara","0.0","272.0","0.0","142.0","0.0","52.0","0.0","68.0"
"141","1997","10","Rajasthan","Banswara","-1.0","-1.0","-1.0","-1.0","-1.0","-1.0","-1.0","-1.0"
"141","2003","10","Rajasthan","Banswara","0.11","327.87","0.51","163.51","0.18","67.79","0.34","81.92"
"141","2007","10","Rajasthan","Banswara","0.96","337.99","2.47","172.16","1.71","49.42","0.79","80.84"
"141","2012","10","Rajasthan","Banswara","1.2","346.25","7.47","207.26","1.37","40.13","5.06","98.64"
"141","2019","10","Rajasthan","Banswara","3.02","321.15","18.53","231.61","1.57","46.44","11.07","148.01"
"142","1966","10","Rajasthan","Barmer","-1.0","-1.0","-1.0","-1.0","-1.0","-1.0","-1.0","-1.0"
"142","1972","10","Rajasthan","Barmer","-1.0","-1.0","-1.0","-1.0","-1.0","-1.0","-1.0","-1.0"
"142","1977","10","Rajasthan","Barmer","-1.0","-1.0","-1.0","-1.0","-1.0","-1.0","-1.0","-1.0"
"142","1983","10","Rajasthan","Barmer","-1.0","-1.0","-1.0","-1.0","-1.0","-1.0","-1.0","-1.0"
"142","1988","10","Rajasthan","Barmer","-1.0","-1.0","-1.0","-1.0","-1.0","-1.0","-1.0","-1.0"
"142","1992","10","Rajasthan","Barmer","0.0","42.0","0.0","185.0","0.0","48.0","0.0","96.0"
"142","1997","10","Rajasthan","Barmer","-1.0","-1.0","-1.0","-1.0","-1.0","-1.0","-1.0","-1.0"
"142","2003","10","Rajasthan","Barmer","0.01","23.85","0.06","272.18","0.03","75.87","0.04","134.23"
"142","2007","10","Rajasthan","Barmer","0.02","25.51","0.21","336.37","0.12","103.32","0.08","171.89"
"142","2012","10","Rajasthan","Barmer","0.12","37.46","1.24","413.03","0.31","102.92","0.64","232.66"
"142","2019","10","Rajasthan","Barmer","0.01","18.87","0.83","457.63","0.1","47.54","0.62","379.6"
"143","1966","10","Rajasthan","Bharatpur","-1.0","-1.0","-1.0","-1.0","-1.0","-1.0","-1.0","-1.0"
"143","1972","10","Rajasthan","Bharatpur","-1.0","-1.0","-1.0","-1.0","-1.0","-1.0","-1.0","-1.0"
"143","1977","10","Rajasthan","Bharatpur","-1.0","-1.0","-1.0","-1.0","-1.0","-1.0","-1.0","-1.0"
"143","1983","10","Rajasthan","Bharatpur","-1.0","-1.0","-1.0","-1.0","-1.0","-1.0","-1.0","-1.0"
"143","1988","10","Rajasthan","Bharatpur","-1.0","-1.0","-1.0","-1.0","-1.0","-1.0","-1.0","-1.0"
"143","1992","10","Rajasthan","Bharatpur","0.0","48.0","1.0","92.0","0.0","25.0","1.0","46.0"
"143","1997","10","Rajasthan","Bharatpur","-1.0","-1.0","-1.0","-1.0","-1.0","-1.0","-1.0","-1.0"
"143","2003","10","Rajasthan","Bharatpur","0.22","12.07","2.83","70.4","0.64","20.22","1.71","36.66"
"143","2007","10","Rajasthan","Bharatpur","0.39","8.84","6.36","91.42","4.06","23.27","1.69","51.86"
"143","2012","10","Rajasthan","Bharatpur","0.84","4.53","23.83","103.28","5.4","20.85","13.71","54.14"
"143","2019","10","Rajasthan","Bharatpur","0.76","5.33","51.81","96.05","5.2","9.43","38.44","67.14"
"144","1966","10","Rajasthan","Bhilwara","-1.0","-1.0","-1.0","-1.0","-1.0","-1.0","-1.0","-1.0"
"144","1972","10","Rajasthan","Bhilwara","-1.0","-1.0","-1.0","-1.0","-1.0","-1.0","-1.0","-1.0"
"144","1977","10","Rajasthan","Bhilwara","-1.0","-1.0","-1.0","-1.0","-1.0","-1.0","-1.0","-1.0"
"144","1983","10","Rajasthan","Bhilwara","-1.0","-1.0","-1.0","-1.0","-1.0","-1.0","-1.0","-1.0"
"144","1988","10","Rajasthan","Bhilwara","-1.0","-1.0","-1.0","-1.0","-1.0","-1.0","-1.0","-1.0"
"144","1992","10","Rajasthan","Bhilwara","1.0","207.0","5.0","294.0","2.0","105.0","9.0","154.0"
"144","1997","10","Rajasthan","Bhilwara","-1.0","-1.0","-1.0","-1.0","-1.0","-1.0","-1.0","-1.0"
"144","2003","10","Rajasthan","Bhilwara","1.25","114.7","26.26","207.23","6.12","83.04","16.44","100.95"
"144","2007","10","Rajasthan","Bhilwara","1.38","92.53","35.66","237.03","22.17","71.51","8.76","113.56"
"144","2012","10","Rajasthan","Bhilwara","3.29","91.14","66.01","293.12","15.5","69.24","37.08","142.51"
"144","2019","10","Rajasthan","Bhilwara","1.45","38.73","79.65","298.82","9.54","42.07","49.39","185.78"
"145","1966","10","Rajasthan","Bikaner","-1.0","-1.0","-1.0","-1.0","-1.0","-1.0","-1.0","-1.0"
"145","1972","10","Rajasthan","Bikaner","-1.0","-1.0","-1.0","-1.0","-1.0","-1.0","-1.0","-1.0"
"145","1977","10","Rajasthan","Bikaner","-1.0","-1.0","-1.0","-1.0","-1.0","-1.0","-1.0","-1.0"
"145","1983","10","Rajasthan","Bikaner","-1.0","-1.0","-1.0","-1.0","-1.0","-1.0","-1.0","-1.0"
"145","1988","10","Rajasthan","Bikaner","-1.0","-1.0","-1.0","-1.0","-1.0","-1.0","-1.0","-1.0"
"145","1992","10","Rajasthan","Bikaner","0.0","18.0","1.0","239.0","0.0","66.0","0.0","131.0"
"145","1997","10","Rajasthan","Bikaner","-1.0","-1.0","-1.0","-1.0","-1.0","-1.0","-1.0","-1.0"
"145","2003","10","Rajasthan","Bikaner","0.18","20.24","3.35","289.81","0.67","62.4","1.67","154.08"
"145","2007","10","Rajasthan","Bikaner","1.71","32.07","24.47","324.12","10.77","88.14","4.97","184.83"
"145","2012","10","Rajasthan","Bikaner","2.28","39.96","30.64","439.13","5.11","95.47","19.39","274.1"
"145","2019","10","Rajasthan","Bikaner","2.21","29.19","74.95","522.9","5.47","71.13","47.55","441.33"
"146","1966","10","Rajasthan","Bundi","-1.0","-1.0","-1.0","-1.0","-1.0","-1.0","-1.0","-1.0"
"146","1972","10","Rajasthan","Bundi","-1.0","-1.0","-1.0","-1.0","-1.0","-1.0","-1.0","-1.0"
"146","1977","10","Rajasthan","Bundi","-1.0","-1.0","-1.0","-1.0","-1.0","-1.0","-1.0","-1.0"
"146","1983","10","Rajasthan","Bundi","-1.0","-1.0","-1.0","-1.0","-1.0","-1.0","-1.0","-1.0"
"146","1988","10","Rajasthan","Bundi","-1.0","-1.0","-1.0","-1.0","-1.0","-1.0","-1.0","-1.0"
"146","1992","10","Rajasthan","Bundi","0.0","122.0","0.0","105.0","0.0","46.0","1.0","56.0"
"146","1997","10","Rajasthan","Bundi","-1.0","-1.0","-1.0","-1.0","-1.0","-1.0","-1.0","-1.0"
"146","2003","10","Rajasthan","Bundi","0.26","79.85","1.75","87.01","0.41","32.77","1.03","41.52"
"146","2007","10","Rajasthan","Bundi","0.23","71.53","2.14","105.46","1.55","36.14","0.53","56.09"
"146","2012","10","Rajasthan","Bundi","1.01","33.48","7.25","112.37","1.49","25.15","4.26","57.94"
"146","2019","10","Rajasthan","Bundi","0.15","6.3","10.04","88.49","1.15","11.22","7.91","68.24"
"147","1966","10","Rajasthan","Chittorgarh","-1.0","-1.0","-1.0","-1.0","-1.0","-1.0","-1.0","-1.0"
"147","1972","10","Rajasthan","Chittorgarh","-1.0","-1.0","-1.0","-1.0","-1.0","-1.0","-1.0","-1.0"
"147","1977","10","Rajasthan","Chittorgarh","-1.0","-1.0","-1.0","-1.0","-1.0","-1.0","-1.0","-1.0"
"147","1983","10","Rajasthan","Chittorgarh","-1.0","-1.0","-1.0","-1.0","-1.0","-1.0","-1.0","-1.0"
"147","1988","10","Rajasthan","Chittorgarh","-1.0","-1.0","-1.0","-1.0","-1.0","-1.0","-1.0","-1.0"
"147","1992","10","Rajasthan","Chittorgarh","1.0","272.0","1.0","252.0","0.0","112.0","2.0","140.0"
"147","1997","10","Rajasthan","Chittorgarh","-1.0","-1.0","-1.0","-1.0","-1.0","-1.0","-1.0","-1.0"
"147","2003","10","Rajasthan","Chittorgarh","1.15","223.43","9.93","214.52","2.9","88.92","6.27","110.87"
"147","2007","10","Rajasthan","Chittorgarh","4.11","214.29","20.03","291.39","12.62","75.94","5.3","137.31"
"147","2012","10","Rajasthan","Chittorgarh","5.37","154.2","17.53","213.54","5.1","51.67","10.26","108.13"
"147","2019","10","Rajasthan","Chittorgarh","0.64","81.41","22.61","203.69","2.73","35.69","15.95","140.32"
"148","1966","10","Rajasthan","Churu","-1.0","-1.0","-1.0","-1.0","-1.0","-1.0","-1.0","-1.0"
"148","1972","10","Rajasthan","Churu","-1.0","-1.0","-1.0","-1.0","-1.0","-1.0","-1.0","-1.0"
"148","1977","10","Rajasthan","Churu","-1.0","-1.0","-1.0","-1.0","-1.0","-1.0","-1.0","-1.0"
"148","1983","10","Rajasthan","Churu","-1.0","-1.0","-1.0","-1.0","-1.0","-1.0","-1.0","-1.0"
"148","1988","10","Rajasthan","Churu","-1.0","-1.0","-1.0","-1.0","-1.0","-1.0","-1.0","-1.0"
"148","1992","10","Rajasthan","Churu","0.0","6.0","0.0","143.0","0.0","31.0","0.0","82.0"
"148","1997","10","Rajasthan","Churu","-1.0","-1.0","-1.0","-1.0","-1.0","-1.0","-1.0","-1.0"
"148","2003","10","Rajasthan","Churu","0.03","3.39","1.14","96.73","0.37","23.21","0.76","53.02"
"148","2007","10","Rajasthan","Churu","0.14","4.8","6.4","126.97","4.33","31.85","1.57","80.16"
"148","2012","10","Rajasthan","Churu","0.62","9.18","17.32","171.17","3.67","35.73","10.41","99.38"
"148","2019","10","Rajasthan","Churu","0.77","15.0","30.72","187.19","3.19","18.79","25.79","157.15"
"149","1966","10","Rajasthan","Dungarpur","-1.0","-1.0","-1.0","-1.0","-1.0","-1.0","-1.0","-1.0"
"149","1972","10","Rajasthan","Dungarpur","-1.0","-1.0","-1.0","-1.0","-1.0","-1.0","-1.0","-1.0"
"149","1977","10","Rajasthan","Dungarpur","-1.0","-1.0","-1.0","-1.0","-1.0","-1.0","-1.0","-1.0"
"149","1983","10","Rajasthan","Dungarpur","-1.0","-1.0","-1.0","-1.0","-1.0","-1.0","-1.0","-1.0"
"149","1988","10","Rajasthan","Dungarpur","-1.0","-1.0","-1.0","-1.0","-1.0","-1.0","-1.0","-1.0"
"149","1992","10","Rajasthan","Dungarpur","0.0","201.0","0.0","93.0","0.0","37.0","0.0","47.0"
"149","1997","10","Rajasthan","Dungarpur","-1.0","-1.0","-1.0","-1.0","-1.0","-1.0","-1.0","-1.0"
"149","2003","10","Rajasthan","Dungarpur","0.16","215.84","0.42","101.44","0.23","38.67","0.29","49.28"
"149","2007","10","Rajasthan","Dungarpur","0.19","215.09","0.62","117.7","0.4","37.97","0.19","54.49"
"149","2012","10","Rajasthan","Dungarpur","0.31","186.5","1.3","111.67","0.28","20.49","0.85","53.64"
"149","2019","10","Rajasthan","Dungarpur","0.34","180.69","3.59","130.45","0.46","28.34","2.28","85.26"
"150","1966","10","Rajasthan","Ganganagar","-1.0","-1.0","-1.0","-1.0","-1.0","-1.0","-1.0","-1.0"
"150","1972","10","Rajasthan","Ganganagar","-1.0","-1.0","-1.0","-1.0","-1.0","-1.0","-1.0","-1.0"
"150","1977","10","Rajasthan","Ganganagar","-1.0","-1.0","-1.0","-1.0","-1.0","-1.0","-1.0","-1.0"
"150","1983","10","Rajasthan","Ganganagar","-1.0","-1.0","-1.0","-1.0","-1.0","-1.0","-1.0","-1.0"
"150","1988","10","Rajasthan","Ganganagar","-1.0","-1.0","-1.0","-1.0","-1.0","-1.0","-1.0","-1.0"
"150","1992","10","Rajasthan","Ganganagar","1.0","63.0","10.0","310.0","3.0","81.0","11.0","198.0"
"150","1997","10","Rajasthan","Ganganagar","-1.0","-1.0","-1.0","-1.0","-1.0","-1.0","-1.0","-1.0"
"150","2003","10","Rajasthan","Ganganagar","4.91","60.3","42.39","289.5","8.89","69.31","27.11","185.03"
"150","2007","10","Rajasthan","Ganganagar","6.58","63.99","69.23","428.66","43.03","95.42","13.87","269.07"
"150","2012","10","Rajasthan","Ganganagar","12.67","73.38","137.13","430.97","28.36","82.44","92.52","281.0"
"150","2019","10","Rajasthan","Ganganagar","9.61","55.23","180.44","430.41","18.67","52.33","128.6","305.68"
"151","1966","10","Rajasthan","Jaipur","-1.0","-1.0","-1.0","-1.0","-1.0","-1.0","-1.0","-1.0"
"151","1972","10","Rajasthan","Jaipur","-1.0","-1.0","-1.0","-1.0","-1.0","-1.0","-1.0","-1.0"
"151","1977","10","Rajasthan","Jaipur","-1.0","-1.0","-1.0","-1.0","-1.0","-1.0","-1.0","-1.0"
"151","1983","10","Rajasthan","Jaipur","-1.0","-1.0","-1.0","-1.0","-1.0","-1.0","-1.0","-1.0"
"151","1988","10","Rajasthan","Jaipur","-1.0","-1.0","-1.0","-1.0","-1.0","-1.0","-1.0","-1.0"
"151","1992","10","Rajasthan","Jaipur","0.0","148.0","7.0","273.0","2.0","89.0","11.0","149.0"
"151","1997","10","Rajasthan","Jaipur","-1.0","-1.0","-1.0","-1.0","-1.0","-1.0","-1.0","-1.0"
"151","2003","10","Rajasthan","Jaipur","1.4","57.51","36.71","196.18","8.1","61.02","22.05","98.85"
"151","2007","10","Rajasthan","Jaipur","1.98","37.43","95.62","237.86","64.52","59.51","20.22","124.5"
"151","2012","10","Rajasthan","Jaipur","2.96","13.17","211.33","223.24","37.31","41.99","127.24","115.74"
"151","2019","10","Rajasthan","Jaipur","3.79","10.36","238.75","220.93","11.68","16.91","172.2","168.37"
"152","1966","10","Rajasthan","Jaisalmer","-1.0","-1.0","-1.0","-1.0","-1.0","-1.0","-1.0","-1.0"
"152","1972","10","Rajasthan","Jaisalmer","-1.0","-1.0","-1.0","-1.0","-1.0","-1.0","-1.0","-1.0"
"152","1977","10","Rajasthan","Jaisalmer","-1.0","-1.0","-1.0","-1.0","-1.0","-1.0","-1.0","-1.0"
"152","1983","10","Rajasthan","Jaisalmer","-1.0","-1.0","-1.0","-1.0","-1.0","-1.0","-1.0","-1.0"
"152","1988","10","Rajasthan","Jaisalmer","-1.0","-1.0","-1.0","-1.0","-1.0","-1.0","-1.0","-1.0"
"152","1992","10","Rajasthan","Jaisalmer","0.0","11.0","0.0","76.0","0.0","24.0","0.0","37.0"
"152","1997","10","Rajasthan","Jaisalmer","-1.0","-1.0","-1.0","-1.0","-1.0","-1.0","-1.0","-1.0"
"152","2003","10","Rajasthan","Jaisalmer","0.02","9.15","0.04","140.94","0.01","29.58","0.02","46.34"
"152","2007","10","Rajasthan","Jaisalmer","0.02","18.58","0.37","184.95","0.11","57.82","0.11","86.98"
"152","2012","10","Rajasthan","Jaisalmer","0.01","29.9","0.92","224.52","0.25","57.4","0.46","121.17"
"152","2019","10","Rajasthan","Jaisalmer","8.01","12.72","5.21","219.72","1.77","19.66","3.16","136.8"
"153","1966","10","Rajasthan","Jalore","-1.0","-1.0","-1.0","-1.0","-1.0","-1.0","-1.0","-1.0"
"153","1972","10","Rajasthan","Jalore","-1.0","-1.0","-1.0","-1.0","-1.0","-1.0","-1.0","-1.0"
"153","1977","10","Rajasthan","Jalore","-1.0","-1.0","-1.0","-1.0","-1.0","-1.0","-1.0","-1.0"
"153","1983","10","Rajasthan","Jalore","-1.0","-1.0","-1.0","-1.0","-1.0","-1.0","-1.0","-1.0"
"153","1988","10","Rajasthan","Jalore","-1.0","-1.0","-1.0","-1.0","-1.0","-1.0","-1.0","-1.0"
"153","1992","10","Rajasthan","Jalore","0.0","71.0","0.0","92.0","0.0","38.0","0.0","64.0"
"153","1997","10","Rajasthan","Jalore","-1.0","-1.0","-1.0","-1.0","-1.0","-1.0","-1.0","-1.0"
"153","2003","10","Rajasthan","Jalore","0.02","34.62","0.11","97.94","0.03","35.65","0.05","60.97"
"153","2007","10","Rajasthan","Jalore","0.09","31.07","0.09","141.27","0.11","42.13","0.03","79.34"
"153","2012","10","Rajasthan","Jalore","0.07","24.9","1.03","146.39","0.31","33.0","0.84","89.31"
"153","2019","10","Rajasthan","Jalore","0.03","21.36","4.81","139.84","0.24","19.62","3.83","109.54"
"154","1966","10","Rajasthan","Jhalawar","-1.0","-1.0","-1.0","-1.0","-1.0","-1.0","-1.0","-1.0"
"154","1972","10","Rajasthan","Jhalawar","-1.0","-1.0","-1.0","-1.0","-1.0","-1.0","-1.0","-1.0"
"154","1977","10","Rajasthan","Jhalawar","-1.0","-1.0","-1.0","-1.0","-1.0","-1.0","-1.0","-1.0"
"154","1983","10","Rajasthan","Jhalawar","-1.0","-1.0","-1.0","-1.0","-1.0","-1.0","-1.0","-1.0"
"154","1988","10","Rajasthan","Jhalawar","-1.0","-1.0","-1.0","-1.0","-1.0","-1.0","-1.0","-1.0"
"154","1992","10","Rajasthan","Jhalawar","0.0","149.0","0.0","161.0","0.0","62.0","0.0","87.0"
"154","1997","10","Rajasthan","Jhalawar","-1.0","-1.0","-1.0","-1.0","-1.0","-1.0","-1.0","-1.0"
"154","2003","10","Rajasthan","Jhalawar","0.07","118.95","0.32","151.21","0.09","61.87","0.19","72.98"
"154","2007","10","Rajasthan","Jhalawar","0.07","118.44","0.48","176.38","0.26","58.98","0.16","79.84"
"154","2012","10","Rajasthan","Jhalawar","0.68","88.59","1.45","174.06","0.31","38.5","0.7","75.8"
"154","2019","10","Rajasthan","Jhalawar","0.47","20.12","4.15","119.79","0.39","11.3","3.73","90.88"
"155","1966","10","Rajasthan","Jhunjhunu","-1.0","-1.0","-1.0","-1.0","-1.0","-1.0","-1.0","-1.0"
"155","1972","10","Rajasthan","Jhunjhunu","-1.0","-1.0","-1.0","-1.0","-1.0","-1.0","-1.0","-1.0"
"155","1977","10","Rajasthan","Jhunjhunu","-1.0","-1.0","-1.0","-1.0","-1.0","-1.0","-1.0","-1.0"
"155","1983","10","Rajasthan","Jhunjhunu","-1.0","-1.0","-1.0","-1.0","-1.0","-1.0","-1.0","-1.0"
"155","1988","10","Rajasthan","Jhunjhunu","-1.0","-1.0","-1.0","-1.0","-1.0","-1.0","-1.0","-1.0"
"155","1992","10","Rajasthan","Jhunjhunu","0.0","4.0","1.0","55.0","0.0","15.0","1.0","37.0"
"155","1997","10","Rajasthan","Jhunjhunu","-1.0","-1.0","-1.0","-1.0","-1.0","-1.0","-1.0","-1.0"
"155","2003","10","Rajasthan","Jhunjhunu","0.41","2.25","15.42","37.22","3.78","9.31","11.99","22.69"
"155","2007","10","Rajasthan","Jhunjhunu","1.13","2.9","43.68","43.7","35.72","9.41","9.77","28.93"
"155","2012","10","Rajasthan","Jhunjhunu","1.43","1.12","98.61","27.37","17.3","4.84","66.13","15.89"
"155","2019","10","Rajasthan","Jhunjhunu","1.54","1.75","110.34","41.58","4.86","1.91","78.82","28.3"
"156","1966","10","Rajasthan","Jodhpur","-1.0","-1.0","-1.0","-1.0","-1.0","-1.0","-1.0","-1.0"
"156","1972","10","Rajasthan","Jodhpur","-1.0","-1.0","-1.0","-1.0","-1.0","-1.0","-1.0","-1.0"
"156","1977","10","Rajasthan","Jodhpur","-1.0","-1.0","-1.0","-1.0","-1.0","-1.0","-1.0","-1.0"
"156","1983","10","Rajasthan","Jodhpur","-1.0","-1.0","-1.0","-1.0","-1.0","-1.0","-1.0","-1.0"
"156","1988","10","Rajasthan","Jodhpur","-1.0","-1.0","-1.0","-1.0","-1.0","-1.0","-1.0","-1.0"
"156","1992","10","Rajasthan","Jodhpur","0.0","32.0","3.0","247.0","1.0","61.0","4.0","143.0"
"156","1997","10","Rajasthan","Jodhpur","-1.0","-1.0","-1.0","-1.0","-1.0","-1.0","-1.0","-1.0"
"156","2003","10","Rajasthan","Jodhpur","0.15","11.43","5.34","245.72","1.0","63.36","2.68","125.75"
"156","2007","10","Rajasthan","Jodhpur","0.42","15.87","19.75","324.59","10.62","96.53","3.55","182.84"
"156","2012","10","Rajasthan","Jodhpur","2.38","22.29","34.32","415.4","4.42","101.81","15.37","252.36"
"156","2019","10","Rajasthan","Jodhpur","1.12","20.79","48.49","483.91","5.9","70.2","32.88","405.75"
"157","1966","10","Rajasthan","Kota","-1.0","-1.0","-1.0","-1.0","-1.0","-1.0","-1.0","-1.0"
"157","1972","10","Rajasthan","Kota","-1.0","-1.0","-1.0","-1.0","-1.0","-1.0","-1.0","-1.0"
"157","1977","10","Rajasthan","Kota","-1.0","-1.0","-1.0","-1.0","-1.0","-1.0","-1.0","-1.0"
"157","1983","10","Rajasthan","Kota","-1.0","-1.0","-1.0","-1.0","-1.0","-1.0","-1.0","-1.0"
"157","1988","10","Rajasthan","Kota","-1.0","-1.0","-1.0","-1.0","-1.0","-1.0","-1.0","-1.0"
"157","1992","10","Rajasthan","Kota","0.0","259.0","1.0","237.0","0.0","101.0","1.0","129.0"
"157","1997","10","Rajasthan","Kota","-1.0","-1.0","-1.0","-1.0","-1.0","-1.0","-1.0","-1.0"
"157","2003","10","Rajasthan","Kota","0.18","120.79","1.2","202.7","0.32","80.98","0.72","110.55"
"157","2007","10","Rajasthan","Kota","0.17","94.74","2.96","262.48","1.95","91.96","1.21","147.73"
"157","2012","10","Rajasthan","Kota","2.2","63.08","6.33","277.17","2.21","71.45","3.6","139.58"
"157","2019","10","Rajasthan","Kota","0.08","21.75","6.28","264.7","0.87","47.35","3.74","169.67"
"158","1966","10","Rajasthan","Nagaur","-1.0","-1.0","-1.0","-1.0","-1.0","-1.0","-1.0","-1.0"
"158","1972","10","Rajasthan","Nagaur","-1.0","-1.0","-1.0","-1.0","-1.0","-1.0","-1.0","-1.0"
"158","1977","10","Rajasthan","Nagaur","-1.0","-1.0","-1.0","-1.0","-1.0","-1.0","-1.0","-1.0"
"158","1983","10","Rajasthan","Nagaur","-1.0","-1.0","-1.0","-1.0","-1.0","-1.0","-1.0","-1.0"
"158","1988","10","Rajasthan","Nagaur","-1.0","-1.0","-1.0","-1.0","-1.0","-1.0","-1.0","-1.0"
"158","1992","10","Rajasthan","Nagaur","0.0","35.0","0.0","260.0","0.0","70.0","1.0","128.0"
"158","1997","10","Rajasthan","Nagaur","-1.0","-1.0","-1.0","-1.0","-1.0","-1.0","-1.0","-1.0"
"158","2003","10","Rajasthan","Nagaur","0.13","9.62","2.75","182.77","0.78","45.39","1.6","83.22"
"158","2007","10","Rajasthan","Nagaur","0.72","10.61","7.7","228.22","4.51","55.58","2.51","108.29"
"158","2012","10","Rajasthan","Nagaur","1.76","11.37","38.4","248.71","9.57","47.78","22.89","121.12"
"158","2019","10","Rajasthan","Nagaur","1.67","15.31","46.88","262.17","5.07","27.84","38.01","177.05"
"159","1966","10","Rajasthan","Pali","-1.0","-1.0","-1.0","-1.0","-1.0","-1.0","-1.0","-1.0"
"159","1972","10","Rajasthan","Pali","-1.0","-1.0","-1.0","-1.0","-1.0","-1.0","-1.0","-1.0"
"159","1977","10","Rajasthan","Pali","-1.0","-1.0","-1.0","-1.0","-1.0","-1.0","-1.0","-1.0"
"159","1983","10","Rajasthan","Pali","-1.0","-1.0","-1.0","-1.0","-1.0","-1.0","-1.0","-1.0"
"159","1988","10","Rajasthan","Pali","-1.0","-1.0","-1.0","-1.0","-1.0","-1.0","-1.0","-1.0"
"159","1992","10","Rajasthan","Pali","0.0","89.0","1.0","166.0","0.0","63.0","1.0","104.0"
"159","1997","10","Rajasthan","Pali","-1.0","-1.0","-1.0","-1.0","-1.0","-1.0","-1.0","-1.0"
"159","2003","10","Rajasthan","Pali","0.09","36.95","2.74","119.34","0.37","37.45","1.45","61.1"
"159","2007","10","Rajasthan","Pali","0.06","33.04","2.51","173.5","1.71","49.97","0.58","93.67"
"159","2012","10","Rajasthan","Pali","0.16","29.3","5.06","179.02","0.96","42.5","2.81","95.73"
"159","2019","10","Rajasthan","Pali","0.32","16.51","8.8","176.45","1.3","28.57","6.02","122.92"
"160","1966","10","Rajasthan","Swami Madhopur","-1.0","-1.0","-1.0","-1.0","-1.0","-1.0","-1.0","-1.0"
"160","1972","10","Rajasthan","Swami Madhopur","-1.0","-1.0","-1.0","-1.0","-1.0","-1.0","-1.0","-1.0"
"160","1977","10","Rajasthan","Swami Madhopur","-1.0","-1.0","-1.0","-1.0","-1.0","-1.0","-1.0","-1.0"
"160","1983","10","Rajasthan","Swami Madhopur","-1.0","-1.0","-1.0","-1.0","-1.0","-1.0","-1.0","-1.0"
"160","1988","10","Rajasthan","Swami Madhopur","-1.0","-1.0","-1.0","-1.0","-1.0","-1.0","-1.0","-1.0"
"160","1992","10","Rajasthan","Swami Madhopur","0.0","142.0","0.0","135.0","0.0","48.0","0.0","67.0"
"160","1997","10","Rajasthan","Swami Madhopur","-1.0","-1.0","-1.0","-1.0","-1.0","-1.0","-1.0","-1.0"
"160","2003","10","Rajasthan","Swami Madhopur","0.13","58.95","0.54","87.31","0.15","29.12","0.33","40.8"
"160","2007","10","Rajasthan","Swami Madhopur","0.02","41.04","1.9","102.78","1.25","36.26","0.42","53.62"
"160","2012","10","Rajasthan","Swami Madhopur","1.58","18.99","5.52","103.02","1.17","26.51","2.62","51.66"
"160","2019","10","Rajasthan","Swami Madhopur","0.13","3.66","9.08","70.76","0.91","6.87","6.7","52.69"
"161","1966","10","Rajasthan","Sikar","-1.0","-1.0","-1.0","-1.0","-1.0","-1.0","-1.0","-1.0"
"161","1972","10","Rajasthan","Sikar","-1.0","-1.0","-1.0","-1.0","-1.0","-1.0","-1.0","-1.0"
"161","1977","10","Rajasthan","Sikar","-1.0","-1.0","-1.0","-1.0","-1.0","-1.0","-1.0","-1.0"
"161","1983","10","Rajasthan","Sikar","-1.0","-1.0","-1.0","-1.0","-1.0","-1.0","-1.0","-1.0"
"161","1988","10","Rajasthan","Sikar","-1.0","-1.0","-1.0","-1.0","-1.0","-1.0","-1.0","-1.0"
"161","1992","10","Rajasthan","Sikar","0.0","19.0","2.0","97.0","1.0","30.0","2.0","64.0"
"161","1997","10","Rajasthan","Sikar","-1.0","-1.0","-1.0","-1.0","-1.0","-1.0","-1.0","-1.0"
"161","2003","10","Rajasthan","Sikar","2.44","9.73","16.15","69.65","4.46","21.53","10.99","38.25"
"161","2007","10","Rajasthan","Sikar","3.64","9.9","37.15","92.42","25.52","23.05","9.4","53.42"
"161","2012","10","Rajasthan","Sikar","6.5","4.32","107.38","74.1","20.3","12.42","66.81","39.2"
"161","2019","10","Rajasthan","Sikar","1.7","3.46","136.96","75.49","9.37","6.18","99.81","50.57"
"162","1966","10","Rajasthan","Sirohi","-1.0","-1.0","-1.0","-1.0","-1.0","-1.0","-1.0","-1.0"
"162","1972","10","Rajasthan","Sirohi","-1.0","-1.0","-1.0","-1.0","-1.0","-1.0","-1.0","-1.0"
"162","1977","10","Rajasthan","Sirohi","-1.0","-1.0","-1.0","-1.0","-1.0","-1.0","-1.0","-1.0"
"162","1983","10","Rajasthan","Sirohi","-1.0","-1.0","-1.0","-1.0","-1.0","-1.0","-1.0","-1.0"
"162","1988","10","Rajasthan","Sirohi","-1.0","-1.0","-1.0","-1.0","-1.0","-1.0","-1.0","-1.0"
"162","1992","10","Rajasthan","Sirohi","0.0","55.0","0.0","67.0","0.0","27.0","0.0","41.0"
"162","1997","10","Rajasthan","Sirohi","-1.0","-1.0","-1.0","-1.0","-1.0","-1.0","-1.0","-1.0"
"162","2003","10","Rajasthan","Sirohi","0.01","32.66","0.08","53.13","0.02","17.29","0.05","27.9"
"162","2007","10","Rajasthan","Sirohi","0.03","39.99","0.42","90.48","0.35","23.86","0.12","47.36"
"162","2012","10","Rajasthan","Sirohi","0.14","33.24","1.58","91.72","0.25","17.05","1.11","49.48"
"162","2019","10","Rajasthan","Sirohi","1.61","27.24","5.03","94.74","0.58","11.67","3.64","60.59"
"163","1966","10","Rajasthan","Tonk","-1.0","-1.0","-1.0","-1.0","-1.0","-1.0","-1.0","-1.0"
"163","1972","10","Rajasthan","Tonk","-1.0","-1.0","-1.0","-1.0","-1.0","-1.0","-1.0","-1.0"
"163","1977","10","Rajasthan","Tonk","-1.0","-1.0","-1.0","-1.0","-1.0","-1.0","-1.0","-1.0"
"163","1983","10","Rajasthan","Tonk","-1.0","-1.0","-1.0","-1.0","-1.0","-1.0","-1.0","-1.0"
"163","1988","10","Rajasthan","Tonk","-1.0","-1.0","-1.0","-1.0","-1.0","-1.0","-1.0","-1.0"
"163","1992","10","Rajasthan","Tonk","0.0","119.0","0.0","136.0","0.0","54.0","0.0","70.0"
"163","1997","10","Rajasthan","Tonk","-1.0","-1.0","-1.0","-1.0","-1.0","-1.0","-1.0","-1.0"
"163","2003","10","Rajasthan","Tonk","0.01","53.22","0.4","81.84","0.09","28.93","0.2","37.43"
"163","2007","10","Rajasthan","Tonk","0.11","43.67","2.44","109.81","1.45","33.12","0.45","55.16"
"163","2012","10","Rajasthan","Tonk","0.46","14.73","4.56","114.0","1.41","27.89","3.07","61.56"
"163","2019","10","Rajasthan","Tonk","0.04","2.56","4.99","87.79","0.66","10.04","3.39","62.26"
"164","1966","10","Rajasthan","Udaipur","-1.0","-1.0","-1.0","-1.0","-1.0","-1.0","-1.0","-1.0"
"164","1972","10","Rajasthan","Udaipur","-1.0","-1.0","-1.0","-1.0","-1.0","-1.0","-1.0","-1.0"
"164","1977","10","Rajasthan","Udaipur","-1.0","-1.0","-1.0","-1.0","-1.0","-1.0","-1.0","-1.0"
"164","1983","10","Rajasthan","Udaipur","-1.0","-1.0","-1.0","-1.0","-1.0","-1.0","-1.0","-1.0"
"164","1988","10","Rajasthan","Udaipur","-1.0","-1.0","-1.0","-1.0","-1.0","-1.0","-1.0","-1.0"
"164","1992","10","Rajasthan","Udaipur","0.0","467.0","6.0","379.0","2.0","158.0","6.0","211.0"
"164","1997","10","Rajasthan","Udaipur","-1.0","-1.0","-1.0","-1.0","-1.0","-1.0","-1.0","-1.0"
"164","2003","10","Rajasthan","Udaipur","1.54","462.46","18.3","371.33","4.03","159.85","10.38","198.99"
"164","2007","10","Rajasthan","Udaipur","3.09","436.18","22.1","409.29","13.06","143.03","4.87","201.01"
"164","2012","10","Rajasthan","Udaipur","5.38","442.81","46.43","466.07","8.66","106.01","24.1","245.8"
"164","2019","10","Rajasthan","Udaipur","1.98","335.0","71.6","412.98","5.14","62.95","45.51","268.83"
"165","1966","9","Punjab","Gurdaspur","-1.0","-1.0","-1.0","-1.0","-1.0","-1.0","-1.0","-1.0"
"165","1972","9","Punjab","Gurdaspur","-1.0","-1.0","-1.0","-1.0","-1.0","-1.0","-1.0","-1.0"
"165","1977","9","Punjab","Gurdaspur","-1.0","-1.0","-1.0","-1.0","-1.0","-1.0","-1.0","-1.0"
"165","1987","9","Punjab","Gurdaspur","-1.0","-1.0","-1.0","-1.0","-1.0","-1.0","-1.0","-1.0"
"165","1992","9","Punjab","Gurdaspur","36.0","25.0","78.0","179.0","0.0","0.0","0.0","0.0"
"165","1997","9","Punjab","Gurdaspur","-1.0","-1.0","-1.0","-1.0","-1.0","-1.0","-1.0","-1.0"
"165","2003","9","Punjab","Gurdaspur","11.89","7.06","82.66","8.63","13.27","2.55","53.48","4.2"
"165","2007","9","Punjab","Gurdaspur","5.1","4.06","69.89","13.8","33.36","2.28","10.33","6.2"
"165","2012","9","Punjab","Gurdaspur","8.14","3.28","122.44","5.16","13.19","1.03","66.32","2.46"
"165","2019","9","Punjab","Gurdaspur","1.76","2.59","138.94","20.13","4.38","1.43","77.38","12.03"
"166","1966","9","Punjab","Amritsar","-1.0","-1.0","-1.0","-1.0","-1.0","-1.0","-1.0","-1.0"
"166","1972","9","Punjab","Amritsar","-1.0","-1.0","-1.0","-1.0","-1.0","-1.0","-1.0","-1.0"
"166","1977","9","Punjab","Amritsar","-1.0","-1.0","-1.0","-1.0","-1.0","-1.0","-1.0","-1.0"
"166","1987","9","Punjab","Amritsar","-1.0","-1.0","-1.0","-1.0","-1.0","-1.0","-1.0","-1.0"
"166","1992","9","Punjab","Amritsar","36.0","41.0","92.0","178.0","0.0","0.0","0.0","0.0"
"166","1997","9","Punjab","Amritsar","0.0","0.0","0.0","0.0","0.0","0.0","0.0","0.0"
"166","2003","9","Punjab","Amritsar","14.26","0.04","119.77","0.73","16.86","0.11","71.22","0.41"
"166","2007","9","Punjab","Amritsar","9.25","1.0","99.16","9.31","46.38","1.27","12.39","4.0"
"166","2012","9","Punjab","Amritsar","14.02","0.74","172.12","4.77","16.62","0.53","93.04","2.02"
"166","2019","9","Punjab","Amritsar","4.36","1.13","167.47","18.45","4.32","0.63","92.07","9.11"
"167","1966","9","Punjab","Kapurthala","-1.0","-1.0","-1.0","-1.0","-1.0","-1.0","-1.0","-1.0"
"167","1972","9","Punjab","Kapurthala","-1.0","-1.0","-1.0","-1.0","-1.0","-1.0","-1.0","-1.0"
"167","1977","9","Punjab","Kapurthala","-1.0","-1.0","-1.0","-1.0","-1.0","-1.0","-1.0","-1.0"
"167","1987","9","Punjab","Kapurthala","-1.0","-1.0","-1.0","-1.0","-1.0","-1.0","-1.0","-1.0"
"167","1992","9","Punjab","Kapurthala","11.0","4.0","38.0","54.0","0.0","0.0","0.0","0.0"
"167","1997","9","Punjab","Kapurthala","-1.0","-1.0","-1.0","-1.0","-1.0","-1.0","-1.0","-1.0"
"167","2003","9","Punjab","Kapurthala","4.56","0.75","32.31","0.49","3.66","0.05","21.16","0.25"
"167","2007","9","Punjab","Kapurthala","2.73","0.18","30.67","1.12","14.58","0.15","3.41","0.71"
"167","2012","9","Punjab","Kapurthala","3.07","0.12","38.31","0.48","4.75","0.08","20.88","0.19"
"167","2019","9","Punjab","Kapurthala","1.16","0.17","42.51","2.3","1.27","0.08","23.97","1.22"
"168","1966","9","Punjab","Jalandhar","-1.0","-1.0","-1.0","-1.0","-1.0","-1.0","-1.0","-1.0"
"168","1972","9","Punjab","Jalandhar","-1.0","-1.0","-1.0","-1.0","-1.0","-1.0","-1.0","-1.0"
"168","1977","9","Punjab","Jalandhar","-1.0","-1.0","-1.0","-1.0","-1.0","-1.0","-1.0","-1.0"
"168","1987","9","Punjab","Jalandhar","-1.0","-1.0","-1.0","-1.0","-1.0","-1.0","-1.0","-1.0"
"168","1992","9","Punjab","Jalandhar","27.0","23.0","93.0","139.0","0.0","0.0","0.0","0.0"
"168","1997","9","Punjab","Jalandhar","-1.0","-1.0","-1.0","-1.0","-1.0","-1.0","-1.0","-1.0"
"168","2003","9","Punjab","Jalandhar","11.93","7.76","86.09","1.51","9.13","0.37","50.37","0.85"
"168","2007","9","Punjab","Jalandhar","9.08","0.71","69.2","1.3","34.12","0.32","8.67","0.78"
"168","2012","9","Punjab","Jalandhar","8.8","1.49","98.03","1.12","7.64","0.19","51.7","0.5"
"168","2019","9","Punjab","Jalandhar","2.85","1.13","118.58","3.92","2.56","0.42","57.8","1.67"
"169","1966","9","Punjab","Hoshiarpur","-1.0","-1.0","-1.0","-1.0","-1.0","-1.0","-1.0","-1.0"
"169","1972","9","Punjab","Hoshiarpur","-1.0","-1.0","-1.0","-1.0","-1.0","-1.0","-1.0","-1.0"
"169","1977","9","Punjab","Hoshiarpur","-1.0","-1.0","-1.0","-1.0","-1.0","-1.0","-1.0","-1.0"
"169","1987","9","Punjab","Hoshiarpur","-1.0","-1.0","-1.0","-1.0","-1.0","-1.0","-1.0","-1.0"
"169","1992","9","Punjab","Hoshiarpur","32.0","38.0","64.0","133.0","0.0","0.0","0.0","0.0"
"169","1997","9","Punjab","Hoshiarpur","-1.0","-1.0","-1.0","-1.0","-1.0","-1.0","-1.0","-1.0"
"169","2003","9","Punjab","Hoshiarpur","15.1","22.16","65.6","9.65","8.13","2.49","38.3","4.81"
"169","2007","9","Punjab","Hoshiarpur","12.21","11.18","62.5","11.5","32.16","2.51","10.64","5.37"
"169","2012","9","Punjab","Hoshiarpur","13.71","4.72","91.58","4.53","10.93","0.73","51.62","2.38"
"169","2019","9","Punjab","Hoshiarpur","2.85","2.68","96.23","12.04","2.47","0.81","50.9","8.37"
"170","1966","9","Punjab","Roopnagar / Ropar","-1.0","-1.0","-1.0","-1.0","-1.0","-1.0","-1.0","-1.0"
"170","1972","9","Punjab","Roopnagar / Ropar","-1.0","-1.0","-1.0","-1.0","-1.0","-1.0","-1.0","-1.0"
"170","1977","9","Punjab","Roopnagar / Ropar","-1.0","-1.0","-1.0","-1.0","-1.0","-1.0","-1.0","-1.0"
"170","1987","9","Punjab","Roopnagar / Ropar","-1.0","-1.0","-1.0","-1.0","-1.0","-1.0","-1.0","-1.0"
"170","1992","9","Punjab","Roopnagar / Ropar","4.0","37.0","16.0","34.0","0.0","0.0","0.0","0.0"
"170","1997","9","Punjab","Roopnagar / Ropar","-1.0","-1.0","-1.0","-1.0","-1.0","-1.0","-1.0","-1.0"
"170","2003","9","Punjab","Roopnagar / Ropar","5.41","15.63","19.66","0.99","1.99","0.43","10.47","0.47"
"170","2007","9","Punjab","Roopnagar / Ropar","3.31","8.81","20.27","2.5","10.03","0.85","2.67","1.26"
"170","2012","9","Punjab","Roopnagar / Ropar","3.92","6.84","42.05","0.87","2.81","0.17","22.83","0.35"
"170","2019","9","Punjab","Roopnagar / Ropar","1.39","3.64","54.07","3.27","0.83","0.35","28.35","1.8"
"171","1966","9","Punjab","Ludhiana","-1.0","-1.0","-1.0","-1.0","-1.0","-1.0","-1.0","-1.0"
"171","1972","9","Punjab","Ludhiana","-1.0","-1.0","-1.0","-1.0","-1.0","-1.0","-1.0","-1.0"
"171","1977","9","Punjab","Ludhiana","-1.0","-1.0","-1.0","-1.0","-1.0","-1.0","-1.0","-1.0"
"171","1987","9","Punjab","Ludhiana","-1.0","-1.0","-1.0","-1.0","-1.0","-1.0","-1.0","-1.0"
"171","1992","9","Punjab","Ludhiana","21.05","37.25","81.2","127.4","0.0","0.0","0.0","0.0"
"171","1997","9","Punjab","Ludhiana","-1.0","-1.0","-1.0","-1.0","-1.0","-1.0","-1.0","-1.0"
"171","2003","9","Punjab","Ludhiana","18.38","25.36","64.63","2.42","8.74","4.05","31.83","1.22"
"171","2007","9","Punjab","Ludhiana","11.85","19.08","75.32","10.24","31.14","5.43","7.35","4.16"
"171","2012","9","Punjab","Ludhiana","14.4","18.23","116.36","3.57","8.51","0.77","50.99","0.94"
"171","2019","9","Punjab","Ludhiana","4.39","9.76","140.27","9.35","3.51","1.22","65.43","3.67"
"172","1966","9","Punjab","Ferozpur","-1.0","-1.0","-1.0","-1.0","-1.0","-1.0","-1.0","-1.0"
"172","1972","9","Punjab","Ferozpur","-1.0","-1.0","-1.0","-1.0","-1.0","-1.0","-1.0","-1.0"
"172","1977","9","Punjab","Ferozpur","-1.0","-1.0","-1.0","-1.0","-1.0","-1.0","-1.0","-1.0"
"172","1987","9","Punjab","Ferozpur","-1.0","-1.0","-1.0","-1.0","-1.0","-1.0","-1.0","-1.0"
"172","1992","9","Punjab","Ferozpur","33.4","121.46","88.84","288.78","0.0","0.0","0.0","0.0"
"172","1997","9","Punjab","Ferozpur","-1.0","-1.0","-1.0","-1.0","-1.0","-1.0","-1.0","-1.0"
"172","2003","9","Punjab","Ferozpur","22.29","35.73","106.09","34.73","19.96","11.14","70.35","24.92"
"172","2007","9","Punjab","Ferozpur","16.75","29.25","134.57","53.64","73.49","12.12","18.38","28.91"
"172","2012","9","Punjab","Ferozpur","23.47","30.86","226.43","38.83","23.55","5.93","126.87","19.1"
"172","2019","9","Punjab","Ferozpur","3.58","12.8","211.11","61.16","6.45","5.28","125.73","36.63"
"174","1966","9","Punjab","Bhatinda","-1.0","-1.0","-1.0","-1.0","-1.0","-1.0","-1.0","-1.0"
"174","1972","9","Punjab","Bhatinda","-1.0","-1.0","-1.0","-1.0","-1.0","-1.0","-1.0","-1.0"
"174","1977","9","Punjab","Bhatinda","-1.0","-1.0","-1.0","-1.0","-1.0","-1.0","-1.0","-1.0"
"174","1987","9","Punjab","Bhatinda","-1.0","-1.0","-1.0","-1.0","-1.0","-1.0","-1.0","-1.0"
"174","1992","9","Punjab","Bhatinda","10.6","37.54","49.16","199.22","0.0","0.0","0.0","0.0"
"174","1997","9","Punjab","Bhatinda","-1.0","-1.0","-1.0","-1.0","-1.0","-1.0","-1.0","-1.0"
"174","2003","9","Punjab","Bhatinda","14.31","45.21","57.62","28.53","13.72","17.53","40.24","18.33"
"174","2007","9","Punjab","Bhatinda","9.19","36.25","59.88","36.44","33.89","15.72","12.92","18.86"
"174","2012","9","Punjab","Bhatinda","11.48","38.76","98.7","26.47","15.52","7.09","65.19","14.06"
"174","2019","9","Punjab","Bhatinda","4.89","12.76","136.94","38.98","7.14","4.85","87.84","21.46"
"175","1966","9","Punjab","Sangrur","-1.0","-1.0","-1.0","-1.0","-1.0","-1.0","-1.0","-1.0"
"175","1972","9","Punjab","Sangrur","-1.0","-1.0","-1.0","-1.0","-1.0","-1.0","-1.0","-1.0"
"175","1977","9","Punjab","Sangrur","-1.0","-1.0","-1.0","-1.0","-1.0","-1.0","-1.0","-1.0"
"175","1987","9","Punjab","Sangrur","-1.0","-1.0","-1.0","-1.0","-1.0","-1.0","-1.0","-1.0"
"175","1992","9","Punjab","Sangrur","18.56","69.2","46.24","193.48","0.0","0.0","0.0","0.0"
"175","1997","9","Punjab","Sangrur","-1.0","-1.0","-1.0","-1.0","-1.0","-1.0","-1.0","-1.0"
"175","2003","9","Punjab","Sangrur","12.77","45.97","37.42","14.62","8.17","13.41","21.78","9.71"
"175","2007","9","Punjab","Sangrur","9.03","42.06","38.64","26.88","18.48","14.73","6.97","13.77"
"175","2012","9","Punjab","Sangrur","7.69","50.77","81.71","23.57","9.74","5.23","44.56","10.07"
"175","2019","9","Punjab","Sangrur","2.93","21.67","102.93","26.44","3.44","4.49","53.8","14.87"
"176","1966","9","Punjab","Patiala","-1.0","-1.0","-1.0","-1.0","-1.0","-1.0","-1.0","-1.0"
"176","1972","9","Punjab","Patiala","-1.0","-1.0","-1.0","-1.0","-1.0","-1.0","-1.0","-1.0"
"176","1977","9","Punjab","Patiala","-1.0","-1.0","-1.0","-1.0","-1.0","-1.0","-1.0","-1.0"
"176","1987","9","Punjab","Patiala","-1.0","-1.0","-1.0","-1.0","-1.0","-1.0","-1.0","-1.0"
"176","1992","9","Punjab","Patiala","21.39","44.55","88.56","199.12","0.0","0.0","0.0","0.0"
"176","1997","9","Punjab","Patiala","-1.0","-1.0","-1.0","-1.0","-1.0","-1.0","-1.0","-1.0"
"176","2003","9","Punjab","Patiala","15.37","17.04","59.49","7.51","9.66","3.06","33.34","4.27"
"176","2007","9","Punjab","Patiala","11.07","14.14","61.56","14.6","27.43","4.41","8.47","6.68"
"176","2012","9","Punjab","Patiala","11.06","15.03","93.86","5.84","7.82","0.98","48.22","2.26"
"176","2019","9","Punjab","Patiala","3.2","7.79","104.65","14.83","3.16","1.36","55.7","7.16"
"177","1966","4","Haryana","Hissar","-1.0","-1.0","-1.0","-1.0","-1.0","-1.0","-1.0","-1.0"
"177","1972","4","Haryana","Hissar","-1.0","-1.0","-1.0","-1.0","-1.0","-1.0","-1.0","-1.0"
"177","1977","4","Haryana","Hissar","-1.0","-1.0","-1.0","-1.0","-1.0","-1.0","-1.0","-1.0"
"177","1982","4","Haryana","Hissar","-1.0","-1.0","-1.0","-1.0","-1.0","-1.0","-1.0","-1.0"
"177","1988","4","Haryana","Hissar","-1.0","-1.0","-1.0","-1.0","-1.0","-1.0","-1.0","-1.0"
"177","1992","4","Haryana","Hissar","6.0","151.33","30.71","145.82","4.0","35.97","9.0","49.23"
"177","1997","4","Haryana","Hissar","-1.0","-1.0","-1.0","-1.0","-1.0","-1.0","-1.0","-1.0"
"177","2003","4","Haryana","Hissar","12.92","137.76","60.53","90.86","14.51","35.1","40.44","58.64"
"177","2007","4","Haryana","Hissar","9.88","131.9","68.51","120.73","16.13","40.24","46.37","72.96"
"177","2012","4","Haryana","Hissar","14.22","110.59","114.42","121.84","26.91","32.02","78.42","70.68"
"177","2019","4","Haryana","Hissar","13.5","63.31","134.93","143.0","22.52","34.61","94.48","109.42"
"180","1966","4","Haryana","Gurgaon","-1.0","-1.0","-1.0","-1.0","-1.0","-1.0","-1.0","-1.0"
"180","1972","4","Haryana","Gurgaon","-1.0","-1.0","-1.0","-1.0","-1.0","-1.0","-1.0","-1.0"
"180","1977","4","Haryana","Gurgaon","-1.0","-1.0","-1.0","-1.0","-1.0","-1.0","-1.0","-1.0"
"180","1982","4","Haryana","Gurgaon","-1.0","-1.0","-1.0","-1.0","-1.0","-1.0","-1.0","-1.0"
"180","1988","4","Haryana","Gurgaon","-1.0","-1.0","-1.0","-1.0","-1.0","-1.0","-1.0","-1.0"
"180","1992","4","Haryana","Gurgaon","4.0","49.0","14.0","78.0","2.0","16.0","4.0","20.0"
"180","1997","4","Haryana","Gurgaon","-1.0","-1.0","-1.0","-1.0","-1.0","-1.0","-1.0","-1.0"
"180","2003","4","Haryana","Gurgaon","1.56","6.5","19.63","31.63","4.8","8.12","11.82","20.62"
"180","2007","4","Haryana","Gurgaon","2.03","7.14","23.99","52.34","6.01","14.83","13.48","27.63"
"180","2012","4","Haryana","Gurgaon","2.51","4.59","51.75","38.82","12.21","10.31","28.3","17.96"
"180","2019","4","Haryana","Gurgaon","3.83","6.21","51.57","50.93","5.66","5.53","30.41","32.26"
"181","1966","4","Haryana","Jind","-1.0","-1.0","-1.0","-1.0","-1.0","-1.0","-1.0","-1.0"
"181","1972","4","Haryana","Jind","-1.0","-1.0","-1.0","-1.0","-1.0","-1.0","-1.0","-1.0"
"181","1977","4","Haryana","Jind","-1.0","-1.0","-1.0","-1.0","-1.0","-1.0","-1.0","-1.0"
"181","1982","4","Haryana","Jind","-1.0","-1.0","-1.0","-1.0","-1.0","-1.0","-1.0","-1.0"
"181","1988","4","Haryana","Jind","-1.0","-1.0","-1.0","-1.0","-1.0","-1.0","-1.0","-1.0"
"181","1992","4","Haryana","Jind","1.72","72.18","3.44","52.2","1.36","20.52","1.54","20.06"
"181","1997","4","Haryana","Jind","-1.0","-1.0","-1.0","-1.0","-1.0","-1.0","-1.0","-1.0"
"181","2003","4","Haryana","Jind","2.72","52.64","6.17","30.18","1.84","16.03","4.02","18.88"
"181","2007","4","Haryana","Jind","1.81","53.84","6.77","32.21","1.88","17.14","4.47","18.12"
"181","2012","4","Haryana","Jind","2.32","49.88","16.6","27.41","3.72","10.84","10.22","14.84"
"181","2019","4","Haryana","Jind","1.94","36.34","15.5","33.84","2.13","10.1","10.01","23.33"
"182","1966","4","Haryana","Mahendragarh / Narnaul","-1.0","-1.0","-1.0","-1.0","-1.0","-1.0","-1.0","-1.0"
"182","1972","4","Haryana","Mahendragarh / Narnaul","-1.0","-1.0","-1.0","-1.0","-1.0","-1.0","-1.0","-1.0"
"182","1977","4","Haryana","Mahendragarh / Narnaul","-1.0","-1.0","-1.0","-1.0","-1.0","-1.0","-1.0","-1.0"
"182","1982","4","Haryana","Mahendragarh / Narnaul","-1.0","-1.0","-1.0","-1.0","-1.0","-1.0","-1.0","-1.0"
"182","1988","4","Haryana","Mahendragarh / Narnaul","-1.0","-1.0","-1.0","-1.0","-1.0","-1.0","-1.0","-1.0"
"182","1992","4","Haryana","Mahendragarh / Narnaul","0.0","14.02","2.16","44.71","0.87","9.51","1.0","14.99"
"182","1997","4","Haryana","Mahendragarh / Narnaul","-1.0","-1.0","-1.0","-1.0","-1.0","-1.0","-1.0","-1.0"
"182","2003","4","Haryana","Mahendragarh / Narnaul","0.23","5.87","5.31","24.06","1.39","7.01","3.62","17.9"
"182","2007","4","Haryana","Mahendragarh / Narnaul","0.19","5.53","10.99","28.11","2.57","8.42","7.93","19.14"
"182","2012","4","Haryana","Mahendragarh / Narnaul","1.02","6.81","37.09","24.19","8.89","6.89","26.43","15.54"
"182","2019","4","Haryana","Mahendragarh / Narnaul","1.27","7.92","29.68","32.97","3.51","7.42","21.94","26.64"
"183","1966","4","Haryana","Ambala","-1.0","-1.0","-1.0","-1.0","-1.0","-1.0","-1.0","-1.0"
"183","1972","4","Haryana","Ambala","-1.0","-1.0","-1.0","-1.0","-1.0","-1.0","-1.0","-1.0"
"183","1977","4","Haryana","Ambala","-1.0","-1.0","-1.0","-1.0","-1.0","-1.0","-1.0","-1.0"
"183","1982","4","Haryana","Ambala","-1.0","-1.0","-1.0","-1.0","-1.0","-1.0","-1.0","-1.0"
"183","1988","4","Haryana","Ambala","-1.0","-1.0","-1.0","-1.0","-1.0","-1.0","-1.0","-1.0"
"183","1992","4","Haryana","Ambala","7.0","63.0","24.0","65.0","6.0","15.0","10.0","20.0"
"183","1997","4","Haryana","Ambala","-1.0","-1.0","-1.0","-1.0","-1.0","-1.0","-1.0","-1.0"
"183","2003","4","Haryana","Ambala","12.18","29.54","59.44","24.34","12.79","7.91","34.87","13.4"
"183","2007","4","Haryana","Ambala","7.11","22.54","55.7","38.68","11.08","9.11","31.32","18.93"
"183","2012","4","Haryana","Ambala","10.38","10.45","97.65","14.63","16.72","2.63","49.62","7.23"
"183","2019","4","Haryana","Ambala","3.54","8.05","95.79","24.27","5.63","2.79","55.78","14.97"
"184","1966","4","Haryana","Karnal","-1.0","-1.0","-1.0","-1.0","-1.0","-1.0","-1.0","-1.0"
"184","1972","4","Haryana","Karnal","-1.0","-1.0","-1.0","-1.0","-1.0","-1.0","-1.0","-1.0"
"184","1977","4","Haryana","Karnal","-1.0","-1.0","-1.0","-1.0","-1.0","-1.0","-1.0","-1.0"
"184","1982","4","Haryana","Karnal","-1.0","-1.0","-1.0","-1.0","-1.0","-1.0","-1.0","-1.0"
"184","1988","4","Haryana","Karnal","-1.0","-1.0","-1.0","-1.0","-1.0","-1.0","-1.0","-1.0"
"184","1992","4","Haryana","Karnal","29.28","101.82","72.56","101.8","18.64","33.48","26.46","40.94"
"184","1997","4","Haryana","Karnal","-1.0","-1.0","-1.0","-1.0","-1.0","-1.0","-1.0","-1.0"
"184","2003","4","Haryana","Karnal","16.98","31.38","90.91","46.89","17.81","14.66","55.67","30.47"
"184","2007","4","Haryana","Karnal","11.94","25.43","97.44","55.64","19.44","16.19","60.21","30.47"
"184","2012","4","Haryana","Karnal","13.88","18.3","147.33","48.98","27.32","10.45","85.92","22.73"
"184","2019","4","Haryana","Karnal","6.97","18.03","153.46","63.48","14.9","13.68","94.16","42.6"
"186","1966","4","Haryana","Rohtak","-1.0","-1.0","-1.0","-1.0","-1.0","-1.0","-1.0","-1.0"
"186","1972","4","Haryana","Rohtak","-1.0","-1.0","-1.0","-1.0","-1.0","-1.0","-1.0","-1.0"
"186","1977","4","Haryana","Rohtak","-1.0","-1.0","-1.0","-1.0","-1.0","-1.0","-1.0","-1.0"
"186","1982","4","Haryana","Rohtak","-1.0","-1.0","-1.0","-1.0","-1.0","-1.0","-1.0","-1.0"
"186","1988","4","Haryana","Rohtak","-1.0","-1.0","-1.0","-1.0","-1.0","-1.0","-1.0","-1.0"
"186","1992","4","Haryana","Rohtak","5.0","56.65","16.13","65.47","5.13","18.52","6.0","22.78"
"186","1997","4","Haryana","Rohtak","-1.0","-1.0","-1.0","-1.0","-1.0","-1.0","-1.0","-1.0"
"186","2003","4","Haryana","Rohtak","2.85","28.17","17.66","36.36","5.0","14.8","11.31","25.49"
"186","2007","4","Haryana","Rohtak","2.35","24.36","23.0","48.18","7.6","18.23","16.1","28.16"
"186","2012","4","Haryana","Rohtak","4.75","22.74","56.66","46.42","15.03","14.78","35.84","29.5"
"186","2019","4","Haryana","Rohtak","4.98","22.93","56.36","58.97","7.69","14.55","37.0","41.39"
"189","1966","12","Uttar Pradesh","Saharanpur","-1.0","-1.0","-1.0","-1.0","-1.0","-1.0","-1.0","-1.0"
"189","1972","12","Uttar Pradesh","Saharanpur","-1.0","-1.0","-1.0","-1.0","-1.0","-1.0","-1.0","-1.0"
"189","1978","12","Uttar Pradesh","Saharanpur","-1.0","-1.0","-1.0","-1.0","-1.0","-1.0","-1.0","-1.0"
"189","1982","12","Uttar Pradesh","Saharanpur","-1.0","-1.0","-1.0","-1.0","-1.0","-1.0","-1.0","-1.0"
"189","1988","12","Uttar Pradesh","Saharanpur","-1.0","-1.0","-1.0","-1.0","-1.0","-1.0","-1.0","-1.0"
"189","1993","12","Uttar Pradesh","Saharanpur","3.0","143.0","10.0","121.0","3.0","60.0","6.0","70.0"
"189","1997","12","Uttar Pradesh","Saharanpur","-1.0","-1.0","-1.0","-1.0","-1.0","-1.0","-1.0","-1.0"
"189","2003","12","Uttar Pradesh","Saharanpur","3.4","65.16","13.18","83.78","3.23","36.3","7.73","53.29"
"189","2007","12","Uttar Pradesh","Saharanpur","13.17","37.75","55.86","94.84","34.09","32.17","17.82","58.32"
"189","2012","12","Uttar Pradesh","Saharanpur","12.51","26.8","127.57","79.53","29.01","22.11","70.45","44.9"
"189","2019","12","Uttar Pradesh","Saharanpur","6.39","12.43","153.63","78.18","15.64","9.3","110.13","60.21"
"190","1966","12","Uttar Pradesh","Muzaffarnagar","-1.0","-1.0","-1.0","-1.0","-1.0","-1.0","-1.0","-1.0"
"190","1972","12","Uttar Pradesh","Muzaffarnagar","-1.0","-1.0","-1.0","-1.0","-1.0","-1.0","-1.0","-1.0"
"190","1978","12","Uttar Pradesh","Muzaffarnagar","-1.0","-1.0","-1.0","-1.0","-1.0","-1.0","-1.0","-1.0"
"190","1982","12","Uttar Pradesh","Muzaffarnagar","-1.0","-1.0","-1.0","-1.0","-1.0","-1.0","-1.0","-1.0"
"190","1988","12","Uttar Pradesh","Muzaffarnagar","-1.0","-1.0","-1.0","-1.0","-1.0","-1.0","-1.0","-1.0"
"190","1993","12","Uttar Pradesh","Muzaffarnagar","4.0","87.0","13.0","79.0","4.0","46.0","8.0","45.0"
"190","1997","12","Uttar Pradesh","Muzaffarnagar","-1.0","-1.0","-1.0","-1.0","-1.0","-1.0","-1.0","-1.0"
"190","2003","12","Uttar Pradesh","Muzaffarnagar","0.63","35.36","7.39","51.66","3.13","26.62","5.03","30.52"
"190","2007","12","Uttar Pradesh","Muzaffarnagar","11.7","17.61","61.34","38.85","37.06","12.52","19.96","24.19"
"190","2012","12","Uttar Pradesh","Muzaffarnagar","11.32","8.8","123.42","29.69","25.09","6.16","73.14","16.56"
"190","2019","12","Uttar Pradesh","Muzaffarnagar","6.68","6.99","180.34","36.15","14.04","4.01","131.73","29.17"
"191","1966","12","Uttar Pradesh","Meerut","-1.0","-1.0","-1.0","-1.0","-1.0","-1.0","-1.0","-1.0"
"191","1972","12","Uttar Pradesh","Meerut","-1.0","-1.0","-1.0","-1.0","-1.0","-1.0","-1.0","-1.0"
"191","1978","12","Uttar Pradesh","Meerut","-1.0","-1.0","-1.0","-1.0","-1.0","-1.0","-1.0","-1.0"
"191","1982","12","Uttar Pradesh","Meerut","-1.0","-1.0","-1.0","-1.0","-1.0","-1.0","-1.0","-1.0"
"191","1988","12","Uttar Pradesh","Meerut","-1.0","-1.0","-1.0","-1.0","-1.0","-1.0","-1.0","-1.0"
"191","1993","12","Uttar Pradesh","Meerut","6.34","130.4","19.8","93.08","7.9","52.04","12.46","52.38"
"191","1997","12","Uttar Pradesh","Meerut","-1.0","-1.0","-1.0","-1.0","-1.0","-1.0","-1.0","-1.0"
"191","2003","12","Uttar Pradesh","Meerut","7.55","87.58","22.74","87.66","10.36","55.36","15.38","57.89"
"191","2007","12","Uttar Pradesh","Meerut","20.12","20.76","97.47","72.66","56.82","22.89","29.18","41.99"
"191","2012","12","Uttar Pradesh","Meerut","23.75","10.61","162.5","52.19","34.66","10.07","86.1","26.08"
"191","2019","12","Uttar Pradesh","Meerut","15.22","8.39","254.7","84.8","19.83","7.8","170.25","58.21"
"192","1966","12","Uttar Pradesh","Buland Shahar","-1.0","-1.0","-1.0","-1.0","-1.0","-1.0","-1.0","-1.0"
"192","1972","12","Uttar Pradesh","Buland Shahar","-1.0","-1.0","-1.0","-1.0","-1.0","-1.0","-1.0","-1.0"
"192","1978","12","Uttar Pradesh","Buland Shahar","-1.0","-1.0","-1.0","-1.0","-1.0","-1.0","-1.0","-1.0"
"192","1982","12","Uttar Pradesh","Buland Shahar","-1.0","-1.0","-1.0","-1.0","-1.0","-1.0","-1.0","-1.0"
"192","1988","12","Uttar Pradesh","Buland Shahar","-1.0","-1.0","-1.0","-1.0","-1.0","-1.0","-1.0","-1.0"
"192","1993","12","Uttar Pradesh","Buland Shahar","6.66","93.6","13.2","58.92","7.1","31.96","8.54","32.62"
"192","1997","12","Uttar Pradesh","Buland Shahar","-1.0","-1.0","-1.0","-1.0","-1.0","-1.0","-1.0","-1.0"
"192","2003","12","Uttar Pradesh","Buland Shahar","6.39","95.43","16.28","58.75","8.04","33.04","10.87","40.16"
"192","2007","12","Uttar Pradesh","Buland Shahar","13.94","24.83","44.56","49.18","22.93","16.2","12.42","26.02"
"192","2012","12","Uttar Pradesh","Buland Shahar","20.43","16.65","85.03","45.89","20.41","10.71","39.82","25.62"
"192","2019","12","Uttar Pradesh","Buland Shahar","15.91","14.1","116.53","79.09","9.62","6.89","74.51","52.18"
"194","1966","12","Uttar Pradesh","Aligarh","-1.0","-1.0","-1.0","-1.0","-1.0","-1.0","-1.0","-1.0"
"194","1972","12","Uttar Pradesh","Aligarh","-1.0","-1.0","-1.0","-1.0","-1.0","-1.0","-1.0","-1.0"
"194","1978","12","Uttar Pradesh","Aligarh","-1.0","-1.0","-1.0","-1.0","-1.0","-1.0","-1.0","-1.0"
"194","1982","12","Uttar Pradesh","Aligarh","-1.0","-1.0","-1.0","-1.0","-1.0","-1.0","-1.0","-1.0"
"194","1988","12","Uttar Pradesh","Aligarh","-1.0","-1.0","-1.0","-1.0","-1.0","-1.0","-1.0","-1.0"
"194","1993","12","Uttar Pradesh","Aligarh","2.0","98.0","5.0","65.0","2.0","36.0","3.0","37.0"
"194","1997","12","Uttar Pradesh","Aligarh","-1.0","-1.0","-1.0","-1.0","-1.0","-1.0","-1.0","-1.0"
"194","2003","12","Uttar Pradesh","Aligarh","3.15","51.15","27.12","78.82","9.8","34.28","18.2","55.76"
"194","2007","12","Uttar Pradesh","Aligarh","6.97","29.8","34.03","104.5","16.9","33.81","10.5","55.63"
"194","2012","12","Uttar Pradesh","Aligarh","6.72","19.42","49.68","88.59","10.88","17.65","26.36","46.82"
"194","2019","12","Uttar Pradesh","Aligarh","10.72","15.56","113.03","117.99","9.92","9.52","74.17","84.85"
"195","1966","12","Uttar Pradesh","Mathura","-1.0","-1.0","-1.0","-1.0","-1.0","-1.0","-1.0","-1.0"
"195","1972","12","Uttar Pradesh","Mathura","-1.0","-1.0","-1.0","-1.0","-1.0","-1.0","-1.0","-1.0"
"195","1978","12","Uttar Pradesh","Mathura","-1.0","-1.0","-1.0","-1.0","-1.0","-1.0","-1.0","-1.0"
"195","1982","12","Uttar Pradesh","Mathura","-1.0","-1.0","-1.0","-1.0","-1.0","-1.0","-1.0","-1.0"
"195","1988","12","Uttar Pradesh","Mathura","-1.0","-1.0","-1.0","-1.0","-1.0","-1.0","-1.0","-1.0"
"195","1993","12","Uttar Pradesh","Mathura","0.0","27.0","3.0","50.0","1.0","18.0","2.0","25.0"
"195","1997","12","Uttar Pradesh","Mathura","-1.0","-1.0","-1.0","-1.0","-1.0","-1.0","-1.0","-1.0"
"195","2003","12","Uttar Pradesh","Mathura","0.5","7.49","4.27","16.82","1.09","7.31","2.59","9.64"
"195","2007","12","Uttar Pradesh","Mathura","1.13","9.92","7.92","64.12","4.67","26.24","3.18","35.06"
"195","2012","12","Uttar Pradesh","Mathura","0.6","7.31","13.66","108.54","1.52","18.61","9.82","66.13"
"195","2019","12","Uttar Pradesh","Mathura","1.14","7.0","31.27","89.4","1.81","8.46","19.32","55.84"
"196","1966","12","Uttar Pradesh","Agra","-1.0","-1.0","-1.0","-1.0","-1.0","-1.0","-1.0","-1.0"
"196","1972","12","Uttar Pradesh","Agra","-1.0","-1.0","-1.0","-1.0","-1.0","-1.0","-1.0","-1.0"
"196","1978","12","Uttar Pradesh","Agra","-1.0","-1.0","-1.0","-1.0","-1.0","-1.0","-1.0","-1.0"
"196","1982","12","Uttar Pradesh","Agra","-1.0","-1.0","-1.0","-1.0","-1.0","-1.0","-1.0","-1.0"
"196","1988","12","Uttar Pradesh","Agra","-1.0","-1.0","-1.0","-1.0","-1.0","-1.0","-1.0","-1.0"
"196","1993","12","Uttar Pradesh","Agra","0.34","43.3","6.68","58.86","1.34","33.18","4.68","33.12"
"196","1997","12","Uttar Pradesh","Agra","-1.0","-1.0","-1.0","-1.0","-1.0","-1.0","-1.0","-1.0"
"196","2003","12","Uttar Pradesh","Agra","2.53","27.18","10.26","54.27","5.04","33.8","7.59","45.0"
"196","2007","12","Uttar Pradesh","Agra","1.57","5.51","20.24","62.42","10.49","18.22","6.56","33.91"
"196","2012","12","Uttar Pradesh","Agra","2.55","4.9","36.38","91.33","6.57","34.26","18.86","49.75"
"196","2019","12","Uttar Pradesh","Agra","2.58","1.89","78.42","97.04","2.43","2.05","62.56","91.67"
"197","1966","12","Uttar Pradesh","Mainpuri","-1.0","-1.0","-1.0","-1.0","-1.0","-1.0","-1.0","-1.0"
"197","1972","12","Uttar Pradesh","Mainpuri","-1.0","-1.0","-1.0","-1.0","-1.0","-1.0","-1.0","-1.0"
"197","1978","12","Uttar Pradesh","Mainpuri","-1.0","-1.0","-1.0","-1.0","-1.0","-1.0","-1.0","-1.0"
"197","1982","12","Uttar Pradesh","Mainpuri","-1.0","-1.0","-1.0","-1.0","-1.0","-1.0","-1.0","-1.0"
"197","1988","12","Uttar Pradesh","Mainpuri","-1.0","-1.0","-1.0","-1.0","-1.0","-1.0","-1.0","-1.0"
"197","1993","12","Uttar Pradesh","Mainpuri","0.66","64.7","2.32","46.14","0.66","43.82","1.32","28.88"
"197","1997","12","Uttar Pradesh","Mainpuri","-1.0","-1.0","-1.0","-1.0","-1.0","-1.0","-1.0","-1.0"
"197","2003","12","Uttar Pradesh","Mainpuri","3.57","72.01","8.09","86.2","2.9","57.36","4.76","59.06"
"197","2007","12","Uttar Pradesh","Mainpuri","1.59","41.19","10.61","61.55","7.46","30.47","5.58","33.78"
"197","2012","12","Uttar Pradesh","Mainpuri","0.82","14.15","11.47","63.0","2.82","16.8","6.55","36.19"
"197","2019","12","Uttar Pradesh","Mainpuri","1.71","4.03","67.91","57.99","3.97","4.07","59.88","48.52"
"198","1966","12","Uttar Pradesh","Etah","-1.0","-1.0","-1.0","-1.0","-1.0","-1.0","-1.0","-1.0"
"198","1972","12","Uttar Pradesh","Etah","-1.0","-1.0","-1.0","-1.0","-1.0","-1.0","-1.0","-1.0"
"198","1978","12","Uttar Pradesh","Etah","-1.0","-1.0","-1.0","-1.0","-1.0","-1.0","-1.0","-1.0"
"198","1982","12","Uttar Pradesh","Etah","-1.0","-1.0","-1.0","-1.0","-1.0","-1.0","-1.0","-1.0"
"198","1988","12","Uttar Pradesh","Etah","-1.0","-1.0","-1.0","-1.0","-1.0","-1.0","-1.0","-1.0"
"198","1993","12","Uttar Pradesh","Etah","2.0","164.0","3.0","49.0","1.0","41.0","1.0","25.0"
"198","1997","12","Uttar Pradesh","Etah","-1.0","-1.0","-1.0","-1.0","-1.0","-1.0","-1.0","-1.0"
"198","2003","12","Uttar Pradesh","Etah","0.03","158.73","0.44","149.34","0.12","47.84","0.29","52.24"
"198","2007","12","Uttar Pradesh","Etah","3.84","70.17","12.23","48.1","8.61","36.08","7.83","33.4"
"198","2012","12","Uttar Pradesh","Etah","5.1","35.5","14.91","107.71","4.69","14.27","8.9","52.56"
"198","2019","12","Uttar Pradesh","Etah","2.45","16.64","36.49","43.52","2.3","4.67","26.33","37.44"
"199","1966","12","Uttar Pradesh","Bareilly","-1.0","-1.0","-1.0","-1.0","-1.0","-1.0","-1.0","-1.0"
"199","1972","12","Uttar Pradesh","Bareilly","-1.0","-1.0","-1.0","-1.0","-1.0","-1.0","-1.0","-1.0"
"199","1978","12","Uttar Pradesh","Bareilly","-1.0","-1.0","-1.0","-1.0","-1.0","-1.0","-1.0","-1.0"
"199","1982","12","Uttar Pradesh","Bareilly","-1.0","-1.0","-1.0","-1.0","-1.0","-1.0","-1.0","-1.0"
"199","1988","12","Uttar Pradesh","Bareilly","-1.0","-1.0","-1.0","-1.0","-1.0","-1.0","-1.0","-1.0"
"199","1993","12","Uttar Pradesh","Bareilly","8.0","113.0","4.0","85.0","2.0","46.0","2.0","47.0"
"199","1997","12","Uttar Pradesh","Bareilly","0.0","0.0","0.0","0.0","0.0","0.0","0.0","0.0"
"199","2003","12","Uttar Pradesh","Bareilly","1.39","131.24","5.34","110.86","2.06","61.99","3.64","71.88"
"199","2007","12","Uttar Pradesh","Bareilly","0.81","62.85","4.3","94.54","1.73","40.44","0.78","54.72"
"199","2012","12","Uttar Pradesh","Bareilly","1.33","46.06","16.74","96.39","2.14","33.04","9.17","57.13"
"199","2019","12","Uttar Pradesh","Bareilly","1.24","13.61","20.91","91.03","2.42","15.81","15.93","74.02"
"200","1966","12","Uttar Pradesh","Budaun","-1.0","-1.0","-1.0","-1.0","-1.0","-1.0","-1.0","-1.0"
"200","1972","12","Uttar Pradesh","Budaun","-1.0","-1.0","-1.0","-1.0","-1.0","-1.0","-1.0","-1.0"
"200","1978","12","Uttar Pradesh","Budaun","-1.0","-1.0","-1.0","-1.0","-1.0","-1.0","-1.0","-1.0"
"200","1982","12","Uttar Pradesh","Budaun","-1.0","-1.0","-1.0","-1.0","-1.0","-1.0","-1.0","-1.0"
"200","1988","12","Uttar Pradesh","Budaun","-1.0","-1.0","-1.0","-1.0","-1.0","-1.0","-1.0","-1.0"
"200","1993","12","Uttar Pradesh","Budaun","19.0","230.0","4.0","81.0","3.0","47.0","2.0","42.0"
"200","1997","12","Uttar Pradesh","Budaun","-1.0","-1.0","-1.0","-1.0","-1.0","-1.0","-1.0","-1.0"
"200","2003","12","Uttar Pradesh","Budaun","0.98","45.92","14.66","43.66","6.0","23.16","9.52","33.13"
"200","2007","12","Uttar Pradesh","Budaun","2.14","165.43","6.19","107.68","3.86","68.0","3.18","61.26"
"200","2012","12","Uttar Pradesh","Budaun","6.19","93.7","21.91","99.85","5.59","28.99","12.33","58.39"
"200","2019","12","Uttar Pradesh","Budaun","10.67","38.93","37.9","108.23","6.53","22.5","28.4","93.1"
"201","1966","12","Uttar Pradesh","Moradabad","-1.0","-1.0","-1.0","-1.0","-1.0","-1.0","-1.0","-1.0"
"201","1972","12","Uttar Pradesh","Moradabad","-1.0","-1.0","-1.0","-1.0","-1.0","-1.0","-1.0","-1.0"
"201","1978","12","Uttar Pradesh","Moradabad","-1.0","-1.0","-1.0","-1.0","-1.0","-1.0","-1.0","-1.0"
"201","1982","12","Uttar Pradesh","Moradabad","-1.0","-1.0","-1.0","-1.0","-1.0","-1.0","-1.0","-1.0"
"201","1988","12","Uttar Pradesh","Moradabad","-1.0","-1.0","-1.0","-1.0","-1.0","-1.0","-1.0","-1.0"
"201","1993","12","Uttar Pradesh","Moradabad","10.0","216.0","8.0","103.0","4.0","55.0","4.0","55.0"
"201","1997","12","Uttar Pradesh","Moradabad","-1.0","-1.0","-1.0","-1.0","-1.0","-1.0","-1.0","-1.0"
"201","2003","12","Uttar Pradesh","Moradabad","0.35","44.09","6.07","121.28","1.95","57.61","4.19","85.34"
"201","2007","12","Uttar Pradesh","Moradabad","22.48","107.69","34.08","95.35","20.96","50.16","14.73","58.71"
"201","2012","12","Uttar Pradesh","Moradabad","23.82","80.89","80.94","94.22","22.05","26.59","49.26","60.29"
"201","2019","12","Uttar Pradesh","Moradabad","14.19","35.03","101.9","130.44","18.76","23.81","74.72","103.18"
"202","1966","12","Uttar Pradesh","Shahjahanpur","-1.0","-1.0","-1.0","-1.0","-1.0","-1.0","-1.0","-1.0"
"202","1972","12","Uttar Pradesh","Shahjahanpur","-1.0","-1.0","-1.0","-1.0","-1.0","-1.0","-1.0","-1.0"
"202","1978","12","Uttar Pradesh","Shahjahanpur","-1.0","-1.0","-1.0","-1.0","-1.0","-1.0","-1.0","-1.0"
"202","1982","12","Uttar Pradesh","Shahjahanpur","-1.0","-1.0","-1.0","-1.0","-1.0","-1.0","-1.0","-1.0"
"202","1988","12","Uttar Pradesh","Shahjahanpur","-1.0","-1.0","-1.0","-1.0","-1.0","-1.0","-1.0","-1.0"
"202","1993","12","Uttar Pradesh","Shahjahanpur","9.0","104.0","7.0","94.0","4.0","57.0","5.0","54.0"
"202","1997","12","Uttar Pradesh","Shahjahanpur","-1.0","-1.0","-1.0","-1.0","-1.0","-1.0","-1.0","-1.0"
"202","2003","12","Uttar Pradesh","Shahjahanpur","1.57","102.35","9.25","79.16","5.16","68.72","6.69","69.87"
"202","2007","12","Uttar Pradesh","Shahjahanpur","1.38","55.74","1.89","79.99","1.16","45.26","0.93","47.51"
"202","2012","12","Uttar Pradesh","Shahjahanpur","2.53","53.55","9.76","108.36","3.26","33.24","5.71","72.09"
"202","2019","12","Uttar Pradesh","Shahjahanpur","0.78","22.76","8.85","116.14","0.61","11.28","5.66","95.07"
"203","1966","12","Uttar Pradesh","Pilibhit","-1.0","-1.0","-1.0","-1.0","-1.0","-1.0","-1.0","-1.0"
"203","1972","12","Uttar Pradesh","Pilibhit","-1.0","-1.0","-1.0","-1.0","-1.0","-1.0","-1.0","-1.0"
"203","1978","12","Uttar Pradesh","Pilibhit","-1.0","-1.0","-1.0","-1.0","-1.0","-1.0","-1.0","-1.0"
"203","1982","12","Uttar Pradesh","Pilibhit","-1.0","-1.0","-1.0","-1.0","-1.0","-1.0","-1.0","-1.0"
"203","1988","12","Uttar Pradesh","Pilibhit","-1.0","-1.0","-1.0","-1.0","-1.0","-1.0","-1.0","-1.0"
"203","1993","12","Uttar Pradesh","Pilibhit","7.0","58.0","4.0","53.0","2.0","26.0","2.0","27.0"
"203","1997","12","Uttar Pradesh","Pilibhit","-1.0","-1.0","-1.0","-1.0","-1.0","-1.0","-1.0","-1.0"
"203","2003","12","Uttar Pradesh","Pilibhit","5.59","26.53","21.55","20.79","7.03","9.4","14.06","12.56"
"203","2007","12","Uttar Pradesh","Pilibhit","1.72","36.34","3.34","61.17","1.64","28.35","1.24","34.9"
"203","2012","12","Uttar Pradesh","Pilibhit","1.12","21.15","7.26","61.86","1.76","19.62","3.84","35.23"
"203","2019","12","Uttar Pradesh","Pilibhit","1.01","7.65","16.64","56.96","2.09","9.71","14.97","51.27"
"204","1966","12","Uttar Pradesh","Rampur","-1.0","-1.0","-1.0","-1.0","-1.0","-1.0","-1.0","-1.0"
"204","1972","12","Uttar Pradesh","Rampur","-1.0","-1.0","-1.0","-1.0","-1.0","-1.0","-1.0","-1.0"
"204","1978","12","Uttar Pradesh","Rampur","-1.0","-1.0","-1.0","-1.0","-1.0","-1.0","-1.0","-1.0"
"204","1982","12","Uttar Pradesh","Rampur","-1.0","-1.0","-1.0","-1.0","-1.0","-1.0","-1.0","-1.0"
"204","1988","12","Uttar Pradesh","Rampur","-1.0","-1.0","-1.0","-1.0","-1.0","-1.0","-1.0","-1.0"
"204","1993","12","Uttar Pradesh","Rampur","8.0","55.0","7.0","30.0","3.0","22.0","4.0","19.0"
"204","1997","12","Uttar Pradesh","Rampur","-1.0","-1.0","-1.0","-1.0","-1.0","-1.0","-1.0","-1.0"
"204","2003","12","Uttar Pradesh","Rampur","9.66","31.18","41.0","39.07","10.04","14.2","25.54","27.14"
"204","2007","12","Uttar Pradesh","Rampur","9.66","40.27","12.11","39.82","5.25","25.58","7.19","24.48"
"204","2012","12","Uttar Pradesh","Rampur","2.75","21.24","17.76","57.05","3.27","12.78","10.39","33.43"
"204","2019","12","Uttar Pradesh","Rampur","1.18","5.47","19.25","31.53","1.96","3.55","16.38","26.78"
"205","1966","12","Uttar Pradesh","Bijnor","-1.0","-1.0","-1.0","-1.0","-1.0","-1.0","-1.0","-1.0"
"205","1972","12","Uttar Pradesh","Bijnor","-1.0","-1.0","-1.0","-1.0","-1.0","-1.0","-1.0","-1.0"
"205","1978","12","Uttar Pradesh","Bijnor","-1.0","-1.0","-1.0","-1.0","-1.0","-1.0","-1.0","-1.0"
"205","1982","12","Uttar Pradesh","Bijnor","-1.0","-1.0","-1.0","-1.0","-1.0","-1.0","-1.0","-1.0"
"205","1988","12","Uttar Pradesh","Bijnor","-1.0","-1.0","-1.0","-1.0","-1.0","-1.0","-1.0","-1.0"
"205","1993","12","Uttar Pradesh","Bijnor","9.0","135.0","8.0","75.0","4.0","40.0","5.0","43.0"
"205","1997","12","Uttar Pradesh","Bijnor","-1.0","-1.0","-1.0","-1.0","-1.0","-1.0","-1.0","-1.0"
"205","2003","12","Uttar Pradesh","Bijnor","0.68","63.05","3.68","60.49","1.13","42.42","2.01","43.13"
"205","2007","12","Uttar Pradesh","Bijnor","8.16","74.77","18.84","65.62","11.85","32.4","8.23","38.6"
"205","2012","12","Uttar Pradesh","Bijnor","15.74","66.52","41.94","74.03","11.95","21.78","25.45","45.98"
"205","2019","12","Uttar Pradesh","Bijnor","11.83","31.76","97.67","73.22","11.3","15.73","76.48","60.32"
"206","1966","12","Uttar Pradesh","Farrukhabad","-1.0","-1.0","-1.0","-1.0","-1.0","-1.0","-1.0","-1.0"
"206","1972","12","Uttar Pradesh","Farrukhabad","-1.0","-1.0","-1.0","-1.0","-1.0","-1.0","-1.0","-1.0"
"206","1978","12","Uttar Pradesh","Farrukhabad","-1.0","-1.0","-1.0","-1.0","-1.0","-1.0","-1.0","-1.0"
"206","1982","12","Uttar Pradesh","Farrukhabad","-1.0","-1.0","-1.0","-1.0","-1.0","-1.0","-1.0","-1.0"
"206","1988","12","Uttar Pradesh","Farrukhabad","-1.0","-1.0","-1.0","-1.0","-1.0","-1.0","-1.0","-1.0"
"206","1993","12","Uttar Pradesh","Farrukhabad","21.0","106.0","7.0","84.0","5.0","46.0","4.0","41.0"
"206","1997","12","Uttar Pradesh","Farrukhabad","-1.0","-1.0","-1.0","-1.0","-1.0","-1.0","-1.0","-1.0"
"206","2003","12","Uttar Pradesh","Farrukhabad","3.76","138.29","20.26","169.39","8.0","101.41","13.65","111.55"
"206","2007","12","Uttar Pradesh","Farrukhabad","1.14","56.08","8.17","101.96","4.24","53.9","3.68","61.47"
"206","2012","12","Uttar Pradesh","Farrukhabad","4.19","25.78","31.03","82.68","9.59","18.59","19.48","52.35"
"206","2019","12","Uttar Pradesh","Farrukhabad","1.51","9.12","42.98","136.21","2.12","5.91","33.46","117.87"
"207","1966","12","Uttar Pradesh","Etawah","-1.0","-1.0","-1.0","-1.0","-1.0","-1.0","-1.0","-1.0"
"207","1972","12","Uttar Pradesh","Etawah","-1.0","-1.0","-1.0","-1.0","-1.0","-1.0","-1.0","-1.0"
"207","1978","12","Uttar Pradesh","Etawah","-1.0","-1.0","-1.0","-1.0","-1.0","-1.0","-1.0","-1.0"
"207","1982","12","Uttar Pradesh","Etawah","-1.0","-1.0","-1.0","-1.0","-1.0","-1.0","-1.0","-1.0"
"207","1988","12","Uttar Pradesh","Etawah","-1.0","-1.0","-1.0","-1.0","-1.0","-1.0","-1.0","-1.0"
"207","1993","12","Uttar Pradesh","Etawah","1.0","84.0","2.0","85.0","1.0","66.0","1.0","51.0"
"207","1997","12","Uttar Pradesh","Etawah","-1.0","-1.0","-1.0","-1.0","-1.0","-1.0","-1.0","-1.0"
"207","2003","12","Uttar Pradesh","Etawah","2.17","39.69","15.03","83.0","4.68","40.12","11.12","60.28"
"207","2007","12","Uttar Pradesh","Etawah","0.85","37.77","4.58","93.34","2.89","60.89","2.48","60.47"
"207","2012","12","Uttar Pradesh","Etawah","0.85","14.67","12.9","103.5","3.09","28.25","7.31","59.91"
"207","2019","12","Uttar Pradesh","Etawah","0.65","2.31","38.79","76.09","1.77","3.77","30.29","64.28"
"208","1966","12","Uttar Pradesh","Kanpur","-1.0","-1.0","-1.0","-1.0","-1.0","-1.0","-1.0","-1.0"
"208","1972","12","Uttar Pradesh","Kanpur","-1.0","-1.0","-1.0","-1.0","-1.0","-1.0","-1.0","-1.0"
"208","1978","12","Uttar Pradesh","Kanpur","-1.0","-1.0","-1.0","-1.0","-1.0","-1.0","-1.0","-1.0"
"208","1982","12","Uttar Pradesh","Kanpur","-1.0","-1.0","-1.0","-1.0","-1.0","-1.0","-1.0","-1.0"
"208","1988","12","Uttar Pradesh","Kanpur","-1.0","-1.0","-1.0","-1.0","-1.0","-1.0","-1.0","-1.0"
"208","1993","12","Uttar Pradesh","Kanpur","2.0","160.0","14.0","156.0","4.0","91.0","8.0","82.0"
"208","1997","12","Uttar Pradesh","Kanpur","-1.0","-1.0","-1.0","-1.0","-1.0","-1.0","-1.0","-1.0"
"208","2003","12","Uttar Pradesh","Kanpur","3.15","122.91","9.02","102.13","3.74","67.62","4.44","75.44"
"208","2007","12","Uttar Pradesh","Kanpur","3.3","69.38","13.74","176.54","8.66","79.38","6.23","102.07"
"208","2012","12","Uttar Pradesh","Kanpur","3.12","31.61","38.17","151.4","6.97","32.34","18.75","91.45"
"208","2019","12","Uttar Pradesh","Kanpur","1.52","6.69","55.19","132.79","4.41","8.96","42.96","103.98"
"209","1966","12","Uttar Pradesh","Fatehpur","-1.0","-1.0","-1.0","-1.0","-1.0","-1.0","-1.0","-1.0"
"209","1972","12","Uttar Pradesh","Fatehpur","-1.0","-1.0","-1.0","-1.0","-1.0","-1.0","-1.0","-1.0"
"209","1978","12","Uttar Pradesh","Fatehpur","-1.0","-1.0","-1.0","-1.0","-1.0","-1.0","-1.0","-1.0"
"209","1982","12","Uttar Pradesh","Fatehpur","-1.0","-1.0","-1.0","-1.0","-1.0","-1.0","-1.0","-1.0"
"209","1988","12","Uttar Pradesh","Fatehpur","-1.0","-1.0","-1.0","-1.0","-1.0","-1.0","-1.0","-1.0"
"209","1993","12","Uttar Pradesh","Fatehpur","3.0","212.0","2.0","114.0","1.0","63.0","1.0","59.0"
"209","1997","12","Uttar Pradesh","Fatehpur","-1.0","-1.0","-1.0","-1.0","-1.0","-1.0","-1.0","-1.0"
"209","2003","12","Uttar Pradesh","Fatehpur","0.61","117.43","4.79","86.1","1.78","46.93","3.19","64.58"
"209","2007","12","Uttar Pradesh","Fatehpur","0.53","140.53","3.42","87.86","2.44","48.55","1.09","51.56"
"209","2012","12","Uttar Pradesh","Fatehpur","0.83","81.59","8.81","124.95","1.65","27.34","4.3","71.43"
"209","2019","12","Uttar Pradesh","Fatehpur","1.5","25.03","17.26","54.16","1.64","8.37","12.59","42.26"
"210","1966","12","Uttar Pradesh","Allahabad","-1.0","-1.0","-1.0","-1.0","-1.0","-1.0","-1.0","-1.0"
"210","1972","12","Uttar Pradesh","Allahabad","-1.0","-1.0","-1.0","-1.0","-1.0","-1.0","-1.0","-1.0"
"210","1978","12","Uttar Pradesh","Allahabad","-1.0","-1.0","-1.0","-1.0","-1.0","-1.0","-1.0","-1.0"
"210","1982","12","Uttar Pradesh","Allahabad","-1.0","-1.0","-1.0","-1.0","-1.0","-1.0","-1.0","-1.0"
"210","1988","12","Uttar Pradesh","Allahabad","-1.0","-1.0","-1.0","-1.0","-1.0","-1.0","-1.0","-1.0"
"210","1993","12","Uttar Pradesh","Allahabad","65.0","381.0","21.0","210.0","12.0","128.0","13.0","122.0"
"210","1997","12","Uttar Pradesh","Allahabad","-1.0","-1.0","-1.0","-1.0","-1.0","-1.0","-1.0","-1.0"
"210","2003","12","Uttar Pradesh","Allahabad","8.1","229.16","22.24","209.36","11.68","115.6","15.36","124.76"
"210","2007","12","Uttar Pradesh","Allahabad","4.8","146.59","20.85","199.34","14.11","88.12","10.13","129.13"
"210","2012","12","Uttar Pradesh","Allahabad","25.88","111.57","68.51","314.28","13.61","65.35","53.1","210.5"
"210","2019","12","Uttar Pradesh","Allahabad","3.61","24.22","114.43","252.89","9.11","17.15","94.07","221.49"
"211","1966","12","Uttar Pradesh","Jhansi","-1.0","-1.0","-1.0","-1.0","-1.0","-1.0","-1.0","-1.0"
"211","1972","12","Uttar Pradesh","Jhansi","-1.0","-1.0","-1.0","-1.0","-1.0","-1.0","-1.0","-1.0"
"211","1978","12","Uttar Pradesh","Jhansi","-1.0","-1.0","-1.0","-1.0","-1.0","-1.0","-1.0","-1.0"
"211","1982","12","Uttar Pradesh","Jhansi","-1.0","-1.0","-1.0","-1.0","-1.0","-1.0","-1.0","-1.0"
"211","1988","12","Uttar Pradesh","Jhansi","-1.0","-1.0","-1.0","-1.0","-1.0","-1.0","-1.0","-1.0"
"211","1993","12","Uttar Pradesh","Jhansi","0.0","273.0","1.0","256.0","1.0","104.0","0.0","131.0"
"211","1997","12","Uttar Pradesh","Jhansi","-1.0","-1.0","-1.0","-1.0","-1.0","-1.0","-1.0","-1.0"
"211","2003","12","Uttar Pradesh","Jhansi","2.83","116.71","4.32","156.76","1.69","67.36","2.67","86.29"
"211","2007","12","Uttar Pradesh","Jhansi","0.13","161.26","0.79","276.23","0.44","108.72","0.42","151.91"
"211","2012","12","Uttar Pradesh","Jhansi","0.32","111.79","3.0","410.87","0.28","66.8","0.7","241.78"
"211","2019","12","Uttar Pradesh","Jhansi","0.2","28.43","9.88","270.66","0.28","26.28","11.44","244.13"
"213","1966","12","Uttar Pradesh","Jalaun","-1.0","-1.0","-1.0","-1.0","-1.0","-1.0","-1.0","-1.0"
"213","1972","12","Uttar Pradesh","Jalaun","-1.0","-1.0","-1.0","-1.0","-1.0","-1.0","-1.0","-1.0"
"213","1978","12","Uttar Pradesh","Jalaun","-1.0","-1.0","-1.0","-1.0","-1.0","-1.0","-1.0","-1.0"
"213","1982","12","Uttar Pradesh","Jalaun","-1.0","-1.0","-1.0","-1.0","-1.0","-1.0","-1.0","-1.0"
"213","1988","12","Uttar Pradesh","Jalaun","-1.0","-1.0","-1.0","-1.0","-1.0","-1.0","-1.0","-1.0"
"213","1993","12","Uttar Pradesh","Jalaun","0.0","87.0","0.0","98.0","0.0","47.0","0.0","54.0"
"213","1997","12","Uttar Pradesh","Jalaun","-1.0","-1.0","-1.0","-1.0","-1.0","-1.0","-1.0","-1.0"
"213","2003","12","Uttar Pradesh","Jalaun","0.0","86.71","0.28","63.6","0.1","57.28","0.14","43.25"
"213","2007","12","Uttar Pradesh","Jalaun","0.16","22.89","2.21","101.74","1.54","43.7","0.84","58.55"
"213","2012","12","Uttar Pradesh","Jalaun","0.36","8.95","3.58","109.77","0.9","23.51","2.64","75.25"
"213","2019","12","Uttar Pradesh","Jalaun","0.06","2.26","9.97","95.48","0.79","7.0","9.36","79.29"
"214","1966","12","Uttar Pradesh","Hamirpur","-1.0","-1.0","-1.0","-1.0","-1.0","-1.0","-1.0","-1.0"
"214","1972","12","Uttar Pradesh","Hamirpur","-1.0","-1.0","-1.0","-1.0","-1.0","-1.0","-1.0","-1.0"
"214","1978","12","Uttar Pradesh","Hamirpur","-1.0","-1.0","-1.0","-1.0","-1.0","-1.0","-1.0","-1.0"
"214","1982","12","Uttar Pradesh","Hamirpur","-1.0","-1.0","-1.0","-1.0","-1.0","-1.0","-1.0","-1.0"
"214","1988","12","Uttar Pradesh","Hamirpur","-1.0","-1.0","-1.0","-1.0","-1.0","-1.0","-1.0","-1.0"
"214","1993","12","Uttar Pradesh","Hamirpur","0.0","217.0","0.0","143.0","0.0","74.0","0.0","72.0"
"214","1997","12","Uttar Pradesh","Hamirpur","-1.0","-1.0","-1.0","-1.0","-1.0","-1.0","-1.0","-1.0"
"214","2003","12","Uttar Pradesh","Hamirpur","5.46","282.82","12.06","216.84","6.85","149.99","8.01","133.48"
"214","2007","12","Uttar Pradesh","Hamirpur","1.52","134.63","3.26","163.76","1.61","72.18","2.71","85.89"
"214","2012","12","Uttar Pradesh","Hamirpur","0.07","81.32","0.53","231.42","0.23","45.32","0.24","138.41"
"214","2019","12","Uttar Pradesh","Hamirpur","0.1","29.32","3.92","128.1","0.35","13.77","3.54","101.02"
"215","1966","12","Uttar Pradesh","Banda","-1.0","-1.0","-1.0","-1.0","-1.0","-1.0","-1.0","-1.0"
"215","1972","12","Uttar Pradesh","Banda","-1.0","-1.0","-1.0","-1.0","-1.0","-1.0","-1.0","-1.0"
"215","1978","12","Uttar Pradesh","Banda","-1.0","-1.0","-1.0","-1.0","-1.0","-1.0","-1.0","-1.0"
"215","1982","12","Uttar Pradesh","Banda","-1.0","-1.0","-1.0","-1.0","-1.0","-1.0","-1.0","-1.0"
"215","1988","12","Uttar Pradesh","Banda","-1.0","-1.0","-1.0","-1.0","-1.0","-1.0","-1.0","-1.0"
"215","1993","12","Uttar Pradesh","Banda","0.0","309.0","1.0","245.0","0.0","118.0","1.0","117.0"
"215","1997","12","Uttar Pradesh","Banda","-1.0","-1.0","-1.0","-1.0","-1.0","-1.0","-1.0","-1.0"
"215","2003","12","Uttar Pradesh","Banda","11.45","148.53","20.35","107.48","10.49","61.24","12.68","68.92"
"215","2007","12","Uttar Pradesh","Banda","0.14","239.59","0.9","226.82","0.69","100.38","0.24","132.85"
"215","2012","12","Uttar Pradesh","Banda","0.1","175.83","1.77","338.73","0.22","74.16","1.15","200.89"
"215","2019","12","Uttar Pradesh","Banda","0.75","98.19","4.04","211.0","0.86","40.57","4.83","163.0"
"216","1966","12","Uttar Pradesh","Varanasi","-1.0","-1.0","-1.0","-1.0","-1.0","-1.0","-1.0","-1.0"
"216","1972","12","Uttar Pradesh","Varanasi","-1.0","-1.0","-1.0","-1.0","-1.0","-1.0","-1.0","-1.0"
"216","1978","12","Uttar Pradesh","Varanasi","-1.0","-1.0","-1.0","-1.0","-1.0","-1.0","-1.0","-1.0"
"216","1982","12","Uttar Pradesh","Varanasi","-1.0","-1.0","-1.0","-1.0","-1.0","-1.0","-1.0","-1.0"
"216","1988","12","Uttar Pradesh","Varanasi","-1.0","-1.0","-1.0","-1.0","-1.0","-1.0","-1.0","-1.0"
"216","1993","12","Uttar Pradesh","Varanasi","11.0","162.0","17.0","171.0","9.0","98.0","12.0","109.0"
"216","1997","12","Uttar Pradesh","Varanasi","-1.0","-1.0","-1.0","-1.0","-1.0","-1.0","-1.0","-1.0"
"216","2003","12","Uttar Pradesh","Varanasi","0.49","224.49","7.75","267.28","4.69","124.38","2.25","171.11"
"216","2007","12","Uttar Pradesh","Varanasi","1.83","45.83","28.34","256.12","19.04","83.53","9.73","177.59"
"216","2012","12","Uttar Pradesh","Varanasi","6.52","26.76","98.96","240.62","19.03","36.9","62.91","163.79"
"216","2019","12","Uttar Pradesh","Varanasi","2.63","6.15","196.83","234.14","7.75","7.78","178.69","223.74"
"217","1966","12","Uttar Pradesh","Mirzpur","-1.0","-1.0","-1.0","-1.0","-1.0","-1.0","-1.0","-1.0"
"217","1972","12","Uttar Pradesh","Mirzpur","-1.0","-1.0","-1.0","-1.0","-1.0","-1.0","-1.0","-1.0"
"217","1978","12","Uttar Pradesh","Mirzpur","-1.0","-1.0","-1.0","-1.0","-1.0","-1.0","-1.0","-1.0"
"217","1982","12","Uttar Pradesh","Mirzpur","-1.0","-1.0","-1.0","-1.0","-1.0","-1.0","-1.0","-1.0"
"217","1988","12","Uttar Pradesh","Mirzpur","-1.0","-1.0","-1.0","-1.0","-1.0","-1.0","-1.0","-1.0"
"217","1993","12","Uttar Pradesh","Mirzpur","2.0","346.0","4.0","304.0","2.0","137.0","3.0","145.0"
"217","1997","12","Uttar Pradesh","Mirzpur","-1.0","-1.0","-1.0","-1.0","-1.0","-1.0","-1.0","-1.0"
"217","2003","12","Uttar Pradesh","Mirzpur","6.33","117.44","39.87","207.49","21.07","73.61","11.57","113.28"
"217","2007","12","Uttar Pradesh","Mirzpur","2.26","312.94","35.58","376.17","19.61","151.01","5.79","217.45"
"217","2012","12","Uttar Pradesh","Mirzpur","3.4","233.2","54.76","292.59","11.79","80.06","36.44","190.57"
"217","2019","12","Uttar Pradesh","Mirzpur","5.43","147.16","118.31","356.96","5.74","52.79","95.66","279.2"
"218","1966","12","Uttar Pradesh","Jaunpur","-1.0","-1.0","-1.0","-1.0","-1.0","-1.0","-1.0","-1.0"
"218","1972","12","Uttar Pradesh","Jaunpur","-1.0","-1.0","-1.0","-1.0","-1.0","-1.0","-1.0","-1.0"
"218","1978","12","Uttar Pradesh","Jaunpur","-1.0","-1.0","-1.0","-1.0","-1.0","-1.0","-1.0","-1.0"
"218","1982","12","Uttar Pradesh","Jaunpur","-1.0","-1.0","-1.0","-1.0","-1.0","-1.0","-1.0","-1.0"
"218","1988","12","Uttar Pradesh","Jaunpur","-1.0","-1.0","-1.0","-1.0","-1.0","-1.0","-1.0","-1.0"
"218","1993","12","Uttar Pradesh","Jaunpur","97.0","191.0","39.0","136.0","26.0","76.0","25.0","74.0"
"218","1997","12","Uttar Pradesh","Jaunpur","-1.0","-1.0","-1.0","-1.0","-1.0","-1.0","-1.0","-1.0"
"218","2003","12","Uttar Pradesh","Jaunpur","2.41","191.48","17.36","144.27","7.32","77.11","10.94","97.4"
"218","2007","12","Uttar Pradesh","Jaunpur","3.82","57.83","38.97","161.51","26.74","59.76","11.4","117.33"
"218","2012","12","Uttar Pradesh","Jaunpur","6.02","35.93","73.88","163.83","14.18","32.81","47.74","97.86"
"218","2019","12","Uttar Pradesh","Jaunpur","1.26","5.53","105.9","184.07","7.76","15.18","77.88","139.36"
"219","1966","12","Uttar Pradesh","Ghazipur","-1.0","-1.0","-1.0","-1.0","-1.0","-1.0","-1.0","-1.0"
"219","1972","12","Uttar Pradesh","Ghazipur","-1.0","-1.0","-1.0","-1.0","-1.0","-1.0","-1.0","-1.0"
"219","1978","12","Uttar Pradesh","Ghazipur","-1.0","-1.0","-1.0","-1.0","-1.0","-1.0","-1.0","-1.0"
"219","1982","12","Uttar Pradesh","Ghazipur","-1.0","-1.0","-1.0","-1.0","-1.0","-1.0","-1.0","-1.0"
"219","1988","12","Uttar Pradesh","Ghazipur","-1.0","-1.0","-1.0","-1.0","-1.0","-1.0","-1.0","-1.0"
"219","1993","12","Uttar Pradesh","Ghazipur","1.0","188.0","6.0","142.0","2.0","66.0","4.0","83.0"
"219","1997","12","Uttar Pradesh","Ghazipur","-1.0","-1.0","-1.0","-1.0","-1.0","-1.0","-1.0","-1.0"
"219","2003","12","Uttar Pradesh","Ghazipur","1.24","2.14","7.92","5.67","2.37","2.69","3.24","4.9"
"219","2007","12","Uttar Pradesh","Ghazipur","0.79","55.29","13.55","138.74","10.03","68.29","5.35","94.69"
"219","2012","12","Uttar Pradesh","Ghazipur","0.42","22.53","29.04","164.26","5.65","38.85","21.02","100.12"
"219","2019","12","Uttar Pradesh","Ghazipur","0.36","1.36","54.26","133.19","2.87","6.05","54.25","133.94"
"220","1966","12","Uttar Pradesh","Ballia","-1.0","-1.0","-1.0","-1.0","-1.0","-1.0","-1.0","-1.0"
"220","1972","12","Uttar Pradesh","Ballia","-1.0","-1.0","-1.0","-1.0","-1.0","-1.0","-1.0","-1.0"
"220","1978","12","Uttar Pradesh","Ballia","-1.0","-1.0","-1.0","-1.0","-1.0","-1.0","-1.0","-1.0"
"220","1982","12","Uttar Pradesh","Ballia","-1.0","-1.0","-1.0","-1.0","-1.0","-1.0","-1.0","-1.0"
"220","1988","12","Uttar Pradesh","Ballia","-1.0","-1.0","-1.0","-1.0","-1.0","-1.0","-1.0","-1.0"
"220","1993","12","Uttar Pradesh","Ballia","1.0","120.0","7.0","111.0","2.0","60.0","5.0","72.0"
"220","1997","12","Uttar Pradesh","Ballia","-1.0","-1.0","-1.0","-1.0","-1.0","-1.0","-1.0","-1.0"
"220","2003","12","Uttar Pradesh","Ballia","0.15","23.49","19.39","92.4","3.99","34.53","14.53","59.46"
"220","2007","12","Uttar Pradesh","Ballia","0.79","10.95","26.23","138.89","17.38","38.54","5.68","96.36"
"220","2012","12","Uttar Pradesh","Ballia","0.63","4.74","46.29","102.08","6.87","16.32","30.51","66.42"
"220","2019","12","Uttar Pradesh","Ballia","0.63","1.11","107.76","108.94","4.63","3.7","104.17","103.96"
"221","1966","12","Uttar Pradesh","Gorakhpur","-1.0","-1.0","-1.0","-1.0","-1.0","-1.0","-1.0","-1.0"
"221","1972","12","Uttar Pradesh","Gorakhpur","-1.0","-1.0","-1.0","-1.0","-1.0","-1.0","-1.0","-1.0"
"221","1978","12","Uttar Pradesh","Gorakhpur","-1.0","-1.0","-1.0","-1.0","-1.0","-1.0","-1.0","-1.0"
"221","1982","12","Uttar Pradesh","Gorakhpur","-1.0","-1.0","-1.0","-1.0","-1.0","-1.0","-1.0","-1.0"
"221","1988","12","Uttar Pradesh","Gorakhpur","-1.0","-1.0","-1.0","-1.0","-1.0","-1.0","-1.0","-1.0"
"221","1993","12","Uttar Pradesh","Gorakhpur","37.0","288.0","21.0","127.0","13.0","84.0","16.0","92.0"
"221","1997","12","Uttar Pradesh","Gorakhpur","-1.0","-1.0","-1.0","-1.0","-1.0","-1.0","-1.0","-1.0"
"221","2003","12","Uttar Pradesh","Gorakhpur","5.12","137.56","27.54","136.67","13.55","77.51","16.77","92.71"
"221","2007","12","Uttar Pradesh","Gorakhpur","6.93","89.38","49.78","129.31","35.86","50.64","20.96","86.16"
"221","2012","12","Uttar Pradesh","Gorakhpur","5.49","28.19","71.62","110.32","11.48","19.6","47.64","80.09"
"221","2019","12","Uttar Pradesh","Gorakhpur","2.36","3.33","121.02","55.61","6.82","3.82","104.51","59.08"
"222","1966","12","Uttar Pradesh","Deoria","-1.0","-1.0","-1.0","-1.0","-1.0","-1.0","-1.0","-1.0"
"222","1972","12","Uttar Pradesh","Deoria","-1.0","-1.0","-1.0","-1.0","-1.0","-1.0","-1.0","-1.0"
"222","1978","12","Uttar Pradesh","Deoria","-1.0","-1.0","-1.0","-1.0","-1.0","-1.0","-1.0","-1.0"
"222","1982","12","Uttar Pradesh","Deoria","-1.0","-1.0","-1.0","-1.0","-1.0","-1.0","-1.0","-1.0"
"222","1988","12","Uttar Pradesh","Deoria","-1.0","-1.0","-1.0","-1.0","-1.0","-1.0","-1.0","-1.0"
"222","1993","12","Uttar Pradesh","Deoria","14.0","194.0","14.0","116.0","10.0","85.0","11.0","80.0"
"222","1997","12","Uttar Pradesh","Deoria","-1.0","-1.0","-1.0","-1.0","-1.0","-1.0","-1.0","-1.0"
"222","2003","12","Uttar Pradesh","Deoria","2.97","61.21","12.93","101.07","7.42","53.46","10.38","69.69"
"222","2007","12","Uttar Pradesh","Deoria","4.97","29.92","56.43","107.29","38.21","35.86","19.31","73.29"
"222","2012","12","Uttar Pradesh","Deoria","5.38","15.49","105.51","82.31","15.85","12.74","67.83","53.4"
"222","2019","12","Uttar Pradesh","Deoria","1.75","7.11","137.78","68.79","8.93","4.06","148.91","75.74"
"223","1966","12","Uttar Pradesh","Basti","-1.0","-1.0","-1.0","-1.0","-1.0","-1.0","-1.0","-1.0"
"223","1972","12","Uttar Pradesh","Basti","-1.0","-1.0","-1.0","-1.0","-1.0","-1.0","-1.0","-1.0"
"223","1978","12","Uttar Pradesh","Basti","-1.0","-1.0","-1.0","-1.0","-1.0","-1.0","-1.0","-1.0"
"223","1982","12","Uttar Pradesh","Basti","-1.0","-1.0","-1.0","-1.0","-1.0","-1.0","-1.0","-1.0"
"223","1988","12","Uttar Pradesh","Basti","-1.0","-1.0","-1.0","-1.0","-1.0","-1.0","-1.0","-1.0"
"223","1993","12","Uttar Pradesh","Basti","64.0","467.0","21.0","201.0","17.0","137.0","13.0","122.0"
"223","1997","12","Uttar Pradesh","Basti","-1.0","-1.0","-1.0","-1.0","-1.0","-1.0","-1.0","-1.0"
"223","2003","12","Uttar Pradesh","Basti","6.4","105.0","26.78","115.41","9.53","87.92","17.81","83.71"
"223","2007","12","Uttar Pradesh","Basti","3.28","101.74","19.72","178.58","14.62","73.79","6.88","132.85"
"223","2012","12","Uttar Pradesh","Basti","3.05","53.15","46.35","190.48","8.5","69.53","33.75","114.45"
"223","2019","12","Uttar Pradesh","Basti","3.55","4.07","61.8","72.21","5.37","6.34","61.07","92.38"
"224","1966","12","Uttar Pradesh","Azamgarh","-1.0","-1.0","-1.0","-1.0","-1.0","-1.0","-1.0","-1.0"
"224","1972","12","Uttar Pradesh","Azamgarh","-1.0","-1.0","-1.0","-1.0","-1.0","-1.0","-1.0","-1.0"
"224","1978","12","Uttar Pradesh","Azamgarh","-1.0","-1.0","-1.0","-1.0","-1.0","-1.0","-1.0","-1.0"
"224","1982","12","Uttar Pradesh","Azamgarh","-1.0","-1.0","-1.0","-1.0","-1.0","-1.0","-1.0","-1.0"
"224","1988","12","Uttar Pradesh","Azamgarh","-1.0","-1.0","-1.0","-1.0","-1.0","-1.0","-1.0","-1.0"
"224","1993","12","Uttar Pradesh","Azamgarh","120.0","286.0","56.0","179.0","33.0","106.0","27.0","107.0"
"224","1997","12","Uttar Pradesh","Azamgarh","-1.0","-1.0","-1.0","-1.0","-1.0","-1.0","-1.0","-1.0"
"224","2003","12","Uttar Pradesh","Azamgarh","11.06","223.15","39.28","149.23","17.38","81.97","25.65","100.33"
"224","2007","12","Uttar Pradesh","Azamgarh","22.33","131.29","56.94","217.2","42.91","97.54","28.13","134.14"
"224","2012","12","Uttar Pradesh","Azamgarh","5.78","56.13","91.75","257.05","16.25","48.91","57.2","167.2"
"224","2019","12","Uttar Pradesh","Azamgarh","1.28","4.28","138.63","168.71","9.14","10.73","129.43","171.56"
"225","1966","12","Uttar Pradesh","Lucknow","-1.0","-1.0","-1.0","-1.0","-1.0","-1.0","-1.0","-1.0"
"225","1972","12","Uttar Pradesh","Lucknow","-1.0","-1.0","-1.0","-1.0","-1.0","-1.0","-1.0","-1.0"
"225","1978","12","Uttar Pradesh","Lucknow","-1.0","-1.0","-1.0","-1.0","-1.0","-1.0","-1.0","-1.0"
"225","1982","12","Uttar Pradesh","Lucknow","-1.0","-1.0","-1.0","-1.0","-1.0","-1.0","-1.0","-1.0"
"225","1988","12","Uttar Pradesh","Lucknow","-1.0","-1.0","-1.0","-1.0","-1.0","-1.0","-1.0","-1.0"
"225","1993","12","Uttar Pradesh","Lucknow","18.0","102.0","23.0","61.0","13.0","40.0","12.0","35.0"
"225","1997","12","Uttar Pradesh","Lucknow","-1.0","-1.0","-1.0","-1.0","-1.0","-1.0","-1.0","-1.0"
"225","2003","12","Uttar Pradesh","Lucknow","3.42","99.88","3.98","103.95","2.41","67.05","2.72","91.31"
"225","2007","12","Uttar Pradesh","Lucknow","1.07","32.32","3.36","80.18","1.55","26.26","0.77","44.63"
"225","2012","12","Uttar Pradesh","Lucknow","3.06","20.91","21.87","122.62","3.5","14.67","13.25","80.25"
"225","2019","12","Uttar Pradesh","Lucknow","2.93","10.72","33.03","82.49","2.1","6.06","21.36","55.66"
"226","1966","12","Uttar Pradesh","Unnao","-1.0","-1.0","-1.0","-1.0","-1.0","-1.0","-1.0","-1.0"
"226","1972","12","Uttar Pradesh","Unnao","-1.0","-1.0","-1.0","-1.0","-1.0","-1.0","-1.0","-1.0"
"226","1978","12","Uttar Pradesh","Unnao","-1.0","-1.0","-1.0","-1.0","-1.0","-1.0","-1.0","-1.0"
"226","1982","12","Uttar Pradesh","Unnao","-1.0","-1.0","-1.0","-1.0","-1.0","-1.0","-1.0","-1.0"
"226","1988","12","Uttar Pradesh","Unnao","-1.0","-1.0","-1.0","-1.0","-1.0","-1.0","-1.0","-1.0"
"226","1993","12","Uttar Pradesh","Unnao","11.0","251.0","11.0","126.0","9.0","96.0","7.0","72.0"
"226","1997","12","Uttar Pradesh","Unnao","-1.0","-1.0","-1.0","-1.0","-1.0","-1.0","-1.0","-1.0"
"226","2003","12","Uttar Pradesh","Unnao","8.16","202.07","4.58","157.49","3.84","99.53","4.14","96.95"
"226","2007","12","Uttar Pradesh","Unnao","2.51","140.82","2.49","125.6","1.19","51.8","1.1","64.76"
"226","2012","12","Uttar Pradesh","Unnao","1.37","89.29","4.01","140.07","0.98","29.25","1.63","114.61"
"226","2019","12","Uttar Pradesh","Unnao","2.02","48.14","19.9","120.76","1.39","16.06","15.95","99.98"
"227","1966","12","Uttar Pradesh","Rae-Bareily","-1.0","-1.0","-1.0","-1.0","-1.0","-1.0","-1.0","-1.0"
"227","1972","12","Uttar Pradesh","Rae-Bareily","-1.0","-1.0","-1.0","-1.0","-1.0","-1.0","-1.0","-1.0"
"227","1978","12","Uttar Pradesh","Rae-Bareily","-1.0","-1.0","-1.0","-1.0","-1.0","-1.0","-1.0","-1.0"
"227","1982","12","Uttar Pradesh","Rae-Bareily","-1.0","-1.0","-1.0","-1.0","-1.0","-1.0","-1.0","-1.0"
"227","1988","12","Uttar Pradesh","Rae-Bareily","-1.0","-1.0","-1.0","-1.0","-1.0","-1.0","-1.0","-1.0"
"227","1993","12","Uttar Pradesh","Rae-Bareily","9.0","375.0","7.0","158.0","3.0","95.0","4.0","89.0"
"227","1997","12","Uttar Pradesh","Rae-Bareily","-1.0","-1.0","-1.0","-1.0","-1.0","-1.0","-1.0","-1.0"
"227","2003","12","Uttar Pradesh","Rae-Bareily","4.76","80.55","9.87","41.85","3.98","23.29","5.73","27.11"
"227","2007","12","Uttar Pradesh","Rae-Bareily","3.25","158.53","13.62","167.54","7.19","98.02","5.5","111.36"
"227","2012","12","Uttar Pradesh","Rae-Bareily","1.7","112.14","17.31","225.27","3.32","42.16","10.32","130.05"
"227","2019","12","Uttar Pradesh","Rae-Bareily","2.14","41.33","46.33","208.75","4.55","28.85","38.32","158.58"
"228","1966","12","Uttar Pradesh","Sitapur","-1.0","-1.0","-1.0","-1.0","-1.0","-1.0","-1.0","-1.0"
"228","1972","12","Uttar Pradesh","Sitapur","-1.0","-1.0","-1.0","-1.0","-1.0","-1.0","-1.0","-1.0"
"228","1978","12","Uttar Pradesh","Sitapur","-1.0","-1.0","-1.0","-1.0","-1.0","-1.0","-1.0","-1.0"
"228","1982","12","Uttar Pradesh","Sitapur","-1.0","-1.0","-1.0","-1.0","-1.0","-1.0","-1.0","-1.0"
"228","1988","12","Uttar Pradesh","Sitapur","-1.0","-1.0","-1.0","-1.0","-1.0","-1.0","-1.0","-1.0"
"228","1993","12","Uttar Pradesh","Sitapur","100.0","224.0","32.0","165.0","30.0","95.0","21.0","93.0"
"228","1997","12","Uttar Pradesh","Sitapur","-1.0","-1.0","-1.0","-1.0","-1.0","-1.0","-1.0","-1.0"
"228","2003","12","Uttar Pradesh","Sitapur","0.7","171.8","1.34","189.71","0.6","104.91","0.44","116.58"
"228","2007","12","Uttar Pradesh","Sitapur","0.68","166.61","1.3","183.98","0.58","101.74","0.43","113.06"
"228","2012","12","Uttar Pradesh","Sitapur","10.03","103.68","17.51","173.85","7.17","46.7","16.42","113.49"
"228","2019","12","Uttar Pradesh","Sitapur","2.11","53.3","20.37","194.33","1.79","20.1","17.81","160.93"
"229","1966","12","Uttar Pradesh","Hardoi","-1.0","-1.0","-1.0","-1.0","-1.0","-1.0","-1.0","-1.0"
"229","1972","12","Uttar Pradesh","Hardoi","-1.0","-1.0","-1.0","-1.0","-1.0","-1.0","-1.0","-1.0"
"229","1978","12","Uttar Pradesh","Hardoi","-1.0","-1.0","-1.0","-1.0","-1.0","-1.0","-1.0","-1.0"
"229","1982","12","Uttar Pradesh","Hardoi","-1.0","-1.0","-1.0","-1.0","-1.0","-1.0","-1.0","-1.0"
"229","1988","12","Uttar Pradesh","Hardoi","-1.0","-1.0","-1.0","-1.0","-1.0","-1.0","-1.0","-1.0"
"229","1993","12","Uttar Pradesh","Hardoi","60.0","285.0","15.0","150.0","13.0","100.0","9.0","85.0"
"229","1997","12","Uttar Pradesh","Hardoi","-1.0","-1.0","-1.0","-1.0","-1.0","-1.0","-1.0","-1.0"
"229","2003","12","Uttar Pradesh","Hardoi","6.22","37.02","34.27","55.68","16.94","36.91","25.38","47.57"
"229","2007","12","Uttar Pradesh","Hardoi","0.75","236.73","1.63","190.72","1.07","85.48","0.79","97.55"
"229","2012","12","Uttar Pradesh","Hardoi","5.05","142.35","18.86","183.51","3.71","48.14","11.93","95.46"
"229","2019","12","Uttar Pradesh","Hardoi","4.89","56.52","24.12","171.94","2.69","19.74","18.02","122.07"
"230","1966","12","Uttar Pradesh","Kheri","-1.0","-1.0","-1.0","-1.0","-1.0","-1.0","-1.0","-1.0"
"230","1972","12","Uttar Pradesh","Kheri","-1.0","-1.0","-1.0","-1.0","-1.0","-1.0","-1.0","-1.0"
"230","1978","12","Uttar Pradesh","Kheri","-1.0","-1.0","-1.0","-1.0","-1.0","-1.0","-1.0","-1.0"
"230","1982","12","Uttar Pradesh","Kheri","-1.0","-1.0","-1.0","-1.0","-1.0","-1.0","-1.0","-1.0"
"230","1988","12","Uttar Pradesh","Kheri","-1.0","-1.0","-1.0","-1.0","-1.0","-1.0","-1.0","-1.0"
"230","1993","12","Uttar Pradesh","Kheri","15.0","130.0","10.0","135.0","6.0","73.0","6.0","72.0"
"230","1997","12","Uttar Pradesh","Kheri","-1.0","-1.0","-1.0","-1.0","-1.0","-1.0","-1.0","-1.0"
"230","2003","12","Uttar Pradesh","Kheri","3.64","95.63","7.86","130.36","5.38","62.88","4.63","73.65"
"230","2007","12","Uttar Pradesh","Kheri","4.3","112.96","9.29","153.98","6.36","74.28","5.47","87.0"
"230","2012","12","Uttar Pradesh","Kheri","8.17","92.42","22.41","293.91","7.5","53.56","14.67","168.39"
"230","2019","12","Uttar Pradesh","Kheri","7.13","51.83","40.46","166.2","5.75","24.72","34.68","137.85"
"231","1966","12","Uttar Pradesh","Faizabad","-1.0","-1.0","-1.0","-1.0","-1.0","-1.0","-1.0","-1.0"
"231","1972","12","Uttar Pradesh","Faizabad","-1.0","-1.0","-1.0","-1.0","-1.0","-1.0","-1.0","-1.0"
"231","1978","12","Uttar Pradesh","Faizabad","-1.0","-1.0","-1.0","-1.0","-1.0","-1.0","-1.0","-1.0"
"231","1982","12","Uttar Pradesh","Faizabad","-1.0","-1.0","-1.0","-1.0","-1.0","-1.0","-1.0","-1.0"
"231","1988","12","Uttar Pradesh","Faizabad","-1.0","-1.0","-1.0","-1.0","-1.0","-1.0","-1.0","-1.0"
"231","1993","12","Uttar Pradesh","Faizabad","49.0","282.0","15.0","145.0","10.0","89.0","9.0","87.0"
"231","1997","12","Uttar Pradesh","Faizabad","-1.0","-1.0","-1.0","-1.0","-1.0","-1.0","-1.0","-1.0"
"231","2003","12","Uttar Pradesh","Faizabad","3.74","157.55","12.51","95.09","5.17","52.51","8.65","61.26"
"231","2007","12","Uttar Pradesh","Faizabad","0.91","147.4","9.73","182.79","6.32","69.69","2.51","115.99"
"231","2012","12","Uttar Pradesh","Faizabad","3.07","86.0","41.26","239.08","8.67","47.06","29.18","153.65"
"231","2019","12","Uttar Pradesh","Faizabad","5.8","13.43","76.39","156.89","8.68","15.63","92.78","167.76"
"232","1966","12","Uttar Pradesh","Gonda","-1.0","-1.0","-1.0","-1.0","-1.0","-1.0","-1.0","-1.0"
"232","1972","12","Uttar Pradesh","Gonda","-1.0","-1.0","-1.0","-1.0","-1.0","-1.0","-1.0","-1.0"
"232","1978","12","Uttar Pradesh","Gonda","-1.0","-1.0","-1.0","-1.0","-1.0","-1.0","-1.0","-1.0"
"232","1982","12","Uttar Pradesh","Gonda","-1.0","-1.0","-1.0","-1.0","-1.0","-1.0","-1.0","-1.0"
"232","1988","12","Uttar Pradesh","Gonda","-1.0","-1.0","-1.0","-1.0","-1.0","-1.0","-1.0","-1.0"
"232","1993","12","Uttar Pradesh","Gonda","34.0","435.0","29.0","245.0","21.0","144.0","18.0","138.0"
"232","1997","12","Uttar Pradesh","Gonda","-1.0","-1.0","-1.0","-1.0","-1.0","-1.0","-1.0","-1.0"
"232","2003","12","Uttar Pradesh","Gonda","1.8","137.38","16.88","200.97","10.13","75.17","7.77","131.31"
"232","2007","12","Uttar Pradesh","Gonda","3.32","183.2","13.92","227.34","10.65","97.68","6.83","143.12"
"232","2012","12","Uttar Pradesh","Gonda","3.17","115.04","29.17","304.84","6.59","67.01","18.51","199.75"
"232","2019","12","Uttar Pradesh","Gonda","2.18","44.12","71.46","201.56","4.1","20.74","57.69","174.32"
"233","1966","12","Uttar Pradesh","Bahraich","-1.0","-1.0","-1.0","-1.0","-1.0","-1.0","-1.0","-1.0"
"233","1972","12","Uttar Pradesh","Bahraich","-1.0","-1.0","-1.0","-1.0","-1.0","-1.0","-1.0","-1.0"
"233","1978","12","Uttar Pradesh","Bahraich","-1.0","-1.0","-1.0","-1.0","-1.0","-1.0","-1.0","-1.0"
"233","1982","12","Uttar Pradesh","Bahraich","-1.0","-1.0","-1.0","-1.0","-1.0","-1.0","-1.0","-1.0"
"233","1988","12","Uttar Pradesh","Bahraich","-1.0","-1.0","-1.0","-1.0","-1.0","-1.0","-1.0","-1.0"
"233","1993","12","Uttar Pradesh","Bahraich","38.0","272.0","29.0","169.0","21.0","79.0","17.0","91.0"
"233","1997","12","Uttar Pradesh","Bahraich","-1.0","-1.0","-1.0","-1.0","-1.0","-1.0","-1.0","-1.0"
"233","2003","12","Uttar Pradesh","Bahraich","3.24","366.43","9.31","254.23","3.57","143.94","6.49","157.64"
"233","2007","12","Uttar Pradesh","Bahraich","0.58","228.07","1.65","188.0","0.94","99.46","0.91","108.78"
"233","2012","12","Uttar Pradesh","Bahraich","1.6","169.3","6.38","320.57","1.85","57.82","3.41","175.61"
"233","2019","12","Uttar Pradesh","Bahraich","1.04","65.29","17.77","211.72","1.13","21.27","19.44","165.65"
"234","1966","12","Uttar Pradesh","Sultanpur","-1.0","-1.0","-1.0","-1.0","-1.0","-1.0","-1.0","-1.0"
"234","1972","12","Uttar Pradesh","Sultanpur","-1.0","-1.0","-1.0","-1.0","-1.0","-1.0","-1.0","-1.0"
"234","1978","12","Uttar Pradesh","Sultanpur","-1.0","-1.0","-1.0","-1.0","-1.0","-1.0","-1.0","-1.0"
"234","1982","12","Uttar Pradesh","Sultanpur","-1.0","-1.0","-1.0","-1.0","-1.0","-1.0","-1.0","-1.0"
"234","1988","12","Uttar Pradesh","Sultanpur","-1.0","-1.0","-1.0","-1.0","-1.0","-1.0","-1.0","-1.0"
"234","1993","12","Uttar Pradesh","Sultanpur","42.0","316.0","19.0","138.0","13.0","84.0","11.0","75.0"
"234","1997","12","Uttar Pradesh","Sultanpur","-1.0","-1.0","-1.0","-1.0","-1.0","-1.0","-1.0","-1.0"
"234","2003","12","Uttar Pradesh","Sultanpur","0.62","128.93","1.76","70.98","0.58","37.32","1.08","45.43"
"234","2007","12","Uttar Pradesh","Sultanpur","3.17","140.56","18.04","168.39","11.61","83.59","7.85","105.79"
"234","2012","12","Uttar Pradesh","Sultanpur","3.02","77.59","36.84","236.55","6.99","45.49","21.76","154.31"
"234","2019","12","Uttar Pradesh","Sultanpur","2.06","11.43","81.96","182.91","5.68","17.69","66.92","169.73"
"235","1966","12","Uttar Pradesh","Pratapgarh","-1.0","-1.0","-1.0","-1.0","-1.0","-1.0","-1.0","-1.0"
"235","1972","12","Uttar Pradesh","Pratapgarh","-1.0","-1.0","-1.0","-1.0","-1.0","-1.0","-1.0","-1.0"
"235","1978","12","Uttar Pradesh","Pratapgarh","-1.0","-1.0","-1.0","-1.0","-1.0","-1.0","-1.0","-1.0"
"235","1982","12","Uttar Pradesh","Pratapgarh","-1.0","-1.0","-1.0","-1.0","-1.0","-1.0","-1.0","-1.0"
"235","1988","12","Uttar Pradesh","Pratapgarh","-1.0","-1.0","-1.0","-1.0","-1.0","-1.0","-1.0","-1.0"
"235","1993","12","Uttar Pradesh","Pratapgarh","32.0","261.0","13.0","97.0","5.0","75.0","6.0","63.0"
"235","1997","12","Uttar Pradesh","Pratapgarh","-1.0","-1.0","-1.0","-1.0","-1.0","-1.0","-1.0","-1.0"
"235","2003","12","Uttar Pradesh","Pratapgarh","2.19","95.47","13.45","132.17","5.01","82.54","7.74","94.61"
"235","2007","12","Uttar Pradesh","Pratapgarh","5.61","52.14","17.16","100.55","11.9","56.41","9.36","63.61"
"235","2012","12","Uttar Pradesh","Pratapgarh","4.04","36.97","46.01","135.27","9.15","22.29","31.56","92.84"
"235","2019","12","Uttar Pradesh","Pratapgarh","2.02","7.96","57.68","243.53","3.55","13.51","59.55","216.41"
"236","1966","12","Uttar Pradesh","Barabanki","-1.0","-1.0","-1.0","-1.0","-1.0","-1.0","-1.0","-1.0"
"236","1972","12","Uttar Pradesh","Barabanki","-1.0","-1.0","-1.0","-1.0","-1.0","-1.0","-1.0","-1.0"
"236","1978","12","Uttar Pradesh","Barabanki","-1.0","-1.0","-1.0","-1.0","-1.0","-1.0","-1.0","-1.0"
"236","1982","12","Uttar Pradesh","Barabanki","-1.0","-1.0","-1.0","-1.0","-1.0","-1.0","-1.0","-1.0"
"236","1988","12","Uttar Pradesh","Barabanki","-1.0","-1.0","-1.0","-1.0","-1.0","-1.0","-1.0","-1.0"
"236","1993","12","Uttar Pradesh","Barabanki","92.0","236.0","57.0","148.0","35.0","76.0","29.0","75.0"
"236","1997","12","Uttar Pradesh","Barabanki","-1.0","-1.0","-1.0","-1.0","-1.0","-1.0","-1.0","-1.0"
"236","2003","12","Uttar Pradesh","Barabanki","0.01","144.08","0.24","106.75","0.05","59.88","0.12","55.7"
"236","2007","12","Uttar Pradesh","Barabanki","2.27","86.52","4.28","132.44","3.19","60.58","3.13","81.54"
"236","2012","12","Uttar Pradesh","Barabanki","0.34","34.55","8.78","160.82","1.57","32.56","5.07","93.63"
"236","2019","12","Uttar Pradesh","Barabanki","0.63","9.66","31.64","133.64","2.07","13.21","27.16","106.75"
"237","1966","16","Uttarakhand","Nainital","-1.0","-1.0","-1.0","-1.0","-1.0","-1.0","-1.0","-1.0"
"237","1972","16","Uttarakhand","Nainital","-1.0","-1.0","-1.0","-1.0","-1.0","-1.0","-1.0","-1.0"
"237","1978","16","Uttarakhand","Nainital","-1.0","-1.0","-1.0","-1.0","-1.0","-1.0","-1.0","-1.0"
"237","1982","16","Uttarakhand","Nainital","-1.0","-1.0","-1.0","-1.0","-1.0","-1.0","-1.0","-1.0"
"237","1988","16","Uttarakhand","Nainital","-1.0","-1.0","-1.0","-1.0","-1.0","-1.0","-1.0","-1.0"
"237","1993","16","Uttarakhand","Nainital","12.0","85.0","20.0","68.0","8.0","24.0","11.0","40.0"
"237","1997","16","Uttarakhand","Nainital","-1.0","-1.0","-1.0","-1.0","-1.0","-1.0","-1.0","-1.0"
"237","2003","16","Uttarakhand","Nainital","2.84","102.79","13.39","66.65","2.91","29.29","9.44","50.89"
"237","2007","16","Uttarakhand","Nainital","3.35","63.64","58.21","79.9","38.95","28.27","14.66","54.31"
"237","2012","16","Uttarakhand","Nainital","4.55","46.14","77.23","64.44","16.15","17.25","47.75","39.82"
"237","2019","16","Uttarakhand","Nainital","2.53","29.86","97.97","70.11","10.19","11.87","67.85","52.49"
"238","1966","16","Uttarakhand","Almorah","-1.0","-1.0","-1.0","-1.0","-1.0","-1.0","-1.0","-1.0"
"238","1972","16","Uttarakhand","Almorah","-1.0","-1.0","-1.0","-1.0","-1.0","-1.0","-1.0","-1.0"
"238","1978","16","Uttarakhand","Almorah","-1.0","-1.0","-1.0","-1.0","-1.0","-1.0","-1.0","-1.0"
"238","1982","16","Uttarakhand","Almorah","-1.0","-1.0","-1.0","-1.0","-1.0","-1.0","-1.0","-1.0"
"238","1988","16","Uttarakhand","Almorah","-1.0","-1.0","-1.0","-1.0","-1.0","-1.0","-1.0","-1.0"
"238","1993","16","Uttarakhand","Almorah","1.0","153.0","2.0","102.0","0.0","39.0","1.0","60.0"
"238","1997","16","Uttarakhand","Almorah","-1.0","-1.0","-1.0","-1.0","-1.0","-1.0","-1.0","-1.0"
"238","2003","16","Uttarakhand","Almorah","1.14","138.16","4.09","93.26","1.25","41.96","3.01","65.3"
"238","2007","16","Uttarakhand","Almorah","3.36","135.24","12.43","108.6","7.16","36.79","2.97","64.3"
"238","2012","16","Uttarakhand","Almorah","1.96","114.55","14.51","86.85","2.42","16.5","10.76","51.19"
"238","2019","16","Uttarakhand","Almorah","0.43","75.07","12.45","72.64","1.11","11.12","8.38","44.07"
"239","1966","16","Uttarakhand","Pithorgarh","-1.0","-1.0","-1.0","-1.0","-1.0","-1.0","-1.0","-1.0"
"239","1972","16","Uttarakhand","Pithorgarh","-1.0","-1.0","-1.0","-1.0","-1.0","-1.0","-1.0","-1.0"
"239","1978","16","Uttarakhand","Pithorgarh","-1.0","-1.0","-1.0","-1.0","-1.0","-1.0","-1.0","-1.0"
"239","1982","16","Uttarakhand","Pithorgarh","-1.0","-1.0","-1.0","-1.0","-1.0","-1.0","-1.0","-1.0"
"239","1988","16","Uttarakhand","Pithorgarh","-1.0","-1.0","-1.0","-1.0","-1.0","-1.0","-1.0","-1.0"
"239","1993","16","Uttarakhand","Pithorgarh","7.0","100.0","13.0","91.0","4.0","29.0","9.0","57.0"
"239","1997","16","Uttarakhand","Pithorgarh","-1.0","0.0","0.0","0.0","0.0","0.0","0.0","0.0"
"239","2003","16","Uttarakhand","Pithorgarh","2.54","86.82","12.09","93.94","3.04","39.24","7.63","78.92"
"239","2007","16","Uttarakhand","Pithorgarh","2.77","91.73","17.62","103.45","11.94","32.44","4.67","70.09"
"239","2012","16","Uttarakhand","Pithorgarh","5.15","70.45","34.1","84.34","5.17","15.97","22.4","56.09"
"239","2019","16","Uttarakhand","Pithorgarh","4.28","40.01","48.46","63.51","2.51","7.67","33.38","42.74"
"240","1966","16","Uttarakhand","Chamoli","-1.0","-1.0","-1.0","-1.0","-1.0","-1.0","-1.0","-1.0"
"240","1972","16","Uttarakhand","Chamoli","-1.0","-1.0","-1.0","-1.0","-1.0","-1.0","-1.0","-1.0"
"240","1978","16","Uttarakhand","Chamoli","-1.0","-1.0","-1.0","-1.0","-1.0","-1.0","-1.0","-1.0"
"240","1982","16","Uttarakhand","Chamoli","-1.0","-1.0","-1.0","-1.0","-1.0","-1.0","-1.0","-1.0"
"240","1988","16","Uttarakhand","Chamoli","-1.0","-1.0","-1.0","-1.0","-1.0","-1.0","-1.0","-1.0"
"240","1993","16","Uttarakhand","Chamoli","2.0","90.0","1.0","79.0","0.0","18.0","1.0","41.0"
"240","1997","16","Uttarakhand","Chamoli","-1.0","-1.0","-1.0","-1.0","-1.0","-1.0","-1.0","-1.0"
"240","2003","16","Uttarakhand","Chamoli","5.77","102.75","3.42","82.03","4.97","25.44","2.39","53.38"
"240","2007","16","Uttarakhand","Chamoli","0.66","104.35","3.33","90.52","2.35","26.16","0.76","60.47"
"240","2012","16","Uttarakhand","Chamoli","3.37","90.0","9.67","77.46","2.33","14.11","6.25","49.09"
"240","2019","16","Uttarakhand","Chamoli","0.79","72.24","8.9","74.04","0.57","10.29","6.16","46.87"
"241","1966","16","Uttarakhand","Uttar Kashi","-1.0","-1.0","-1.0","-1.0","-1.0","-1.0","-1.0","-1.0"
"241","1972","16","Uttarakhand","Uttar Kashi","-1.0","-1.0","-1.0","-1.0","-1.0","-1.0","-1.0","-1.0"
"241","1978","16","Uttarakhand","Uttar Kashi","-1.0","-1.0","-1.0","-1.0","-1.0","-1.0","-1.0","-1.0"
"241","1982","16","Uttarakhand","Uttar Kashi","-1.0","-1.0","-1.0","-1.0","-1.0","-1.0","-1.0","-1.0"
"241","1988","16","Uttarakhand","Uttar Kashi","-1.0","-1.0","-1.0","-1.0","-1.0","-1.0","-1.0","-1.0"
"241","1993","16","Uttarakhand","Uttar Kashi","1.0","46.0","1.0","33.0","0.0","7.0","1.0","17.0"
"241","1997","16","Uttarakhand","Uttar Kashi","-1.0","-1.0","-1.0","-1.0","-1.0","-1.0","-1.0","-1.0"
"241","2003","16","Uttarakhand","Uttar Kashi","1.79","19.47","25.26","21.18","5.91","8.81","17.37","16.19"
"241","2007","16","Uttarakhand","Uttar Kashi","1.42","46.87","6.68","29.39","4.48","5.96","1.3","14.5"
"241","2012","16","Uttarakhand","Uttar Kashi","3.0","42.51","10.5","27.31","2.08","4.52","6.24","14.57"
"241","2019","16","Uttarakhand","Uttar Kashi","1.41","38.86","11.67","24.41","0.95","3.69","8.46","16.04"
"242","1966","16","Uttarakhand","Tehri Garhwal","-1.0","-1.0","-1.0","-1.0","-1.0","-1.0","-1.0","-1.0"
"242","1972","16","Uttarakhand","Tehri Garhwal","-1.0","-1.0","-1.0","-1.0","-1.0","-1.0","-1.0","-1.0"
"242","1978","16","Uttarakhand","Tehri Garhwal","-1.0","-1.0","-1.0","-1.0","-1.0","-1.0","-1.0","-1.0"
"242","1982","16","Uttarakhand","Tehri Garhwal","-1.0","-1.0","-1.0","-1.0","-1.0","-1.0","-1.0","-1.0"
"242","1988","16","Uttarakhand","Tehri Garhwal","-1.0","-1.0","-1.0","-1.0","-1.0","-1.0","-1.0","-1.0"
"242","1993","16","Uttarakhand","Tehri Garhwal","1.0","98.0","0.0","45.0","0.0","10.0","0.0","25.0"
"242","1997","16","Uttarakhand","Tehri Garhwal","-1.0","-1.0","-1.0","-1.0","-1.0","-1.0","-1.0","-1.0"
"242","2003","16","Uttarakhand","Tehri Garhwal","2.15","43.05","4.45","26.1","0.76","7.14","3.12","15.5"
"242","2007","16","Uttarakhand","Tehri Garhwal","0.84","70.72","9.9","129.55","6.49","36.71","2.62","87.18"
"242","2012","16","Uttarakhand","Tehri Garhwal","3.34","43.59","6.58","23.73","0.93","3.99","4.42","13.61"
"242","2019","16","Uttarakhand","Tehri Garhwal","1.0","37.13","2.64","25.96","0.27","3.69","1.62","14.06"
"243","1966","16","Uttarakhand","Garhwal","-1.0","-1.0","-1.0","-1.0","-1.0","-1.0","-1.0","-1.0"
"243","1972","16","Uttarakhand","Garhwal","-1.0","-1.0","-1.0","-1.0","-1.0","-1.0","-1.0","-1.0"
"243","1978","16","Uttarakhand","Garhwal","-1.0","-1.0","-1.0","-1.0","-1.0","-1.0","-1.0","-1.0"
"243","1982","16","Uttarakhand","Garhwal","-1.0","-1.0","-1.0","-1.0","-1.0","-1.0","-1.0","-1.0"
"243","1988","16","Uttarakhand","Garhwal","-1.0","-1.0","-1.0","-1.0","-1.0","-1.0","-1.0","-1.0"
"243","1993","16","Uttarakhand","Garhwal","1.0","108.0","1.0","130.0","0.0","48.0","1.0","82.0"
"243","1997","16","Uttarakhand","Garhwal","0.0","0.0","0.0","0.0","0.0","0.0","0.0","0.0"
"243","2003","16","Uttarakhand","Garhwal","0.58","82.48","3.86","122.89","0.97","40.16","3.16","92.41"
"243","2007","16","Uttarakhand","Garhwal","0.18","66.41","0.97","29.13","0.51","6.14","0.16","19.22"
"243","2012","16","Uttarakhand","Garhwal","1.2","55.92","16.72","116.09","4.06","22.2","11.74","75.79"
"243","2019","16","Uttarakhand","Garhwal","0.4","32.43","10.88","106.0","1.15","14.92","8.46","82.06"
"244","1966","16","Uttarakhand","Dehradun","-1.0","-1.0","-1.0","-1.0","-1.0","-1.0","-1.0","-1.0"
"244","1972","16","Uttarakhand","Dehradun","-1.0","-1.0","-1.0","-1.0","-1.0","-1.0","-1.0","-1.0"
"244","1978","16","Uttarakhand","Dehradun","-1.0","-1.0","-1.0","-1.0","-1.0","-1.0","-1.0","-1.0"
"244","1982","16","Uttarakhand","Dehradun","-1.0","-1.0","-1.0","-1.0","-1.0","-1.0","-1.0","-1.0"
"244","1988","16","Uttarakhand","Dehradun","-1.0","-1.0","-1.0","-1.0","-1.0","-1.0","-1.0","-1.0"
"244","1993","16","Uttarakhand","Dehradun","2.0","49.0","6.0","48.0","2.0","17.0","3.0","24.0"
"244","1997","16","Uttarakhand","Dehradun","-1.0","-1.0","-1.0","-1.0","-1.0","-1.0","-1.0","-1.0"
"244","2003","16","Uttarakhand","Dehradun","2.29","47.03","16.14","43.55","3.32","17.88","10.42","28.92"
"244","2007","16","Uttarakhand","Dehradun","2.38","38.91","24.31","48.46","15.26","18.15","4.85","30.67"
"244","2012","16","Uttarakhand","Dehradun","2.22","32.82","40.08","43.43","7.19","10.72","21.16","23.28"
"244","2019","16","Uttarakhand","Dehradun","3.1","23.78","62.28","34.92","4.02","6.49","36.89","22.56"
"601","1966","17","Assam","Cachar","-1.0","-1.0","-1.0","-1.0","-1.0","-1.0","-1.0","-1.0"
"601","1972","17","Assam","Cachar","-1.0","-1.0","-1.0","-1.0","-1.0","-1.0","-1.0","-1.0"
"601","1977","17","Assam","Cachar","-1.0","-1.0","-1.0","-1.0","-1.0","-1.0","-1.0","-1.0"
"601","1982","17","Assam","Cachar","-1.0","-1.0","-1.0","-1.0","-1.0","-1.0","-1.0","-1.0"
"601","1987","17","Assam","Cachar","-1.0","-1.0","-1.0","-1.0","-1.0","-1.0","-1.0","-1.0"
"601","1992","17","Assam","Cachar","-1.0","-1.0","-1.0","-1.0","-1.0","-1.0","-1.0","-1.0"
"601","1997","17","Assam","Cachar","-1.0","-1.0","-1.0","-1.0","-1.0","-1.0","-1.0","-1.0"
"601","2003","17","Assam","Cachar","4.91","253.98","17.59","214.39","8.92","138.73","12.62","151.58"
"601","2007","17","Assam","Cachar","4.24","215.73","25.15","233.61","13.85","141.55","16.1","147.4"
"601","2012","17","Assam","Cachar","2.99","189.48","24.51","245.63","6.46","74.98","16.56","196.39"
"601","2019","17","Assam","Cachar","2.67","106.84","26.0","270.55","3.0","51.4","26.02","279.76"
"602","1966","17","Assam","Darrang","-1.0","-1.0","-1.0","-1.0","-1.0","-1.0","-1.0","-1.0"
"602","1972","17","Assam","Darrang","-1.0","-1.0","-1.0","-1.0","-1.0","-1.0","-1.0","-1.0"
"602","1977","17","Assam","Darrang","-1.0","-1.0","-1.0","-1.0","-1.0","-1.0","-1.0","-1.0"
"602","1982","17","Assam","Darrang","-1.0","-1.0","-1.0","-1.0","-1.0","-1.0","-1.0","-1.0"
"602","1987","17","Assam","Darrang","-1.0","-1.0","-1.0","-1.0","-1.0","-1.0","-1.0","-1.0"
"602","1992","17","Assam","Darrang","-1.0","-1.0","-1.0","-1.0","-1.0","-1.0","-1.0","-1.0"
"602","1997","17","Assam","Darrang","-1.0","-1.0","-1.0","-1.0","-1.0","-1.0","-1.0","-1.0"
"602","2003","17","Assam","Darrang","3.21","272.47","12.0","224.46","6.81","189.95","11.69","190.38"
"602","2007","17","Assam","Darrang","4.58","412.29","19.78","416.89","9.95","247.28","12.77","273.05"
"602","2012","17","Assam","Darrang","3.21","479.39","24.98","554.87","6.63","166.42","17.83","371.1"
"602","2019","17","Assam","Darrang","7.83","345.9","33.45","549.29","4.61","159.27","33.42","583.05"
"603","1972","17","Assam","Dibrugarh","-1.0","-1.0","-1.0","-1.0","-1.0","-1.0","-1.0","-1.0"
"603","1977","17","Assam","Dibrugarh","-1.0","-1.0","-1.0","-1.0","-1.0","-1.0","-1.0","-1.0"
"603","1982","17","Assam","Dibrugarh","-1.0","-1.0","-1.0","-1.0","-1.0","-1.0","-1.0","-1.0"
"603","1987","17","Assam","Dibrugarh","-1.0","-1.0","-1.0","-1.0","-1.0","-1.0","-1.0","-1.0"
"603","1992","17","Assam","Dibrugarh","-1.0","-1.0","-1.0","-1.0","-1.0","-1.0","-1.0","-1.0"
"603","1997","17","Assam","Dibrugarh","-1.0","-1.0","-1.0","-1.0","-1.0","-1.0","-1.0","-1.0"
"603","2003","17","Assam","Dibrugarh","1.61","148.43","5.65","141.77","3.09","142.08","3.25","140.39"
"603","2007","17","Assam","Dibrugarh","1.58","256.72","8.68","209.67","6.59","149.16","5.6","134.54"
"603","2012","17","Assam","Dibrugarh","2.33","330.48","11.03","261.82","2.67","85.23","6.4","156.66"
"603","2019","17","Assam","Dibrugarh","3.04","221.7","21.13","188.97","2.74","87.58","17.28","180.71"
"604","1966","17","Assam","Goalpara","-1.0","-1.0","-1.0","-1.0","-1.0","-1.0","-1.0","-1.0"
"604","1972","17","Assam","Goalpara","-1.0","-1.0","-1.0","-1.0","-1.0","-1.0","-1.0","-1.0"
"604","1977","17","Assam","Goalpara","-1.0","-1.0","-1.0","-1.0","-1.0","-1.0","-1.0","-1.0"
"604","1982","17","Assam","Goalpara","-1.0","-1.0","-1.0","-1.0","-1.0","-1.0","-1.0","-1.0"
"604","1987","17","Assam","Goalpara","-1.0","-1.0","-1.0","-1.0","-1.0","-1.0","-1.0","-1.0"
"604","1992","17","Assam","Goalpara","-1.0","-1.0","-1.0","-1.0","-1.0","-1.0","-1.0","-1.0"
"604","1997","17","Assam","Goalpara","-1.0","-1.0","-1.0","-1.0","-1.0","-1.0","-1.0","-1.0"
"604","2003","17","Assam","Goalpara","0.89","390.02","5.67","300.36","3.0","206.66","4.62","225.87"
"604","2007","17","Assam","Goalpara","1.61","438.93","7.86","502.14","3.43","272.03","3.93","291.95"
"604","2012","17","Assam","Goalpara","0.95","446.06","9.54","489.52","2.68","154.16","7.33","357.9"
"604","2019","17","Assam","Goalpara","2.37","333.63","30.55","503.37","5.79","151.42","28.12","491.49"
"605","1966","17","Assam","Kamrup","-1.0","-1.0","-1.0","-1.0","-1.0","-1.0","-1.0","-1.0"
"605","1972","17","Assam","Kamrup","-1.0","-1.0","-1.0","-1.0","-1.0","-1.0","-1.0","-1.0"
"605","1977","17","Assam","Kamrup","-1.0","-1.0","-1.0","-1.0","-1.0","-1.0","-1.0","-1.0"
"605","1982","17","Assam","Kamrup","-1.0","-1.0","-1.0","-1.0","-1.0","-1.0","-1.0","-1.0"
"605","1987","17","Assam","Kamrup","-1.0","-1.0","-1.0","-1.0","-1.0","-1.0","-1.0","-1.0"
"605","1992","17","Assam","Kamrup","-1.0","-1.0","-1.0","-1.0","-1.0","-1.0","-1.0","-1.0"
"605","1997","17","Assam","Kamrup","-1.0","-1.0","-1.0","-1.0","-1.0","-1.0","-1.0","-1.0"
"605","2003","17","Assam","Kamrup","3.54","280.13","25.22","272.37","14.71","212.9","18.95","228.52"
"605","2007","17","Assam","Kamrup","4.09","390.38","49.56","497.47","26.21","264.39","33.67","316.63"
"605","2012","17","Assam","Kamrup","2.36","375.55","54.55","568.43","14.05","162.15","43.25","442.41"
"605","2019","17","Assam","Kamrup","7.74","175.92","90.09","592.96","13.03","147.24","80.17","609.87"
"606","1972","17","Assam","Karbi Anglong","-1.0","-1.0","-1.0","-1.0","-1.0","-1.0","-1.0","-1.0"
"606","1977","17","Assam","Karbi Anglong","-1.0","-1.0","-1.0","-1.0","-1.0","-1.0","-1.0","-1.0"
"606","1982","17","Assam","Karbi Anglong","-1.0","-1.0","-1.0","-1.0","-1.0","-1.0","-1.0","-1.0"
"606","1987","17","Assam","Karbi Anglong","-1.0","-1.0","-1.0","-1.0","-1.0","-1.0","-1.0","-1.0"
"606","1992","17","Assam","Karbi Anglong","-1.0","-1.0","-1.0","-1.0","-1.0","-1.0","-1.0","-1.0"
"606","1997","17","Assam","Karbi Anglong","-1.0","-1.0","-1.0","-1.0","-1.0","-1.0","-1.0","-1.0"
"606","2003","17","Assam","Karbi Anglong","0.18","65.22","18.46","65.23","13.48","36.5","10.28","33.53"
"606","2007","17","Assam","Karbi Anglong","3.03","129.22","5.47","101.03","3.36","69.81","3.14","71.2"
"606","2012","17","Assam","Karbi Anglong","4.86","142.15","8.26","98.86","6.47","34.91","3.63","64.2"
"606","2019","17","Assam","Karbi Anglong","6.69","96.76","18.05","119.54","3.66","34.76","10.38","84.82"
"607","1966","17","Assam","Lakhimpur","-1.0","-1.0","-1.0","-1.0","-1.0","-1.0","-1.0","-1.0"
"607","1972","17","Assam","Lakhimpur","-1.0","-1.0","-1.0","-1.0","-1.0","-1.0","-1.0","-1.0"
"607","1977","17","Assam","Lakhimpur","-1.0","-1.0","-1.0","-1.0","-1.0","-1.0","-1.0","-1.0"
"607","1982","17","Assam","Lakhimpur","-1.0","-1.0","-1.0","-1.0","-1.0","-1.0","-1.0","-1.0"
"607","1987","17","Assam","Lakhimpur","-1.0","-1.0","-1.0","-1.0","-1.0","-1.0","-1.0","-1.0"
"607","1992","17","Assam","Lakhimpur","-1.0","-1.0","-1.0","-1.0","-1.0","-1.0","-1.0","-1.0"
"607","1997","17","Assam","Lakhimpur","-1.0","-1.0","-1.0","-1.0","-1.0","-1.0","-1.0","-1.0"
"607","2003","17","Assam","Lakhimpur","0.2","195.64","1.96","142.31","0.3","143.34","0.52","148.83"
"607","2007","17","Assam","Lakhimpur","0.55","341.46","2.06","266.8","1.23","169.78","1.47","157.24"
"607","2012","17","Assam","Lakhimpur","0.72","467.7","2.1","297.96","0.67","98.21","1.24","192.47"
"607","2019","17","Assam","Lakhimpur","2.83","453.95","6.37","285.55","1.22","128.2","6.38","271.51"
"608","1972","17","Assam","North Cachar Hil / Dima hasao","-1.0","-1.0","-1.0","-1.0","-1.0","-1.0","-1.0","-1.0"
"608","1977","17","Assam","North Cachar Hil / Dima hasao","-1.0","-1.0","-1.0","-1.0","-1.0","-1.0","-1.0","-1.0"
"608","1982","17","Assam","North Cachar Hil / Dima hasao","-1.0","-1.0","-1.0","-1.0","-1.0","-1.0","-1.0","-1.0"
"608","1987","17","Assam","North Cachar Hil / Dima hasao","-1.0","-1.0","-1.0","-1.0","-1.0","-1.0","-1.0","-1.0"
"608","1992","17","Assam","North Cachar Hil / Dima hasao","-1.0","-1.0","-1.0","-1.0","-1.0","-1.0","-1.0","-1.0"
"608","1997","17","Assam","North Cachar Hil / Dima hasao","-1.0","-1.0","-1.0","-1.0","-1.0","-1.0","-1.0","-1.0"
"608","2003","17","Assam","North Cachar Hil / Dima hasao","0.29","8.08","1.48","16.75","1.11","7.95","1.24","14.85"
"608","2007","17","Assam","North Cachar Hil / Dima hasao","1.14","6.63","3.07","8.51","2.19","6.36","2.42","6.23"
"608","2012","17","Assam","North Cachar Hil / Dima hasao","0.93","6.31","1.27","7.87","0.63","3.12","1.02","5.8"
"608","2019","17","Assam","North Cachar Hil / Dima hasao","4.08","2.83","0.82","4.28","2.71","1.7","0.64","5.5"
"609","1966","17","Assam","Nagaon","-1.0","-1.0","-1.0","-1.0","-1.0","-1.0","-1.0","-1.0"
"609","1972","17","Assam","Nagaon","-1.0","-1.0","-1.0","-1.0","-1.0","-1.0","-1.0","-1.0"
"609","1977","17","Assam","Nagaon","-1.0","-1.0","-1.0","-1.0","-1.0","-1.0","-1.0","-1.0"
"609","1982","17","Assam","Nagaon","-1.0","-1.0","-1.0","-1.0","-1.0","-1.0","-1.0","-1.0"
"609","1987","17","Assam","Nagaon","-1.0","-1.0","-1.0","-1.0","-1.0","-1.0","-1.0","-1.0"
"609","1992","17","Assam","Nagaon","-1.0","-1.0","-1.0","-1.0","-1.0","-1.0","-1.0","-1.0"
"609","1997","17","Assam","Nagaon","-1.0","-1.0","-1.0","-1.0","-1.0","-1.0","-1.0","-1.0"
"609","2003","17","Assam","Nagaon","3.2","214.53","12.88","190.62","8.9","135.18","9.16","137.44"
"609","2007","17","Assam","Nagaon","5.22","338.05","38.3","326.73","20.17","199.7","25.8","213.49"
"609","2012","17","Assam","Nagaon","2.72","292.44","23.18","344.51","9.61","120.21","35.69","252.35"
"609","2019","17","Assam","Nagaon","21.68","145.75","69.56","410.41","13.25","96.51","80.8","442.76"
"610","1966","17","Assam","Sibsagar","-1.0","-1.0","-1.0","-1.0","-1.0","-1.0","-1.0","-1.0"
"610","1972","17","Assam","Sibsagar","-1.0","-1.0","-1.0","-1.0","-1.0","-1.0","-1.0","-1.0"
"610","1977","17","Assam","Sibsagar","-1.0","-1.0","-1.0","-1.0","-1.0","-1.0","-1.0","-1.0"
"610","1982","17","Assam","Sibsagar","-1.0","-1.0","-1.0","-1.0","-1.0","-1.0","-1.0","-1.0"
"610","1987","17","Assam","Sibsagar","-1.0","-1.0","-1.0","-1.0","-1.0","-1.0","-1.0","-1.0"
"610","1992","17","Assam","Sibsagar","-1.0","-1.0","-1.0","-1.0","-1.0","-1.0","-1.0","-1.0"
"610","1997","17","Assam","Sibsagar","-1.0","-1.0","-1.0","-1.0","-1.0","-1.0","-1.0","-1.0"
"610","2003","17","Assam","Sibsagar","6.26","357.52","27.99","336.24","9.58","237.4","16.34","351.54"
"610","2007","17","Assam","Sibsagar","2.57","401.76","14.0","397.3","6.08","234.01","8.55","263.65"
"610","2012","17","Assam","Sibsagar","1.22","401.41","15.58","454.87","4.09","148.39","11.03","278.88"
"610","2019","17","Assam","Sibsagar","7.33","205.92","35.32","531.98","3.74","131.95","30.3","575.72"
"626","1972","18","Himachal Pradesh","Bilashpur","-1.0","-1.0","-1.0","-1.0","-1.0","-1.0","-1.0","-1.0"
"626","1977","18","Himachal Pradesh","Bilashpur","-1.0","-1.0","-1.0","-1.0","-1.0","-1.0","-1.0","-1.0"
"626","1982","18","Himachal Pradesh","Bilashpur","-1.0","-1.0","-1.0","-1.0","-1.0","-1.0","-1.0","-1.0"
"626","1987","18","Himachal Pradesh","Bilashpur","-1.0","-1.0","-1.0","-1.0","-1.0","-1.0","-1.0","-1.0"
"626","1992","18","Himachal Pradesh","Bilashpur","-1.0","-1.0","-1.0","-1.0","-1.0","-1.0","-1.0","-1.0"
"626","1997","18","Himachal Pradesh","Bilashpur","-1.0","-1.0","-1.0","-1.0","-1.0","-1.0","-1.0","-1.0"
"626","2003","18","Himachal Pradesh","Bilashpur","4.74","27.8","9.64","2.81","1.68","1.01","4.43","0.9"
"626","2007","18","Himachal Pradesh","Bilashpur","2.64","23.57","10.97","3.59","1.43","4.66","4.94","1.21"
"626","2012","18","Himachal Pradesh","Bilashpur","3.1","18.81","13.66","1.5","1.83","0.87","7.58","0.53"
"626","2019","18","Himachal Pradesh","Bilashpur","1.59","10.1","18.9","1.68","1.04","0.54","10.24","0.69"
"627","1966","18","Himachal Pradesh","Chamba","-1.0","-1.0","-1.0","-1.0","-1.0","-1.0","-1.0","-1.0"
"627","1972","18","Himachal Pradesh","Chamba","-1.0","-1.0","-1.0","-1.0","-1.0","-1.0","-1.0","-1.0"
"627","1977","18","Himachal Pradesh","Chamba","-1.0","-1.0","-1.0","-1.0","-1.0","-1.0","-1.0","-1.0"
"627","1982","18","Himachal Pradesh","Chamba","-1.0","-1.0","-1.0","-1.0","-1.0","-1.0","-1.0","-1.0"
"627","1987","18","Himachal Pradesh","Chamba","-1.0","-1.0","-1.0","-1.0","-1.0","-1.0","-1.0","-1.0"
"627","1992","18","Himachal Pradesh","Chamba","-1.0","-1.0","-1.0","-1.0","-1.0","-1.0","-1.0","-1.0"
"627","1997","18","Himachal Pradesh","Chamba","-1.0","-1.0","-1.0","-1.0","-1.0","-1.0","-1.0","-1.0"
"627","2003","18","Himachal Pradesh","Chamba","5.44","93.84","12.63","86.98","2.96","25.09","6.46","46.08"
"627","2007","18","Himachal Pradesh","Chamba","5.67","99.53","17.04","108.14","3.22","29.7","8.34","45.62"
"627","2012","18","Himachal Pradesh","Chamba","9.56","96.94","24.89","95.75","4.32","19.18","11.97","50.57"
"627","2019","18","Himachal Pradesh","Chamba","8.89","78.06","33.62","72.31","3.71","15.24","16.14","33.96"
"629","1966","18","Himachal Pradesh","Kangra","-1.0","-1.0","-1.0","-1.0","-1.0","-1.0","-1.0","-1.0"
"629","1972","18","Himachal Pradesh","Kangra","-1.0","-1.0","-1.0","-1.0","-1.0","-1.0","-1.0","-1.0"
"629","1977","18","Himachal Pradesh","Kangra","-1.0","-1.0","-1.0","-1.0","-1.0","-1.0","-1.0","-1.0"
"629","1982","18","Himachal Pradesh","Kangra","-1.0","-1.0","-1.0","-1.0","-1.0","-1.0","-1.0","-1.0"
"629","1987","18","Himachal Pradesh","Kangra","-1.0","-1.0","-1.0","-1.0","-1.0","-1.0","-1.0","-1.0"
"629","1992","18","Himachal Pradesh","Kangra","-1.0","-1.0","-1.0","-1.0","-1.0","-1.0","-1.0","-1.0"
"629","1997","18","Himachal Pradesh","Kangra","-1.0","-1.0","-1.0","-1.0","-1.0","-1.0","-1.0","-1.0"
"629","2003","18","Himachal Pradesh","Kangra","27.81","178.99","114.53","67.68","21.86","20.22","56.5","33.74"
"629","2007","18","Himachal Pradesh","Kangra","25.58","137.87","114.16","63.62","20.04","19.79","56.8","28.45"
"629","2012","18","Himachal Pradesh","Kangra","32.26","95.19","150.52","35.26","22.94","7.59","79.38","14.86"
"629","2019","18","Himachal Pradesh","Kangra","17.47","40.5","174.18","20.82","15.82","3.64","94.3","9.38"
"630","1966","18","Himachal Pradesh","Kinnaur","-1.0","-1.0","-1.0","-1.0","-1.0","-1.0","-1.0","-1.0"
"630","1972","18","Himachal Pradesh","Kinnaur","-1.0","-1.0","-1.0","-1.0","-1.0","-1.0","-1.0","-1.0"
"630","1977","18","Himachal Pradesh","Kinnaur","-1.0","-1.0","-1.0","-1.0","-1.0","-1.0","-1.0","-1.0"
"630","1982","18","Himachal Pradesh","Kinnaur","-1.0","-1.0","-1.0","-1.0","-1.0","-1.0","-1.0","-1.0"
"630","1987","18","Himachal Pradesh","Kinnaur","-1.0","-1.0","-1.0","-1.0","-1.0","-1.0","-1.0","-1.0"
"630","1992","18","Himachal Pradesh","Kinnaur","-1.0","-1.0","-1.0","-1.0","-1.0","-1.0","-1.0","-1.0"
"630","1997","18","Himachal Pradesh","Kinnaur","-1.0","-1.0","-1.0","-1.0","-1.0","-1.0","-1.0","-1.0"
"630","2003","18","Himachal Pradesh","Kinnaur","0.36","2.7","5.49","5.9","0.91","1.72","2.58","2.99"
"630","2007","18","Himachal Pradesh","Kinnaur","0.65","1.62","6.38","5.42","1.07","1.57","3.0","2.38"
"630","2012","18","Himachal Pradesh","Kinnaur","0.39","1.28","7.47","5.1","0.96","1.1","3.15","2.1"
"630","2019","18","Himachal Pradesh","Kinnaur","0.3","0.57","9.89","4.13","0.8","0.51","4.58","1.72"
"631","1966","18","Himachal Pradesh","Kullu","-1.0","-1.0","-1.0","-1.0","-1.0","-1.0","-1.0","-1.0"
"631","1972","18","Himachal Pradesh","Kullu","-1.0","-1.0","-1.0","-1.0","-1.0","-1.0","-1.0","-1.0"
"631","1977","18","Himachal Pradesh","Kullu","-1.0","-1.0","-1.0","-1.0","-1.0","-1.0","-1.0","-1.0"
"631","1982","18","Himachal Pradesh","Kullu","-1.0","-1.0","-1.0","-1.0","-1.0","-1.0","-1.0","-1.0"
"631","1987","18","Himachal Pradesh","Kullu","-1.0","-1.0","-1.0","-1.0","-1.0","-1.0","-1.0","-1.0"
"631","1992","18","Himachal Pradesh","Kullu","-1.0","-1.0","-1.0","-1.0","-1.0","-1.0","-1.0","-1.0"
"631","1997","18","Himachal Pradesh","Kullu","-1.0","-1.0","-1.0","-1.0","-1.0","-1.0","-1.0","-1.0"
"631","2003","18","Himachal Pradesh","Kullu","4.97","37.57","32.77","37.12","6.3","11.27","18.83","21.57"
"631","2007","18","Himachal Pradesh","Kullu","6.16","35.26","52.35","45.21","7.81","10.7","23.95","19.58"
"631","2012","18","Himachal Pradesh","Kullu","5.15","24.24","55.97","34.09","6.95","5.89","27.31","15.12"
"631","2019","18","Himachal Pradesh","Kullu","6.66","11.91","73.2","17.47","4.13","3.28","31.07","7.4"
"632","1966","18","Himachal Pradesh","Lahul & Spiti","-1.0","-1.0","-1.0","-1.0","-1.0","-1.0","-1.0","-1.0"
"632","1972","18","Himachal Pradesh","Lahul & Spiti","-1.0","-1.0","-1.0","-1.0","-1.0","-1.0","-1.0","-1.0"
"632","1977","18","Himachal Pradesh","Lahul & Spiti","-1.0","-1.0","-1.0","-1.0","-1.0","-1.0","-1.0","-1.0"
"632","1982","18","Himachal Pradesh","Lahul & Spiti","-1.0","-1.0","-1.0","-1.0","-1.0","-1.0","-1.0","-1.0"
"632","1987","18","Himachal Pradesh","Lahul & Spiti","-1.0","-1.0","-1.0","-1.0","-1.0","-1.0","-1.0","-1.0"
"632","1992","18","Himachal Pradesh","Lahul & Spiti","-1.0","-1.0","-1.0","-1.0","-1.0","-1.0","-1.0","-1.0"
"632","1997","18","Himachal Pradesh","Lahul & Spiti","-1.0","-1.0","-1.0","-1.0","-1.0","-1.0","-1.0","-1.0"
"632","2003","18","Himachal Pradesh","Lahul & Spiti","0.28","1.62","4.42","2.92","0.55","0.41","1.91","1.18"
"632","2007","18","Himachal Pradesh","Lahul & Spiti","0.24","1.25","4.05","2.73","0.44","0.64","2.14","1.04"
"632","2012","18","Himachal Pradesh","Lahul & Spiti","0.13","1.67","5.17","2.4","0.43","0.37","2.24","0.78"
"632","2019","18","Himachal Pradesh","Lahul & Spiti","0.2","0.84","5.03","2.44","0.18","0.22","2.1","0.66"
"633","1966","18","Himachal Pradesh","Solan","-1.0","-1.0","-1.0","-1.0","-1.0","-1.0","-1.0","-1.0"
"633","1972","18","Himachal Pradesh","Solan","-1.0","-1.0","-1.0","-1.0","-1.0","-1.0","-1.0","-1.0"
"633","1977","18","Himachal Pradesh","Solan","-1.0","-1.0","-1.0","-1.0","-1.0","-1.0","-1.0","-1.0"
"633","1982","18","Himachal Pradesh","Solan","-1.0","-1.0","-1.0","-1.0","-1.0","-1.0","-1.0","-1.0"
"633","1987","18","Himachal Pradesh","Solan","-1.0","-1.0","-1.0","-1.0","-1.0","-1.0","-1.0","-1.0"
"633","1992","18","Himachal Pradesh","Solan","-1.0","-1.0","-1.0","-1.0","-1.0","-1.0","-1.0","-1.0"
"633","1997","18","Himachal Pradesh","Solan","-1.0","-1.0","-1.0","-1.0","-1.0","-1.0","-1.0","-1.0"
"633","2003","18","Himachal Pradesh","Solan","7.08","49.01","23.28","34.64","3.93","7.38","11.79","14.41"
"633","2007","18","Himachal Pradesh","Solan","4.07","40.56","28.78","32.37","3.86","8.35","13.14","13.02"
"633","2012","18","Himachal Pradesh","Solan","6.52","35.92","40.36","25.63","4.57","3.75","19.67","8.63"
"633","2019","18","Himachal Pradesh","Solan","4.64","25.02","51.71","16.69","2.35","1.76","22.98","5.59"
"634","1966","18","Himachal Pradesh","Mandi","-1.0","-1.0","-1.0","-1.0","-1.0","-1.0","-1.0","-1.0"
"634","1972","18","Himachal Pradesh","Mandi","-1.0","-1.0","-1.0","-1.0","-1.0","-1.0","-1.0","-1.0"
"634","1977","18","Himachal Pradesh","Mandi","-1.0","-1.0","-1.0","-1.0","-1.0","-1.0","-1.0","-1.0"
"634","1982","18","Himachal Pradesh","Mandi","-1.0","-1.0","-1.0","-1.0","-1.0","-1.0","-1.0","-1.0"
"634","1987","18","Himachal Pradesh","Mandi","-1.0","-1.0","-1.0","-1.0","-1.0","-1.0","-1.0","-1.0"
"634","1992","18","Himachal Pradesh","Mandi","-1.0","-1.0","-1.0","-1.0","-1.0","-1.0","-1.0","-1.0"
"634","1997","18","Himachal Pradesh","Mandi","-1.0","-1.0","-1.0","-1.0","-1.0","-1.0","-1.0","-1.0"
"634","2003","18","Himachal Pradesh","Mandi","10.09","129.97","73.93","93.07","12.38","24.63","36.89","41.64"
"634","2007","18","Himachal Pradesh","Mandi","15.43","124.74","112.2","90.95","17.59","30.45","54.54","40.0"
"634","2012","18","Himachal Pradesh","Mandi","16.09","103.38","127.05","67.91","14.71","13.32","65.55","31.75"
"634","2019","18","Himachal Pradesh","Mandi","12.01","62.07","141.91","44.09","7.66","7.08","67.2","17.26"
"635","1966","18","Himachal Pradesh","Shimla","-1.0","-1.0","-1.0","-1.0","-1.0","-1.0","-1.0","-1.0"
"635","1972","18","Himachal Pradesh","Shimla","-1.0","-1.0","-1.0","-1.0","-1.0","-1.0","-1.0","-1.0"
"635","1977","18","Himachal Pradesh","Shimla","-1.0","-1.0","-1.0","-1.0","-1.0","-1.0","-1.0","-1.0"
"635","1982","18","Himachal Pradesh","Shimla","-1.0","-1.0","-1.0","-1.0","-1.0","-1.0","-1.0","-1.0"
"635","1987","18","Himachal Pradesh","Shimla","-1.0","-1.0","-1.0","-1.0","-1.0","-1.0","-1.0","-1.0"
"635","1992","18","Himachal Pradesh","Shimla","-1.0","-1.0","-1.0","-1.0","-1.0","-1.0","-1.0","-1.0"
"635","1997","18","Himachal Pradesh","Shimla","-1.0","-1.0","-1.0","-1.0","-1.0","-1.0","-1.0","-1.0"
"635","2003","18","Himachal Pradesh","Shimla","6.79","62.48","56.26","76.46","9.97","24.42","27.07","37.59"
"635","2007","18","Himachal Pradesh","Shimla","5.61","51.81","69.21","76.46","10.83","23.19","33.3","34.14"
"635","2012","18","Himachal Pradesh","Shimla","5.64","39.56","88.41","55.19","10.74","12.55","40.44","24.26"
"635","2019","18","Himachal Pradesh","Shimla","4.07","20.9","93.72","35.19","7.06","5.63","38.36","15.25"
"636","1966","18","Himachal Pradesh","Sirmaur","-1.0","-1.0","-1.0","-1.0","-1.0","-1.0","-1.0","-1.0"
"636","1972","18","Himachal Pradesh","Sirmaur","-1.0","-1.0","-1.0","-1.0","-1.0","-1.0","-1.0","-1.0"
"636","1977","18","Himachal Pradesh","Sirmaur","-1.0","-1.0","-1.0","-1.0","-1.0","-1.0","-1.0","-1.0"
"636","1982","18","Himachal Pradesh","Sirmaur","-1.0","-1.0","-1.0","-1.0","-1.0","-1.0","-1.0","-1.0"
"636","1987","18","Himachal Pradesh","Sirmaur","-1.0","-1.0","-1.0","-1.0","-1.0","-1.0","-1.0","-1.0"
"636","1992","18","Himachal Pradesh","Sirmaur","-1.0","-1.0","-1.0","-1.0","-1.0","-1.0","-1.0","-1.0"
"636","1997","18","Himachal Pradesh","Sirmaur","-1.0","-1.0","-1.0","-1.0","-1.0","-1.0","-1.0","-1.0"
"636","2003","18","Himachal Pradesh","Sirmaur","4.61","70.92","18.25","69.38","4.5","25.86","10.35","38.43"
"636","2007","18","Himachal Pradesh","Sirmaur","3.4","70.86","24.19","79.55","5.32","26.17","12.47","40.44"
"636","2012","18","Himachal Pradesh","Sirmaur","5.91","67.72","35.16","80.18","6.45","20.62","19.34","43.76"
"636","2019","18","Himachal Pradesh","Sirmaur","4.05","48.05","46.99","68.23","4.75","13.31","25.42","34.9"
"651","1966","19","Kerala","Alappuzha","-1.0","-1.0","-1.0","-1.0","-1.0","-1.0","-1.0","-1.0"
"651","1972","19","Kerala","Alappuzha","-1.0","-1.0","-1.0","-1.0","-1.0","-1.0","-1.0","-1.0"
"651","1977","19","Kerala","Alappuzha","-1.0","-1.0","-1.0","-1.0","-1.0","-1.0","-1.0","-1.0"
"651","1982","19","Kerala","Alappuzha","-1.0","-1.0","-1.0","-1.0","-1.0","-1.0","-1.0","-1.0"
"651","1987","19","Kerala","Alappuzha","-1.0","-1.0","-1.0","-1.0","-1.0","-1.0","-1.0","-1.0"
"651","1996","19","Kerala","Alappuzha","-1.0","-1.0","-1.0","-1.0","-1.0","-1.0","-1.0","-1.0"
"651","2003","19","Kerala","Alappuzha","0.26","0.03","45.68","1.55","5.57","0.17","38.89","1.37"
"651","2007","19","Kerala","Alappuzha","0.3","0.0","40.54","0.06","3.9","0.02","33.15","0.08"
"651","2012","19","Kerala","Alappuzha","0.24","0.01","39.75","0.3","5.97","0.06","29.34","0.25"
"651","2019","19","Kerala","Alappuzha","0.38","0.02","40.93","1.08","4.89","0.27","30.69","1.12"
"652","1966","19","Kerala","Kannur","-1.0","-1.0","-1.0","-1.0","-1.0","-1.0","-1.0","-1.0"
"652","1972","19","Kerala","Kannur","-1.0","-1.0","-1.0","-1.0","-1.0","-1.0","-1.0","-1.0"
"652","1977","19","Kerala","Kannur","-1.0","-1.0","-1.0","-1.0","-1.0","-1.0","-1.0","-1.0"
"652","1982","19","Kerala","Kannur","-1.0","-1.0","-1.0","-1.0","-1.0","-1.0","-1.0","-1.0"
"652","1987","19","Kerala","Kannur","-1.0","-1.0","-1.0","-1.0","-1.0","-1.0","-1.0","-1.0"
"652","1996","19","Kerala","Kannur","-1.0","-1.0","-1.0","-1.0","-1.0","-1.0","-1.0","-1.0"
"652","2003","19","Kerala","Kannur","1.91","3.87","97.16","46.97","17.25","11.87","82.66","57.97"
"652","2007","19","Kerala","Kannur","1.57","1.16","92.23","16.78","18.7","5.7","70.16","18.48"
"652","2012","19","Kerala","Kannur","1.25","0.97","86.12","15.01","20.31","3.44","67.36","13.56"
"652","2019","19","Kerala","Kannur","1.05","0.65","82.72","11.29","15.39","3.07","68.58","10.94"
"653","1966","19","Kerala","Eranakulam","-1.0","-1.0","-1.0","-1.0","-1.0","-1.0","-1.0","-1.0"
"653","1972","19","Kerala","Eranakulam","-1.0","-1.0","-1.0","-1.0","-1.0","-1.0","-1.0","-1.0"
"653","1977","19","Kerala","Eranakulam","-1.0","-1.0","-1.0","-1.0","-1.0","-1.0","-1.0","-1.0"
"653","1982","19","Kerala","Eranakulam","-1.0","-1.0","-1.0","-1.0","-1.0","-1.0","-1.0","-1.0"
"653","1987","19","Kerala","Eranakulam","-1.0","-1.0","-1.0","-1.0","-1.0","-1.0","-1.0","-1.0"
"653","1996","19","Kerala","Eranakulam","-1.0","-1.0","-1.0","-1.0","-1.0","-1.0","-1.0","-1.0"
"653","2003","19","Kerala","Eranakulam","0.61","0.36","87.55","8.55","10.12","1.38","72.85","8.93"
"653","2007","19","Kerala","Eranakulam","0.61","0.17","92.94","3.03","10.65","1.1","75.64","2.37"
"653","2012","19","Kerala","Eranakulam","0.66","0.16","60.69","2.81","9.7","0.77","47.66","2.36"
"653","2019","19","Kerala","Eranakulam","0.67","0.16","64.66","2.7","7.16","0.77","48.88","2.54"
"655","1966","19","Kerala","Kottayam","-1.0","-1.0","-1.0","-1.0","-1.0","-1.0","-1.0","-1.0"
"655","1972","19","Kerala","Kottayam","-1.0","-1.0","-1.0","-1.0","-1.0","-1.0","-1.0","-1.0"
"655","1977","19","Kerala","Kottayam","-1.0","-1.0","-1.0","-1.0","-1.0","-1.0","-1.0","-1.0"
"655","1982","19","Kerala","Kottayam","-1.0","-1.0","-1.0","-1.0","-1.0","-1.0","-1.0","-1.0"
"655","1987","19","Kerala","Kottayam","-1.0","-1.0","-1.0","-1.0","-1.0","-1.0","-1.0","-1.0"
"655","1996","19","Kerala","Kottayam","-1.0","-1.0","-1.0","-1.0","-1.0","-1.0","-1.0","-1.0"
"655","2003","19","Kerala","Kottayam","1.15","0.73","121.61","10.66","15.55","1.71","102.23","9.62"
"655","2007","19","Kerala","Kottayam","1.35","0.6","125.64","3.43","14.59","1.48","98.13","3.47"
"655","2012","19","Kerala","Kottayam","1.15","0.25","74.54","2.87","12.6","0.67","58.84","2.84"
"655","2019","19","Kerala","Kottayam","1.19","0.31","79.12","3.38","9.87","0.88","61.04","3.21"
"656","1966","19","Kerala","Kozhikode","-1.0","-1.0","-1.0","-1.0","-1.0","-1.0","-1.0","-1.0"
"656","1972","19","Kerala","Kozhikode","-1.0","-1.0","-1.0","-1.0","-1.0","-1.0","-1.0","-1.0"
"656","1977","19","Kerala","Kozhikode","-1.0","-1.0","-1.0","-1.0","-1.0","-1.0","-1.0","-1.0"
"656","1982","19","Kerala","Kozhikode","-1.0","-1.0","-1.0","-1.0","-1.0","-1.0","-1.0","-1.0"
"656","1987","19","Kerala","Kozhikode","-1.0","-1.0","-1.0","-1.0","-1.0","-1.0","-1.0","-1.0"
"656","1996","19","Kerala","Kozhikode","-1.0","-1.0","-1.0","-1.0","-1.0","-1.0","-1.0","-1.0"
"656","2003","19","Kerala","Kozhikode","2.1","2.44","72.64","27.96","11.99","5.18","64.09","31.4"
"656","2007","19","Kerala","Kozhikode","2.92","0.47","68.48","12.0","14.88","3.85","63.27","10.07"
"656","2012","19","Kerala","Kozhikode","1.76","0.22","67.12","4.66","15.52","1.13","57.25","4.18"
"656","2019","19","Kerala","Kozhikode","0.78","0.25","68.2","3.28","11.93","0.72","57.26","3.54"
"657","1972","19","Kerala","Malappuram","-1.0","-1.0","-1.0","-1.0","-1.0","-1.0","-1.0","-1.0"
"657","1977","19","Kerala","Malappuram","-1.0","-1.0","-1.0","-1.0","-1.0","-1.0","-1.0","-1.0"
"657","1982","19","Kerala","Malappuram","-1.0","-1.0","-1.0","-1.0","-1.0","-1.0","-1.0","-1.0"
"657","1987","19","Kerala","Malappuram","-1.0","-1.0","-1.0","-1.0","-1.0","-1.0","-1.0","-1.0"
"657","1996","19","Kerala","Malappuram","-1.0","-1.0","-1.0","-1.0","-1.0","-1.0","-1.0","-1.0"
"657","2003","19","Kerala","Malappuram","2.07","2.41","43.4","14.28","7.33","2.66","36.35","17.1"
"657","2007","19","Kerala","Malappuram","2.8","0.58","46.98","3.38","9.01","1.11","38.74","2.73"
"657","2012","19","Kerala","Malappuram","2.46","0.45","36.74","0.99","10.21","0.41","28.53","0.78"
"657","2019","19","Kerala","Malappuram","1.23","0.43","42.42","1.02","9.87","0.99","30.3","0.78"
"658","1966","19","Kerala","Palakkad","-1.0","-1.0","-1.0","-1.0","-1.0","-1.0","-1.0","-1.0"
"658","1972","19","Kerala","Palakkad","-1.0","-1.0","-1.0","-1.0","-1.0","-1.0","-1.0","-1.0"
"658","1977","19","Kerala","Palakkad","-1.0","-1.0","-1.0","-1.0","-1.0","-1.0","-1.0","-1.0"
"658","1982","19","Kerala","Palakkad","-1.0","-1.0","-1.0","-1.0","-1.0","-1.0","-1.0","-1.0"
"658","1987","19","Kerala","Palakkad","-1.0","-1.0","-1.0","-1.0","-1.0","-1.0","-1.0","-1.0"
"658","1996","19","Kerala","Palakkad","-1.0","-1.0","-1.0","-1.0","-1.0","-1.0","-1.0","-1.0"
"658","2003","19","Kerala","Palakkad","2.84","4.0","99.99","19.93","18.16","4.79","83.93","17.4"
"658","2007","19","Kerala","Palakkad","2.89","1.07","97.82","9.21","18.77","2.84","76.67","5.83"
"658","2012","19","Kerala","Palakkad","2.34","1.51","77.29","6.33","18.68","1.51","55.25","2.99"
"658","2019","19","Kerala","Palakkad","1.55","0.89","80.38","5.96","15.46","1.65","55.97","5.1"
"659","1966","19","Kerala","Kollam","-1.0","-1.0","-1.0","-1.0","-1.0","-1.0","-1.0","-1.0"
"659","1972","19","Kerala","Kollam","-1.0","-1.0","-1.0","-1.0","-1.0","-1.0","-1.0","-1.0"
"659","1977","19","Kerala","Kollam","-1.0","-1.0","-1.0","-1.0","-1.0","-1.0","-1.0","-1.0"
"659","1982","19","Kerala","Kollam","-1.0","-1.0","-1.0","-1.0","-1.0","-1.0","-1.0","-1.0"
"659","1987","19","Kerala","Kollam","-1.0","-1.0","-1.0","-1.0","-1.0","-1.0","-1.0","-1.0"
"659","1996","19","Kerala","Kollam","-1.0","-1.0","-1.0","-1.0","-1.0","-1.0","-1.0","-1.0"
"659","2003","19","Kerala","Kollam","1.11","0.49","122.46","5.9","17.55","0.88","100.71","5.15"
"659","2007","19","Kerala","Kollam","1.71","0.04","109.13","0.86","20.64","0.31","89.33","0.71"
"659","2012","19","Kerala","Kollam","0.52","0.04","84.46","0.99","16.82","0.25","62.9","0.63"
"659","2019","19","Kerala","Kollam","0.94","0.05","86.39","2.63","13.08","0.71","65.05","2.84"
"660","1966","19","Kerala","Thrissur","-1.0","-1.0","-1.0","-1.0","-1.0","-1.0","-1.0","-1.0"
"660","1972","19","Kerala","Thrissur","-1.0","-1.0","-1.0","-1.0","-1.0","-1.0","-1.0","-1.0"
"660","1977","19","Kerala","Thrissur","-1.0","-1.0","-1.0","-1.0","-1.0","-1.0","-1.0","-1.0"
"660","1982","19","Kerala","Thrissur","-1.0","-1.0","-1.0","-1.0","-1.0","-1.0","-1.0","-1.0"
"660","1987","19","Kerala","Thrissur","-1.0","-1.0","-1.0","-1.0","-1.0","-1.0","-1.0","-1.0"
"660","1996","19","Kerala","Thrissur","-1.0","-1.0","-1.0","-1.0","-1.0","-1.0","-1.0","-1.0"
"660","2003","19","Kerala","Thrissur","0.72","0.69","62.63","6.42","7.34","0.95","58.15","7.98"
"660","2007","19","Kerala","Thrissur","0.69","0.03","63.29","1.85","7.9","0.55","58.72","1.64"
"660","2012","19","Kerala","Thrissur","0.38","0.05","49.35","1.28","8.17","0.51","41.98","1.03"
"660","2019","19","Kerala","Thrissur","0.53","0.14","53.2","3.08","7.72","0.92","43.36","2.97"
"661","1966","19","Kerala","Thiruvananthapuram","-1.0","-1.0","-1.0","-1.0","-1.0","-1.0","-1.0","-1.0"
"661","1972","19","Kerala","Thiruvananthapuram","-1.0","-1.0","-1.0","-1.0","-1.0","-1.0","-1.0","-1.0"
"661","1977","19","Kerala","Thiruvananthapuram","-1.0","-1.0","-1.0","-1.0","-1.0","-1.0","-1.0","-1.0"
"661","1982","19","Kerala","Thiruvananthapuram","-1.0","-1.0","-1.0","-1.0","-1.0","-1.0","-1.0","-1.0"
"661","1987","19","Kerala","Thiruvananthapuram","-1.0","-1.0","-1.0","-1.0","-1.0","-1.0","-1.0","-1.0"
"661","1996","19","Kerala","Thiruvananthapuram","-1.0","-1.0","-1.0","-1.0","-1.0","-1.0","-1.0","-1.0"
"661","2003","19","Kerala","Thiruvananthapuram","0.54","0.23","68.7","1.71","5.09","0.22","48.97","1.31"
"661","2007","19","Kerala","Thiruvananthapuram","0.6","0.02","80.09","1.06","7.77","0.25","58.09","0.5"
"661","2012","19","Kerala","Thiruvananthapuram","0.43","0.03","54.21","0.48","7.05","0.05","36.0","0.24"
"661","2019","19","Kerala","Thiruvananthapuram","0.33","0.04","56.41","1.17","6.04","0.23","33.67","0.93"
"701","1966","8","Orissa","Balasore","-1.0","-1.0","-1.0","-1.0","-1.0","-1.0","-1.0","-1.0"
"701","1972","8","Orissa","Balasore","-1.0","-1.0","-1.0","-1.0","-1.0","-1.0","-1.0","-1.0"
"701","1977","8","Orissa","Balasore","-1.0","-1.0","-1.0","-1.0","-1.0","-1.0","-1.0","-1.0"
"701","1982","8","Orissa","Balasore","-1.0","-1.0","-1.0","-1.0","-1.0","-1.0","-1.0","-1.0"
"701","1987","8","Orissa","Balasore","-1.0","-1.0","-1.0","-1.0","-1.0","-1.0","-1.0","-1.0"
"701","1992","8","Orissa","Balasore","15.0","522.0","32.0","376.0","12.0","230.0","10.0","264.0"
"701","2000","8","Orissa","Balasore","-1.0","-1.0","-1.0","-1.0","-1.0","-1.0","-1.0","-1.0"
"701","2003","8","Orissa","Balasore","4.21","409.47","22.72","373.83","13.25","269.44","16.88","284.92"
"701","2007","8","Orissa","Balasore","38.49","336.15","127.91","434.71","42.37","217.02","7.36","258.81"
"701","2012","8","Orissa","Balasore","1.84","256.64","27.43","433.01","10.24","197.9","24.96","325.94"
"701","2019","8","Orissa","Balasore","1.19","75.59","37.47","419.42","4.75","106.51","33.14","396.2"
"702","1966","8","Orissa","Bolangir","-1.0","-1.0","-1.0","-1.0","-1.0","-1.0","-1.0","-1.0"
"702","1972","8","Orissa","Bolangir","-1.0","-1.0","-1.0","-1.0","-1.0","-1.0","-1.0","-1.0"
"702","1977","8","Orissa","Bolangir","-1.0","-1.0","-1.0","-1.0","-1.0","-1.0","-1.0","-1.0"
"702","1982","8","Orissa","Bolangir","-1.0","-1.0","-1.0","-1.0","-1.0","-1.0","-1.0","-1.0"
"702","1987","8","Orissa","Bolangir","-1.0","-1.0","-1.0","-1.0","-1.0","-1.0","-1.0","-1.0"
"702","1992","8","Orissa","Bolangir","8.0","361.0","13.0","213.0","6.0","106.0","10.0","139.0"
"702","2000","8","Orissa","Bolangir","-1.0","-1.0","-1.0","-1.0","-1.0","-1.0","-1.0","-1.0"
"702","2003","8","Orissa","Bolangir","22.12","317.39","20.32","150.31","10.9","88.82","13.87","105.52"
"702","2007","8","Orissa","Bolangir","22.53","250.64","65.34","142.57","19.48","52.15","7.23","71.41"
"702","2012","8","Orissa","Bolangir","34.63","247.68","40.52","80.16","13.54","36.27","21.47","51.85"
"702","2019","8","Orissa","Bolangir","47.16","142.61","62.7","54.78","13.66","15.63","47.12","40.87"
"703","1966","8","Orissa","Cuttack","-1.0","-1.0","-1.0","-1.0","-1.0","-1.0","-1.0","-1.0"
"703","1972","8","Orissa","Cuttack","-1.0","-1.0","-1.0","-1.0","-1.0","-1.0","-1.0","-1.0"
"703","1977","8","Orissa","Cuttack","-1.0","-1.0","-1.0","-1.0","-1.0","-1.0","-1.0","-1.0"
"703","1982","8","Orissa","Cuttack","-1.0","-1.0","-1.0","-1.0","-1.0","-1.0","-1.0","-1.0"
"703","1987","8","Orissa","Cuttack","-1.0","-1.0","-1.0","-1.0","-1.0","-1.0","-1.0","-1.0"
"703","1992","8","Orissa","Cuttack","16.0","661.0","95.0","612.0","31.0","312.0","46.0","415.0"
"703","2000","8","Orissa","Cuttack","-1.0","-1.0","-1.0","-1.0","-1.0","-1.0","-1.0","-1.0"
"703","2003","8","Orissa","Cuttack","26.74","342.04","125.25","537.17","48.67","270.45","91.38","386.49"
"703","2007","8","Orissa","Cuttack","59.39","304.97","90.97","534.39","63.9","231.66","30.86","336.66"
"703","2012","8","Orissa","Cuttack","11.36","246.16","208.79","479.14","57.32","189.06","163.56","342.8"
"703","2019","8","Orissa","Cuttack","7.69","65.29","308.26","413.69","26.19","88.67","257.02","392.93"
"704","1966","8","Orissa","Dhenkanal","-1.0","-1.0","-1.0","-1.0","-1.0","-1.0","-1.0","-1.0"
"704","1972","8","Orissa","Dhenkanal","-1.0","-1.0","-1.0","-1.0","-1.0","-1.0","-1.0","-1.0"
"704","1977","8","Orissa","Dhenkanal","-1.0","-1.0","-1.0","-1.0","-1.0","-1.0","-1.0","-1.0"
"704","1982","8","Orissa","Dhenkanal","-1.0","-1.0","-1.0","-1.0","-1.0","-1.0","-1.0","-1.0"
"704","1987","8","Orissa","Dhenkanal","-1.0","-1.0","-1.0","-1.0","-1.0","-1.0","-1.0","-1.0"
"704","1992","8","Orissa","Dhenkanal","4.0","343.0","19.0","308.0","8.0","126.0","15.0","186.0"
"704","2000","8","Orissa","Dhenkanal","-1.0","-1.0","-1.0","-1.0","-1.0","-1.0","-1.0","-1.0"
"704","2003","8","Orissa","Dhenkanal","4.1","337.69","35.61","239.29","8.65","122.4","13.77","168.02"
"704","2007","8","Orissa","Dhenkanal","8.36","344.36","10.0","238.68","9.9","133.72","8.86","163.29"
"704","2012","8","Orissa","Dhenkanal","3.27","329.57","16.66","228.13","6.8","101.36","12.64","157.46"
"704","2019","8","Orissa","Dhenkanal","4.13","199.68","20.0","226.63","4.71","78.01","16.76","190.54"
"705","1966","8","Orissa","Ganjam","-1.0","-1.0","-1.0","-1.0","-1.0","-1.0","-1.0","-1.0"
"705","1972","8","Orissa","Ganjam","-1.0","-1.0","-1.0","-1.0","-1.0","-1.0","-1.0","-1.0"
"705","1977","8","Orissa","Ganjam","-1.0","-1.0","-1.0","-1.0","-1.0","-1.0","-1.0","-1.0"
"705","1982","8","Orissa","Ganjam","-1.0","-1.0","-1.0","-1.0","-1.0","-1.0","-1.0","-1.0"
"705","1987","8","Orissa","Ganjam","-1.0","-1.0","-1.0","-1.0","-1.0","-1.0","-1.0","-1.0"
"705","1992","8","Orissa","Ganjam","5.0","451.0","9.0","408.0","4.0","166.0","5.0","254.0"
"705","2000","8","Orissa","Ganjam","-1.0","-1.0","-1.0","-1.0","-1.0","-1.0","-1.0","-1.0"
"705","2003","8","Orissa","Ganjam","8.84","363.58","9.5","270.75","3.98","126.21","6.33","189.46"
"705","2007","8","Orissa","Ganjam","109.3","241.64","65.14","163.34","33.82","68.61","28.33","107.53"
"705","2012","8","Orissa","Ganjam","7.84","288.38","15.34","223.64","4.4","78.74","9.55","144.91"
"705","2019","8","Orissa","Ganjam","3.94","186.59","18.26","183.47","4.06","61.68","13.65","141.92"
"706","1966","8","Orissa","Kalahandi","-1.0","-1.0","-1.0","-1.0","-1.0","-1.0","-1.0","-1.0"
"706","1972","8","Orissa","Kalahandi","-1.0","-1.0","-1.0","-1.0","-1.0","-1.0","-1.0","-1.0"
"706","1977","8","Orissa","Kalahandi","-1.0","-1.0","-1.0","-1.0","-1.0","-1.0","-1.0","-1.0"
"706","1982","8","Orissa","Kalahandi","-1.0","-1.0","-1.0","-1.0","-1.0","-1.0","-1.0","-1.0"
"706","1987","8","Orissa","Kalahandi","-1.0","-1.0","-1.0","-1.0","-1.0","-1.0","-1.0","-1.0"
"706","1992","8","Orissa","Kalahandi","4.0","345.0","7.0","216.0","4.0","110.0","5.0","139.0"
"706","2000","8","Orissa","Kalahandi","-1.0","-1.0","-1.0","-1.0","-1.0","-1.0","-1.0","-1.0"
"706","2003","8","Orissa","Kalahandi","5.55","340.08","7.78","146.53","4.14","76.09","5.62","100.47"
"706","2007","8","Orissa","Kalahandi","16.9","204.49","6.5","108.03","3.91","47.55","2.83","55.1"
"706","2012","8","Orissa","Kalahandi","11.52","268.38","12.73","97.42","5.32","37.54","9.51","66.63"
"706","2019","8","Orissa","Kalahandi","18.03","213.55","23.06","74.42","5.85","31.06","17.87","56.27"
"707","1966","8","Orissa","Keonjhar","-1.0","-1.0","-1.0","-1.0","-1.0","-1.0","-1.0","-1.0"
"707","1972","8","Orissa","Keonjhar","-1.0","-1.0","-1.0","-1.0","-1.0","-1.0","-1.0","-1.0"
"707","1977","8","Orissa","Keonjhar","-1.0","-1.0","-1.0","-1.0","-1.0","-1.0","-1.0","-1.0"
"707","1982","8","Orissa","Keonjhar","-1.0","-1.0","-1.0","-1.0","-1.0","-1.0","-1.0","-1.0"
"707","1987","8","Orissa","Keonjhar","-1.0","-1.0","-1.0","-1.0","-1.0","-1.0","-1.0","-1.0"
"707","1992","8","Orissa","Keonjhar","3.0","278.0","14.0","175.0","7.0","102.0","9.0","109.0"
"707","2000","8","Orissa","Keonjhar","-1.0","-1.0","-1.0","-1.0","-1.0","-1.0","-1.0","-1.0"
"707","2003","8","Orissa","Keonjhar","4.97","314.2","13.36","137.66","7.07","89.38","10.0","114.41"
"707","2007","8","Orissa","Keonjhar","6.28","369.62","13.79","183.34","8.86","90.2","6.28","112.01"
"707","2012","8","Orissa","Keonjhar","3.3","316.35","14.49","140.16","6.11","52.92","10.48","91.43"
"707","2019","8","Orissa","Keonjhar","1.69","274.29","13.92","133.02","2.6","71.23","11.76","118.32"
"708","1966","8","Orissa","Koraput","-1.0","-1.0","-1.0","-1.0","-1.0","-1.0","-1.0","-1.0"
"708","1972","8","Orissa","Koraput","-1.0","-1.0","-1.0","-1.0","-1.0","-1.0","-1.0","-1.0"
"708","1977","8","Orissa","Koraput","-1.0","-1.0","-1.0","-1.0","-1.0","-1.0","-1.0","-1.0"
"708","1982","8","Orissa","Koraput","-1.0","-1.0","-1.0","-1.0","-1.0","-1.0","-1.0","-1.0"
"708","1987","8","Orissa","Koraput","-1.0","-1.0","-1.0","-1.0","-1.0","-1.0","-1.0","-1.0"
"708","1992","8","Orissa","Koraput","1.0","662.0","8.0","437.0","2.0","221.0","5.0","241.0"
"708","2000","8","Orissa","Koraput","-1.0","-1.0","-1.0","-1.0","-1.0","-1.0","-1.0","-1.0"
"708","2003","8","Orissa","Koraput","1.88","704.41","8.08","355.3","3.43","198.76","4.77","234.46"
"708","2007","8","Orissa","Koraput","50.43","603.44","57.9","455.49","29.46","225.87","25.86","233.28"
"708","2012","8","Orissa","Koraput","4.02","738.45","19.19","389.52","5.65","115.16","11.88","220.72"
"708","2019","8","Orissa","Koraput","4.72","664.09","20.96","292.86","4.28","114.33","15.84","213.46"
"709","1966","8","Orissa","Mayurbhanja","-1.0","-1.0","-1.0","-1.0","-1.0","-1.0","-1.0","-1.0"
"709","1972","8","Orissa","Mayurbhanja","-1.0","-1.0","-1.0","-1.0","-1.0","-1.0","-1.0","-1.0"
"709","1977","8","Orissa","Mayurbhanja","-1.0","-1.0","-1.0","-1.0","-1.0","-1.0","-1.0","-1.0"
"709","1982","8","Orissa","Mayurbhanja","-1.0","-1.0","-1.0","-1.0","-1.0","-1.0","-1.0","-1.0"
"709","1987","8","Orissa","Mayurbhanja","-1.0","-1.0","-1.0","-1.0","-1.0","-1.0","-1.0","-1.0"
"709","1992","8","Orissa","Mayurbhanja","2.0","442.0","11.0","195.0","5.0","104.0","8.0","128.0"
"709","2000","8","Orissa","Mayurbhanja","-1.0","-1.0","-1.0","-1.0","-1.0","-1.0","-1.0","-1.0"
"709","2003","8","Orissa","Mayurbhanja","4.25","461.91","14.3","167.04","7.21","104.54","10.7","112.14"
"709","2007","8","Orissa","Mayurbhanja","129.88","268.95","10.83","172.72","7.75","101.79","68.48","132.15"
"709","2012","8","Orissa","Mayurbhanja","5.14","421.9","16.1","171.41","7.09","81.83","11.3","116.5"
"709","2019","8","Orissa","Mayurbhanja","1.37","308.02","14.37","153.88","2.71","62.19","10.19","120.72"
"710","1966","8","Orissa","Phulbani ( Kandhamal )","-1.0","-1.0","-1.0","-1.0","-1.0","-1.0","-1.0","-1.0"
"710","1972","8","Orissa","Phulbani ( Kandhamal )","-1.0","-1.0","-1.0","-1.0","-1.0","-1.0","-1.0","-1.0"
"710","1977","8","Orissa","Phulbani ( Kandhamal )","-1.0","-1.0","-1.0","-1.0","-1.0","-1.0","-1.0","-1.0"
"710","1982","8","Orissa","Phulbani ( Kandhamal )","-1.0","-1.0","-1.0","-1.0","-1.0","-1.0","-1.0","-1.0"
"710","1987","8","Orissa","Phulbani ( Kandhamal )","-1.0","-1.0","-1.0","-1.0","-1.0","-1.0","-1.0","-1.0"
"710","1992","8","Orissa","Phulbani ( Kandhamal )","1.0","220.0","3.0","145.0","1.0","79.0","2.0","90.0"
"710","2000","8","Orissa","Phulbani ( Kandhamal )","-1.0","-1.0","-1.0","-1.0","-1.0","-1.0","-1.0","-1.0"
"710","2003","8","Orissa","Phulbani ( Kandhamal )","2.77","262.02","3.99","125.49","2.42","66.82","2.9","78.59"
"710","2007","8","Orissa","Phulbani ( Kandhamal )","7.41","193.88","10.17","112.93","17.76","52.68","3.64","53.76"
"710","2012","8","Orissa","Phulbani ( Kandhamal )","4.76","276.56","5.15","112.05","2.09","37.43","3.88","68.11"
"710","2019","8","Orissa","Phulbani ( Kandhamal )","5.31","221.89","7.35","62.88","1.9","41.16","5.19","44.97"
"711","1966","8","Orissa","Puri","-1.0","-1.0","-1.0","-1.0","-1.0","-1.0","-1.0","-1.0"
"711","1972","8","Orissa","Puri","-1.0","-1.0","-1.0","-1.0","-1.0","-1.0","-1.0","-1.0"
"711","1977","8","Orissa","Puri","-1.0","-1.0","-1.0","-1.0","-1.0","-1.0","-1.0","-1.0"
"711","1982","8","Orissa","Puri","-1.0","-1.0","-1.0","-1.0","-1.0","-1.0","-1.0","-1.0"
"711","1987","8","Orissa","Puri","-1.0","-1.0","-1.0","-1.0","-1.0","-1.0","-1.0","-1.0"
"711","1992","8","Orissa","Puri","9.0","389.0","79.0","455.0","25.0","180.0","49.0","227.0"
"711","2000","8","Orissa","Puri","-1.0","-1.0","-1.0","-1.0","-1.0","-1.0","-1.0","-1.0"
"711","2003","8","Orissa","Puri","9.78","278.26","68.32","290.43","23.27","151.1","46.25","211.85"
"711","2007","8","Orissa","Puri","15.04","194.03","21.47","240.29","7.56","89.64","3.76","128.3"
"711","2012","8","Orissa","Puri","5.94","209.68","119.4","256.04","30.29","109.57","79.31","179.43"
"711","2019","8","Orissa","Puri","4.28","106.53","126.01","235.28","12.26","63.9","99.12","206.2"
"712","1966","8","Orissa","Sambalpur","-1.0","-1.0","-1.0","-1.0","-1.0","-1.0","-1.0","-1.0"
"712","1972","8","Orissa","Sambalpur","-1.0","-1.0","-1.0","-1.0","-1.0","-1.0","-1.0","-1.0"
"712","1977","8","Orissa","Sambalpur","-1.0","-1.0","-1.0","-1.0","-1.0","-1.0","-1.0","-1.0"
"712","1982","8","Orissa","Sambalpur","-1.0","-1.0","-1.0","-1.0","-1.0","-1.0","-1.0","-1.0"
"712","1987","8","Orissa","Sambalpur","-1.0","-1.0","-1.0","-1.0","-1.0","-1.0","-1.0","-1.0"
"712","1992","8","Orissa","Sambalpur","17.0","549.0","35.0","326.0","17.0","154.0","23.0","194.0"
"712","2000","8","Orissa","Sambalpur","-1.0","-1.0","-1.0","-1.0","-1.0","-1.0","-1.0","-1.0"
"712","2003","8","Orissa","Sambalpur","44.48","514.93","50.24","205.29","27.23","121.62","34.01","133.43"
"712","2007","8","Orissa","Sambalpur","136.22","401.22","58.27","206.79","35.78","129.7","80.16","130.08"
"712","2012","8","Orissa","Sambalpur","46.39","426.02","69.52","146.09","25.78","67.71","46.46","82.05"
"712","2019","8","Orissa","Sambalpur","29.26","289.36","86.69","111.84","20.33","46.08","57.84","75.15"
"713","1966","8","Orissa","Sundargarh","-1.0","-1.0","-1.0","-1.0","-1.0","-1.0","-1.0","-1.0"
"713","1972","8","Orissa","Sundargarh","-1.0","-1.0","-1.0","-1.0","-1.0","-1.0","-1.0","-1.0"
"713","1977","8","Orissa","Sundargarh","-1.0","-1.0","-1.0","-1.0","-1.0","-1.0","-1.0","-1.0"
"713","1982","8","Orissa","Sundargarh","-1.0","-1.0","-1.0","-1.0","-1.0","-1.0","-1.0","-1.0"
"713","1987","8","Orissa","Sundargarh","-1.0","-1.0","-1.0","-1.0","-1.0","-1.0","-1.0","-1.0"
"713","1992","8","Orissa","Sundargarh","1.0","301.0","11.0","166.0","4.0","86.0","5.0","104.0"
"713","2000","8","Orissa","Sundargarh","-1.0","-1.0","-1.0","-1.0","-1.0","-1.0","-1.0","-1.0"
"713","2003","8","Orissa","Sundargarh","1.42","312.51","4.72","138.79","2.37","73.84","3.56","93.05"
"713","2007","8","Orissa","Sundargarh","1.22","333.93","3.91","146.29","3.24","91.59","2.27","105.36"
"713","2012","8","Orissa","Sundargarh","2.08","316.36","9.84","127.2","3.05","55.32","5.87","80.81"
"713","2019","8","Orissa","Sundargarh","2.38","254.23","11.99","80.77","2.1","44.86","7.32","56.08"
"800","1966","13","West Bengal","24 Parganas","-1.0","-1.0","-1.0","-1.0","-1.0","-1.0","-1.0","-1.0"
"800","1972","13","West Bengal","24 Parganas","-1.0","-1.0","-1.0","-1.0","-1.0","-1.0","-1.0","-1.0"
"800","1977","13","West Bengal","24 Parganas","-1.0","-1.0","-1.0","-1.0","-1.0","-1.0","-1.0","-1.0"
"800","1982","13","West Bengal","24 Parganas","-1.0","-1.0","-1.0","-1.0","-1.0","-1.0","-1.0","-1.0"
"800","1987","13","West Bengal","24 Parganas","-1.0","-1.0","-1.0","-1.0","-1.0","-1.0","-1.0","-1.0"
"800","1992","13","West Bengal","24 Parganas","-1.0","-1.0","-1.0","-1.0","-1.0","-1.0","-1.0","-1.0"
"800","1997","13","West Bengal","24 Parganas","-1.0","-1.0","-1.0","-1.0","-1.0","-1.0","-1.0","-1.0"
"800","2003","13","West Bengal","24 Parganas","5.15","717.87","53.5","678.17","16.66","353.42","39.05","545.83"
"800","2007","13","West Bengal","24 Parganas","3.78","203.38","173.56","655.29","126.89","324.54","59.96","504.11"
"800","2012","13","West Bengal","24 Parganas","11.24","133.63","135.85","479.25","48.22","168.59","99.68","360.75"
"800","2019","13","West Bengal","24 Parganas","16.03","94.88","145.68","493.81","26.79","179.45","139.39","621.07"
"803","1966","13","West Bengal","Nadia","-1.0","-1.0","-1.0","-1.0","-1.0","-1.0","-1.0","-1.0"
"803","1972","13","West Bengal","Nadia","-1.0","-1.0","-1.0","-1.0","-1.0","-1.0","-1.0","-1.0"
"803","1977","13","West Bengal","Nadia","-1.0","-1.0","-1.0","-1.0","-1.0","-1.0","-1.0","-1.0"
"803","1982","13","West Bengal","Nadia","-1.0","-1.0","-1.0","-1.0","-1.0","-1.0","-1.0","-1.0"
"803","1987","13","West Bengal","Nadia","-1.0","-1.0","-1.0","-1.0","-1.0","-1.0","-1.0","-1.0"
"803","1992","13","West Bengal","Nadia","-1.0","-1.0","-1.0","-1.0","-1.0","-1.0","-1.0","-1.0"
"803","1997","13","West Bengal","Nadia","-1.0","-1.0","-1.0","-1.0","-1.0","-1.0","-1.0","-1.0"
"803","2003","13","West Bengal","Nadia","6.99","291.83","98.36","243.1","21.29","98.1","49.2","138.94"
"803","2007","13","West Bengal","Nadia","11.56","83.73","153.8","192.13","123.24","89.31","60.16","157.09"
"803","2012","13","West Bengal","Nadia","15.93","53.57","147.85","164.23","50.28","69.6","110.97","136.58"
"803","2019","13","West Bengal","Nadia","14.17","32.39","160.95","169.74","28.02","52.71","161.94","196.87"
"804","1966","13","West Bengal","Murshidabad","-1.0","-1.0","-1.0","-1.0","-1.0","-1.0","-1.0","-1.0"
"804","1972","13","West Bengal","Murshidabad","-1.0","-1.0","-1.0","-1.0","-1.0","-1.0","-1.0","-1.0"
"804","1977","13","West Bengal","Murshidabad","-1.0","-1.0","-1.0","-1.0","-1.0","-1.0","-1.0","-1.0"
"804","1982","13","West Bengal","Murshidabad","-1.0","-1.0","-1.0","-1.0","-1.0","-1.0","-1.0","-1.0"
"804","1987","13","West Bengal","Murshidabad","-1.0","-1.0","-1.0","-1.0","-1.0","-1.0","-1.0","-1.0"
"804","1992","13","West Bengal","Murshidabad","-1.0","-1.0","-1.0","-1.0","-1.0","-1.0","-1.0","-1.0"
"804","1997","13","West Bengal","Murshidabad","-1.0","-1.0","-1.0","-1.0","-1.0","-1.0","-1.0","-1.0"
"804","2003","13","West Bengal","Murshidabad","4.93","359.81","47.43","267.54","18.9","165.14","31.15","213.7"
"804","2007","13","West Bengal","Murshidabad","22.16","159.4","208.39","254.81","174.82","187.24","96.53","227.81"
"804","2012","13","West Bengal","Murshidabad","19.55","98.26","178.3","190.44","61.3","101.46","139.85","162.18"
"804","2019","13","West Bengal","Murshidabad","15.5","65.49","170.19","267.64","33.8","143.76","167.06","336.38"
"805","1966","13","West Bengal","Burdwan","-1.0","-1.0","-1.0","-1.0","-1.0","-1.0","-1.0","-1.0"
"805","1972","13","West Bengal","Burdwan","-1.0","-1.0","-1.0","-1.0","-1.0","-1.0","-1.0","-1.0"
"805","1977","13","West Bengal","Burdwan","-1.0","-1.0","-1.0","-1.0","-1.0","-1.0","-1.0","-1.0"
"805","1982","13","West Bengal","Burdwan","-1.0","-1.0","-1.0","-1.0","-1.0","-1.0","-1.0","-1.0"
"805","1987","13","West Bengal","Burdwan","-1.0","-1.0","-1.0","-1.0","-1.0","-1.0","-1.0","-1.0"
"805","1992","13","West Bengal","Burdwan","-1.0","-1.0","-1.0","-1.0","-1.0","-1.0","-1.0","-1.0"
"805","1997","13","West Bengal","Burdwan","-1.0","-1.0","-1.0","-1.0","-1.0","-1.0","-1.0","-1.0"
"805","2003","13","West Bengal","Burdwan","3.22","337.14","31.71","543.95","14.99","244.59","17.49","412.31"
"805","2007","13","West Bengal","Burdwan","6.08","192.73","114.61","582.72","80.63","274.81","42.41","436.83"
"805","2012","13","West Bengal","Burdwan","8.15","134.65","128.86","507.49","41.47","161.46","93.83","357.98"
"805","2019","13","West Bengal","Burdwan","10.83","97.15","207.99","563.77","27.18","113.68","190.05","595.66"
"806","1966","13","West Bengal","Birbhum","-1.0","-1.0","-1.0","-1.0","-1.0","-1.0","-1.0","-1.0"
"806","1972","13","West Bengal","Birbhum","-1.0","-1.0","-1.0","-1.0","-1.0","-1.0","-1.0","-1.0"
"806","1977","13","West Bengal","Birbhum","-1.0","-1.0","-1.0","-1.0","-1.0","-1.0","-1.0","-1.0"
"806","1982","13","West Bengal","Birbhum","-1.0","-1.0","-1.0","-1.0","-1.0","-1.0","-1.0","-1.0"
"806","1987","13","West Bengal","Birbhum","-1.0","-1.0","-1.0","-1.0","-1.0","-1.0","-1.0","-1.0"
"806","1992","13","West Bengal","Birbhum","-1.0","-1.0","-1.0","-1.0","-1.0","-1.0","-1.0","-1.0"
"806","1997","13","West Bengal","Birbhum","-1.0","-1.0","-1.0","-1.0","-1.0","-1.0","-1.0","-1.0"
"806","2003","13","West Bengal","Birbhum","1.65","325.58","9.11","272.32","3.94","160.02","5.73","202.51"
"806","2007","13","West Bengal","Birbhum","4.25","308.16","31.87","265.02","27.94","236.49","16.91","242.72"
"806","2012","13","West Bengal","Birbhum","4.48","250.36","37.36","265.2","13.52","139.04","28.27","216.26"
"806","2019","13","West Bengal","Birbhum","3.2","200.81","52.82","366.12","7.32","129.26","50.1","375.71"
"807","1966","13","West Bengal","Bankura","-1.0","-1.0","-1.0","-1.0","-1.0","-1.0","-1.0","-1.0"
"807","1972","13","West Bengal","Bankura","-1.0","-1.0","-1.0","-1.0","-1.0","-1.0","-1.0","-1.0"
"807","1977","13","West Bengal","Bankura","-1.0","-1.0","-1.0","-1.0","-1.0","-1.0","-1.0","-1.0"
"807","1982","13","West Bengal","Bankura","-1.0","-1.0","-1.0","-1.0","-1.0","-1.0","-1.0","-1.0"
"807","1987","13","West Bengal","Bankura","-1.0","-1.0","-1.0","-1.0","-1.0","-1.0","-1.0","-1.0"
"807","1992","13","West Bengal","Bankura","-1.0","-1.0","-1.0","-1.0","-1.0","-1.0","-1.0","-1.0"
"807","1997","13","West Bengal","Bankura","-1.0","-1.0","-1.0","-1.0","-1.0","-1.0","-1.0","-1.0"
"807","2003","13","West Bengal","Bankura","1.61","403.94","15.6","359.71","4.99","186.34","10.45","278.6"
"807","2007","13","West Bengal","Bankura","2.82","403.02","42.2","473.53","37.43","228.61","23.38","340.59"
"807","2012","13","West Bengal","Bankura","5.66","330.26","61.1","432.05","24.41","145.57","55.86","310.02"
"807","2019","13","West Bengal","Bankura","11.11","275.95","108.43","441.05","20.5","128.41","106.52","399.86"
"810","1966","13","West Bengal","Hooghly","-1.0","-1.0","-1.0","-1.0","-1.0","-1.0","-1.0","-1.0"
"810","1972","13","West Bengal","Hooghly","-1.0","-1.0","-1.0","-1.0","-1.0","-1.0","-1.0","-1.0"
"810","1977","13","West Bengal","Hooghly","-1.0","-1.0","-1.0","-1.0","-1.0","-1.0","-1.0","-1.0"
"810","1982","13","West Bengal","Hooghly","-1.0","-1.0","-1.0","-1.0","-1.0","-1.0","-1.0","-1.0"
"810","1987","13","West Bengal","Hooghly","-1.0","-1.0","-1.0","-1.0","-1.0","-1.0","-1.0","-1.0"
"810","1992","13","West Bengal","Hooghly","-1.0","-1.0","-1.0","-1.0","-1.0","-1.0","-1.0","-1.0"
"810","1997","13","West Bengal","Hooghly","-1.0","-1.0","-1.0","-1.0","-1.0","-1.0","-1.0","-1.0"
"810","2003","13","West Bengal","Hooghly","2.98","169.5","59.82","316.64","13.99","127.29","39.54","249.34"
"810","2007","13","West Bengal","Hooghly","2.62","60.88","110.56","315.95","74.85","130.75","43.27","221.95"
"810","2012","13","West Bengal","Hooghly","5.1","46.01","108.14","218.01","28.13","308.61","80.49","161.64"
"810","2019","13","West Bengal","Hooghly","5.25","68.73","131.73","259.22","17.26","80.71","107.98","241.87"
"811","1966","13","West Bengal","Howrah","-1.0","-1.0","-1.0","-1.0","-1.0","-1.0","-1.0","-1.0"
"811","1972","13","West Bengal","Howrah","-1.0","-1.0","-1.0","-1.0","-1.0","-1.0","-1.0","-1.0"
"811","1977","13","West Bengal","Howrah","-1.0","-1.0","-1.0","-1.0","-1.0","-1.0","-1.0","-1.0"
"811","1982","13","West Bengal","Howrah","-1.0","-1.0","-1.0","-1.0","-1.0","-1.0","-1.0","-1.0"
"811","1987","13","West Bengal","Howrah","-1.0","-1.0","-1.0","-1.0","-1.0","-1.0","-1.0","-1.0"
"811","1992","13","West Bengal","Howrah","-1.0","-1.0","-1.0","-1.0","-1.0","-1.0","-1.0","-1.0"
"811","1997","13","West Bengal","Howrah","-1.0","-1.0","-1.0","-1.0","-1.0","-1.0","-1.0","-1.0"
"811","2003","13","West Bengal","Howrah","0.47","51.42","9.46","151.73","3.55","74.98","6.33","117.11"
"811","2007","13","West Bengal","Howrah","0.83","7.21","23.6","137.96","15.96","40.09","6.26","107.48"
"811","2012","13","West Bengal","Howrah","0.46","4.19","19.25","228.66","4.93","24.86","14.68","144.53"
"811","2019","13","West Bengal","Howrah","0.59","3.19","32.19","79.49","3.82","10.71","25.2","71.21"
"812","1966","13","West Bengal","Jalpaiguri","-1.0","-1.0","-1.0","-1.0","-1.0","-1.0","-1.0","-1.0"
"812","1972","13","West Bengal","Jalpaiguri","-1.0","-1.0","-1.0","-1.0","-1.0","-1.0","-1.0","-1.0"
"812","1977","13","West Bengal","Jalpaiguri","-1.0","-1.0","-1.0","-1.0","-1.0","-1.0","-1.0","-1.0"
"812","1982","13","West Bengal","Jalpaiguri","-1.0","-1.0","-1.0","-1.0","-1.0","-1.0","-1.0","-1.0"
"812","1987","13","West Bengal","Jalpaiguri","-1.0","-1.0","-1.0","-1.0","-1.0","-1.0","-1.0","-1.0"
"812","1992","13","West Bengal","Jalpaiguri","-1.0","-1.0","-1.0","-1.0","-1.0","-1.0","-1.0","-1.0"
"812","1997","13","West Bengal","Jalpaiguri","-1.0","-1.0","-1.0","-1.0","-1.0","-1.0","-1.0","-1.0"
"812","2003","13","West Bengal","Jalpaiguri","1.42","294.66","15.09","254.09","4.39","135.48","9.81","167.5"
"812","2007","13","West Bengal","Jalpaiguri","1.68","245.41","44.28","304.2","28.43","156.05","19.99","215.91"
"812","2012","13","West Bengal","Jalpaiguri","5.89","210.04","47.67","296.59","13.41","104.12","36.62","236.42"
"812","2019","13","West Bengal","Jalpaiguri","3.25","141.88","46.14","448.0","4.98","97.2","41.93","464.65"
"813","1966","13","West Bengal","Darjeeling","-1.0","-1.0","-1.0","-1.0","-1.0","-1.0","-1.0","-1.0"
"813","1972","13","West Bengal","Darjeeling","-1.0","-1.0","-1.0","-1.0","-1.0","-1.0","-1.0","-1.0"
"813","1977","13","West Bengal","Darjeeling","-1.0","-1.0","-1.0","-1.0","-1.0","-1.0","-1.0","-1.0"
"813","1982","13","West Bengal","Darjeeling","-1.0","-1.0","-1.0","-1.0","-1.0","-1.0","-1.0","-1.0"
"813","1987","13","West Bengal","Darjeeling","-1.0","-1.0","-1.0","-1.0","-1.0","-1.0","-1.0","-1.0"
"813","1992","13","West Bengal","Darjeeling","-1.0","-1.0","-1.0","-1.0","-1.0","-1.0","-1.0","-1.0"
"813","1997","13","West Bengal","Darjeeling","-1.0","-1.0","-1.0","-1.0","-1.0","-1.0","-1.0","-1.0"
"813","2003","13","West Bengal","Darjeeling","3.96","36.18","31.59","37.81","17.67","26.86","20.41","27.55"
"813","2007","13","West Bengal","Darjeeling","5.63","44.22","39.82","75.94","24.73","32.21","14.79","51.11"
"813","2012","13","West Bengal","Darjeeling","14.88","30.99","49.04","43.77","14.9","12.11","28.83","31.24"
"813","2019","13","West Bengal","Darjeeling","16.4","11.87","49.26","54.61","9.73","11.05","38.17","61.72"
"814","1966","13","West Bengal","Malda","-1.0","-1.0","-1.0","-1.0","-1.0","-1.0","-1.0","-1.0"
"814","1972","13","West Bengal","Malda","-1.0","-1.0","-1.0","-1.0","-1.0","-1.0","-1.0","-1.0"
"814","1977","13","West Bengal","Malda","-1.0","-1.0","-1.0","-1.0","-1.0","-1.0","-1.0","-1.0"
"814","1982","13","West Bengal","Malda","-1.0","-1.0","-1.0","-1.0","-1.0","-1.0","-1.0","-1.0"
"814","1987","13","West Bengal","Malda","-1.0","-1.0","-1.0","-1.0","-1.0","-1.0","-1.0","-1.0"
"814","1992","13","West Bengal","Malda","-1.0","-1.0","-1.0","-1.0","-1.0","-1.0","-1.0","-1.0"
"814","1997","13","West Bengal","Malda","-1.0","-1.0","-1.0","-1.0","-1.0","-1.0","-1.0","-1.0"
"814","2003","13","West Bengal","Malda","0.63","152.44","17.76","184.74","6.28","95.13","16.95","147.73"
"814","2007","13","West Bengal","Malda","0.94","155.54","27.77","213.99","27.0","117.91","10.7","177.79"
"814","2012","13","West Bengal","Malda","3.99","132.4","45.92","235.04","14.22","103.45","35.74","184.3"
"814","2019","13","West Bengal","Malda","8.41","126.21","45.53","316.43","10.15","89.17","57.18","385.68"
"816","1966","13","West Bengal","Cooch Behar","-1.0","-1.0","-1.0","-1.0","-1.0","-1.0","-1.0","-1.0"
"816","1972","13","West Bengal","Cooch Behar","-1.0","-1.0","-1.0","-1.0","-1.0","-1.0","-1.0","-1.0"
"816","1977","13","West Bengal","Cooch Behar","-1.0","-1.0","-1.0","-1.0","-1.0","-1.0","-1.0","-1.0"
"816","1982","13","West Bengal","Cooch Behar","-1.0","-1.0","-1.0","-1.0","-1.0","-1.0","-1.0","-1.0"
"816","1987","13","West Bengal","Cooch Behar","-1.0","-1.0","-1.0","-1.0","-1.0","-1.0","-1.0","-1.0"
"816","1992","13","West Bengal","Cooch Behar","-1.0","-1.0","-1.0","-1.0","-1.0","-1.0","-1.0","-1.0"
"816","1997","13","West Bengal","Cooch Behar","-1.0","-1.0","-1.0","-1.0","-1.0","-1.0","-1.0","-1.0"
"816","2003","13","West Bengal","Cooch Behar","0.4","298.83","11.82","268.8","4.49","115.83","6.7","179.84"
"816","2007","13","West Bengal","Cooch Behar","1.64","287.24","31.44","297.23","24.51","159.18","11.84","237.82"
"816","2012","13","West Bengal","Cooch Behar","3.1","207.03","28.6","277.16","9.81","108.69","24.55","217.21"
"816","2019","13","West Bengal","Cooch Behar","4.05","113.62","53.28","438.88","4.29","82.41","49.96","480.18"
"817","1966","13","West Bengal","Purulia","-1.0","-1.0","-1.0","-1.0","-1.0","-1.0","-1.0","-1.0"
"817","1972","13","West Bengal","Purulia","-1.0","-1.0","-1.0","-1.0","-1.0","-1.0","-1.0","-1.0"
"817","1977","13","West Bengal","Purulia","-1.0","-1.0","-1.0","-1.0","-1.0","-1.0","-1.0","-1.0"
"817","1982","13","West Bengal","Purulia","-1.0","-1.0","-1.0","-1.0","-1.0","-1.0","-1.0","-1.0"
"817","1987","13","West Bengal","Purulia","-1.0","-1.0","-1.0","-1.0","-1.0","-1.0","-1.0","-1.0"
"817","1992","13","West Bengal","Purulia","-1.0","-1.0","-1.0","-1.0","-1.0","-1.0","-1.0","-1.0"
"817","1997","13","West Bengal","Purulia","-1.0","-1.0","-1.0","-1.0","-1.0","-1.0","-1.0","-1.0"
"817","2003","13","West Bengal","Purulia","1.38","393.61","2.5","184.26","1.09","119.58","1.31","141.1"
"817","2007","13","West Bengal","Purulia","2.24","462.34","6.61","225.26","4.56","101.74","2.96","138.48"
"817","2012","13","West Bengal","Purulia","1.79","408.89","6.03","207.16","1.79","68.78","3.87","137.81"
"817","2019","13","West Bengal","Purulia","1.8","425.31","8.6","216.49","1.37","76.29","6.31","179.11"
"818","1966","13","West Bengal","Midnapur","-1.0","-1.0","-1.0","-1.0","-1.0","-1.0","-1.0","-1.0"
"818","1972","13","West Bengal","Midnapur","-1.0","-1.0","-1.0","-1.0","-1.0","-1.0","-1.0","-1.0"
"818","1977","13","West Bengal","Midnapur","-1.0","-1.0","-1.0","-1.0","-1.0","-1.0","-1.0","-1.0"
"818","1982","13","West Bengal","Midnapur","-1.0","-1.0","-1.0","-1.0","-1.0","-1.0","-1.0","-1.0"
"818","1987","13","West Bengal","Midnapur","-1.0","-1.0","-1.0","-1.0","-1.0","-1.0","-1.0","-1.0"
"818","2003","13","West Bengal","Midnapur","5.18","1011.81","39.5","982.89","11.25","514.3","25.43","702.97"
"818","2007","13","West Bengal","Midnapur","7.83","522.84","136.23","1332.73","119.98","616.82","65.98","991.79"
"818","2012","13","West Bengal","Midnapur","19.36","406.2","237.54","1100.65","81.66","389.47","201.96","893.0"
"818","2019","13","West Bengal","Midnapur","17.59","318.1","286.89","1054.97","44.89","240.96","291.57","1160.46"
"822","1966","13","West Bengal","West Dinajpur","-1.0","-1.0","-1.0","-1.0","-1.0","-1.0","-1.0","-1.0"
"822","1972","13","West Bengal","West Dinajpur","-1.0","-1.0","-1.0","-1.0","-1.0","-1.0","-1.0","-1.0"
"822","1977","13","West Bengal","West Dinajpur","-1.0","-1.0","-1.0","-1.0","-1.0","-1.0","-1.0","-1.0"
"822","1982","13","West Bengal","West Dinajpur","-1.0","-1.0","-1.0","-1.0","-1.0","-1.0","-1.0","-1.0"
"822","1987","13","West Bengal","West Dinajpur","-1.0","-1.0","-1.0","-1.0","-1.0","-1.0","-1.0","-1.0"
"822","1992","13","West Bengal","West Dinajpur","-1.0","-1.0","-1.0","-1.0","-1.0","-1.0","-1.0","-1.0"
"822","1997","13","West Bengal","West Dinajpur","-1.0","-1.0","-1.0","-1.0","-1.0","-1.0","-1.0","-1.0"
"822","2003","13","West Bengal","West Dinajpur","0.48","381.73","13.03","328.49","5.32","181.14","10.72","242.98"
"822","2007","13","West Bengal","West Dinajpur","0.43","386.9","23.36","385.38","22.64","212.92","8.88","348.51"
"822","2012","13","West Bengal","West Dinajpur","1.83","286.9","36.68","405.86","10.47","145.9","30.56","329.29"
"822","2019","13","West Bengal","West Dinajpur","2.34","193.38","41.41","560.75","5.08","138.88","42.68","639.14"
"901","1966","2","Bihar","Champaran","-1.0","-1.0","-1.0","-1.0","-1.0","-1.0","-1.0","-1.0"
"901","1972","2","Bihar","Champaran","-1.0","-1.0","-1.0","-1.0","-1.0","-1.0","-1.0","-1.0"
"901","1977","2","Bihar","Champaran","-1.0","-1.0","-1.0","-1.0","-1.0","-1.0","-1.0","-1.0"
"901","2003","2","Bihar","Champaran","3.14","288.54","20.58","237.67","5.34","112.97","13.69","213.65"
"901","2007","2","Bihar","Champaran","-1.0","-1.0","-1.0","-1.0","-1.0","-1.0","-1.0","-1.0"
"901","2012","2","Bihar","Champaran","17.78","167.9","80.87","434.13","19.78","99.15","47.57","205.59"
"901","2019","2","Bihar","Champaran","6.36","48.31","103.02","484.0","10.71","49.37","99.3","486.57"
"902","1966","2","Bihar","Muzaffarpur","-1.0","-1.0","-1.0","-1.0","-1.0","-1.0","-1.0","-1.0"
"902","1972","2","Bihar","Muzaffarpur","-1.0","-1.0","-1.0","-1.0","-1.0","-1.0","-1.0","-1.0"
"902","1977","2","Bihar","Muzaffarpur","-1.0","-1.0","-1.0","-1.0","-1.0","-1.0","-1.0","-1.0"
"902","2003","2","Bihar","Muzaffarpur","17.59","215.96","123.96","217.19","28.25","126.85","80.22","154.59"
"902","2007","2","Bihar","Muzaffarpur","-1.0","-1.0","-1.0","-1.0","-1.0","-1.0","-1.0","-1.0"
"902","2012","2","Bihar","Muzaffarpur","29.75","88.02","311.5","77.0","52.4","17.73","137.04","35.03"
"902","2019","2","Bihar","Muzaffarpur","7.66","20.25","261.9","188.86","12.64","13.86","225.74","187.95"
"903","1966","2","Bihar","Darbhanga","-1.0","-1.0","-1.0","-1.0","-1.0","-1.0","-1.0","-1.0"
"903","1972","2","Bihar","Darbhanga","-1.0","-1.0","-1.0","-1.0","-1.0","-1.0","-1.0","-1.0"
"903","1977","2","Bihar","Darbhanga","-1.0","-1.0","-1.0","-1.0","-1.0","-1.0","-1.0","-1.0"
"903","2003","2","Bihar","Darbhanga","9.38","347.98","86.89","242.89","23.35","87.42","58.91","171.27"
"903","2007","2","Bihar","Darbhanga","-1.0","-1.0","-1.0","-1.0","-1.0","-1.0","-1.0","-1.0"
"903","2012","2","Bihar","Darbhanga","22.85","191.37","295.24","292.04","37.92","65.48","152.27","194.91"
"903","2019","2","Bihar","Darbhanga","4.16","57.48","322.44","369.51","9.43","26.34","260.33","400.53"
"904","1966","2","Bihar","Saharsa","-1.0","-1.0","-1.0","-1.0","-1.0","-1.0","-1.0","-1.0"
"904","1972","2","Bihar","Saharsa","-1.0","-1.0","-1.0","-1.0","-1.0","-1.0","-1.0","-1.0"
"904","1977","2","Bihar","Saharsa","-1.0","-1.0","-1.0","-1.0","-1.0","-1.0","-1.0","-1.0"
"904","2003","2","Bihar","Saharsa","1.47","219.02","3.52","167.69","0.85","88.52","2.34","122.79"
"904","2007","2","Bihar","Saharsa","-1.0","-1.0","-1.0","-1.0","-1.0","-1.0","-1.0","-1.0"
"904","2012","2","Bihar","Saharsa","1.28","168.59","16.72","328.32","5.29","74.09","8.23","170.5"
"904","2019","2","Bihar","Saharsa","1.85","43.29","37.65","421.74","4.6","37.24","39.7","484.21"
"905","1966","2","Bihar","Purnea","-1.0","-1.0","-1.0","-1.0","-1.0","-1.0","-1.0","-1.0"
"905","1972","2","Bihar","Purnea","-1.0","-1.0","-1.0","-1.0","-1.0","-1.0","-1.0","-1.0"
"905","1977","2","Bihar","Purnea","-1.0","-1.0","-1.0","-1.0","-1.0","-1.0","-1.0","-1.0"
"905","2003","2","Bihar","Purnea","0.86","380.95","6.91","435.95","1.88","263.32","4.93","347.64"
"905","2007","2","Bihar","Purnea","-1.0","-1.0","-1.0","-1.0","-1.0","-1.0","-1.0","-1.0"
"905","2012","2","Bihar","Purnea","10.35","389.61","45.46","916.47","12.14","247.91","20.66","550.54"
"905","2019","2","Bihar","Purnea","8.47","173.37","49.41","1122.6","4.48","165.95","46.27","1303.6"
"906","1966","2","Bihar","Saran","-1.0","-1.0","-1.0","-1.0","-1.0","-1.0","-1.0","-1.0"
"906","1972","2","Bihar","Saran","-1.0","-1.0","-1.0","-1.0","-1.0","-1.0","-1.0","-1.0"
"906","1977","2","Bihar","Saran","-1.0","-1.0","-1.0","-1.0","-1.0","-1.0","-1.0","-1.0"
"906","2003","2","Bihar","Saran","3.13","147.62","26.66","205.15","6.88","89.68","16.6","147.51"
"906","2007","2","Bihar","Saran","-1.0","-1.0","-1.0","-1.0","-1.0","-1.0","-1.0","-1.0"
"906","2012","2","Bihar","Saran","11.27","51.94","167.78","279.91","25.74","50.42","74.45","142.95"
"906","2019","2","Bihar","Saran","2.92","8.26","217.75","295.04","7.48","11.02","188.54","297.34"
"907","1966","2","Bihar","Patna","-1.0","-1.0","-1.0","-1.0","-1.0","-1.0","-1.0","-1.0"
"907","1972","2","Bihar","Patna","-1.0","-1.0","-1.0","-1.0","-1.0","-1.0","-1.0","-1.0"
"907","1977","2","Bihar","Patna","-1.0","-1.0","-1.0","-1.0","-1.0","-1.0","-1.0","-1.0"
"907","2003","2","Bihar","Patna","10.39","126.06","47.31","91.05","10.02","27.71","28.69","58.9"
"907","2007","2","Bihar","Patna","-1.0","-1.0","-1.0","-1.0","-1.0","-1.0","-1.0","-1.0"
"907","2012","2","Bihar","Patna","13.26","20.44","227.71","52.79","31.83","9.78","98.61","27.43"
"907","2019","2","Bihar","Patna","3.1","4.93","218.42","146.47","6.55","8.95","162.21","113.15"
"908","1966","2","Bihar","Mungair","-1.0","-1.0","-1.0","-1.0","-1.0","-1.0","-1.0","-1.0"
"908","1972","2","Bihar","Mungair","-1.0","-1.0","-1.0","-1.0","-1.0","-1.0","-1.0","-1.0"
"908","1977","2","Bihar","Mungair","-1.0","-1.0","-1.0","-1.0","-1.0","-1.0","-1.0","-1.0"
"908","2003","2","Bihar","Mungair","6.38","232.42","139.22","278.41","30.75","114.06","97.7","253.38"
"908","2007","2","Bihar","Mungair","-1.0","-1.0","-1.0","-1.0","-1.0","-1.0","-1.0","-1.0"
"908","2012","2","Bihar","Mungair","17.26","181.44","423.37","292.9","64.7","78.39","213.08","150.05"
"908","2019","2","Bihar","Mungair","10.19","77.56","442.42","428.18","19.72","42.08","396.9","398.87"
"909","1966","2","Bihar","Bhagalpur","-1.0","-1.0","-1.0","-1.0","-1.0","-1.0","-1.0","-1.0"
"909","1972","2","Bihar","Bhagalpur","-1.0","-1.0","-1.0","-1.0","-1.0","-1.0","-1.0","-1.0"
"909","1977","2","Bihar","Bhagalpur","-1.0","-1.0","-1.0","-1.0","-1.0","-1.0","-1.0","-1.0"
"909","2003","2","Bihar","Bhagalpur","3.37","190.9","22.04","248.09","7.08","119.14","15.99","172.07"
"909","2007","2","Bihar","Bhagalpur","-1.0","-1.0","-1.0","-1.0","-1.0","-1.0","-1.0","-1.0"
"909","2012","2","Bihar","Bhagalpur","8.97","135.4","127.67","361.61","19.22","78.76","59.69","270.26"
"909","2019","2","Bihar","Bhagalpur","13.75","86.5","170.13","440.52","8.5","59.54","142.4","434.35"
"910","1966","15","Jharkhand","Santhal Paragana / Dumka","-1.0","-1.0","-1.0","-1.0","-1.0","-1.0","-1.0","-1.0"
"910","1972","15","Jharkhand","Santhal Paragana / Dumka","-1.0","-1.0","-1.0","-1.0","-1.0","-1.0","-1.0","-1.0"
"910","1977","15","Jharkhand","Santhal Paragana / Dumka","-1.0","-1.0","-1.0","-1.0","-1.0","-1.0","-1.0","-1.0"
"910","2003","15","Jharkhand","Santhal Paragana / Dumka","0.78","720.88","7.5","505.99","2.27","237.75","4.45","336.62"
"910","2007","15","Jharkhand","Santhal Paragana / Dumka","5.72","935.2","12.35","780.39","5.28","359.03","7.65","439.92"
"910","2012","15","Jharkhand","Santhal Paragana / Dumka","3.37","940.94","18.61","758.96","4.03","206.1","10.64","453.45"
"910","2019","15","Jharkhand","Santhal Paragana / Dumka","9.04","738.21","48.67","1026.75","7.49","276.55","41.49","1058.96"
"911","1966","2","Bihar","Shahabad (now part of Bhojpur district)","-1.0","-1.0","-1.0","-1.0","-1.0","-1.0","-1.0","-1.0"
"911","1972","2","Bihar","Shahabad (now part of Bhojpur district)","-1.0","-1.0","-1.0","-1.0","-1.0","-1.0","-1.0","-1.0"
"911","1977","2","Bihar","Shahabad (now part of Bhojpur district)","-1.0","-1.0","-1.0","-1.0","-1.0","-1.0","-1.0","-1.0"
"911","2003","2","Bihar","Shahabad (now part of Bhojpur district)","1.81","92.3","30.04","215.15","5.21","74.17","20.09","149.49"
"911","2007","2","Bihar","Shahabad (now part of Bhojpur district)","-1.0","-1.0","-1.0","-1.0","-1.0","-1.0","-1.0","-1.0"
"911","2012","2","Bihar","Shahabad (now part of Bhojpur district)","5.02","36.98","211.82","408.26","30.9","45.37","108.14","119.34"
"911","2019","2","Bihar","Shahabad (now part of Bhojpur district)","3.7","9.26","229.74","346.25","9.26","17.86","173.69","281.02"
"912","1966","2","Bihar","Gaya","-1.0","-1.0","-1.0","-1.0","-1.0","-1.0","-1.0","-1.0"
"912","1972","2","Bihar","Gaya","-1.0","-1.0","-1.0","-1.0","-1.0","-1.0","-1.0","-1.0"
"912","1977","2","Bihar","Gaya","-1.0","-1.0","-1.0","-1.0","-1.0","-1.0","-1.0","-1.0"
"912","2003","2","Bihar","Gaya","7.48","560.98","23.62","377.51","6.58","182.26","15.77","263.06"
"912","2007","2","Bihar","Gaya","-1.0","-1.0","-1.0","-1.0","-1.0","-1.0","-1.0","-1.0"
"912","2012","2","Bihar","Gaya","18.37","327.66","115.08","515.39","23.26","131.44","52.9","273.22"
"912","2019","2","Bihar","Gaya","1.56","131.03","80.74","770.17","5.84","96.66","68.88","707.48"
"913","1966","15","Jharkhand","Hazaribagh","-1.0","-1.0","-1.0","-1.0","-1.0","-1.0","-1.0","-1.0"
"913","1972","15","Jharkhand","Hazaribagh","-1.0","-1.0","-1.0","-1.0","-1.0","-1.0","-1.0","-1.0"
"913","1977","15","Jharkhand","Hazaribagh","-1.0","-1.0","-1.0","-1.0","-1.0","-1.0","-1.0","-1.0"
"913","2003","15","Jharkhand","Hazaribagh","3.34","706.76","8.58","459.34","3.01","217.12","5.62","289.83"
"913","2007","15","Jharkhand","Hazaribagh","16.37","874.26","19.68","716.37","7.26","307.27","10.51","348.5"
"913","2012","15","Jharkhand","Hazaribagh","8.11","830.34","39.74","619.4","8.16","183.94","19.48","356.77"
"913","2019","15","Jharkhand","Hazaribagh","8.76","823.89","68.39","750.54","9.39","240.2","52.22","651.78"
"914","1966","15","Jharkhand","Dhanbad","-1.0","-1.0","-1.0","-1.0","-1.0","-1.0","-1.0","-1.0"
"914","1972","15","Jharkhand","Dhanbad","-1.0","-1.0","-1.0","-1.0","-1.0","-1.0","-1.0","-1.0"
"914","1977","15","Jharkhand","Dhanbad","-1.0","-1.0","-1.0","-1.0","-1.0","-1.0","-1.0","-1.0"
"914","2003","15","Jharkhand","Dhanbad","0.75","156.29","9.86","101.2","2.36","42.21","5.2","67.83"
"914","2007","15","Jharkhand","Dhanbad","3.43","72.37","10.83","50.88","2.04","19.08","4.94","27.66"
"914","2012","15","Jharkhand","Dhanbad","2.03","159.34","19.97","116.88","3.09","31.92","9.28","64.74"
"914","2019","15","Jharkhand","Dhanbad","1.28","137.42","33.02","132.32","3.62","36.71","20.94","116.91"
"915","1966","15","Jharkhand","Palamau","-1.0","-1.0","-1.0","-1.0","-1.0","-1.0","-1.0","-1.0"
"915","1972","15","Jharkhand","Palamau","-1.0","-1.0","-1.0","-1.0","-1.0","-1.0","-1.0","-1.0"
"915","1977","15","Jharkhand","Palamau","-1.0","-1.0","-1.0","-1.0","-1.0","-1.0","-1.0","-1.0"
"915","2003","15","Jharkhand","Palamau","0.74","493.98","2.78","276.56","0.33","126.1","0.64","183.92"
"915","2007","15","Jharkhand","Palamau","3.19","531.66","3.56","398.35","2.82","175.89","2.34","225.14"
"915","2012","15","Jharkhand","Palamau","2.22","485.22","9.52","363.45","2.81","100.48","6.58","239.43"
"915","2019","15","Jharkhand","Palamau","6.37","448.71","31.16","544.28","5.77","126.52","56.16","497.17"
"916","1966","15","Jharkhand","Ranchi","-1.0","-1.0","-1.0","-1.0","-1.0","-1.0","-1.0","-1.0"
"916","1972","15","Jharkhand","Ranchi","-1.0","-1.0","-1.0","-1.0","-1.0","-1.0","-1.0","-1.0"
"916","1977","15","Jharkhand","Ranchi","-1.0","-1.0","-1.0","-1.0","-1.0","-1.0","-1.0","-1.0"
"916","2003","15","Jharkhand","Ranchi","2.91","741.06","9.23","264.2","2.38","172.3","5.06","284.63"
"916","2007","15","Jharkhand","Ranchi","7.36","776.27","20.93","406.19","5.34","209.65","10.98","225.1"
"916","2012","15","Jharkhand","Ranchi","6.58","839.59","30.65","391.24","4.86","127.86","13.76","240.82"
"916","2019","15","Jharkhand","Ranchi","13.74","807.72","82.11","468.14","10.05","185.28","61.64","394.92"
"917","1966","15","Jharkhand","Singhbhum","-1.0","-1.0","-1.0","-1.0","-1.0","-1.0","-1.0","-1.0"
"917","1972","15","Jharkhand","Singhbhum","-1.0","-1.0","-1.0","-1.0","-1.0","-1.0","-1.0","-1.0"
"917","1977","15","Jharkhand","Singhbhum","-1.0","-1.0","-1.0","-1.0","-1.0","-1.0","-1.0","-1.0"
"917","2003","15","Jharkhand","Singhbhum","1.51","437.18","4.05","185.92","1.42","86.13","2.41","126.06"
"917","2007","15","Jharkhand","Singhbhum","4.99","344.97","9.55","175.23","2.64","91.29","11.23","99.43"
"917","2012","15","Jharkhand","Singhbhum","2.24","517.97","18.37","235.7","3.32","61.82","8.77","147.56"
"917","2019","15","Jharkhand","Singhbhum","2.58","593.0","29.45","242.82","2.27","96.58","20.58","201.47"