"Dist Code","Year","State Code","State Name","Dist Name","TOTAL POPULATION (1000 Number)","TOTAL MALE POPULATION (1000 Number)","TOTAL FEMALE POPULATION (1000 Number)","TOTAL RURAL POPULATION (1000 Number)","RURAL MALE POPULATION (1000 Number)","RURAL FEMALE POPULATION (1000 Number)","TOTAL URBAN POPULATION (1000 Number)","URBAN MALE POPULATION (1000 Number)","URBAN FEMALE POPULATION (1000 Number)","ST TOTAL POPULATION (1000 Number)","ST MALE POPULATION (1000 Number)","ST FEMALE POPULATION (1000 Number)","ST RURAL TOTAL POPULATION (1000 Number)","ST RURAL MALE POPULATION (1000 Number)","ST RURAL FEMALE POPULATION (1000 Number)","ST URBAN TOTAL POPULATION (1000 Number)","ST URBAN MALE POPULATION (1000 Number)","ST URBAN FEMALE POPULATION (1000 Number)","SC TOTAL POPULATION (1000 Number)","SC MALE POPULATION (1000 Number)","SC FEMALE POPULATION (1000 Number)","SC RURAL TOTAL POPULATION (1000 Number)","SC RURAL MALE POPULATION (1000 Number)","SC RURAL FEMALE POPULATION (1000 Number)","SC URBAN TOTAL POPULATION (1000 Number)","SC URBAN MALE POPULATION (1000 Number)","SC URBAN FEMALE POPULATION (1000 Number)","TOTAL LITERATES POPULATION (1000 Number)","MALE LITERATES POPULATION (1000 Number)","FEMALE LITERATES POPULATION (1000 Number)","TOTAL RURAL LITERATES POPULATION (1000 Number)","RURAL MALE LITERATES POPULATION (1000 Number)","RURAL FEMALE LITERATES POPULATION (1000 Number)","TOTAL URBAN LITERATES POPULATION (1000 Number)","URBAN MALE LITERATES POPULATION (1000 Number)","URBAN FEMALE LITERATES POPULATION (1000 Number)","TOTAL CULTIVATORS POPULATION (1000 Number)","MALE CULTIVATORS POPULATION (1000 Number)","FEMALE CULTIVATORS POPULATION (1000 Number)","TOTAL RURAL CULTIVATORS POPULATION (1000 Number)","RURAL MALE CULTIVATORS POPULATION (1000 Number)","RURAL FEMALE CULTIVATORS POPULATION (1000 Number)","TOTAL URBAN CULTIVATORS POPULATION (1000 Number)","URBAN MALE CULTIVATORS POPULATION (1000 Number)","URBAN FEMALE CULTIVATORS POPULATION (1000 Number)","TOTAL AGRICULTURAL LABOUR POPULATION (1000 Number)","MALE AGRICULTURAL LABOUR POPULATION (1000 Number)","FEMALE AGRICULTURAL LABOUR POPULATION (1000 Number)","TOTAL RURAL AGRICULTURAL LABOUR POPULATION (1000 Number)","RURAL MALE AGRICULTURAL LABOUR POPULATION (1000 Number)","RURAL FEMALE AGRICULTURAL LABOUR POPULATION (1000 Number)","TOTAL URBAN AGRICULTURAL LABOUR POPULATION (1000 Number)","URBAN MALE AGRICULTURAL LABOUR POPULATION (1000 Number)","URBAN FEMALE AGRICULTURAL LABOUR POPULATION (1000 Number)","NON AGRICULTURAL WORKERS POPULATION (1000 Number)","AGRICULTURAL WORKERS POPULATION (1000 Number)","TOTAL WORKERS POPULATION (1000 Number)"
"1","1961","14","Chhattisgarh","Durg","1885.24","946.15","939.08","1649.68","808.08","841.6","235.55","138.07","97.48","208.78","102.63","106.14","201.82","99.03","102.8","6.95","3.61","3.35","206.87","102.51","104.37","190.58","93.61","96.97","16.29","8.9","7.4","336.48","277.62","58.86","232.36","198.48","33.88","104.12","79.14","24.98","679.56","330.1","349.46","672.47","325.9","346.56","7.1","4.2","2.9","205.27","100.17","105.1","203.65","99.44","104.21","1.62","0.73","0.89","781.81","884.83","1666.64"
"1","1971","14","Chhattisgarh","Durg","2461.53","1234.66","1226.86","2064.61","1021.81","1042.8","396.92","212.85","184.06","266.87","130.41","136.46","257.18","125.34","131.84","9.69","5.07","4.62","251.09","124.75","126.33","225.41","111.28","114.13","25.67","13.48","12.19","609.12","459.59","149.53","414.01","331.28","82.73","195.11","128.31","66.8","648.74","364.66","284.08","644.03","361.28","282.75","4.71","3.38","1.33","280.95","130.91","150.04","275.09","127.68","147.41","5.86","3.23","2.63","1455.2","929.69","2384.89"
"1","1981","14","Chhattisgarh","Durg","3057.97","1532.66","1525.32","2312.61","1139.21","1173.41","745.35","393.45","351.9","534.08","261.75","272.33","495.63","241.67","253.96","38.46","20.08","18.38","333.92","165.4","168.52","258.98","126.69","132.3","74.94","38.71","36.23","1028.32","725.76","302.57","619.02","466.97","152.05","409.31","258.78","150.52","748.09","382.81","365.28","739.21","377.32","361.9","8.88","5.5","3.38","338.55","150.2","188.35","328.36","145.2","183.16","10.18","5.0","5.18","1633.68","1086.64","2720.32"
"1","1991","14","Chhattisgarh","Durg","3837.08","1934.36","1902.72","2764.91","1372.06","1392.86","1072.17","562.3","509.87","660.42","325.47","334.94","598.9","293.41","305.5","61.51","32.07","29.45","453.94","227.81","226.13","326.56","162.51","164.06","127.38","65.3","62.08","1664.34","1090.37","573.96","1013.36","695.13","318.24","650.99","395.26","255.73","893.6","449.4","444.3","876.1","438.7","437.4","17.5","10.7","6.8","399.1","176.1","223.1","377.8","165.9","212.0","21.2","10.2","11.0","2108.72","1292.7","3401.42"
"1","2001","14","Chhattisgarh","Durg","4375.9","2193.1","2182.8","3054.44","1510.49","1543.95","1321.46","682.61","638.85","777.08","381.59","395.49","695.42","339.7","355.72","81.67","41.89","39.77","539.72","269.65","270.07","366.56","181.78","184.77","173.17","87.87","85.3","2761.76","1581.93","1179.83","1816.24","1044.31","771.93","945.53","537.62","407.9","834.28","426.32","407.96","815.76","415.45","400.31","18.53","10.87","7.65","561.15","228.79","332.36","536.25","218.87","317.38","24.9","9.91","14.98","1647.6","1395.43","3043.04"
"1","2011","14","Chhattisgarh","Durg","5465.0","2737.52","2727.48","3845.67","1913.6","1932.07","1619.33","823.92","795.42","921.21","452.69","468.53","817.34","400.71","416.63","103.88","51.97","51.91","699.72","348.76","350.95","476.76","237.29","239.48","222.95","111.47","111.49","3605.82","2022.41","1583.41","2386.76","1357.5","1029.26","1219.06","664.9","554.15","853.5","471.75","381.75","832.29","457.98","374.31","21.21","13.78","7.44","982.48","449.38","533.09","932.57","425.46","507.13","49.91","23.92","25.98","2881.15","1835.98","4717.13"
"2","1961","14","Chhattisgarh","Bastar","1167.5","582.4","585.1","1140.6","568.27","572.33","26.9","14.13","12.77","843.75","418.65","425.1","841.21","417.22","424.0","2.54","1.43","1.11","64.1","31.81","32.28","62.47","31.01","31.47","1.62","0.81","0.82","80.65","68.07","12.58","67.67","59.27","8.41","12.98","8.8","4.18","539.46","278.15","261.31","538.45","277.63","260.82","1.01","0.52","0.49","95.57","47.04","48.54","95.4","46.97","48.43","0.17","0.06","0.11","460.34","635.03","1095.37"
"2","1971","14","Chhattisgarh","Bastar","1514.4","758.86","755.54","1457.85","728.21","729.63","56.55","30.65","25.91","1033.95","514.35","519.6","1028.37","511.26","517.11","5.58","3.09","2.48","48.46","24.15","24.31","46.2","23.03","23.17","2.26","1.12","1.14","146.06","115.15","30.91","118.23","96.9","21.33","27.83","18.25","9.58","377.31","313.47","63.85","375.97","312.25","63.72","1.34","1.22","0.12","127.7","73.78","53.91","126.42","72.97","53.45","1.28","0.81","0.47","1002.39","505.01","1507.4"
"2","1981","14","Chhattisgarh","Bastar","1842.85","920.32","922.53","1731.15","861.85","869.3","111.71","58.47","53.23","1249.2","619.67","629.53","1232.04","610.29","621.75","17.16","9.38","7.78","101.18","50.45","50.73","92.21","45.93","46.28","8.97","4.51","4.45","948.75","688.23","260.52","662.01","509.45","152.55","28.67","17.88","10.8","698.6","404.78","293.82","688.22","397.71","290.51","10.38","7.07","3.32","422.71","203.77","218.94","411.1","198.21","212.89","11.62","5.56","6.06","1030.01","1121.31","2151.32"
"2","1991","14","Chhattisgarh","Bastar","2271.31","1134.49","1136.83","2109.43","1050.94","1058.49","161.88","83.55","78.34","1529.89","759.02","770.86","1501.31","744.13","757.18","28.58","14.89","13.69","132.88","66.41","66.47","116.25","58.04","58.21","16.64","8.37","8.27","451.65","312.64","139.01","355.13","255.69","99.45","96.52","56.96","39.56","731.0","484.1","246.9","727.8","481.6","246.2","3.2","2.5","0.7","146.9","69.9","77.0","143.3","67.8","75.5","3.6","2.1","1.5","1272.55","877.9","2150.45"
"2","2001","14","Chhattisgarh","Bastar","2672.65","1329.25","1343.4","2458.58","1219.32","1239.26","214.07","109.93","104.15","1796.45","887.47","908.99","1750.42","863.97","886.45","46.04","23.5","22.54","90.49","44.91","45.59","73.6","36.47","37.14","16.89","8.43","8.46","1056.5","646.64","409.87","904.53","560.84","343.68","151.98","85.79","66.19","839.24","483.93","355.31","836.14","481.81","354.33","3.1","2.12","0.99","348.31","120.46","227.85","345.93","119.26","226.66","2.38","1.19","1.19","619.26","1187.55","1806.81"
"2","2011","14","Chhattisgarh","Bastar","3090.83","1534.73","1556.1","2672.64","1321.72","1350.91","418.19","213.01","205.19","2069.16","1015.54","1053.61","1937.81","949.69","988.1","131.35","65.85","65.51","97.6","48.72","48.9","67.53","33.7","33.84","30.08","15.02","15.07","1441.68","844.7","596.99","1141.82","679.11","462.71","299.87","165.58","134.29","754.77","455.99","298.79","741.14","447.16","294.0","13.63","8.85","4.79","550.04","215.75","334.29","532.03","207.05","324.98","18.0","8.71","9.31","1482.73","1304.81","2787.54"
"3","1961","14","Chhattisgarh","Raipur","2002.0","982.68","1019.33","1773.86","864.02","909.84","228.15","118.66","109.49","310.16","151.92","158.25","307.31","150.51","156.8","2.85","1.41","1.44","299.05","145.75","153.31","283.66","138.03","145.64","15.39","7.72","7.67","370.25","304.43","65.82","268.52","233.25","35.27","101.73","71.18","30.55","703.39","348.69","354.7","693.27","343.28","350.0","10.12","5.41","4.71","245.46","125.27","120.19","242.88","124.26","118.63","2.58","1.01","1.57","856.06","948.85","1804.91"
"3","1971","14","Chhattisgarh","Raipur","2611.18","1300.14","1311.04","2286.07","1130.54","1155.53","325.11","169.61","155.51","382.24","186.34","195.9","377.79","184.1","193.69","4.45","2.24","2.2","355.9","175.71","180.19","334.9","165.4","169.5","21.0","10.32","10.68","616.32","475.06","141.25","453.32","369.47","83.85","163.0","105.6","57.4","573.66","374.47","199.19","566.31","368.84","197.47","7.35","5.63","1.72","351.85","180.95","170.9","345.8","177.66","168.14","6.05","3.29","2.76","1636.48","925.51","2561.99"
"3","1981","14","Chhattisgarh","Raipur","3079.48","1532.69","1546.78","2550.25","1259.4","1290.85","529.23","273.29","255.94","571.48","280.05","291.44","549.97","268.81","281.16","21.51","11.24","10.28","424.15","210.04","214.1","372.77","184.16","188.61","51.37","25.88","25.49","262.56","195.18","67.38","203.21","158.24","44.97","59.35","36.94","22.41","582.12","411.3","170.82","579.07","408.82","170.25","3.06","2.48","0.57","138.91","71.06","67.84","135.36","68.92","66.44","3.55","2.14","1.41","1673.34","721.03","2394.37"
"3","1991","14","Chhattisgarh","Raipur","3908.04","1960.76","1947.28","3136.42","1563.13","1573.29","771.62","397.64","373.99","714.03","352.56","361.47","676.81","333.31","343.5","37.22","19.25","17.97","563.58","281.87","281.71","472.42","235.71","236.7","91.16","46.16","45.0","1524.63","1033.32","491.31","1073.31","762.57","310.74","451.31","270.75","180.56","845.7","487.4","358.3","829.2","476.5","352.7","16.5","10.9","5.6","493.4","233.6","259.8","473.5","223.7","249.8","19.9","9.9","9.9","2194.19","1339.1","3533.29"
"3","2001","14","Chhattisgarh","Raipur","4572.79","2297.0","2275.79","3464.98","1724.37","1740.61","1107.81","572.63","535.18","783.28","387.38","395.89","728.39","358.59","369.8","54.9","28.79","26.1","641.5","320.25","321.28","500.58","248.87","251.72","140.92","71.38","69.55","2663.7","1589.91","1073.79","1903.6","1153.52","750.08","760.1","436.4","323.7","709.53","410.05","299.48","699.25","402.94","296.31","10.27","7.11","3.17","713.33","295.24","418.09","698.86","289.39","409.47","14.47","5.85","8.62","1752.27","1422.86","3175.12"
"3","2011","14","Chhattisgarh","Raipur","5896.4","2958.06","2938.36","4143.77","2063.68","2080.1","1752.64","894.38","858.27","963.98","474.67","489.32","868.49","426.88","441.63","95.47","47.79","47.68","922.41","460.14","462.27","690.97","344.56","346.42","231.45","115.59","115.86","3814.54","2161.17","1653.37","2533.61","1459.52","1074.1","1280.95","701.65","579.29","657.92","412.44","245.48","636.22","397.66","238.56","21.69","14.79","6.92","1169.66","560.64","609.03","1114.45","531.31","583.15","55.22","29.35","25.87","3236.59","1827.58","5064.17"
"4","1961","14","Chhattisgarh","Bilaspur","2021.79","998.74","1023.06","1853.36","910.16","943.2","168.44","88.58","79.86","367.09","182.67","184.42","360.82","179.37","181.45","6.27","3.3","2.97","367.56","181.16","186.41","350.01","172.19","177.82","17.55","8.97","8.58","368.53","304.74","63.79","291.05","250.4","40.65","77.48","54.34","23.14","779.84","401.93","377.91","770.19","396.45","373.73","9.66","5.48","4.18","208.27","97.93","110.34","206.3","97.09","109.2","1.98","0.84","1.14","874.75","988.12","1862.87"
"4","1971","14","Chhattisgarh","Bilaspur","2441.21","1217.95","1223.26","2190.73","1086.74","1103.99","250.49","131.21","119.28","417.61","207.57","210.04","408.45","202.74","205.71","9.17","4.84","4.33","422.13","209.71","212.41","394.24","195.43","198.81","27.86","14.29","13.57","556.33","435.64","120.69","431.14","353.62","77.53","125.18","82.02","43.16","536.44","394.65","141.8","528.47","388.13","140.34","7.97","6.52","1.45","311.04","153.22","157.83","303.06","149.05","154.01","7.99","4.17","3.82","1552.82","847.48","2400.3"
"4","1981","14","Chhattisgarh","Bilaspur","2953.37","1482.06","1471.3","2544.58","1268.62","1275.96","408.78","213.44","195.34","690.84","342.76","348.09","668.93","331.14","337.78","21.92","11.61","10.3","509.48","254.7","254.77","461.58","230.02","231.56","47.9","24.69","23.21","844.63","633.35","211.28","619.34","489.98","129.37","225.29","143.38","81.91","672.48","433.36","239.12","661.84","425.63","236.21","10.65","7.73","2.92","354.11","168.13","185.98","341.21","160.99","180.23","12.89","7.14","5.75","1695.13","1026.59","2721.72"
"4","1991","14","Chhattisgarh","Bilaspur","3793.57","1917.42","1876.15","3148.76","1581.97","1566.79","644.8","335.45","309.35","873.74","436.22","437.52","829.16","413.01","416.14","44.59","23.2","21.38","687.22","348.24","338.98","601.9","304.2","297.71","85.32","44.04","41.28","1377.63","967.42","410.21","996.18","734.52","261.66","381.46","232.9","148.56","849.6","526.1","323.4","829.0","511.5","317.5","20.6","14.7","5.9","379.7","178.0","201.7","360.2","167.6","192.6","19.5","10.4","9.1","2249.14","1229.3","3478.44"
"4","2001","14","Chhattisgarh","Bilaspur","4613.64","2328.88","2284.76","3597.33","1802.37","1794.96","1016.31","526.51","489.8","1005.43","501.35","504.08","916.0","455.23","460.76","89.44","46.12","43.31","787.81","398.19","389.63","654.81","329.92","324.89","133.0","68.29","64.73","2447.65","1527.04","920.61","1743.49","1117.5","625.98","704.16","409.54","294.63","784.52","471.2","313.31","764.93","457.56","307.37","19.58","13.64","5.94","728.6","300.86","427.74","705.95","290.52","415.43","22.65","10.33","12.31","1140.78","1513.11","2653.89"
"4","2011","14","Chhattisgarh","Bilaspur","5728.51","2899.71","2828.82","4351.95","2192.04","2159.91","1376.57","707.65","668.92","1227.67","611.63","616.04","1108.53","551.62","556.91","119.14","60.01","59.13","1110.32","561.74","548.58","912.02","460.8","451.22","198.31","100.95","97.36","3485.06","2031.61","1453.46","2481.26","1472.8","1008.46","1003.8","558.82","444.99","719.65","450.34","269.32","690.2","430.43","259.76","29.46","19.91","9.55","1250.36","588.99","661.37","1197.53","561.96","635.56","52.84","27.02","25.8","3040.45","1970.01","5010.46"
"5","1961","14","Chhattisgarh","Raigarh","1041.23","517.96","523.27","981.34","486.45","494.89","59.89","31.5","28.38","477.94","235.76","242.18","473.52","233.43","240.09","4.42","2.33","2.09","115.72","57.12","58.6","108.63","53.59","55.04","7.09","3.53","3.56","154.66","128.83","25.83","129.9","110.84","19.06","24.76","17.99","6.77","421.81","224.72","197.09","419.02","223.01","196.0","2.8","1.71","1.09","82.15","45.21","36.95","81.82","45.0","36.83","0.33","0.21","0.12","449.22","503.96","953.18"
"5","1971","14","Chhattisgarh","Raigarh","1277.95","636.15","641.8","1202.05","596.25","605.8","75.9","39.9","36.0","604.58","299.14","305.44","598.17","295.72","302.45","6.41","3.42","2.99","132.45","65.89","66.56","123.35","61.28","62.07","9.09","4.61","4.48","254.63","196.14","58.49","216.92","170.69","46.24","37.7","25.45","12.25","289.67","237.86","51.82","288.16","236.52","51.64","1.52","1.34","0.17","124.88","81.26","43.62","123.84","80.46","43.39","1.03","0.81","0.23","838.56","414.55","1253.11"
"5","1981","14","Chhattisgarh","Raigarh","1443.2","719.61","723.58","1322.06","655.84","666.22","121.13","63.77","57.36","23.78","12.33","11.45","23.04","11.91","11.13","0.74","0.42","0.32","143.51","73.76","69.76","129.36","66.4","62.97","14.15","7.36","6.79","377.86","275.96","101.91","312.14","233.12","79.02","65.72","42.84","22.88","345.16","267.36","77.8","341.93","264.78","77.15","3.23","2.58","0.65","159.88","92.86","67.01","156.95","90.97","65.98","2.93","1.89","1.04","854.67","505.04","1359.71"
"5","1991","14","Chhattisgarh","Raigarh","1722.29","860.96","861.33","1559.23","776.01","783.22","163.06","84.95","78.11","821.48","407.06","414.42","797.66","394.54","403.12","23.82","12.51","11.31","195.91","97.94","97.97","173.52","86.54","86.98","22.4","11.4","10.99","581.91","394.81","187.1","487.38","336.46","150.92","94.53","58.35","36.18","412.7","307.8","104.9","408.5","304.4","104.0","4.3","3.4","0.9","165.1","94.1","71.0","161.4","91.7","69.7","3.7","2.4","1.3","1039.41","577.8","1617.21"
"5","2001","14","Chhattisgarh","Raigarh","1265.08","633.99","631.09","1095.79","546.88","548.91","169.29","87.11","82.18","917.65","455.64","462.02","885.71","439.38","446.34","31.94","16.26","15.69","216.14","107.68","108.47","187.59","93.19","94.4","28.55","14.48","14.07","753.19","443.93","309.26","635.22","376.06","259.16","117.97","67.87","50.1","246.88","151.72","95.16","244.69","149.96","94.74","2.19","1.77","0.43","233.43","108.08","125.35","230.89","106.84","124.05","2.54","1.24","1.3","663.97","480.31","1144.28"
"5","2011","14","Chhattisgarh","Raigarh","2345.65","1175.03","1170.63","2023.36","1010.13","1013.24","322.29","164.9","157.39","1035.99","513.2","522.79","976.72","484.03","492.7","59.27","29.18","30.09","273.78","136.43","137.36","230.2","114.67","115.52","43.59","21.75","21.83","1447.06","823.42","623.64","1207.97","691.95","516.02","239.09","131.47","107.62","435.18","271.01","164.17","427.63","265.69","161.94","7.56","5.33","2.23","521.35","254.29","267.05","509.22","247.37","261.85","12.13","6.92","5.21","1168.13","956.53","2124.66"
"6","1961","14","Chhattisgarh","Surguja","1036.74","530.17","506.57","992.95","505.93","487.02","43.79","24.23","19.56","576.29","289.95","286.34","571.79","287.24","284.55","4.5","2.71","1.79","60.28","30.09","30.19","57.31","28.43","28.88","2.97","1.66","1.32","94.87","81.59","13.28","77.6","68.93","8.67","17.27","12.66","4.61","474.12","258.68","215.44","473.09","257.91","215.17","1.03","0.77","0.26","64.92","31.52","33.4","64.52","31.25","33.26","0.4","0.27","0.13","418.41","539.04","957.45"
"6","1971","14","Chhattisgarh","Surguja","1321.35","672.28","649.07","1232.7","624.31","608.39","88.65","47.97","40.68","741.89","374.0","367.89","732.39","369.09","363.31","9.5","4.91","4.59","63.77","32.5","31.27","56.84","28.83","28.01","6.93","3.67","3.26","163.3","132.32","30.97","124.61","106.22","18.39","38.69","26.1","12.58","312.42","282.05","30.37","311.01","280.71","30.3","1.42","1.34","0.08","101.68","61.95","39.73","100.54","61.15","39.39","1.14","0.8","0.34","894.63","414.1","1308.73"
"6","1981","14","Chhattisgarh","Surguja","1633.48","832.36","801.12","1491.51","756.11","735.39","141.97","76.24","65.73","895.38","451.71","443.67","879.37","443.33","436.04","16.01","8.38","7.63","85.24","43.49","41.75","73.58","37.34","36.24","11.66","6.15","5.51","267.94","206.54","61.36","198.54","161.59","36.95","69.4","44.96","24.44","416.61","357.4","59.21","414.97","355.86","59.11","1.64","1.54","0.1","108.78","61.63","47.15","107.55","60.72","46.83","1.23","0.91","0.32","1013.96","525.39","1539.35"
"6","1991","14","Chhattisgarh","Surguja","2082.63","1064.63","1018.0","1831.47","929.95","901.52","251.16","134.68","116.48","1117.58","565.72","551.86","1084.52","548.48","536.03","33.06","17.24","15.82","114.83","58.67","56.16","93.22","47.32","45.9","21.61","11.35","10.26","495.88","356.32","139.56","359.72","271.08","88.63","136.17","85.24","50.93","497.6","408.1","89.5","494.9","405.6","89.2","2.7","2.5","0.2","126.2","72.1","54.2","124.7","71.0","53.7","1.5","1.1","0.4","1334.3","623.8","1958.1"
"6","2001","14","Chhattisgarh","Surguja","2556.12","1299.92","1256.2","2243.98","1135.44","1108.53","312.14","164.48","147.66","1336.71","673.91","662.8","1288.91","649.21","639.7","47.8","24.7","23.11","143.05","72.53","70.51","115.91","58.51","57.41","27.13","14.03","13.1","1195.57","744.49","451.07","977.59","617.66","359.93","217.98","126.84","91.14","652.66","399.86","252.79","650.23","398.0","252.23","2.42","1.86","0.56","403.77","156.88","246.89","401.94","155.72","246.22","1.83","1.16","0.67","990.05","1056.42","2046.48"
"6","2011","14","Chhattisgarh","Surguja","3018.81","1527.87","1490.94","2570.59","1296.25","1274.34","448.22","231.62","216.6","1604.91","805.46","799.45","1522.2","764.21","757.98","82.71","41.25","41.47","170.43","85.96","84.46","134.47","67.56","66.91","35.96","18.41","17.55","1585.76","924.61","661.16","1257.56","742.14","515.42","328.21","182.47","145.74","583.79","362.5","221.29","573.6","355.73","217.87","10.19","6.77","3.43","618.01","275.5","342.51","609.03","270.12","338.92","8.97","5.38","3.59","1555.93","1201.8","2757.73"
"7","1961","6","Madhya Pradesh","Jabalpur","1273.83","662.05","611.78","801.18","403.06","398.12","472.65","258.99","213.66","154.99","76.84","78.15","154.54","76.63","77.91","0.45","0.21","0.24","120.32","60.65","59.67","77.28","38.29","38.99","43.04","22.36","20.68","363.66","271.71","91.94","135.12","116.35","18.78","228.53","155.37","73.17","250.61","144.22","106.39","243.0","139.23","103.77","7.61","4.99","2.62","96.49","43.52","52.97","94.31","42.42","51.9","2.17","1.1","1.07","692.83","347.1","1039.92"
"7","1971","6","Madhya Pradesh","Jabalpur","1686.17","881.67","804.5","1003.72","508.95","494.78","682.44","372.72","309.72","198.54","99.53","99.01","185.69","92.85","92.84","12.85","6.69","6.17","161.16","83.53","77.63","101.8","51.71","50.09","59.36","31.82","27.54","577.76","405.63","172.13","207.65","166.57","41.08","370.11","239.07","131.05","182.62","156.1","26.52","176.4","150.7","25.7","6.22","5.4","0.82","149.55","78.3","71.24","140.21","72.6","67.61","9.33","5.7","3.63","1264.36","332.17","1596.53"
"7","1981","6","Madhya Pradesh","Jabalpur","2198.74","1149.05","1049.69","1208.25","615.35","592.9","990.49","533.7","456.79","383.39","193.22","190.17","328.37","164.29","164.08","55.03","28.93","26.09","268.26","139.16","129.1","145.19","74.15","71.04","123.07","65.01","58.06","901.48","607.01","294.47","318.96","246.2","72.76","582.52","360.81","221.71","217.62","174.84","42.78","210.05","168.32","41.73","7.57","6.52","1.05","176.33","92.11","84.22","164.97","84.62","80.35","11.35","7.49","3.87","1445.92","393.95","1839.87"
"7","1991","6","Madhya Pradesh","Jabalpur","2649.96","1383.65","1266.31","1443.5","744.54","698.96","1206.46","639.12","567.35","474.47","241.68","232.78","404.69","205.07","199.62","69.78","36.61","33.16","339.91","176.73","163.18","180.46","93.0","87.47","159.45","83.74","75.71","1280.37","816.59","463.78","503.82","358.43","145.39","776.55","458.16","318.4","259.8","202.0","57.8","249.8","193.0","56.7","10.0","9.0","1.0","221.4","123.8","97.6","208.4","115.0","93.4","13.0","8.9","4.1","1755.36","481.2","2236.56"
"7","2001","6","Madhya Pradesh","Jabalpur","3231.16","1682.95","1548.21","1759.7","908.91","850.78","1471.46","774.03","697.43","568.41","288.81","279.6","484.82","-1.0","-1.0","-1.0","83.59","-1.0","396.12","205.12","191.0","212.42","-1.0","-1.0","183.7","-1.0","-1.0","1987.61","1192.19","795.43","902.73","579.81","322.91","1084.89","612.37","472.52","258.77","182.94","75.82","251.26","176.39","74.87","7.51","6.55","0.95","342.49","172.11","170.39","333.84","167.0","166.84","8.65","5.1","3.55","1987.86","601.26","2589.11"
"7","2011","6","Madhya Pradesh","Jabalpur","3755.33","1939.29","1816.04","2051.76","1052.22","999.53","1703.57","887.08","816.51","692.93","349.72","343.22","590.83","297.45","293.38","102.1","52.27","49.84","503.75","259.23","244.52","260.8","133.97","126.84","242.94","125.26","117.69","2547.24","1440.89","1106.35","1230.77","723.19","507.59","1316.46","717.7","598.76","219.69","164.45","55.25","209.34","155.84","53.49","10.36","8.6","1.75","507.54","278.31","229.23","485.56","263.68","221.88","21.98","14.63","7.35","2205.84","727.23","2933.07"
"8","1961","6","Madhya Pradesh","Balaghat","806.7","401.45","405.26","760.39","377.12","383.27","46.31","24.33","21.99","86.93","43.18","43.75","86.93","43.18","43.75","0.0","0.0","0.0","26.05","12.79","13.26","23.5","11.51","11.99","2.55","1.28","1.28","166.49","137.5","28.99","146.45","123.28","23.17","20.04","14.22","5.82","317.36","152.66","164.7","314.75","151.26","163.48","2.61","1.4","1.21","88.18","42.43","45.75","87.29","42.13","45.16","0.89","0.3","0.59","318.22","405.53","723.75"
"8","1971","6","Madhya Pradesh","Balaghat","980.16","488.9","491.26","912.2","453.57","458.64","67.96","35.33","32.63","109.99","54.99","55.0","109.99","54.99","55.0","-1.0","-1.0","-1.0","65.16","32.67","32.48","60.64","30.34","30.31","4.51","2.34","2.18","246.3","187.14","59.16","212.91","165.2","47.71","33.39","21.94","11.45","239.56","162.26","77.3","237.51","160.61","76.9","2.05","1.65","0.4","107.3","58.76","48.55","105.52","57.81","47.71","1.78","0.95","0.83","597.74","346.86","944.6"
"8","1981","6","Madhya Pradesh","Balaghat","1147.81","572.08","575.73","1048.01","520.03","527.98","99.8","52.06","47.74","250.55","123.37","127.18","242.26","119.17","123.1","8.28","4.2","4.08","82.35","40.67","41.69","73.12","35.91","37.21","9.24","4.75","4.48","389.05","270.5","118.55","332.19","234.91","97.28","56.86","35.59","21.27","278.69","170.99","107.69","275.78","168.9","106.88","2.91","2.1","0.81","128.54","68.03","60.51","126.07","66.81","59.27","2.46","1.22","1.24","630.35","407.23","1037.58"
"8","1991","6","Madhya Pradesh","Balaghat","1365.87","682.26","683.61","1236.08","615.26","620.83","129.79","67.0","62.78","298.67","147.81","150.86","286.22","141.45","144.77","12.44","6.36","6.08","113.11","55.89","57.22","101.29","49.98","51.32","11.81","5.91","5.9","596.25","377.27","218.98","513.49","328.71","184.79","82.75","48.56","34.19","310.1","190.2","119.9","306.8","187.9","118.9","3.3","2.3","1.0","161.6","84.5","77.1","157.6","82.2","75.4","4.0","2.3","1.7","778.48","471.7","1250.18"
"8","2001","6","Madhya Pradesh","Balaghat","1445.76","714.94","730.82","1251.86","616.6","635.26","193.91","98.34","95.57","326.54","159.29","167.26","297.91","-1.0","-1.0","-1.0","28.63","-1.0","116.07","56.95","59.12","96.74","-1.0","-1.0","19.33","-1.0","-1.0","844.44","487.45","356.99","704.49","409.84","294.66","139.95","77.61","62.34","287.75","154.89","132.86","280.73","150.81","129.92","7.02","4.08","2.94","282.49","119.06","163.43","274.46","115.48","158.99","8.03","3.58","4.44","692.18","570.24","1262.42"
"8","2011","6","Madhya Pradesh","Balaghat","1701.7","842.18","859.52","1456.88","719.79","737.09","244.82","122.38","122.43","383.03","186.98","196.05","346.46","169.22","177.25","36.57","17.76","18.8","125.43","61.58","63.85","99.61","48.76","50.85","25.82","12.82","13.0","1147.62","626.47","521.16","960.22","527.09","433.13","187.41","99.38","88.03","257.79","150.33","107.45","250.99","145.96","105.03","6.79","4.37","2.42","459.8","214.35","245.44","445.01","207.08","237.94","14.78","7.28","7.51","808.68","717.59","1526.27"
"9","1961","6","Madhya Pradesh","Chhindwara","785.54","396.67","388.86","687.15","344.73","342.42","98.39","51.95","46.44","261.3","127.97","133.33","256.76","125.44","131.32","4.54","2.53","2.01","71.74","36.54","35.2","62.38","31.59","30.79","9.36","4.94","4.41","127.92","102.81","25.11","89.97","76.02","13.95","37.95","26.79","11.16","257.49","133.38","124.11","251.7","130.07","121.63","5.79","3.32","2.48","76.01","33.17","42.84","72.47","31.82","40.66","3.54","1.35","2.19","360.45","333.5","693.95"
"9","1971","6","Madhya Pradesh","Chhindwara","990.34","502.56","487.78","833.58","419.2","414.38","156.77","83.36","73.4","348.03","171.53","176.49","335.22","165.04","170.18","12.81","6.49","6.32","103.51","53.24","50.28","85.09","43.2","41.89","18.42","10.03","8.39","217.02","159.72","57.3","144.16","111.95","32.21","72.86","47.77","25.09","181.31","146.38","34.93","177.07","142.9","34.17","4.24","3.48","0.76","115.77","49.61","66.17","110.4","46.98","63.42","5.37","2.62","2.75","680.92","297.08","978.0"
"9","1981","6","Madhya Pradesh","Chhindwara","1233.13","627.54","605.59","971.96","490.0","481.97","261.17","137.54","123.63","411.48","204.37","207.11","385.44","190.89","194.55","26.04","13.48","12.56","145.13","74.48","70.66","107.69","54.67","53.02","37.44","19.81","17.64","347.58","242.1","105.49","209.98","156.48","53.5","137.61","85.62","51.99","231.78","169.77","62.01","225.73","164.82","60.92","6.05","4.95","1.09","143.48","65.22","78.26","135.32","61.06","74.26","8.16","4.17","4.0","744.81","375.26","1120.07"
"9","1991","6","Madhya Pradesh","Chhindwara","1568.7","803.39","765.32","1206.35","613.31","593.04","362.35","190.07","172.28","540.71","270.69","270.02","507.92","253.83","254.09","32.79","16.85","15.93","191.42","99.17","92.25","137.31","70.73","66.59","54.11","28.44","25.67","564.25","365.2","199.05","346.69","235.89","110.81","217.56","129.31","88.24","293.5","213.7","79.8","284.2","206.4","77.8","9.3","7.3","2.0","152.2","74.3","77.9","141.5","68.5","73.0","10.8","5.8","4.9","981.47","445.7","1427.17"
"9","2001","6","Madhya Pradesh","Chhindwara","1848.88","946.58","902.3","1396.65","711.76","684.89","452.23","234.82","217.41","641.42","322.46","318.96","593.96","-1.0","-1.0","-1.0","47.47","-1.0","214.2","110.58","103.63","147.55","-1.0","-1.0","66.66","-1.0","-1.0","1027.52","611.57","415.94","704.46","428.94","275.52","323.06","182.64","140.42","305.56","195.48","110.08","296.69","188.51","108.18","8.87","6.97","1.9","274.44","120.09","154.36","258.73","111.73","147.0","15.71","8.36","7.35","1069.35","580.0","1649.36"
"9","2011","6","Madhya Pradesh","Chhindwara","2090.92","1064.47","1026.45","1585.74","806.2","779.54","505.18","258.27","246.91","769.78","385.79","383.99","713.57","357.72","355.85","56.21","28.06","28.15","232.24","118.47","113.78","158.11","80.98","77.13","74.13","37.48","36.65","1294.2","731.29","562.9","907.84","522.43","385.41","386.36","208.86","177.5","283.11","188.03","95.08","273.51","180.71","92.8","9.61","7.32","2.28","422.67","201.32","221.35","397.7","187.36","210.34","24.97","13.96","11.01","1132.94","705.78","1838.72"
"10","1961","6","Madhya Pradesh","Narsinghpur","412.41","211.24","201.17","363.41","185.32","178.09","49.0","25.92","23.08","50.5","25.22","25.28","48.59","24.17","24.42","1.91","1.04","0.87","32.62","16.73","15.89","29.72","15.15","14.57","2.91","1.58","1.33","88.86","68.75","20.12","66.58","53.58","13.0","22.29","15.17","7.12","95.78","59.99","35.79","94.39","58.94","35.45","1.39","1.05","0.34","44.65","22.74","21.91","44.18","22.47","21.72","0.46","0.27","0.19","221.45","140.42","361.87"
"10","1971","6","Madhya Pradesh","Narsinghpur","519.57","269.02","250.55","452.21","233.36","218.85","67.35","35.66","31.69","64.3","32.78","31.52","61.21","31.13","30.09","3.09","1.66","1.43","71.54","36.93","34.61","64.63","33.36","31.27","6.91","3.57","3.34","151.91","107.9","44.02","114.89","84.54","30.35","37.02","23.36","13.66","70.78","64.2","6.58","69.55","63.09","6.45","1.24","1.11","0.13","64.78","39.07","25.72","63.09","37.91","25.18","1.69","1.15","0.54","372.11","135.56","507.67"
"10","1981","6","Madhya Pradesh","Narsinghpur","650.45","336.98","313.46","562.32","290.55","271.77","88.13","46.43","41.7","83.78","42.19","41.59","80.08","40.21","39.87","3.69","1.98","1.71","101.64","52.79","48.85","90.91","47.19","43.71","10.74","5.6","5.14","216.13","149.29","66.83","162.48","116.74","45.74","53.64","32.45","21.09","93.26","82.31","10.94","91.47","80.68","10.79","1.79","1.63","0.16","93.66","53.17","40.5","92.42","52.26","40.15","1.25","0.91","0.34","412.89","186.92","599.81"
"10","1991","6","Madhya Pradesh","Narsinghpur","785.5","410.69","374.8","668.71","349.13","319.58","116.79","61.57","55.22","101.37","51.76","49.61","96.11","48.97","47.14","5.26","2.79","2.47","130.29","68.25","62.04","114.36","59.84","54.52","15.93","8.41","7.53","356.05","229.27","126.78","278.27","183.77","94.5","77.78","45.5","32.28","112.8","95.3","17.5","110.7","93.4","17.3","2.1","1.9","0.2","110.2","65.2","45.0","107.5","63.3","44.2","2.7","2.0","0.7","502.09","223.0","725.09"
"10","2001","6","Madhya Pradesh","Narsinghpur","957.4","501.41","455.99","804.3","421.08","383.21","153.1","80.32","72.78","126.14","64.51","61.63","118.36","-1.0","-1.0","-1.0","7.78","-1.0","154.55","81.0","73.55","132.53","-1.0","-1.0","22.02","-1.0","-1.0","632.37","367.21","265.17","519.48","303.68","215.8","112.9","63.53","49.37","136.8","104.18","32.62","134.21","101.82","32.39","2.59","2.36","0.24","173.01","92.64","80.37","170.71","91.28","79.42","2.3","1.35","0.95","553.94","309.81","863.75"
"10","2011","6","Madhya Pradesh","Narsinghpur","1091.85","568.81","523.04","888.31","462.7","425.62","203.54","106.11","97.43","145.88","74.13","71.75","135.06","68.58","66.48","10.82","5.55","5.27","184.16","96.08","88.08","153.79","80.33","73.46","30.37","15.75","14.62","718.79","413.49","305.29","562.09","327.73","234.35","156.7","85.76","70.94","113.87","91.93","21.94","110.22","88.59","21.63","3.65","3.33","0.31","257.87","149.04","108.82","250.13","144.04","106.09","7.74","5.0","2.73","614.04","371.74","985.78"
"11","1961","6","Madhya Pradesh","Seoni / Shivani","523.74","261.06","262.68","493.47","245.35","248.12","30.27","15.72","14.56","201.06","99.02","102.04","200.15","98.53","101.62","0.91","0.49","0.42","22.41","11.34","11.07","20.95","10.58","10.38","1.46","0.77","0.69","89.31","71.29","18.02","75.09","61.67","13.42","14.23","9.63","4.6","201.35","104.65","96.7","201.06","104.41","96.65","0.29","0.24","0.05","62.97","28.6","34.37","62.83","28.54","34.29","0.14","0.06","0.08","222.03","264.32","486.35"
"11","1971","6","Madhya Pradesh","Seoni / Shivani","670.9","337.09","333.81","627.33","314.38","312.95","43.57","22.71","20.86","250.58","124.54","126.04","249.18","123.78","125.41","1.4","0.76","0.64","45.29","23.18","22.12","43.19","22.06","21.12","2.11","1.11","0.99","142.95","107.21","35.75","119.06","92.26","26.8","23.9","14.95","8.95","158.55","114.79","43.77","158.11","114.4","43.72","0.44","0.39","0.05","89.71","44.17","45.54","88.9","43.74","45.17","0.8","0.44","0.37","418.04","248.26","666.3"
"11","1981","6","Madhya Pradesh","Seoni / Shivani","809.71","408.44","401.27","747.01","375.42","371.59","62.7","33.03","29.68","294.35","145.83","148.52","291.24","144.17","147.07","3.11","1.66","1.45","85.53","43.66","41.87","80.35","40.93","39.42","5.18","2.73","2.45","218.69","156.39","62.31","180.13","132.86","47.27","38.56","23.53","15.04","182.96","126.55","56.41","182.27","125.92","56.35","0.69","0.63","0.06","113.94","55.61","58.33","113.14","55.1","58.05","0.8","0.52","0.28","461.54","296.9","758.44"
"11","1991","6","Madhya Pradesh","Seoni / Shivani","1000.83","507.08","493.76","906.02","457.7","448.32","94.81","49.38","45.43","369.83","184.41","185.41","363.88","181.28","182.6","5.95","3.13","2.81","107.79","55.3","52.49","97.95","50.16","47.79","9.84","5.15","4.69","358.42","234.63","123.79","296.07","198.45","97.62","62.34","36.17","26.17","215.1","146.6","68.5","213.7","145.4","68.3","1.5","1.2","0.2","140.2","72.8","67.4","138.1","71.5","66.6","2.1","1.3","0.8","586.41","355.3","941.71"
"11","2001","6","Madhya Pradesh","Seoni / Shivani","1165.89","588.14","577.76","1045.2","525.75","519.45","120.7","62.39","58.31","429.1","212.82","216.28","419.81","-1.0","-1.0","-1.0","9.3","-1.0","120.66","61.69","58.97","107.03","-1.0","-1.0","13.63","-1.0","-1.0","640.75","380.13","260.63","549.76","329.78","219.98","91.0","50.35","40.65","235.98","139.19","96.79","234.48","138.16","96.32","1.49","1.03","0.47","237.35","101.75","135.6","235.9","101.05","134.86","1.45","0.7","0.75","596.83","473.33","1070.16"
"11","2011","6","Madhya Pradesh","Seoni / Shivani","1379.13","695.88","683.25","1215.24","612.31","602.93","163.89","83.57","80.33","519.86","258.12","261.74","505.73","251.24","254.49","14.13","6.88","7.24","130.8","66.83","63.97","112.44","57.46","54.97","18.36","9.37","8.99","864.19","485.34","378.85","734.37","416.11","318.26","129.83","69.24","60.59","173.67","113.75","59.92","171.53","112.08","59.45","2.14","1.67","0.47","376.4","183.36","193.05","372.52","181.2","191.32","3.88","2.15","1.73","694.7","550.07","1244.77"
"12","1961","6","Madhya Pradesh","Mandla","684.5","341.29","343.21","651.36","324.11","327.25","33.14","17.18","15.96","423.1","209.02","214.08","421.33","208.03","213.3","1.76","0.99","0.77","25.96","13.05","12.91","23.91","12.01","11.9","2.05","1.04","1.01","97.12","79.93","17.19","81.22","69.33","11.9","15.9","10.61","5.29","289.75","146.03","143.72","288.32","145.13","143.19","1.43","0.9","0.53","63.33","28.01","35.31","63.0","27.87","35.13","0.33","0.15","0.18","288.87","353.08","641.95"
"12","1971","6","Madhya Pradesh","Mandla","874.76","437.59","437.17","826.06","412.3","413.76","48.7","25.29","23.41","528.87","262.67","266.2","524.63","260.46","264.17","4.23","2.2","2.03","41.62","21.2","20.41","38.73","19.71","19.01","2.89","1.49","1.4","160.15","126.49","33.66","133.61","109.72","23.89","26.55","16.77","9.78","251.49","166.02","85.47","250.11","164.81","85.3","1.38","1.21","0.17","97.65","46.05","51.6","95.88","45.12","50.75","1.77","0.92","0.85","518.48","349.14","867.62"
"12","1981","6","Madhya Pradesh","Mandla","1037.39","517.87","519.53","964.22","479.89","484.33","73.18","37.98","35.2","626.16","308.93","317.23","617.46","304.24","313.22","8.7","4.68","4.01","53.74","27.42","26.32","47.77","24.34","23.43","5.98","3.08","2.89","237.72","179.73","57.99","195.15","153.55","41.6","42.57","26.18","16.39","343.75","206.11","137.64","341.37","204.21","137.15","2.39","1.9","0.49","116.54","49.94","66.6","113.96","48.46","65.51","2.58","1.48","1.1","521.44","460.29","981.73"
"12","1991","6","Madhya Pradesh","Mandla","1291.26","649.44","641.82","1192.21","598.12","594.1","99.05","51.33","47.72","785.59","390.58","395.01","773.41","384.17","389.24","12.18","6.41","5.77","67.5","34.76","32.74","59.34","30.54","28.8","8.16","4.22","3.94","385.96","271.43","114.54","322.15","233.9","88.26","63.81","37.53","26.28","391.3","237.1","154.1","388.4","234.9","153.6","2.8","2.3","0.6","145.7","64.3","81.4","141.9","62.2","79.6","3.9","2.1","1.8","690.6","537.0","1227.6"
"12","2001","6","Madhya Pradesh","Mandla","1473.22","737.06","736.16","1354.35","676.03","678.33","118.87","61.03","57.84","886.25","438.54","447.7","869.98","-1.0","-1.0","-1.0","16.27","-1.0","75.16","38.59","36.57","65.22","-1.0","-1.0","9.93","-1.0","-1.0","712.59","449.05","263.55","624.24","399.77","224.46","88.36","49.27","39.08","406.54","223.22","183.32","404.44","221.64","182.79","2.1","1.58","0.52","288.25","121.89","166.36","285.19","120.21","164.98","3.05","1.68","1.38","677.91","694.79","1372.7"
"12","2011","6","Madhya Pradesh","Mandla","1759.43","877.18","882.24","1596.93","794.54","802.38","162.51","82.64","79.87","1066.32","525.62","540.7","1038.86","512.0","526.86","27.46","13.62","13.84","88.21","45.02","43.19","74.02","37.83","36.19","14.19","7.18","7.01","983.67","570.79","412.89","858.57","503.28","355.28","125.11","67.51","57.61","299.01","174.09","124.93","294.96","171.15","123.82","4.05","2.94","1.11","509.87","235.76","274.12","501.3","230.98","270.31","8.58","4.78","3.79","809.86","808.88","1618.74"
"13","1961","6","Madhya Pradesh","Sagar","796.55","414.83","381.71","615.84","318.27","297.57","180.7","96.56","84.14","0.0","0.0","0.0","0.0","0.0","0.0","0.0","0.0","0.0","164.98","84.23","80.75","133.39","68.1","65.29","31.59","16.14","15.46","163.41","126.62","36.79","88.39","73.56","14.83","75.02","53.07","21.96","167.78","111.04","56.74","163.23","107.57","55.66","4.55","3.47","1.08","56.75","31.17","25.59","55.82","30.6","25.21","0.94","0.56","0.38","420.1","224.53","644.63"
"13","1971","6","Madhya Pradesh","Sagar","1062.13","560.76","501.37","801.82","420.91","380.91","260.31","139.85","120.46","-1.0","-1.0","-1.0","-1.0","-1.0","-1.0","-1.0","-1.0","-1.0","221.75","116.16","105.59","174.11","90.85","83.26","47.64","25.31","22.33","293.34","216.16","77.19","161.25","129.24","32.02","132.09","86.92","45.17","144.96","133.94","11.03","139.77","129.1","10.67","5.19","4.83","0.36","94.11","59.92","34.19","91.73","58.1","33.63","2.37","1.82","0.56","759.54","239.07","998.61"
"13","1981","6","Madhya Pradesh","Sagar","1323.13","699.57","623.56","954.53","502.55","451.97","368.61","197.02","171.59","114.86","59.2","55.66","110.93","57.1","53.83","3.92","2.1","1.83","275.77","145.49","130.27","204.71","108.06","96.64","71.06","37.43","33.63","453.27","321.63","131.64","242.65","188.56","54.1","210.62","133.07","77.55","165.27","149.73","15.54","157.94","142.92","15.02","7.33","6.8","0.53","83.97","56.26","27.71","81.14","54.11","27.03","2.83","2.15","0.68","863.4","249.24","1112.64"
"13","1991","6","Madhya Pradesh","Sagar","1647.74","876.08","771.66","1166.36","619.21","547.15","481.38","256.87","224.51","139.47","72.22","67.25","132.12","68.27","63.84","7.35","3.94","3.41","347.43","185.89","161.54","250.47","134.26","116.21","96.96","51.63","45.33","699.42","469.77","229.65","403.34","288.91","114.44","296.08","180.87","115.22","185.7","162.2","23.5","175.9","153.4","22.6","9.8","8.8","1.0","128.9","90.8","38.1","123.8","86.8","37.0","5.0","3.9","1.1","1079.09","314.6","1393.69"
"13","2001","6","Madhya Pradesh","Sagar","2021.78","1073.03","948.75","1430.42","760.97","669.45","591.36","312.06","279.3","196.47","101.16","95.31","186.26","-1.0","-1.0","-1.0","10.21","-1.0","415.37","222.37","193.01","295.13","-1.0","-1.0","120.25","-1.0","-1.0","1128.02","706.8","421.23","711.13","464.82","246.31","416.89","241.98","174.91","223.28","175.76","47.51","213.17","166.89","46.29","10.11","8.88","1.23","216.01","131.42","84.59","211.5","128.21","83.28","4.51","3.21","1.3","1182.02","439.29","1621.31"
"13","2011","6","Madhya Pradesh","Sagar","2378.46","1256.26","1122.2","1669.66","884.13","785.53","708.8","372.12","336.67","221.94","114.77","107.17","208.32","107.66","100.65","13.62","7.11","6.51","501.63","266.31","235.32","349.84","186.32","163.52","151.79","79.99","71.8","1545.72","908.61","637.11","1011.98","610.36","401.63","533.74","298.25","235.49","203.6","166.42","37.18","191.78","156.16","35.62","11.82","10.26","1.56","378.56","240.07","138.49","364.75","229.85","134.9","13.81","10.22","3.59","1372.42","582.16","1954.58"
"14","1961","6","Madhya Pradesh","Damoh","438.34","223.07","215.28","382.57","193.81","188.76","55.77","29.26","26.51","0.0","0.0","0.0","0.0","0.0","0.0","0.0","0.0","0.0","80.33","40.61","39.72","70.45","35.51","34.94","9.88","5.1","4.78","80.87","64.55","16.33","56.17","47.59","8.57","24.71","16.95","7.76","107.53","69.15","38.38","106.31","68.23","38.08","1.22","0.92","0.3","31.92","17.63","14.29","31.82","17.55","14.27","0.11","0.08","0.03","231.47","139.45","370.92"
"14","1971","6","Madhya Pradesh","Damoh","573.2","295.32","277.89","494.21","253.74","240.47","78.99","41.57","37.42","-1.0","-1.0","-1.0","-1.0","-1.0","-1.0","-1.0","-1.0","-1.0","117.7","60.28","57.42","103.99","53.13","50.86","13.71","7.15","6.56","133.44","101.43","32.01","92.82","75.32","17.51","40.62","26.11","14.5","88.39","80.91","7.49","86.8","79.47","7.33","1.59","1.44","0.15","61.31","36.74","24.57","60.46","36.06","24.4","0.85","0.68","0.17","401.55","149.7","551.25"
"14","1981","6","Madhya Pradesh","Damoh","721.45","374.68","346.77","617.43","319.77","297.66","104.03","54.92","49.11","86.35","43.61","42.75","85.22","43.01","42.21","1.13","0.6","0.53","148.04","77.25","70.79","128.97","67.12","61.85","19.07","10.13","8.94","216.36","159.06","57.3","155.71","121.19","34.53","60.65","37.88","22.77","97.68","89.93","7.75","96.1","88.45","7.65","1.58","1.48","0.1","58.29","37.94","20.36","57.81","37.53","20.28","0.49","0.41","0.08","470.3","155.97","626.27"
"14","1991","6","Madhya Pradesh","Damoh","898.13","471.38","426.74","735.2","385.41","349.79","162.92","85.97","76.95","111.11","56.94","54.17","108.49","55.56","52.93","2.63","1.38","1.24","180.35","95.67","84.68","148.1","78.47","69.63","32.26","17.2","15.05","331.16","227.95","103.22","233.32","168.26","65.06","97.84","59.69","38.15","116.3","104.8","11.5","113.0","101.7","11.3","3.3","3.1","0.2","83.8","55.2","28.6","82.0","53.8","28.2","1.8","1.4","0.4","576.52","200.1","776.62"
"14","2001","6","Madhya Pradesh","Damoh","1081.91","568.7","513.21","877.59","461.22","416.37","204.32","107.48","96.84","136.18","69.84","66.34","131.84","-1.0","-1.0","-1.0","4.33","-1.0","211.26","112.24","99.02","171.39","-1.0","-1.0","39.87","-1.0","-1.0","552.53","353.03","199.5","410.9","270.47","140.43","141.64","82.57","59.07","135.62","104.08","31.55","131.86","100.8","31.06","3.77","3.28","0.49","144.02","82.34","61.68","141.79","80.86","60.93","2.23","1.48","0.75","595.42","279.65","875.06"
"14","2011","6","Madhya Pradesh","Damoh","1264.22","661.87","602.35","1013.67","530.47","483.2","250.55","131.4","119.15","166.3","84.81","81.49","160.45","81.8","78.66","5.84","3.01","2.83","246.34","129.88","116.46","195.67","103.22","92.45","50.66","26.65","24.01","747.72","445.74","301.98","564.14","342.73","221.41","183.58","103.0","80.57","114.61","92.99","21.62","110.02","88.94","21.08","4.59","4.05","0.54","250.17","148.55","101.61","244.64","144.52","100.12","5.53","4.03","1.49","689.62","364.78","1054.4"
"15","1961","6","Madhya Pradesh","Tikamgarh","455.66","239.04","216.63","435.19","228.34","206.85","20.47","10.7","9.77","21.37","10.87","10.5","21.16","10.78","10.39","0.21","0.09","0.12","94.28","48.66","45.63","92.27","47.65","44.62","2.01","1.01","1.01","44.07","38.04","6.03","36.7","32.63","4.07","7.37","5.4","1.97","189.2","110.35","78.85","187.94","109.6","78.34","1.26","0.75","0.51","16.9","8.43","8.47","16.81","8.38","8.43","0.09","0.05","0.04","210.26","206.1","416.37"
"15","1971","6","Madhya Pradesh","Tikamgarh","568.88","302.46","266.41","540.96","287.76","253.21","27.91","14.71","13.21","23.59","12.25","11.34","23.5","12.2","11.29","0.09","0.05","0.04","116.18","61.67","54.51","114.01","60.51","53.5","2.17","1.17","1.01","79.25","65.06","14.19","66.92","56.74","10.17","12.34","8.32","4.02","138.69","125.58","13.11","137.87","124.82","13.05","0.82","0.76","0.06","37.13","18.64","18.5","36.8","18.4","18.4","0.33","0.24","0.1","386.27","175.82","562.09"
"15","1981","6","Madhya Pradesh","Tikamgarh","736.98","391.47","345.51","647.57","344.07","303.5","89.41","47.4","42.01","30.64","15.83","14.82","29.21","14.96","14.25","1.43","0.87","0.56","159.98","84.87","75.11","144.03","76.42","67.61","15.95","8.45","7.5","141.18","112.02","29.16","104.81","87.52","17.29","36.36","24.5","11.87","183.74","155.83","27.92","175.79","149.11","26.68","7.95","6.72","1.24","35.07","19.47","15.61","32.82","17.98","14.83","2.26","1.49","0.77","480.56","218.81","699.37"
"15","1991","6","Madhya Pradesh","Tikamgarh","940.83","502.82","438.01","781.82","418.54","363.28","159.01","84.28","74.73","38.85","20.09","18.76","35.93","18.58","17.35","2.92","1.52","1.41","214.06","115.33","98.73","183.08","98.74","84.34","30.98","16.59","14.39","259.67","190.8","68.87","189.38","145.43","43.95","70.28","45.37","24.91","242.6","187.6","54.9","225.1","174.0","51.1","17.4","13.6","3.8","38.6","22.5","16.1","33.2","19.1","14.1","5.3","3.4","1.9","610.68","281.2","891.88"
"15","2001","6","Madhya Pradesh","Tikamgarh","1203.16","637.84","565.32","990.79","526.04","464.74","212.38","111.8","100.58","51.96","26.69","25.27","46.88","-1.0","-1.0","-1.0","5.08","-1.0","292.17","155.75","136.42","247.94","-1.0","-1.0","44.23","-1.0","-1.0","546.95","359.05","187.9","424.94","285.05","139.89","122.0","73.99","48.01","366.45","217.99","148.46","343.47","203.58","139.89","22.98","14.41","8.57","95.41","37.81","57.6","87.35","34.57","52.77","8.06","3.24","4.83","636.98","461.86","1098.84"
"15","2011","6","Madhya Pradesh","Tikamgarh","1445.17","760.36","684.81","1195.29","629.48","565.82","249.87","130.88","119.0","67.86","34.92","32.93","61.54","31.65","29.89","6.32","3.28","3.04","361.6","190.67","170.94","308.06","162.47","145.59","53.54","28.19","25.35","747.94","459.35","288.59","586.99","366.75","220.24","160.95","92.6","68.35","305.86","200.71","105.15","286.37","187.18","99.19","19.49","13.53","5.96","223.85","110.18","113.68","210.44","103.17","107.27","13.42","7.01","6.41","789.85","529.71","1319.56"
"16","1961","6","Madhya Pradesh","Chhatarpur","587.37","310.65","276.72","531.05","280.56","250.5","56.32","30.09","26.23","17.23","8.66","8.57","17.0","8.54","8.46","0.23","0.12","0.11","129.74","66.46","63.27","123.06","63.18","59.88","6.67","3.28","3.39","65.93","56.27","9.66","47.07","42.22","4.86","18.86","14.05","4.81","185.2","119.49","65.72","182.52","117.64","64.88","2.69","1.85","0.84","37.66","19.91","17.76","37.08","19.56","17.52","0.58","0.35","0.23","286.28","222.87","509.14"
"16","1971","6","Madhya Pradesh","Chhatarpur","712.3","381.97","330.33","632.26","338.58","293.69","80.03","43.39","36.64","22.49","11.59","10.9","22.19","11.47","10.72","0.3","0.12","0.18","146.99","77.68","69.32","139.05","73.54","65.51","7.94","4.13","3.8","107.95","86.28","21.68","74.87","63.56","11.31","33.08","22.72","10.36","149.62","138.05","11.57","145.3","134.3","11.0","4.32","3.75","0.57","65.65","37.2","28.45","62.54","35.1","27.43","3.11","2.1","1.01","484.1","215.27","699.37"
"16","1981","6","Madhya Pradesh","Chhatarpur","886.66","475.66","411.0","748.58","401.19","347.39","138.08","74.47","63.61","26.51","13.8","12.71","26.11","13.59","12.51","0.41","0.21","0.2","203.05","107.83","95.22","180.78","96.01","84.77","22.27","11.82","10.45","180.1","138.03","42.07","117.75","96.67","21.08","62.36","41.36","20.99","178.78","159.2","19.59","171.62","152.85","18.77","7.16","6.34","0.82","62.95","38.77","24.17","58.0","35.38","22.61","4.95","3.39","1.56","577.39","241.73","819.12"
"16","1991","6","Madhya Pradesh","Chhatarpur","1158.08","623.88","534.2","934.55","503.85","430.71","223.52","120.03","103.49","43.48","22.7","20.78","41.62","21.71","19.91","1.87","0.99","0.87","274.44","147.99","126.45","234.66","126.63","108.03","39.78","21.36","18.42","322.76","233.5","89.26","208.21","160.8","47.41","114.55","72.7","41.85","237.1","197.5","39.6","223.2","185.8","37.4","13.9","11.7","2.2","81.5","49.0","32.6","71.4","42.2","29.2","10.1","6.7","3.3","760.25","318.6","1078.85"
"16","2001","6","Madhya Pradesh","Chhatarpur","1474.63","788.85","685.79","1150.35","615.75","534.6","324.28","173.09","151.19","51.59","26.88","24.71","48.56","-1.0","-1.0","-1.0","3.04","-1.0","342.99","183.68","159.31","285.91","-1.0","-1.0","57.09","-1.0","-1.0","635.94","419.62","216.32","436.18","299.69","136.48","199.77","119.93","79.84","325.85","219.26","106.59","306.86","205.3","101.57","18.98","13.96","5.02","121.01","55.49","65.52","111.16","50.05","61.11","9.85","5.44","4.41","882.16","446.85","1329.02"
"16","2011","6","Madhya Pradesh","Chhatarpur","1762.38","936.12","826.25","1363.36","725.27","638.09","399.02","210.85","188.17","73.6","38.08","35.52","68.93","35.62","33.31","4.67","2.46","2.21","405.31","215.26","190.06","334.18","177.72","156.46","71.14","37.54","33.6","943.03","572.01","371.02","671.56","416.94","254.62","271.48","155.07","116.4","302.23","204.4","97.83","285.99","191.94","94.04","16.24","12.45","3.79","238.36","121.69","116.67","223.6","112.5","111.09","14.77","9.19","5.58","1010.58","540.59","1551.17"
"17","1961","6","Madhya Pradesh","Panna","331.26","170.94","160.32","314.52","162.13","152.39","16.74","8.81","7.93","48.22","24.43","23.78","47.97","24.31","23.67","0.24","0.13","0.12","57.77","29.06","28.72","56.63","28.5","28.14","1.14","0.56","0.58","36.03","30.97","5.07","29.21","26.06","3.15","6.82","4.9","1.92","108.02","64.9","43.12","107.7","64.65","43.05","0.32","0.25","0.07","29.51","15.67","13.84","29.49","15.66","13.83","0.02","0.01","0.01","156.84","137.53","294.37"
"17","1971","6","Madhya Pradesh","Panna","428.12","222.62","205.51","397.71","206.46","191.25","30.41","16.15","14.26","58.13","29.39","28.74","56.95","28.79","28.17","1.18","0.61","0.57","73.23","37.5","35.73","70.97","36.36","34.62","2.26","1.15","1.11","63.47","51.69","11.78","50.42","42.89","7.54","13.05","8.81","4.24","86.99","76.34","10.65","86.03","75.46","10.57","0.96","0.88","0.08","47.29","26.03","21.27","46.73","25.65","21.08","0.56","0.38","0.19","287.14","134.28","421.42"
"17","1981","6","Madhya Pradesh","Panna","539.98","282.24","257.74","497.94","259.61","238.32","42.04","22.63","19.41","76.3","38.76","37.54","74.28","37.73","36.55","2.02","1.03","0.99","109.96","57.16","52.8","105.36","54.69","50.67","4.6","2.47","2.13","105.35","83.04","22.32","85.13","69.72","15.41","20.22","13.32","6.91","105.17","91.01","14.16","103.9","89.86","14.04","1.27","1.15","0.11","53.91","31.24","22.67","53.3","30.79","22.51","0.61","0.45","0.16","345.29","159.08","504.37"
"17","1991","6","Madhya Pradesh","Panna","687.95","362.73","325.22","598.38","314.8","283.58","89.57","47.93","41.64","102.52","52.63","49.89","98.09","50.32","47.77","4.43","2.31","2.12","140.37","74.4","65.98","125.49","66.45","59.05","14.88","7.95","6.93","183.56","133.94","49.62","138.25","105.25","33.0","45.31","28.69","16.63","134.7","114.1","20.6","129.8","109.6","20.1","4.9","4.4","0.5","65.5","39.4","26.1","61.6","36.7","24.8","4.0","2.7","1.3","445.06","200.2","645.26"
"17","2001","6","Madhya Pradesh","Panna","854.24","447.92","406.31","746.09","390.57","355.52","108.14","57.35","50.79","131.8","67.83","63.96","127.12","-1.0","-1.0","-1.0","4.68","-1.0","171.35","90.44","80.91","153.36","-1.0","-1.0","17.99","-1.0","-1.0","423.15","267.39","155.76","352.52","225.83","126.69","70.64","41.56","29.08","178.23","118.24","60.0","174.31","115.02","59.29","3.92","3.22","0.71","115.2","54.46","60.74","111.76","52.48","59.28","3.44","1.98","1.46","480.63","293.43","774.06"
"17","2011","6","Madhya Pradesh","Panna","1016.52","533.48","483.04","891.19","467.47","423.71","125.34","66.01","59.33","170.88","87.7","83.18","164.14","84.2","79.94","6.74","3.5","3.24","207.99","109.42","98.57","184.88","97.29","87.6","23.11","12.14","10.97","552.56","332.14","220.42","465.47","282.57","182.89","87.09","49.57","37.53","135.45","98.1","37.35","131.49","94.74","36.75","3.96","3.36","0.6","198.85","107.39","91.46","192.27","103.26","89.01","6.57","4.13","2.45","584.52","334.3","918.82"
"18","1961","6","Madhya Pradesh","Rewa","772.6","388.89","383.72","729.54","364.48","365.05","43.07","24.4","18.66","102.77","52.47","50.3","102.2","52.12","50.08","0.57","0.35","0.23","93.18","46.44","46.74","90.86","45.26","45.6","2.31","1.18","1.14","115.0","101.13","13.87","95.64","86.55","9.09","19.36","14.58","4.78","203.68","121.27","82.41","203.33","121.0","82.34","0.34","0.27","0.07","118.05","57.94","60.11","117.72","57.72","60.0","0.32","0.22","0.11","388.21","321.72","709.93"
"18","1971","6","Madhya Pradesh","Rewa","977.33","494.23","483.1","908.13","456.11","452.02","69.2","38.12","31.08","123.34","62.76","60.58","121.41","61.72","59.69","1.93","1.04","0.89","121.03","61.02","60.01","115.97","58.4","57.58","5.06","2.62","2.43","191.57","157.35","34.22","158.1","134.15","23.95","33.47","23.2","10.27","149.91","124.92","24.99","149.11","124.18","24.94","0.8","0.75","0.05","142.96","75.38","67.58","141.34","74.39","66.95","1.61","0.99","0.63","665.79","292.87","958.66"
"18","1981","6","Madhya Pradesh","Rewa","1207.58","613.23","594.36","1049.92","527.2","522.73","157.66","86.03","71.63","145.48","74.24","71.24","137.33","69.94","67.39","8.15","4.3","3.85","165.83","83.67","82.15","149.51","75.28","74.23","16.32","8.39","7.93","304.41","236.95","67.45","228.74","183.98","44.76","75.66","52.97","22.69","184.16","138.32","45.84","178.05","132.98","45.07","6.11","5.34","0.77","166.26","88.83","77.43","157.98","84.07","73.91","8.28","4.76","3.51","775.58","350.42","1126.0"
"18","1991","6","Madhya Pradesh","Rewa","1554.99","805.0","749.99","1318.17","677.54","640.63","236.82","127.46","109.36","193.11","101.01","92.09","178.73","93.37","85.36","14.37","7.64","6.73","229.92","119.55","110.37","202.68","105.33","97.35","27.23","14.21","13.02","543.81","385.02","158.79","418.71","304.02","114.68","125.1","80.99","44.11","215.8","157.2","58.6","206.6","149.7","56.9","9.2","7.6","1.7","194.0","107.1","86.8","181.9","100.0","81.8","12.1","7.1","5.0","1030.03","409.8","1439.83"
"18","2001","6","Madhya Pradesh","Rewa","1972.33","1017.4","954.93","1651.86","847.2","804.66","320.48","170.21","150.27","254.06","132.06","122.0","234.23","-1.0","-1.0","-1.0","19.84","-1.0","307.24","158.45","148.79","269.82","-1.0","-1.0","37.41","-1.0","-1.0","1000.01","627.82","372.19","792.27","503.26","289.01","207.75","124.56","83.19","374.79","208.7","166.09","362.21","200.41","161.8","12.58","8.29","4.29","301.4","146.34","155.06","288.74","139.98","148.77","12.66","6.37","6.29","1109.37","676.18","1785.56"
"18","2011","6","Madhya Pradesh","Rewa","2365.11","1225.1","1140.01","1969.32","1017.84","951.48","395.79","207.26","188.52","311.99","161.7","150.29","286.28","148.25","138.03","25.71","13.45","12.26","383.51","198.14","185.36","334.88","172.79","162.09","48.63","25.36","23.27","1441.76","845.57","596.19","1156.92","684.32","472.6","284.84","161.25","123.59","258.32","169.81","88.51","247.28","161.85","85.43","11.04","7.96","3.08","463.51","252.03","211.48","445.25","241.63","203.62","18.26","10.4","7.86","1373.16","721.83","2094.99"
"19","1961","6","Madhya Pradesh","Sidhi","580.13","293.51","286.62","575.11","290.58","284.53","5.02","2.93","2.09","195.68","97.94","97.74","195.3","97.75","97.55","0.37","0.19","0.19","55.45","28.0","27.45","55.26","27.9","27.36","0.19","0.1","0.1","45.09","41.8","3.29","42.94","40.01","2.93","2.15","1.79","0.36","200.4","114.67","85.74","200.19","114.54","85.66","0.21","0.13","0.08","81.51","39.97","41.54","81.39","39.91","41.48","0.12","0.06","0.06","266.16","281.91","548.07"
"19","1971","6","Madhya Pradesh","Sidhi","777.34","395.9","381.45","767.97","390.63","377.34","9.37","5.26","4.11","252.74","128.08","124.66","252.05","127.71","124.34","0.69","0.36","0.32","77.52","39.23","38.3","77.17","39.05","38.12","0.35","0.18","0.18","83.5","73.57","9.93","79.01","70.37","8.65","4.49","3.2","1.29","167.31","135.18","32.13","167.07","134.96","32.11","0.24","0.22","0.02","104.53","58.63","45.89","104.35","58.53","45.82","0.18","0.11","0.07","498.6","271.84","770.44"
"19","1981","6","Madhya Pradesh","Sidhi","990.47","507.73","482.74","970.81","496.42","474.4","19.65","11.31","8.34","309.68","157.11","152.58","307.92","156.14","151.79","1.76","0.97","0.79","107.22","54.46","52.76","105.97","53.82","52.14","1.25","0.64","0.62","148.21","125.07","23.15","137.77","117.55","20.23","10.44","7.52","2.92","234.35","173.45","60.9","234.02","173.14","60.88","0.34","0.31","0.03","110.5","60.22","50.28","109.97","59.85","50.12","0.53","0.37","0.16","594.07","344.85","938.92"
"19","1991","6","Madhya Pradesh","Sidhi","1373.43","714.67","658.76","1284.59","664.38","620.21","88.85","50.3","38.55","418.0","214.93","203.08","410.93","211.06","199.87","7.08","3.86","3.21","156.16","80.47","75.68","148.01","76.08","71.93","8.15","4.4","3.75","309.56","240.84","68.72","263.39","209.15","54.24","46.18","31.69","14.48","297.4","219.6","77.8","295.3","217.6","77.7","2.1","1.9","0.2","119.4","69.6","49.8","117.7","68.3","49.4","1.7","1.2","0.4","877.56","416.8","1294.36"
"19","2001","6","Madhya Pradesh","Sidhi","1830.55","947.28","883.28","1569.16","806.04","763.12","261.39","141.23","120.16","547.38","280.68","266.7","520.77","-1.0","-1.0","-1.0","26.6","-1.0","217.03","111.28","105.75","185.13","-1.0","-1.0","31.9","-1.0","-1.0","769.41","514.02","255.39","610.73","414.03","196.71","158.67","99.99","58.68","385.18","230.31","154.87","374.92","223.53","151.39","10.26","6.79","3.47","237.52","111.1","126.41","231.44","107.72","123.72","6.08","3.38","2.7","1072.96","622.69","1695.66"
"19","2011","6","Madhya Pradesh","Sidhi","2305.3","1189.55","1115.76","1985.4","1020.7","964.69","319.91","168.84","151.06","697.29","355.32","341.97","664.02","337.93","326.09","33.28","17.39","15.89","280.86","144.05","136.81","240.83","123.31","117.52","40.03","20.75","19.28","1185.84","712.95","472.89","974.82","589.67","385.16","211.02","123.29","87.73","250.37","162.6","87.77","240.74","155.37","85.36","9.65","7.23","2.42","490.5","254.98","235.52","477.76","247.53","230.23","12.75","7.44","5.3","1344.1","740.87","2084.97"
"20","1961","6","Madhya Pradesh","Satna","694.37","353.43","340.94","630.92","318.87","312.05","63.45","34.56","28.89","101.38","51.62","49.76","99.41","50.61","48.8","1.97","1.02","0.96","87.75","44.0","43.76","80.35","40.19","40.16","7.4","3.81","3.6","108.24","92.95","15.29","83.59","74.41","9.18","24.65","18.54","6.12","190.11","111.34","78.76","188.59","110.39","78.21","1.52","0.96","0.56","88.22","42.19","46.03","87.72","41.99","45.74","0.49","0.2","0.29","335.0","278.32","613.32"
"20","1971","6","Madhya Pradesh","Satna","911.83","467.6","444.23","818.34","416.11","402.23","93.49","51.49","42.0","127.01","63.9","63.11","123.99","62.29","61.7","3.02","1.6","1.42","115.63","58.35","57.28","105.39","53.02","52.37","10.25","5.33","4.92","188.57","150.78","37.79","146.22","121.59","24.63","42.35","29.19","13.16","147.03","121.09","25.94","145.59","119.71","25.88","1.44","1.38","0.06","127.51","65.8","61.71","125.75","64.8","60.95","1.76","1.0","0.76","608.24","274.54","882.78"
"20","1981","6","Madhya Pradesh","Satna","1153.39","595.75","557.63","966.65","494.98","471.67","186.74","100.77","85.97","157.64","80.77","76.87","149.65","76.62","73.02","7.99","4.14","3.85","189.19","96.78","92.4","163.22","83.34","79.88","25.97","13.44","12.53","309.55","235.6","73.95","220.1","175.23","44.88","89.45","60.37","29.08","179.28","137.82","41.46","174.13","133.44","40.69","5.15","4.38","0.77","140.77","74.4","66.37","134.38","70.81","63.58","6.38","3.6","2.79","715.34","320.05","1035.39"
"20","1991","6","Madhya Pradesh","Satna","1465.38","763.98","701.4","1176.22","609.76","566.46","289.16","154.23","134.94","202.41","104.69","97.72","188.76","97.49","91.27","13.65","7.2","6.45","261.51","136.08","125.43","214.45","111.38","103.07","47.05","24.69","22.36","519.85","365.41","154.44","367.46","268.27","99.18","152.4","97.14","55.26","223.0","167.3","55.7","211.9","158.5","53.4","11.1","8.8","2.3","154.0","84.7","69.3","143.3","78.4","64.9","10.7","6.3","4.4","938.38","377.0","1315.38"
"20","2001","6","Madhya Pradesh","Satna","1868.65","970.11","898.53","1483.06","765.32","717.74","385.59","204.8","180.79","268.1","137.56","130.54","248.29","-1.0","-1.0","-1.0","19.81","-1.0","304.22","157.03","147.19","252.94","-1.0","-1.0","51.28","-1.0","-1.0","996.44","618.46","377.98","741.44","467.29","274.15","255.0","151.17","103.83","254.51","167.38","87.13","244.56","160.21","84.35","9.95","7.17","2.78","237.17","117.24","119.93","229.94","113.56","116.38","7.24","3.69","3.55","1123.41","491.68","1615.09"
"20","2011","6","Madhya Pradesh","Satna","2228.94","1157.5","1071.44","1754.52","907.9","846.61","474.42","249.59","224.83","319.98","163.17","156.81","298.98","152.36","146.62","21.0","10.8","10.19","398.57","205.99","192.58","320.76","165.7","155.05","77.81","40.28","37.53","1371.78","801.05","570.73","1029.24","607.28","421.96","342.54","193.77","148.77","227.97","158.17","69.79","218.08","150.4","67.69","9.88","7.78","2.11","371.58","200.41","171.17","359.46","193.18","166.28","12.13","7.23","4.9","1317.59","599.55","1917.14"
"21","1961","6","Madhya Pradesh","Shahdol","829.65","424.04","405.61","771.89","392.62","379.27","57.76","31.42","26.34","426.79","214.48","212.31","416.97","209.58","207.39","9.82","4.9","4.92","46.93","23.83","23.1","43.46","21.96","21.5","3.47","1.87","1.6","85.42","73.86","11.56","66.04","59.29","6.75","19.39","14.57","4.81","302.94","171.4","131.54","300.49","169.78","130.71","2.45","1.62","0.83","77.42","37.92","39.5","77.02","37.64","39.38","0.4","0.28","0.12","374.24","380.35","754.6"
"21","1971","6","Madhya Pradesh","Shahdol","1029.14","525.86","503.28","916.68","464.49","452.19","112.47","61.37","51.1","496.69","250.24","246.45","476.34","239.81","236.53","20.36","10.44","9.92","62.64","31.95","30.69","55.29","27.98","27.31","7.35","3.97","3.38","150.77","122.69","28.08","106.65","91.79","14.85","44.12","30.89","13.23","208.47","179.64","28.83","204.59","176.27","28.33","3.88","3.37","0.5","115.45","63.3","52.14","112.85","61.65","51.2","2.6","1.66","0.94","692.01","323.92","1015.93"
"21","1981","6","Madhya Pradesh","Shahdol","1345.13","690.4","654.73","1105.51","561.42","544.09","239.62","128.98","110.64","638.22","321.01","317.21","597.96","300.17","297.79","40.26","20.84","19.42","95.18","48.79","46.39","73.74","37.56","36.18","21.44","11.22","10.21","262.12","204.65","57.47","160.48","134.73","25.75","101.65","69.92","31.72","259.19","209.86","49.33","249.4","201.26","48.14","9.79","8.6","1.19","146.38","71.54","74.84","138.64","66.87","71.77","7.74","4.67","3.07","820.23","405.57","1225.8"
"21","1991","6","Madhya Pradesh","Shahdol","1743.87","898.67","845.2","1375.67","701.59","674.09","368.2","197.09","171.11","807.76","408.58","399.19","746.49","376.79","369.7","61.27","31.79","29.48","134.3","69.36","64.93","99.09","50.75","48.34","35.2","18.61","16.59","483.43","348.8","134.63","297.59","228.99","68.6","185.84","119.81","66.03","348.0","264.4","83.6","335.9","253.6","82.3","12.1","10.8","1.3","166.4","81.8","84.6","156.8","75.7","81.1","9.5","6.1","3.5","1088.06","514.4","1602.46"
"21","2001","6","Madhya Pradesh","Shahdol","2088.6","1068.41","1020.19","1607.55","815.21","792.35","481.05","253.21","227.84","927.9","466.79","461.11","848.91","-1.0","-1.0","-1.0","78.99","-1.0","151.03","77.43","73.59","108.32","-1.0","-1.0","42.72","-1.0","-1.0","1008.5","625.49","383.01","691.59","437.4","254.19","316.91","188.09","128.82","355.79","232.0","123.8","347.34","225.21","122.13","8.45","6.79","1.66","318.23","137.89","180.34","308.74","132.63","176.11","9.5","5.26","4.23","1189.14","674.02","1863.16"
"21","2011","6","Madhya Pradesh","Shahdol","2460.06","1249.8","1210.24","1924.67","971.67","953.0","535.38","278.13","257.25","1135.24","566.92","568.33","1039.8","519.08","520.73","95.44","47.83","47.6","222.27","113.29","108.98","164.86","83.62","81.24","57.41","29.67","27.74","1397.46","813.79","583.68","1013.23","596.53","416.7","384.22","217.26","166.97","276.62","181.18","95.44","269.08","175.25","93.83","7.53","5.92","1.62","535.06","261.74","273.32","521.6","253.17","268.42","13.46","8.57","4.89","1330.85","811.68","2142.53"
"22","1961","6","Madhya Pradesh","Gwalior","657.88","353.81","304.06","333.43","178.65","154.78","324.45","175.17","149.28","13.53","6.88","6.66","12.73","6.45","6.27","0.81","0.42","0.39","124.78","66.14","58.64","75.09","39.82","35.27","49.69","26.33","23.37","183.34","137.99","45.35","47.7","43.39","4.31","135.64","94.6","41.04","110.58","81.89","28.69","106.6","78.62","27.98","3.99","3.27","0.71","16.4","9.5","6.9","15.18","8.59","6.59","1.22","0.92","0.31","414.33","126.98","541.31"
"22","1971","6","Madhya Pradesh","Gwalior","858.0","466.61","391.4","414.42","226.42","187.99","443.58","240.18","203.4","16.07","8.31","7.77","14.87","7.67","7.2","1.21","0.64","0.57","166.27","89.53","76.74","95.78","51.49","44.3","70.49","38.05","32.45","291.6","211.81","79.8","80.37","70.93","9.44","211.24","140.88","70.36","96.58","92.15","4.43","91.51","87.49","4.02","5.07","4.66","0.41","29.43","19.1","10.33","26.26","16.63","9.63","3.18","2.47","0.71","692.68","126.01","818.69"
"22","1981","6","Madhya Pradesh","Gwalior","1107.88","600.6","507.28","498.47","274.2","224.27","609.41","326.41","283.01","30.75","15.93","14.82","24.39","12.6","11.79","6.36","3.33","3.02","227.27","123.38","103.89","117.38","64.43","52.95","109.9","58.95","50.95","439.08","307.32","131.77","120.51","103.21","17.3","318.57","204.11","114.46","118.85","111.67","7.18","107.29","100.8","6.48","11.56","10.87","0.7","32.21","21.98","10.24","27.05","17.73","9.32","5.16","4.25","0.92","784.44","151.06","935.5"
"22","1991","6","Madhya Pradesh","Gwalior","1412.61","770.85","641.76","582.16","320.19","261.97","830.45","450.66","379.79","40.98","21.65","19.32","30.44","15.9","14.54","10.54","5.75","4.78","288.73","158.65","130.08","138.8","76.56","62.24","149.93","82.1","67.83","661.59","446.08","215.52","175.03","141.25","33.77","486.57","304.82","181.74","141.4","131.4","10.0","125.0","115.9","9.1","16.4","15.5","0.9","41.2","29.5","11.7","33.4","23.1","10.3","7.8","6.4","1.4","1009.02","182.6","1191.62"
"22","2001","6","Madhya Pradesh","Gwalior","1629.88","882.26","747.62","646.55","352.67","293.88","983.33","529.59","453.74","56.95","29.79","27.16","41.83","-1.0","-1.0","-1.0","15.12","-1.0","308.66","167.25","141.42","142.73","-1.0","-1.0","165.94","-1.0","-1.0","964.23","604.59","359.65","285.27","202.57","82.7","678.97","402.02","276.95","142.99","110.69","32.3","133.31","102.19","31.13","9.68","8.51","1.17","70.76","36.91","33.85","66.15","34.22","31.93","4.61","2.7","1.92","1099.25","213.75","1313.0"
"22","2011","6","Madhya Pradesh","Gwalior","2032.04","1090.33","941.71","758.24","409.35","348.9","1273.79","680.98","592.81","72.13","37.7","34.43","54.78","28.38","26.4","17.36","9.32","8.03","393.07","210.35","182.71","161.09","86.56","74.53","231.98","123.79","108.19","1357.21","803.11","554.1","419.36","267.02","152.34","937.85","536.1","401.75","130.59","107.72","22.87","116.84","95.56","21.28","13.74","12.15","1.59","120.35","75.79","44.56","106.76","65.48","41.28","13.59","10.31","3.28","1346.73","250.94","1597.67"
"23","1961","6","Madhya Pradesh","Shivpuri","557.95","295.54","262.41","519.07","274.72","244.35","38.88","20.83","18.06","54.65","28.24","26.41","54.43","28.14","26.29","0.22","0.1","0.12","97.59","50.5","47.09","92.14","47.6","44.53","5.45","2.9","2.56","64.52","56.25","8.28","49.86","45.67","4.19","14.66","10.58","4.08","221.55","131.92","89.63","220.05","130.93","89.11","1.5","0.99","0.52","20.26","11.04","9.22","20.15","10.96","9.19","0.11","0.08","0.03","265.76","241.81","507.57"
"23","1971","6","Madhya Pradesh","Shivpuri","676.34","362.97","313.37","605.09","323.89","281.19","71.25","39.08","32.18","57.03","29.19","27.84","56.22","28.76","27.47","0.81","0.44","0.37","115.49","61.21","54.28","104.63","55.44","49.19","10.86","5.77","5.09","114.07","96.05","18.02","83.21","74.21","9.0","30.86","21.84","9.03","145.14","134.81","10.33","142.84","132.73","10.11","2.3","2.09","0.22","35.09","16.84","18.25","34.13","16.34","17.79","0.96","0.5","0.46","473.86","180.23","654.09"
"23","1981","6","Madhya Pradesh","Shivpuri","865.93","466.88","399.05","754.78","406.75","348.04","111.15","60.13","51.02","86.47","44.28","42.2","83.33","42.65","40.68","3.14","1.63","1.52","166.22","89.52","76.7","148.83","80.25","68.58","17.39","9.27","8.12","177.58","145.16","32.41","124.4","109.07","15.33","53.17","36.09","17.08","205.84","184.92","20.91","201.59","181.2","20.39","4.24","3.72","0.52","37.94","20.98","16.97","36.56","20.02","16.54","1.39","0.96","0.43","573.57","243.78","817.35"
"23","1991","6","Madhya Pradesh","Shivpuri","1132.98","612.82","520.16","960.91","519.94","440.97","172.07","92.88","79.19","127.76","65.51","62.26","122.81","62.95","59.85","4.96","2.55","2.4","219.38","119.21","100.17","190.95","104.03","86.92","28.43","15.18","13.25","294.79","231.41","63.38","204.26","172.24","32.02","90.53","59.17","31.36","279.8","226.9","52.9","273.6","221.2","52.4","6.2","5.8","0.4","49.3","28.1","21.2","46.9","26.3","20.6","2.3","1.7","0.6","733.96","329.1","1063.06"
"23","2001","6","Madhya Pradesh","Shivpuri","1440.67","775.47","665.19","1200.99","647.6","553.4","239.67","127.88","111.8","161.39","82.96","78.43","154.75","-1.0","-1.0","-1.0","6.64","-1.0","270.86","146.13","124.73","234.02","-1.0","-1.0","36.85","-1.0","-1.0","693.23","471.58","221.64","539.6","378.65","160.95","153.63","92.93","60.69","425.28","259.19","166.09","418.62","254.24","164.38","6.66","4.95","1.71","115.79","52.17","63.62","112.79","50.71","62.07","3.01","1.46","1.55","788.4","541.07","1329.47"
"23","2011","6","Madhya Pradesh","Shivpuri","1726.05","919.8","806.26","1430.63","763.55","667.07","295.42","156.24","139.18","227.8","117.11","110.69","219.14","112.7","106.44","8.66","4.41","4.25","321.52","171.57","149.95","273.87","146.48","127.39","47.65","25.09","22.56","900.85","573.24","327.6","703.64","458.71","244.94","197.21","114.54","82.67","383.34","246.2","137.14","376.53","240.99","135.55","6.81","5.21","1.6","220.44","116.2","104.25","215.14","112.5","102.64","5.31","3.7","1.61","966.77","603.78","1570.55"
"24","1961","6","Madhya Pradesh","Guna","595.83","313.81","282.01","520.96","274.02","246.93","74.87","39.79","35.08","42.66","21.64","21.02","42.04","21.32","20.72","0.62","0.32","0.3","108.4","55.72","52.68","97.63","50.16","47.47","10.77","5.56","5.21","82.25","69.13","13.12","53.44","48.48","4.95","28.81","20.65","8.16","185.75","126.14","59.61","182.33","123.7","58.63","3.42","2.45","0.98","37.38","20.86","16.52","36.94","20.6","16.34","0.44","0.26","0.18","317.51","223.13","540.64"
"24","1971","6","Madhya Pradesh","Guna","783.54","416.41","367.13","683.35","362.81","320.54","100.19","53.6","46.59","56.43","28.73","27.7","55.79","28.38","27.42","0.64","0.35","0.29","143.63","75.95","67.68","129.33","68.39","60.94","14.3","7.56","6.74","136.91","111.32","25.59","92.08","80.94","11.14","44.83","30.38","14.45","166.25","151.47","14.79","163.15","148.6","14.56","3.1","2.87","0.23","55.47","32.35","23.11","54.56","31.7","22.85","0.91","0.65","0.26","549.12","221.72","770.84"
"24","1981","6","Madhya Pradesh","Guna","1001.99","532.35","469.64","860.39","457.12","403.26","141.6","75.22","66.38","109.86","56.81","53.05","107.97","55.8","52.18","1.89","1.02","0.87","182.4","96.79","85.61","161.2","85.6","75.6","21.2","11.19","10.01","216.35","172.84","43.5","145.94","126.07","19.87","70.4","46.77","23.63","202.92","189.55","13.37","199.17","185.98","13.19","3.75","3.57","0.18","63.02","39.57","23.45","61.91","38.72","23.2","1.11","0.85","0.25","674.22","265.94","940.16"
"24","1991","6","Madhya Pradesh","Guna","1310.32","698.75","611.57","1054.74","562.49","492.25","255.58","136.26","119.32","157.43","81.67","75.75","148.0","76.64","71.36","9.43","5.03","4.4","236.9","126.42","110.49","198.27","105.98","92.29","38.64","20.44","18.2","357.17","271.2","85.96","225.12","186.45","38.67","132.04","84.75","47.29","243.6","223.4","20.2","235.9","216.1","19.8","7.7","7.3","0.4","77.6","50.7","26.9","74.1","47.9","26.2","3.5","2.8","0.7","896.91","321.2","1218.11"
"24","2001","6","Madhya Pradesh","Guna","1665.5","883.43","782.07","1310.77","696.44","614.33","354.74","186.99","167.75","203.74","105.84","97.9","193.84","-1.0","-1.0","-1.0","9.91","-1.0","293.53","155.59","137.94","239.19","-1.0","-1.0","54.34","-1.0","-1.0","805.92","535.72","270.2","583.18","401.36","181.82","222.75","134.36","88.38","341.18","242.48","98.7","331.65","235.0","96.65","9.54","7.49","2.05","191.71","91.62","100.09","188.11","89.57","98.55","3.6","2.05","1.54","982.51","532.89","1515.41"
"24","2011","6","Madhya Pradesh","Guna","2086.59","1093.2","993.39","1620.23","849.54","770.7","466.36","243.67","222.7","272.89","140.66","132.24","259.31","133.57","125.74","13.58","7.08","6.5","368.88","192.87","176.02","292.81","153.34","139.46","76.08","39.51","36.55","1123.09","690.84","432.25","813.48","512.22","301.27","309.61","178.62","130.99","330.86","245.89","84.97","320.57","237.78","82.79","10.29","8.11","2.18","298.01","162.13","135.87","288.97","156.37","132.62","9.04","5.77","3.26","1256.42","628.87","1885.29"
"25","1961","6","Madhya Pradesh","Datia","200.47","105.64","94.83","171.04","90.26","80.77","29.43","15.38","14.05","2.48","1.31","1.18","2.48","1.31","1.18","0.0","0.0","0.0","36.99","19.01","17.98","34.58","17.77","16.8","2.42","1.24","1.18","29.84","25.79","4.05","20.12","18.44","1.68","9.72","7.35","2.37","71.13","43.66","27.47","69.82","42.72","27.1","1.31","0.94","0.37","2.07","1.7","0.36","2.05","1.7","0.35","0.02","0.01","0.01","103.0","73.2","176.2"
"25","1971","6","Madhya Pradesh","Datia","255.32","135.73","119.59","217.88","115.99","101.89","37.44","19.74","17.7","4.99","2.55","2.44","4.88","2.49","2.39","0.11","0.06","0.05","45.86","24.2","21.66","42.24","22.23","20.01","3.62","1.97","1.65","55.57","45.37","10.2","39.99","34.85","5.15","15.58","10.52","5.06","49.34","47.04","2.3","48.29","46.1","2.18","1.06","0.94","0.12","15.94","8.99","6.96","15.47","8.61","6.86","0.47","0.38","0.09","185.41","65.28","250.69"
"25","1981","6","Madhya Pradesh","Datia","311.89","168.31","143.59","250.9","135.79","115.12","60.99","32.52","28.47","4.28","2.26","2.02","3.82","2.02","1.8","0.46","0.24","0.22","76.73","41.49","35.23","67.67","36.61","31.07","9.05","4.89","4.17","86.39","68.78","17.6","59.12","50.72","8.4","27.27","18.07","9.2","60.53","56.12","4.4","57.79","53.79","4.01","2.73","2.34","0.4","12.28","8.06","4.22","11.48","7.44","4.05","0.79","0.62","0.17","216.97","72.81","289.78"
"25","1991","6","Madhya Pradesh","Datia","396.32","214.53","181.79","307.35","167.03","140.32","88.97","47.5","41.47","6.78","3.63","3.15","5.99","3.22","2.77","0.79","0.41","0.38","97.79","53.24","44.55","83.68","45.61","38.08","14.11","7.63","6.47","138.35","104.12","34.22","93.04","75.18","17.86","45.31","28.94","16.36","78.2","68.8","9.4","74.5","65.3","9.2","3.7","3.5","0.2","16.2","10.4","5.8","15.3","9.6","5.6","1.0","0.8","0.1","271.95","94.4","366.35"
"25","2001","6","Madhya Pradesh","Datia","627.82","337.84","289.98","490.27","264.3","225.97","137.55","73.54","64.0","9.98","5.22","4.75","8.28","-1.0","-1.0","-1.0","1.69","-1.0","156.73","84.79","71.94","131.78","-1.0","-1.0","24.96","-1.0","-1.0","382.99","232.96","150.03","291.47","178.41","113.06","91.52","54.55","36.97","196.73","116.4","80.32","190.28","111.59","78.68","6.45","4.81","1.64","50.54","22.85","27.69","48.53","21.74","26.79","2.01","1.11","0.9","311.8","247.27","559.06"
"25","2011","6","Madhya Pradesh","Datia","786.75","420.16","366.6","604.77","323.97","280.81","181.98","96.19","85.79","15.06","7.87","7.19","10.89","5.71","5.18","4.17","2.16","2.01","200.27","107.13","93.14","164.78","88.26","76.51","35.49","18.87","16.62","491.45","303.82","187.63","365.57","230.9","134.67","125.88","72.91","52.96","152.9","113.04","39.86","145.44","106.84","38.6","7.47","6.21","1.26","93.74","55.21","38.54","88.26","51.49","36.78","5.48","3.72","1.76","465.59","246.64","712.23"
"26","1961","6","Madhya Pradesh","Morena","783.35","426.06","357.29","716.22","388.9","327.32","67.13","37.16","29.97","39.97","20.5","19.48","39.84","20.44","19.4","0.14","0.06","0.08","164.42","87.41","77.0","153.43","81.48","71.96","10.98","5.94","5.05","116.62","101.07","15.55","89.7","81.02","8.68","26.92","20.05","6.86","273.11","197.62","75.49","269.1","195.08","74.03","4.01","2.54","1.47","15.1","9.37","5.73","14.98","9.28","5.7","0.12","0.09","0.03","434.28","288.21","722.49"
"26","1971","6","Madhya Pradesh","Morena","984.46","535.56","448.9","881.51","480.27","401.23","102.96","55.29","47.67","46.93","24.27","22.67","46.43","23.97","22.46","0.5","0.29","0.21","203.53","110.0","93.53","187.08","100.99","86.1","16.44","9.01","7.43","194.62","163.18","31.43","149.35","131.57","17.78","45.27","31.61","13.66","231.54","220.23","11.31","227.94","216.81","11.13","3.6","3.42","0.18","19.56","16.1","3.47","18.89","15.52","3.38","0.67","0.58","0.09","718.59","251.1","969.69"
"26","1981","6","Madhya Pradesh","Morena","1303.21","710.74","592.47","1124.96","613.19","511.78","178.25","97.56","80.69","68.57","35.19","33.38","67.23","34.44","32.79","1.34","0.74","0.6","262.18","143.98","118.2","230.22","126.24","103.98","31.96","17.74","14.23","333.68","273.92","59.75","249.88","216.08","33.8","83.8","57.85","25.96","285.82","270.34","15.48","279.24","263.96","15.28","6.58","6.38","0.2","25.69","19.99","5.7","24.14","18.61","5.53","1.55","1.37","0.17","923.06","311.51","1234.57"
"26","1991","6","Madhya Pradesh","Morena","1710.57","936.99","773.58","1359.63","744.76","614.87","350.94","192.23","158.71","95.22","49.37","45.84","92.91","48.11","44.8","2.3","1.26","1.04","340.24","187.71","152.53","270.1","148.9","121.2","70.14","38.81","31.33","554.38","429.31","125.08","383.34","312.68","70.66","171.04","116.62","54.42","354.5","316.4","38.1","333.9","296.8","37.1","20.7","19.6","1.0","43.5","32.6","10.9","38.5","28.0","10.5","5.0","4.7","0.4","1216.56","398.0","1614.56"
"26","2001","6","Madhya Pradesh","Morena","2146.98","1166.87","980.11","1715.2","933.34","781.86","431.78","233.53","198.25","133.45","68.81","64.64","127.16","-1.0","-1.0","-1.0","6.3","-1.0","426.15","233.12","193.03","343.23","-1.0","-1.0","82.93","-1.0","-1.0","1059.71","725.09","334.62","791.83","557.72","234.1","267.88","167.36","100.52","458.85","342.12","116.74","444.26","329.59","114.67","14.6","12.53","2.07","131.12","69.44","61.68","126.32","66.37","59.95","4.8","3.07","1.73","1327.1","589.97","1917.07"
"26","2011","6","Madhya Pradesh","Morena","2653.83","1430.2","1223.63","2076.02","1120.58","955.44","577.81","309.62","268.19","178.48","91.59","86.89","171.59","87.92","83.66","6.89","3.65","3.24","529.91","286.39","243.52","413.33","223.94","189.39","116.58","62.44","54.14","1507.72","955.85","551.85","1126.74","727.14","399.6","380.97","228.71","152.26","411.42","340.55","70.87","392.73","323.04","69.69","18.7","17.52","1.18","263.48","171.17","92.32","251.83","161.61","90.22","11.66","9.57","2.09","1700.39","674.9","2375.29"
"27","1961","6","Madhya Pradesh","Bhind","641.17","346.8","294.37","593.52","320.18","273.34","47.65","26.62","21.03","0.48","0.25","0.23","0.21","0.1","0.1","0.27","0.14","0.13","134.44","71.02","63.42","126.21","66.48","59.73","8.23","4.54","3.69","111.62","96.51","15.11","94.55","83.82","10.73","17.07","12.69","4.38","195.31","164.69","30.62","191.58","161.47","30.12","3.73","3.23","0.5","11.02","8.06","2.96","10.79","7.87","2.92","0.22","0.19","0.04","398.55","206.33","604.88"
"27","1971","6","Madhya Pradesh","Bhind","792.09","431.03","361.07","718.7","390.24","328.47","73.39","40.79","32.6","0.9","0.48","0.42","0.48","0.25","0.23","0.41","0.23","0.19","162.79","88.32","74.47","90.55","81.44","9.11","12.25","6.88","5.37","189.65","155.45","34.2","158.29","133.39","24.9","31.36","22.06","9.3","165.81","163.43","2.38","162.21","159.9","2.31","3.6","3.53","0.08","26.56","22.15","4.41","24.38","20.16","4.22","2.18","1.99","0.19","591.81","192.37","784.18"
"27","1981","6","Madhya Pradesh","Bhind","973.82","532.97","440.85","807.6","441.63","365.98","166.21","91.34","74.87","1.28","0.69","0.59","0.42","0.23","0.19","0.86","0.46","0.4","206.29","113.83","92.46","177.34","97.72","79.62","28.95","16.11","12.84","305.34","240.67","64.67","229.25","187.72","41.53","76.09","52.95","23.14","189.22","186.76","2.46","176.45","174.21","2.25","12.77","12.56","0.22","25.17","22.86","2.3","21.17","19.07","2.1","3.99","3.79","0.2","713.82","214.39","928.21"
"27","1991","6","Madhya Pradesh","Bhind","1219.0","671.35","547.65","967.86","533.89","433.97","251.14","137.46","113.69","3.29","1.81","1.48","1.42","0.8","0.62","1.87","1.01","0.86","260.11","144.85","115.25","214.58","119.58","95.01","45.52","25.28","20.25","476.19","354.39","121.81","349.9","269.5","80.4","126.29","84.89","41.4","213.9","209.6","4.3","197.2","193.3","3.9","16.7","16.3","0.4","40.6","35.5","5.1","34.0","29.3","4.8","6.6","6.2","0.4","897.54","254.5","1152.04"
"27","2001","6","Madhya Pradesh","Bhind","1426.95","780.12","646.83","1088.8","596.59","492.21","338.15","183.54","154.62","6.72","3.58","3.14","2.14","-1.0","-1.0","-1.0","4.58","-1.0","306.79","169.27","137.52","242.24","-1.0","-1.0","64.55","-1.0","-1.0","839.69","541.8","297.89","623.68","407.72","215.96","216.0","134.08","81.92","282.15","222.98","59.17","264.43","206.85","57.58","17.73","16.13","1.59","98.11","58.12","39.99","89.06","51.4","37.66","9.06","6.72","2.33","901.58","380.27","1281.85"
"27","2011","6","Madhya Pradesh","Bhind","1703.01","926.84","776.16","1270.08","694.76","575.33","432.92","232.09","200.84","6.13","3.28","2.85","1.43","0.76","0.67","4.71","2.53","2.18","374.8","204.21","170.59","284.5","155.67","128.83","90.3","48.54","41.76","1094.92","676.51","418.4","800.04","501.89","298.14","294.88","174.62","120.26","231.19","214.05","17.13","211.67","195.47","16.2","19.52","18.58","0.93","158.27","132.4","25.86","139.51","115.92","23.59","18.76","16.49","2.27","1182.24","389.46","1571.7"
"28","1961","6","Madhya Pradesh","Indore","753.59","400.47","353.12","301.51","155.87","145.64","452.08","244.6","207.49","0.46","0.26","0.2","0.3","0.17","0.13","0.16","0.09","0.07","102.65","52.95","49.71","56.35","28.58","27.77","46.3","24.36","21.94","288.12","202.46","85.66","59.19","51.25","7.95","228.92","151.21","77.71","77.57","45.08","32.49","75.82","43.93","31.89","1.75","1.15","0.6","40.05","19.79","20.25","39.51","19.49","20.02","0.54","0.3","0.23","477.59","117.61","595.2"
"28","1971","6","Madhya Pradesh","Indore","1036.33","550.84","485.5","381.73","198.3","183.43","654.61","352.54","302.07","0.88","0.5","0.39","0.29","0.17","0.12","0.6","0.32","0.27","146.56","76.93","69.63","71.01","36.99","34.02","75.55","39.94","35.61","459.65","307.11","152.54","89.2","74.59","14.62","370.44","232.52","137.92","59.45","52.78","6.67","57.99","51.57","6.42","1.46","1.22","0.24","48.82","29.01","19.81","47.17","27.96","19.2","1.65","1.04","0.61","763.49","108.27","871.76"
"28","1981","6","Madhya Pradesh","Indore","1409.47","742.46","667.01","480.05","248.78","231.26","929.43","493.68","435.75","66.82","35.07","31.75","52.9","27.3","25.61","13.91","7.77","6.15","220.37","114.89","105.48","90.78","46.92","43.86","129.59","67.97","61.62","690.66","445.99","244.67","130.27","105.46","24.81","560.39","340.53","219.86","87.12","69.08","18.04","81.99","64.91","17.09","5.12","4.17","0.95","74.48","40.02","34.46","70.44","37.59","32.85","4.04","2.43","1.6","957.38","161.6","1118.98"
"28","1991","6","Madhya Pradesh","Indore","1835.92","963.31","872.6","561.4","292.51","268.89","1274.52","670.81","603.71","100.91","52.82","48.09","67.88","35.15","32.74","33.03","17.67","15.36","305.77","159.37","146.4","111.27","57.79","53.48","194.5","101.57","92.92","1008.95","624.73","384.22","197.94","149.26","48.68","811.01","475.47","335.54","112.4","80.6","31.8","103.4","73.2","30.2","9.0","7.4","1.6","89.8","48.6","41.2","78.8","42.3","36.6","11.0","6.4","4.6","1228.45","202.2","1430.65"
"28","2001","6","Madhya Pradesh","Indore","2585.32","1352.85","1232.47","735.01","379.43","355.58","1850.31","973.42","876.89","163.87","85.44","78.43","110.92","-1.0","-1.0","-1.0","52.95","-1.0","388.46","200.34","188.12","141.26","-1.0","-1.0","247.2","-1.0","-1.0","1660.1","983.69","676.41","353.23","235.14","118.09","1306.87","748.55","558.32","149.05","90.7","58.35","139.46","83.16","56.3","9.59","7.54","2.05","133.1","64.5","68.61","123.92","59.8","64.12","9.18","4.7","4.48","1691.65","282.15","1973.8"
"28","2011","6","Madhya Pradesh","Indore","3276.7","1699.63","1577.07","848.99","436.76","412.23","2427.71","1262.87","1164.84","217.68","112.69","104.99","134.7","69.23","65.48","82.98","43.46","39.52","545.24","280.18","265.06","164.47","83.9","80.57","380.77","196.28","184.49","2309.13","1289.63","1019.5","499.14","299.9","199.24","1809.99","989.73","820.26","150.91","101.12","49.79","135.5","89.66","45.84","15.41","11.46","3.95","185.53","96.82","88.7","164.27","84.11","80.16","21.26","12.72","8.55","2008.5","336.44","2344.94"
"29","1961","6","Madhya Pradesh","Ratlam","483.52","249.05","234.47","345.11","176.21","168.89","138.42","72.83","65.58","58.11","29.31","28.8","57.96","29.24","28.72","0.15","0.07","0.08","65.22","33.3","31.92","52.85","26.81","26.03","12.38","6.48","5.89","103.43","79.35","24.08","43.59","38.38","5.21","59.84","40.97","18.87","149.74","82.16","67.58","145.9","79.84","66.06","3.84","2.31","1.53","23.23","10.82","12.41","22.23","10.45","11.78","0.99","0.37","0.63","250.34","172.97","423.31"
"29","1971","6","Madhya Pradesh","Ratlam","625.12","322.19","302.93","444.49","227.69","216.8","180.63","94.5","86.12","79.37","40.0","39.37","77.87","39.19","38.69","1.49","0.81","0.68","79.37","40.21","39.17","65.26","32.84","32.42","14.11","7.36","6.75","160.2","116.96","43.25","68.77","58.65","10.12","91.43","58.31","33.13","111.97","94.46","17.5","108.84","91.75","17.1","3.12","2.72","0.41","39.8","19.74","20.06","37.56","18.46","19.09","2.24","1.28","0.96","456.28","151.77","608.05"
"29","1981","6","Madhya Pradesh","Ratlam","782.73","401.88","380.85","542.24","277.18","265.06","240.49","124.71","115.79","168.2","85.09","83.12","162.47","81.95","80.52","5.74","3.14","2.6","109.69","56.21","53.48","85.13","43.51","41.63","24.56","12.71","11.85","230.93","163.94","66.99","97.05","81.41","15.64","133.88","82.53","51.35","152.66","116.68","35.98","147.39","112.39","35.0","5.27","4.29","0.98","51.13","25.6","25.53","47.54","23.65","23.9","3.59","1.96","1.64","495.03","203.79","698.82"
"29","1991","6","Madhya Pradesh","Ratlam","971.89","498.8","473.09","662.15","338.47","323.68","309.74","160.33","149.41","226.16","114.7","111.46","216.67","109.58","107.09","9.49","5.11","4.38","133.38","68.71","64.67","100.56","51.67","48.89","32.82","17.04","15.78","347.81","236.29","111.52","161.88","125.81","36.07","185.94","110.49","75.45","212.1","141.3","70.8","204.2","135.6","68.5","8.0","5.7","2.2","70.0","33.9","36.0","64.8","31.4","33.4","5.1","2.5","2.6","585.97","282.1","868.07"
"29","2001","6","Madhya Pradesh","Ratlam","1214.54","620.12","594.42","847.14","431.02","416.12","367.4","189.1","178.3","314.7","159.38","155.33","301.01","-1.0","-1.0","-1.0","13.7","-1.0","163.0","83.2","79.8","125.08","-1.0","-1.0","37.92","-1.0","-1.0","677.4","409.59","267.81","418.24","263.21","155.02","259.16","146.38","112.78","254.68","153.97","100.71","245.49","147.94","97.55","9.18","6.02","3.16","154.55","61.49","93.06","149.18","59.21","89.97","5.37","2.28","3.09","666.69","409.22","1075.91"
"29","2011","6","Madhya Pradesh","Ratlam","1455.07","738.24","716.83","1020.04","516.47","503.57","435.03","221.77","213.26","409.87","206.29","203.58","387.74","194.87","192.87","22.12","11.42","10.7","198.61","100.63","97.98","151.83","76.93","74.9","46.78","23.7","23.08","825.88","485.09","340.79","507.1","311.05","196.05","318.78","174.04","144.74","218.69","134.78","83.92","209.1","128.37","80.72","9.6","6.4","3.19","305.95","143.77","162.18","292.8","136.97","155.83","13.15","6.8","6.35","764.09","524.64","1288.73"
"30","1961","6","Madhya Pradesh","Ujjain","661.72","344.52","317.21","447.02","229.59","217.43","214.7","114.93","99.78","0.13","0.07","0.06","0.01","0.01","0.0","0.12","0.07","0.06","155.44","78.51","76.94","131.07","65.98","65.09","24.38","12.53","11.85","155.1","119.82","35.28","60.34","54.66","5.67","94.77","65.16","29.61","170.99","93.89","77.11","166.06","90.59","75.47","4.94","3.3","1.63","59.1","27.98","31.13","58.16","27.5","30.66","0.95","0.48","0.47","339.67","230.1","569.76"
"30","1971","6","Madhya Pradesh","Ujjain","862.78","448.89","413.88","555.29","286.87","268.42","307.49","162.02","145.47","1.24","0.63","0.61","0.46","0.23","0.23","0.78","0.4","0.38","200.76","103.01","97.75","161.88","82.74","79.14","38.88","20.28","18.6","246.42","180.48","65.95","93.36","82.01","11.35","153.07","98.47","54.6","117.2","104.76","12.43","112.57","100.59","11.98","4.63","4.17","0.45","68.69","38.68","30.01","64.71","36.17","28.55","3.97","2.51","1.46","639.26","185.89","825.15"
"30","1981","6","Madhya Pradesh","Ujjain","1117.0","579.85","537.15","698.33","359.75","338.58","418.67","220.1","198.57","21.6","11.14","10.46","17.46","8.92","8.54","4.14","2.22","1.92","269.13","138.5","130.63","207.77","106.25","101.52","61.36","32.25","29.12","369.5","263.58","105.92","139.87","120.45","19.42","229.63","143.13","86.5","162.7","129.79","32.91","156.43","124.66","31.77","6.27","5.13","1.14","92.13","48.9","43.23","87.27","45.95","41.32","4.86","2.95","1.91","721.27","254.83","976.1"
"30","1991","6","Madhya Pradesh","Ujjain","1383.09","717.02","666.07","836.4","431.96","404.44","546.68","285.05","261.63","29.16","15.22","13.94","21.74","11.21","10.54","7.42","4.02","3.4","339.62","175.93","163.69","253.04","130.67","122.37","86.57","45.26","41.32","558.02","379.6","178.42","227.37","182.29","45.08","330.65","197.31","133.34","204.8","150.5","54.2","195.7","143.8","52.0","9.0","6.8","2.3","119.7","63.6","56.1","112.8","59.3","53.5","6.9","4.3","2.6","880.88","324.5","1205.38"
"30","2001","6","Madhya Pradesh","Ujjain","1709.89","881.51","828.38","1047.56","537.54","510.02","662.33","343.97","318.36","53.23","27.73","25.51","39.47","-1.0","-1.0","-1.0","13.76","-1.0","422.88","217.35","205.53","314.62","-1.0","-1.0","108.27","-1.0","-1.0","1020.31","618.14","402.17","553.14","351.61","201.53","467.17","266.53","200.64","320.46","186.05","134.42","309.09","178.35","130.73","11.38","7.69","3.68","190.79","85.35","105.44","183.56","82.0","101.57","7.22","3.35","3.88","954.6","511.25","1465.84"
"30","2011","6","Madhya Pradesh","Ujjain","1986.86","1016.29","970.58","1207.65","616.35","591.3","779.21","399.94","379.28","48.73","24.93","23.81","33.66","17.23","16.42","15.07","7.69","7.38","523.87","267.24","256.63","375.71","191.52","184.19","148.16","75.72","72.45","1240.99","730.82","510.17","671.38","416.99","254.39","569.61","313.83","255.78","289.01","180.05","108.97","276.58","170.97","105.61","12.44","9.08","3.36","302.0","149.02","152.98","285.59","139.84","145.74","16.42","9.18","7.24","1089.42","591.01","1680.43"
"31","1961","6","Madhya Pradesh","Mandsaur","752.09","390.73","361.35","592.55","305.89","286.66","159.53","84.84","74.69","0.53","0.27","0.26","0.52","0.27","0.26","0.01","0.01","0.0","113.91","58.42","55.49","99.22","50.71","48.5","14.69","7.7","6.99","168.8","139.31","29.49","100.83","90.43","10.4","67.97","48.88","19.09","271.63","146.11","125.52","261.03","140.54","120.49","10.6","5.57","5.03","34.17","15.89","18.28","32.63","15.31","17.33","1.54","0.58","0.96","357.47","305.8","663.27"
"31","1971","6","Madhya Pradesh","Mandsaur","961.53","499.07","462.46","766.96","396.87","370.09","194.56","102.2","92.37","0.34","0.18","0.16","0.3","0.16","0.14","0.04","0.02","0.02","140.83","74.12","66.72","121.54","63.97","57.57","19.29","10.15","9.15","265.68","210.91","54.78","168.25","145.56","22.68","97.43","65.35","32.08","234.95","173.19","61.75","228.22","167.51","60.71","6.73","5.69","1.04","57.04","28.06","28.98","52.75","25.86","26.88","4.29","2.19","2.1","652.88","291.99","944.87"
"31","1981","6","Madhya Pradesh","Mandsaur","1263.4","651.01","612.39","1007.47","517.48","489.99","255.93","133.53","122.4","65.65","34.3","31.34","61.85","32.26","29.59","3.8","2.04","1.75","196.99","101.57","95.41","170.56","87.74","82.82","26.43","13.83","12.6","394.99","302.74","92.25","255.38","212.79","42.58","139.62","89.95","49.67","312.39","211.51","100.88","303.09","204.96","98.13","9.3","6.55","2.75","86.14","43.09","43.05","79.72","39.69","40.03","6.42","3.4","3.02","757.11","398.53","1155.64"
"31","1991","6","Madhya Pradesh","Mandsaur","1555.21","799.48","755.73","1195.94","613.13","582.81","359.27","186.35","172.92","74.63","38.73","35.89","68.07","35.29","32.78","6.56","3.45","3.11","246.63","126.87","119.76","207.52","106.64","100.88","39.11","20.23","18.88","619.53","444.45","175.08","408.08","313.73","94.36","211.45","130.72","80.73","385.6","242.3","143.3","367.3","230.5","136.7","18.4","11.7","6.6","126.9","61.9","65.0","116.2","56.7","59.5","10.7","5.3","5.4","903.25","512.5","1415.75"
"31","2001","6","Madhya Pradesh","Mandsaur","1908.83","976.91","931.91","1485.94","758.21","727.73","422.89","218.7","204.19","99.32","51.26","48.06","88.81","-1.0","-1.0","-1.0","10.51","-1.0","303.35","155.17","148.18","256.99","-1.0","-1.0","46.36","-1.0","-1.0","1105.38","693.07","412.31","813.19","523.23","289.96","292.19","169.84","122.35","470.35","264.37","205.98","449.99","252.72","197.27","20.36","11.65","8.71","249.27","108.15","141.12","234.71","102.09","132.62","14.56","6.05","8.5","990.24","719.62","1709.86"
"31","2011","6","Madhya Pradesh","Mandsaur","2166.48","1105.5","1060.97","1643.65","836.0","807.64","522.83","269.5","253.33","104.53","53.76","50.77","91.54","46.96","44.58","12.99","6.79","6.2","360.18","183.22","176.96","297.37","151.29","146.08","62.82","31.93","30.89","1343.42","810.79","532.64","960.38","595.33","365.06","383.05","215.46","167.59","457.07","265.41","191.66","434.76","251.63","183.13","22.31","13.79","8.53","402.68","183.76","218.92","377.13","171.78","205.36","25.55","11.98","13.56","1068.08","859.75","1927.83"
"32","1961","6","Madhya Pradesh","Dewas","446.9","230.76","216.14","379.52","195.43","184.09","67.38","35.33","32.05","34.75","17.64","17.11","33.83","17.18","16.65","0.92","0.46","0.46","81.17","41.38","39.79","73.9","37.63","36.28","7.27","3.75","3.52","77.4","65.1","12.3","51.81","46.83","4.98","25.6","18.27","7.33","132.87","71.75","61.12","128.85","69.25","59.61","4.01","2.5","1.51","49.31","23.5","25.81","48.35","22.99","25.36","0.96","0.51","0.45","214.41","182.17","396.58"
"32","1971","6","Madhya Pradesh","Dewas","593.8","307.4","286.4","498.92","257.7","241.23","94.88","49.7","45.18","41.67","21.31","20.36","40.58","20.76","19.82","1.1","0.56","0.54","104.44","54.14","50.29","93.24","48.27","44.97","11.2","5.87","5.33","127.96","103.09","24.87","84.55","74.18","10.37","43.41","28.91","14.5","96.0","84.63","11.37","92.91","81.83","11.08","3.09","2.8","0.29","67.77","36.67","31.1","64.8","35.19","29.61","2.97","1.48","1.49","415.95","163.77","579.72"
"32","1981","6","Madhya Pradesh","Dewas","795.31","412.3","383.01","646.54","333.89","312.65","148.77","78.41","70.36","109.99","56.18","53.82","105.02","53.56","51.46","4.97","2.62","2.36","144.55","74.58","69.97","126.54","65.18","61.36","18.02","9.4","8.62","211.63","163.06","48.57","136.34","114.19","22.15","75.29","48.87","26.42","136.76","106.42","30.34","132.14","102.52","29.62","4.62","3.91","0.71","87.77","48.07","39.7","82.26","45.13","37.12","5.51","2.93","2.58","500.12","224.53","724.65"
"32","1991","6","Madhya Pradesh","Dewas","1033.81","537.43","496.38","766.15","396.45","369.7","267.66","140.98","126.68","155.49","79.23","76.26","141.75","72.08","69.67","13.75","7.16","6.59","187.68","97.7","89.99","149.79","77.83","71.96","37.89","19.87","18.03","364.91","263.42","101.49","219.07","171.35","47.72","145.84","92.08","53.77","164.9","121.0","43.9","156.2","113.7","42.5","8.7","7.3","1.4","120.6","65.0","55.6","108.8","57.8","51.0","11.8","7.2","4.6","654.75","285.5","940.25"
"32","2001","6","Madhya Pradesh","Dewas","1306.62","676.41","630.2","949.26","490.22","459.04","357.36","186.2","171.17","215.15","110.06","105.09","194.16","-1.0","-1.0","-1.0","20.99","-1.0","238.93","123.92","115.02","184.41","-1.0","-1.0","54.53","-1.0","-1.0","658.0","424.63","233.37","423.51","286.97","136.54","234.49","137.66","96.83","241.72","142.63","99.08","231.72","135.16","96.56","10.0","7.48","2.52","204.56","93.24","111.32","189.43","85.71","103.71","15.13","7.53","7.61","726.2","446.27","1172.47"
"32","2011","6","Madhya Pradesh","Dewas","1563.72","805.36","758.36","1111.96","571.72","540.24","451.76","233.64","218.12","272.7","139.17","133.53","247.06","126.06","121.0","25.64","13.11","12.53","292.01","150.26","141.75","214.41","110.25","104.16","77.6","40.01","37.59","925.37","550.72","374.65","604.29","369.96","234.34","321.08","180.76","140.32","260.22","160.1","100.12","249.08","151.13","97.95","11.14","8.97","2.17","310.61","151.99","158.62","286.41","138.92","147.5","24.19","13.07","11.12","821.04","570.83","1391.87"
"33","1961","6","Madhya Pradesh","Dhar","643.77","328.18","315.6","577.29","293.19","284.09","66.49","34.99","31.5","328.87","166.43","162.43","323.21","163.41","159.79","5.66","3.02","2.64","47.55","23.83","23.73","43.56","21.69","21.87","3.99","2.14","1.86","86.61","70.23","16.38","60.83","52.12","8.71","25.78","18.11","7.67","232.89","122.93","109.96","228.94","120.5","108.44","3.95","2.43","1.53","63.69","30.59","33.1","62.2","29.89","32.32","1.49","0.7","0.79","298.36","296.58","594.93"
"33","1971","6","Madhya Pradesh","Dhar","841.5","428.98","412.52","755.87","384.15","371.72","85.62","44.83","40.8","449.7","226.89","222.81","441.99","222.84","219.16","7.71","4.06","3.65","60.52","30.66","29.86","55.06","27.85","27.21","5.46","2.8","2.66","141.06","109.14","31.92","101.58","83.05","18.53","39.48","26.09","13.38","162.37","141.12","21.25","159.43","138.42","21.01","2.94","2.7","0.24","74.29","39.85","34.45","71.71","38.4","33.31","2.59","1.45","1.14","592.55","236.66","829.21"
"33","1981","6","Madhya Pradesh","Dhar","1057.47","537.78","519.69","924.49","468.35","456.14","132.98","69.44","63.55","550.54","277.1","273.44","534.83","268.69","266.14","15.71","8.4","7.31","73.59","37.56","36.03","64.39","32.74","31.65","9.19","4.82","4.38","214.23","160.85","53.38","149.07","118.74","30.33","65.16","42.11","23.05","273.59","179.93","93.67","268.6","175.84","92.76","5.0","4.09","0.9","107.68","53.58","54.1","100.8","49.94","50.86","6.88","3.64","3.24","616.79","381.27","998.06"
"33","1991","6","Madhya Pradesh","Dhar","1367.41","700.95","666.46","1187.7","605.98","581.73","179.71","94.98","84.73","731.27","369.82","361.45","706.08","356.31","349.77","25.19","13.51","11.69","94.9","48.91","45.99","81.4","41.88","39.52","13.49","7.03","6.47","376.63","266.85","109.78","276.55","204.52","72.03","100.08","62.33","37.75","334.5","215.1","119.5","328.8","210.5","118.3","5.8","4.6","1.2","136.3","67.9","68.4","127.7","63.4","64.2","8.6","4.5","4.1","802.56","470.8","1273.36"
"33","2001","6","Madhya Pradesh","Dhar","1740.58","890.85","849.72","1452.34","737.16","715.18","288.24","153.69","134.54","948.43","478.76","469.68","898.01","-1.0","-1.0","-1.0","50.42","-1.0","112.98","57.84","55.14","89.92","-1.0","-1.0","23.05","-1.0","-1.0","741.18","475.6","265.58","558.85","365.65","193.2","182.33","109.95","72.38","423.04","237.79","185.25","414.72","231.59","183.14","8.32","6.2","2.12","240.56","105.81","134.76","229.59","100.24","129.35","10.97","5.57","5.4","929.16","663.6","1592.76"
"33","2011","6","Madhya Pradesh","Dhar","2185.79","1112.73","1073.07","1772.57","895.11","877.46","413.22","217.61","195.61","1222.81","614.62","608.2","1142.26","573.75","568.52","80.55","40.87","39.68","145.44","74.29","71.15","109.48","55.52","53.96","35.96","18.77","17.18","1077.34","638.48","438.86","796.47","477.83","318.64","280.87","160.65","120.22","385.52","232.41","153.11","377.06","225.91","151.15","8.47","6.5","1.96","437.44","204.86","232.58","418.66","194.71","223.95","18.78","10.14","8.64","1157.82","822.96","1980.78"
"34","1961","6","Madhya Pradesh","Jhabua","514.38","262.7","251.69","478.66","243.94","234.72","35.73","18.75","16.97","435.79","221.93","213.86","430.29","218.85","211.44","5.5","3.08","2.42","14.81","7.68","7.13","12.99","6.77","6.23","1.81","0.91","0.9","31.12","23.81","7.31","16.65","13.77","2.88","14.47","10.04","4.43","255.29","133.03","122.27","252.58","131.45","121.13","2.71","1.58","1.13","7.56","4.25","3.31","7.35","4.15","3.2","0.21","0.1","0.11","225.59","262.85","488.44"
"34","1971","6","Madhya Pradesh","Jhabua","667.94","338.73","329.22","619.09","313.16","305.93","48.85","25.57","23.29","565.71","286.11","279.6","557.24","281.47","275.78","8.47","4.64","3.83","18.26","9.27","8.99","15.41","7.8","7.61","2.85","1.46","1.38","54.81","39.71","15.1","31.11","24.4","6.71","23.7","15.31","8.39","160.3","147.09","13.22","158.52","145.47","13.05","1.78","1.61","0.17","17.46","10.08","7.38","16.51","9.37","7.15","0.95","0.71","0.23","486.76","177.76","664.52"
"34","1981","6","Madhya Pradesh","Jhabua","795.17","400.55","394.62","728.91","365.56","363.36","66.26","35.0","31.26","663.8","332.25","331.54","649.2","324.26","324.94","14.59","7.99","6.61","25.97","13.29","12.68","22.15","11.33","10.83","3.82","1.96","1.85","88.64","63.59","25.05","52.3","40.8","11.49","36.35","22.79","13.56","276.54","183.88","92.67","273.56","181.64","91.92","2.98","2.23","0.75","23.48","10.43","13.05","22.74","10.07","12.67","0.74","0.36","0.38","462.02","300.02","762.04"
"34","1991","6","Madhya Pradesh","Jhabua","1130.41","571.76","558.64","1032.33","520.67","511.65","98.08","51.09","46.99","968.37","487.61","480.76","940.89","473.2","467.68","27.49","14.41","13.08","34.64","17.72","16.92","28.84","14.7","14.13","5.81","3.02","2.79","164.32","115.21","49.11","107.62","81.14","26.48","56.71","34.07","22.63","373.7","255.9","117.8","368.4","252.1","116.3","5.2","3.8","1.4","26.2","12.8","13.5","25.2","12.2","13.0","1.0","0.6","0.4","686.15","399.9","1086.05"
"34","2001","6","Madhya Pradesh","Jhabua","1396.68","701.74","694.94","1275.65","638.98","636.66","121.03","62.76","58.27","1211.12","607.65","603.46","1173.64","-1.0","-1.0","-1.0","37.48","-1.0","39.29","19.97","19.33","31.75","-1.0","-1.0","7.54","-1.0","-1.0","399.01","261.29","137.72","316.26","213.93","102.33","82.75","47.36","35.39","537.24","279.23","258.01","531.61","276.14","255.48","5.63","3.09","2.54","102.1","37.68","64.42","101.07","37.23","63.84","1.03","0.45","0.58","664.43","639.34","1303.77"
"34","2011","6","Madhya Pradesh","Jhabua","1754.05","877.56","876.49","1605.0","801.06","803.93","149.05","76.51","72.56","1540.46","768.2","772.26","1489.34","741.93","747.41","51.12","26.28","24.85","44.31","22.25","22.06","34.9","17.5","17.4","9.4","4.76","4.65","561.83","335.49","226.35","457.04","277.55","179.49","104.79","57.93","46.86","585.57","309.16","276.41","579.4","305.8","273.61","6.17","3.37","2.8","189.34","71.21","118.14","186.94","70.09","116.84","2.4","1.12","1.29","872.13","774.91","1647.04"
"35","1961","6","Madhya Pradesh","Khargone / West Nimar","990.46","505.92","484.55","852.39","433.68","418.71","138.08","72.24","65.83","400.34","201.98","198.36","394.47","198.92","195.55","5.87","3.06","2.81","105.85","53.15","52.71","92.65","46.45","46.2","13.2","6.7","6.51","151.8","123.84","27.97","96.82","84.52","12.3","54.99","39.32","15.67","332.29","176.9","155.4","324.59","171.9","152.69","7.7","5.0","2.71","99.95","49.55","50.4","95.47","47.46","48.01","4.48","2.09","2.39","475.03","432.24","907.27"
"35","1971","6","Madhya Pradesh","Khargone / West Nimar","1283.17","657.21","625.96","1100.31","561.2","539.1","182.87","96.01","86.86","508.25","257.4","250.84","502.94","254.47","248.47","5.31","2.93","2.38","132.49","67.73","64.76","115.69","59.03","56.66","16.81","8.71","8.1","240.98","185.99","54.99","156.52","129.58","26.94","84.47","56.42","28.05","244.26","200.18","44.08","239.04","195.44","43.6","5.22","4.74","0.48","135.01","74.04","60.98","127.39","69.59","57.8","7.63","4.45","3.18","985.54","379.27","1364.81"
"35","1981","6","Madhya Pradesh","Khargone / West Nimar","1630.94","834.65","796.3","1389.77","708.2","681.57","241.18","126.45","114.73","705.42","356.23","349.2","690.48","348.13","342.34","14.95","8.09","6.86","166.46","85.21","81.25","142.97","73.14","69.83","23.49","12.08","11.41","374.95","277.9","97.05","252.33","198.05","54.28","122.62","79.85","42.77","333.69","247.54","86.15","327.01","241.63","85.38","6.68","5.91","0.77","187.99","98.9","89.09","175.98","92.33","83.65","12.0","6.57","5.43","1006.66","521.68","1528.34"
"35","1991","6","Madhya Pradesh","Khargone / West Nimar","2028.15","1039.97","988.18","1722.87","880.68","842.19","305.27","159.29","145.99","937.71","475.35","462.36","913.12","462.15","450.97","24.6","13.2","11.39","198.02","102.04","95.98","168.19","86.75","81.44","29.83","15.29","14.53","576.17","395.22","180.95","406.26","290.62","115.64","169.91","104.6","65.31","445.1","301.4","143.7","437.2","294.9","142.3","7.9","6.5","1.4","233.3","118.9","114.4","217.6","110.6","106.9","15.8","8.2","7.5","1217.36","678.4","1895.76"
"35","2001","6","Madhya Pradesh","Khargone / West Nimar","2610.99","1333.05","1277.94","2215.62","1128.33","1087.3","395.37","204.72","190.65","1267.5","640.31","627.19","1224.59","-1.0","-1.0","-1.0","42.91","-1.0","242.93","124.47","118.45","202.75","-1.0","-1.0","40.18","-1.0","-1.0","1135.35","698.28","437.07","876.92","548.69","328.24","258.43","149.59","108.83","625.18","344.63","280.55","617.43","338.77","278.66","7.75","5.86","1.89","391.33","182.06","209.27","372.99","173.17","199.82","18.34","8.89","9.45","1382.8","1016.51","2399.31"
"35","2011","6","Madhya Pradesh","Khargone / West Nimar","3258.93","1652.46","1606.47","2756.0","1394.31","1361.7","502.93","258.16","244.77","1692.32","849.01","843.3","1626.6","815.6","811.0","65.72","33.4","32.31","297.08","151.49","145.59","242.05","123.39","118.67","55.03","28.1","26.93","1536.16","889.07","647.09","1185.94","696.03","489.91","350.22","193.04","157.18","594.79","343.58","251.21","586.92","337.22","249.71","7.86","6.37","1.5","692.91","333.36","359.55","666.91","320.31","346.59","26.0","13.05","12.96","1710.91","1287.7","2998.61"
"36","1961","6","Madhya Pradesh","Khandwa / East Nimar","685.15","353.38","331.77","530.78","272.4","258.37","154.38","80.97","73.4","54.04","27.14","26.9","54.04","27.14","26.9","0.0","0.0","0.0","61.23","31.29","29.93","54.13","27.61","26.52","7.09","3.68","3.41","168.04","129.33","38.71","96.03","80.48","15.55","72.01","48.85","23.16","188.92","102.1","86.82","186.3","100.12","86.17","2.63","1.98","0.65","83.67","40.7","42.96","82.0","39.99","42.0","1.67","0.71","0.96","36.01","272.59","308.6"
"36","1971","6","Madhya Pradesh","Khandwa / East Nimar","879.81","454.39","425.42","673.2","346.61","326.59","206.61","107.78","98.83","66.25","33.55","32.7","66.25","33.55","32.7","0.0","0.0","0.0","80.19","41.64","38.55","68.75","35.49","33.26","11.44","6.15","5.28","246.5","179.72","66.78","143.59","114.23","29.35","102.92","65.49","37.43","131.93","109.47","22.46","129.76","107.46","22.3","2.17","2.01","0.16","107.78","58.02","49.76","104.95","56.47","48.47","2.83","1.55","1.29","610.35","239.71","850.06"
"36","1981","6","Madhya Pradesh","Khandwa / East Nimar","1153.58","594.84","558.74","844.38","434.49","409.89","309.2","160.36","148.84","295.84","150.71","145.13","291.43","148.32","143.11","4.41","2.39","2.03","123.92","64.5","59.42","99.97","51.88","48.08","23.95","12.61","11.34","354.27","248.63","105.64","192.36","148.58","43.78","161.91","100.05","61.86","183.04","137.77","45.27","178.39","133.86","44.53","4.65","3.92","0.74","157.65","80.43","77.22","150.68","76.95","73.73","6.97","3.48","3.49","695.43","340.69","1036.12"
"36","1991","6","Madhya Pradesh","Khandwa / East Nimar","1432.66","739.88","692.78","1037.49","534.77","502.73","394.17","204.12","190.05","383.23","195.26","187.98","374.41","190.46","183.96","8.82","4.8","4.02","163.16","85.03","78.13","127.18","66.27","60.91","35.98","18.76","17.22","519.14","345.34","173.79","297.42","214.25","83.17","221.72","131.1","90.62","235.7","163.7","72.0","230.0","158.9","71.1","5.7","4.7","0.9","189.1","95.3","93.8","179.5","90.2","89.3","9.5","5.1","4.4","864.21","424.8","1289.01"
"36","2001","6","Madhya Pradesh","Khandwa / East Nimar","1708.17","882.37","825.8","1247.84","644.6","603.24","460.33","237.77","222.56","508.53","259.61","248.92","490.59","-1.0","-1.0","-1.0","17.94","-1.0","189.69","98.38","91.31","142.65","-1.0","-1.0","47.04","-1.0","-1.0","867.51","538.48","329.03","561.74","365.7","196.04","305.77","172.78","132.99","270.72","168.52","102.21","265.41","164.24","101.18","5.31","4.28","1.03","294.54","140.94","153.6","282.84","135.0","147.83","11.7","5.94","5.76","955.47","565.26","1520.73"
"36","2011","6","Madhya Pradesh","Khandwa / East Nimar","2067.91","1062.83","1005.07","1548.19","796.16","752.02","519.73","266.68","253.05","689.22","351.29","337.94","662.92","337.75","325.17","26.29","13.54","12.76","220.85","113.74","107.12","164.13","84.88","79.27","56.72","28.86","27.86","1140.3","665.33","474.97","770.17","464.4","305.78","370.13","200.94","169.19","247.14","159.86","87.28","241.97","155.43","86.53","5.17","4.42","0.75","462.92","234.51","228.42","447.35","225.88","221.47","15.57","8.63","6.95","1126.6","710.06","1836.66"
"37","1961","6","Madhya Pradesh","Sehore","754.68","404.79","349.9","482.89","252.69","230.2","271.79","152.09","119.7","30.35","15.11","15.24","29.17","14.44","14.73","1.18","0.67","0.51","117.92","61.48","56.44","100.86","52.19","48.67","17.06","9.29","7.77","162.08","122.55","39.54","48.74","44.31","4.43","113.35","78.23","35.11","148.47","91.26","57.21","145.45","89.13","56.32","3.02","2.12","0.9","66.55","35.13","31.41","65.65","34.59","31.07","0.9","0.55","0.35","405.33","215.02","620.34"
"37","1971","6","Madhya Pradesh","Sehore","1085.12","579.79","505.33","628.71","330.63","298.08","456.41","249.16","207.25","50.01","25.98","24.02","47.33","24.42","22.91","2.68","1.56","1.12","167.09","88.58","78.51","138.08","72.75","65.33","29.01","15.82","13.18","310.06","214.88","95.18","80.35","68.69","11.67","229.71","146.2","83.51","119.97","107.94","12.02","116.56","104.78","11.78","3.4","3.16","0.24","87.63","52.7","34.94","84.88","50.77","34.1","2.76","1.92","0.83","833.5","207.6","1041.1"
"37","1981","6","Madhya Pradesh","Sehore","1552.12","822.2","729.92","782.79","410.79","371.99","769.33","411.4","357.94","80.55","41.92","38.64","66.24","34.13","32.11","14.31","7.79","6.52","246.45","129.71","116.74","171.87","89.9","81.96","74.59","39.82","34.77","573.82","387.27","186.55","147.51","126.85","20.67","426.32","260.43","165.89","159.51","135.5","24.01","152.83","129.56","23.27","6.68","5.95","0.73","100.32","61.9","38.43","93.79","57.28","36.5","6.54","4.61","1.93","1049.36","259.83","1309.19"
"37","1991","6","Madhya Pradesh","Sehore","2193.14","1158.61","1034.53","960.71","507.52","453.19","1232.13","651.1","581.04","126.85","66.17","60.68","91.09","47.1","43.99","35.76","19.07","16.69","357.34","188.68","168.66","208.65","110.48","98.18","148.68","78.2","70.49","985.12","633.64","351.49","258.48","204.95","53.52","726.66","428.69","297.97","207.6","161.9","45.8","197.5","152.8","44.8","10.2","9.1","1.1","131.6","76.6","54.9","121.3","69.2","52.1","10.4","7.5","2.9","1479.99","339.2","1819.19"
"37","2001","6","Madhya Pradesh","Sehore","2915.55","1534.35","1381.2","1242.01","652.57","589.45","1673.54","881.79","791.76","176.68","91.61","85.07","125.15","-1.0","-1.0","-1.0","51.53","-1.0","479.25","251.51","227.74","267.18","-1.0","-1.0","212.07","-1.0","-1.0","1725.27","1038.57","686.7","582.58","387.99","194.59","1142.69","650.58","492.11","274.41","175.75","98.67","265.53","168.13","97.4","8.88","7.62","1.27","228.75","110.92","117.83","220.16","105.44","114.72","8.59","5.48","3.12","1872.66","503.16","2375.83"
"37","2011","6","Madhya Pradesh","Sehore","3682.39","1919.87","1762.52","1516.88","792.67","724.22","2165.51","1127.22","1038.31","214.94","110.36","104.58","157.05","80.24","76.81","57.89","30.12","27.78","628.8","327.27","301.53","327.35","171.25","156.09","301.45","156.02","145.43","2441.05","1389.52","1051.53","858.66","523.8","334.86","1582.4","865.72","716.68","274.66","190.25","84.41","257.66","177.85","79.81","17.0","12.4","4.6","332.23","171.24","160.99","309.89","156.85","153.04","22.34","14.38","7.95","2228.85","606.89","2835.74"
"38","1961","6","Madhya Pradesh","Raisen","411.43","215.71","195.72","389.59","203.93","185.66","21.84","11.78","10.06","57.84","29.33","28.51","57.49","29.13","28.36","0.35","0.2","0.15","62.48","31.86","30.62","59.92","30.53","29.39","2.55","1.33","1.22","54.97","46.13","8.83","47.73","40.81","6.92","7.24","5.33","1.92","94.72","64.67","30.04","93.69","63.84","29.85","1.03","0.83","0.2","43.11","25.56","17.55","42.75","25.33","17.42","0.37","0.23","0.14","214.62","137.83","352.45"
"38","1971","6","Madhya Pradesh","Raisen","552.68","290.38","262.3","521.86","273.87","248.0","30.82","16.51","14.31","74.6","38.35","36.25","74.21","38.14","36.07","0.39","0.21","0.18","94.73","49.23","45.5","91.35","47.47","43.88","3.38","1.76","1.62","101.56","80.83","20.73","89.12","72.4","16.72","12.44","8.43","4.01","76.82","73.37","3.45","75.8","72.39","3.41","1.02","0.98","0.04","74.96","50.36","24.61","74.28","49.77","24.51","0.68","0.58","0.1","391.33","151.78","543.11"
"38","1981","6","Madhya Pradesh","Raisen","710.54","372.46","338.08","639.81","334.55","305.26","70.74","37.91","32.82","109.67","55.63","54.03","107.51","54.43","53.09","2.15","1.21","0.95","118.81","62.37","56.44","111.14","58.28","52.85","7.67","4.09","3.58","163.53","124.61","38.92","131.02","103.37","27.65","32.5","21.24","11.27","98.24","92.04","6.2","96.1","89.96","6.14","2.14","2.09","0.06","91.15","60.45","30.7","88.67","58.61","30.06","2.48","1.83","0.65","470.93","189.39","660.32"
"38","1991","6","Madhya Pradesh","Raisen","876.46","466.39","410.07","738.65","392.1","346.54","137.82","74.29","63.53","126.25","65.52","60.73","120.94","62.66","58.28","5.32","2.86","2.45","145.1","77.72","67.38","129.73","69.48","60.26","15.36","8.24","7.12","284.06","201.62","82.44","211.57","155.77","55.8","72.49","45.86","26.64","114.7","102.7","12.0","110.7","99.0","11.6","4.0","3.6","0.3","110.7","72.3","38.4","106.0","68.8","37.2","4.7","3.5","1.3","582.04","225.4","807.44"
"38","2001","6","Madhya Pradesh","Raisen","1120.16","595.73","524.43","913.32","484.79","428.53","206.84","110.94","95.9","177.14","91.67","85.47","167.06","-1.0","-1.0","-1.0","10.08","-1.0","184.23","98.47","85.76","158.76","-1.0","-1.0","25.48","-1.0","-1.0","663.62","401.57","262.05","527.83","321.03","206.8","135.79","80.54","55.25","139.63","113.49","26.14","134.5","108.83","25.67","5.13","4.65","0.47","155.45","92.1","63.35","150.91","89.04","61.87","4.54","3.06","1.49","708.44","295.08","1003.52"
"38","2011","6","Madhya Pradesh","Raisen","1331.6","700.36","631.24","1028.17","539.96","488.21","303.43","160.4","143.03","205.01","105.63","99.38","190.08","97.8","92.29","14.92","7.83","7.09","225.89","119.23","106.67","183.62","96.86","86.76","42.28","22.37","19.91","820.22","479.09","341.13","607.95","358.83","249.12","212.27","120.26","92.01","138.73","114.66","24.06","131.41","107.95","23.47","7.31","6.72","0.6","228.15","139.34","88.81","219.46","133.36","86.1","8.69","5.98","2.71","813.76","366.88","1180.64"
"39","1961","6","Madhya Pradesh","Vidisha","489.21","258.84","230.37","424.93","224.29","200.64","64.28","34.55","29.73","21.22","10.68","10.54","21.08","10.58","10.49","0.15","0.1","0.05","102.35","52.76","49.59","94.07","48.55","45.52","8.28","4.21","4.07","66.1","54.88","11.23","41.48","37.71","3.77","24.62","17.17","7.46","122.63","87.21","35.42","120.04","85.1","34.94","2.59","2.11","0.48","51.32","32.12","19.2","50.85","31.76","19.09","0.47","0.36","0.11","257.96","173.94","431.9"
"39","1971","6","Madhya Pradesh","Vidisha","656.01","348.6","307.41","563.13","298.71","264.42","92.88","49.89","42.99","30.84","15.83","15.01","30.48","15.63","14.85","0.57","0.37","0.21","141.74","74.13","67.61","129.9","67.9","62.0","11.84","6.23","5.62","120.26","95.04","25.23","77.7","67.3","10.4","42.56","27.73","14.83","111.19","107.6","3.59","108.7","105.18","3.52","2.49","2.42","0.07","88.06","59.37","28.68","86.75","58.36","28.39","1.31","1.01","0.3","457.69","199.25","656.94"
"39","1981","6","Madhya Pradesh","Vidisha","783.1","416.36","366.74","650.19","345.24","304.95","132.91","71.11","61.79","33.71","17.36","16.34","32.93","16.96","15.97","0.77","0.4","0.37","160.04","84.89","75.16","142.4","75.5","66.9","17.64","9.39","8.26","199.15","151.22","47.94","128.71","106.88","21.83","70.44","44.33","26.11","119.61","116.16","3.45","116.26","112.92","3.34","3.35","3.25","0.1","69.99","52.96","17.03","68.74","51.93","16.81","1.25","1.03","0.22","535.04","189.6","724.64"
"39","1991","6","Madhya Pradesh","Vidisha","970.39","517.86","452.53","775.3","414.14","361.16","195.09","103.72","91.37","42.69","22.28","20.41","40.58","21.13","19.46","2.11","1.15","0.95","197.06","105.64","91.42","168.09","90.18","77.91","28.97","15.47","13.5","339.11","240.37","98.74","226.94","172.06","54.88","112.18","68.31","43.86","139.7","126.2","13.4","134.7","121.5","13.2","4.9","4.7","0.2","107.0","73.7","33.3","103.8","71.0","32.8","3.1","2.7","0.5","649.24","246.7","895.94"
"39","2001","6","Madhya Pradesh","Vidisha","1214.76","647.63","567.13","954.48","509.71","444.77","260.28","137.92","122.36","59.32","30.96","28.36","56.02","-1.0","-1.0","-1.0","3.3","-1.0","241.13","129.02","112.11","202.59","-1.0","-1.0","38.54","-1.0","-1.0","611.93","395.64","216.29","440.89","295.11","145.78","171.03","100.53","70.51","169.59","138.49","31.1","163.67","133.07","30.6","5.91","5.42","0.5","167.27","98.96","68.3","164.34","96.92","67.43","2.92","2.05","0.88","762.97","336.85","1099.82"
"39","2011","6","Madhya Pradesh","Vidisha","1458.88","769.57","689.31","1119.26","591.96","527.3","339.62","177.61","162.01","67.6","34.99","32.61","63.13","32.67","30.47","4.47","2.33","2.14","292.14","154.5","137.64","237.79","126.12","111.67","54.35","28.39","25.97","862.92","512.34","350.57","624.19","379.18","245.01","238.73","133.16","105.56","168.62","140.95","27.66","161.03","134.02","27.02","7.58","6.94","0.65","228.31","140.76","87.55","222.55","136.76","85.78","5.76","4.0","1.76","908.47","396.93","1305.4"
"40","1961","6","Madhya Pradesh","Betul","560.41","281.06","279.36","513.33","256.11","257.22","47.09","24.95","22.14","179.74","88.2","91.54","178.75","87.63","91.12","0.99","0.57","0.43","52.8","26.27","26.53","48.93","24.06","24.87","3.87","2.21","1.66","92.73","75.78","16.95","70.26","60.24","10.02","22.47","15.54","6.93","217.76","108.4","109.36","215.76","107.12","108.64","2.0","1.28","0.72","54.09","22.5","31.59","52.92","22.02","30.9","1.17","0.49","0.69","235.9","271.85","507.75"
"40","1971","6","Madhya Pradesh","Betul","736.48","371.44","365.05","668.78","335.61","333.17","67.71","35.83","31.88","224.54","111.57","112.97","222.74","110.63","112.12","1.8","0.95","0.85","77.09","38.97","38.12","70.24","35.42","34.83","6.85","3.55","3.29","165.09","124.8","40.29","129.63","102.36","27.27","35.47","22.44","13.02","163.59","121.51","42.08","161.87","119.98","41.9","1.72","1.53","0.19","94.43","36.48","57.95","92.48","35.55","56.92","1.95","0.93","1.03","465.31","258.02","723.33"
"40","1981","6","Madhya Pradesh","Betul","925.39","469.01","456.38","783.65","392.62","391.03","141.74","76.39","65.35","334.87","166.32","168.55","325.5","161.23","164.27","9.38","5.09","4.29","97.32","49.39","47.93","76.47","38.36","38.12","20.85","11.04","9.81","258.66","179.17","79.49","181.34","130.99","50.35","77.33","48.19","29.14","204.87","141.82","63.06","202.25","139.53","62.72","2.62","2.28","0.34","111.92","45.08","66.84","109.12","43.55","65.57","2.8","1.53","1.27","526.55","316.79","843.34"
"40","1991","6","Madhya Pradesh","Betul","1181.5","600.94","580.57","961.55","485.36","476.19","219.95","115.57","104.38","443.13","221.39","221.74","428.62","213.82","214.79","14.52","7.57","6.95","127.44","65.36","62.08","92.08","46.98","45.1","35.36","18.38","16.98","430.72","274.64","156.08","295.02","194.44","100.58","135.7","80.21","55.49","281.5","179.5","102.1","276.8","175.8","101.1","4.7","3.7","1.0","119.8","51.3","68.6","115.8","49.1","66.8","4.0","2.2","1.8","685.49","401.3","1086.79"
"40","2001","6","Madhya Pradesh","Betul","1394.42","709.53","684.9","1135.54","574.48","561.07","258.88","135.05","123.83","549.91","275.79","274.11","530.99","-1.0","-1.0","-1.0","18.92","-1.0","147.6","75.79","71.82","103.37","-1.0","-1.0","44.23","-1.0","-1.0","778.51","458.13","320.39","585.24","349.68","235.55","193.28","108.44","84.83","258.48","161.96","96.52","254.36","158.77","95.6","4.12","3.2","0.93","231.44","95.98","135.45","227.29","93.89","133.41","4.14","2.1","2.05","778.44","489.92","1268.36"
"40","2011","6","Madhya Pradesh","Betul","1575.36","799.24","776.13","1266.21","640.36","625.85","309.15","158.88","150.27","667.02","333.17","333.85","638.35","318.93","319.42","28.67","14.24","14.43","159.3","81.62","77.68","107.79","55.27","52.52","51.51","26.35","25.15","939.77","529.78","409.99","700.1","400.18","299.92","239.67","129.61","110.06","253.6","163.51","90.1","248.91","159.68","89.23","4.69","3.83","0.87","358.16","159.64","198.52","350.16","155.42","194.74","8.0","4.22","3.78","788.38","611.76","1400.14"
"41","1961","6","Madhya Pradesh","Rajgarh","516.87","269.67","247.21","467.85","243.94","223.92","49.02","25.73","23.29","0.98","0.49","0.49","0.98","0.48","0.49","0.0","0.0","0.0","97.83","49.96","47.87","91.72","46.85","44.87","6.11","3.11","3.0","51.62","44.12","7.5","34.83","31.72","3.1","16.79","12.4","4.4","192.19","108.37","83.82","190.8","107.45","83.35","1.39","0.92","0.47","35.85","17.35","18.49","35.61","17.22","18.38","0.24","0.13","0.11","232.96","228.04","460.99"
"41","1971","6","Madhya Pradesh","Rajgarh","645.86","337.4","308.45","584.07","304.89","279.18","61.78","32.51","29.27","2.12","1.13","1.0","2.07","1.08","0.98","0.06","0.04","0.01","117.13","61.14","55.99","110.25","57.57","52.68","6.88","3.57","3.31","92.81","77.14","15.66","67.02","59.34","7.68","25.79","17.81","7.99","132.25","118.53","13.72","131.17","117.51","13.66","1.08","1.02","0.06","52.93","29.44","23.5","52.42","29.09","23.32","0.52","0.34","0.17","444.95","185.18","630.13"
"41","1981","6","Madhya Pradesh","Rajgarh","801.38","414.94","386.45","696.47","359.95","336.52","104.92","54.99","49.93","700.12","346.54","353.58","684.13","337.98","346.15","15.99","8.56","7.43","154.03","76.77","77.26","138.27","68.71","69.56","15.76","8.06","7.7","145.62","117.75","27.86","97.51","85.74","11.77","48.11","32.02","16.1","177.87","147.0","30.88","174.28","143.91","30.38","3.59","3.09","0.5","63.46","33.6","29.86","60.95","31.87","29.08","2.51","1.73","0.79","503.21","241.33","744.54"
"41","1991","6","Madhya Pradesh","Rajgarh","992.76","516.15","476.61","825.93","428.6","397.33","166.84","87.55","79.29","32.78","17.04","15.74","30.38","15.75","14.63","2.4","1.29","1.1","178.71","92.98","85.73","154.49","80.34","74.15","24.23","12.65","11.58","254.02","194.21","59.81","170.15","139.97","30.18","83.86","54.24","29.63","213.8","167.3","46.5","207.6","162.3","45.3","6.2","5.0","1.2","78.7","42.5","36.2","73.3","39.6","33.7","5.4","2.9","2.5","624.89","292.5","917.39"
"41","2001","6","Madhya Pradesh","Rajgarh","1993.03","1019.14","973.89","1741.63","887.49","854.15","251.39","131.65","119.74","47.37","24.57","22.8","39.79","-1.0","-1.0","-1.0","7.59","-1.0","218.71","113.1","105.6","191.7","-1.0","-1.0","27.0","-1.0","-1.0","958.23","606.08","352.14","802.04","512.41","289.63","156.19","93.67","62.52","590.14","329.27","260.87","580.52","322.89","257.63","9.62","6.38","3.24","272.27","109.46","162.82","265.41","106.53","158.88","6.87","2.93","3.94","1367.54","862.41","2229.95"
"41","2011","6","Madhya Pradesh","Rajgarh","1545.81","790.21","755.6","1269.36","648.41","620.95","276.46","141.81","134.65","53.75","27.48","26.27","48.67","24.83","23.84","5.08","2.65","2.43","295.72","151.26","144.46","249.33","127.72","121.61","46.39","23.54","22.85","804.25","488.8","315.45","620.31","384.59","235.72","183.93","104.2","79.73","285.1","179.97","105.12","276.93","174.27","102.66","8.17","5.7","2.47","330.82","149.62","181.2","317.3","142.77","174.53","13.52","6.85","6.67","800.21","615.92","1416.13"
"42","1961","6","Madhya Pradesh","Shajapur","526.14","270.78","255.36","473.11","242.84","230.26","53.03","27.93","25.1","0.05","0.04","0.01","0.03","0.03","0.0","0.02","0.01","0.01","119.65","60.39","59.26","114.8","57.9","56.9","4.85","2.49","2.36","74.33","63.19","11.13","53.24","48.21","5.04","21.08","14.98","6.1","170.13","93.81","76.32","166.62","92.05","74.57","3.51","1.76","1.76","58.65","27.79","30.86","58.03","27.49","30.54","0.62","0.31","0.32","243.47","228.78","472.25"
"42","1971","6","Madhya Pradesh","Shajapur","677.58","350.64","326.94","599.78","309.7","290.09","77.8","40.95","36.85","0.33","0.16","0.18","0.32","0.15","0.17","0.02","0.0","0.01","151.28","77.79","73.48","144.14","74.02","70.12","7.14","3.78","3.36","128.45","106.48","21.96","94.0","83.32","10.68","34.44","23.16","11.28","120.28","106.92","13.36","117.54","104.35","13.19","2.75","2.57","0.18","78.35","39.1","39.25","75.77","37.67","38.11","2.58","1.43","1.14","465.41","198.63","664.04"
"42","1981","6","Madhya Pradesh","Shajapur","840.25","435.52","404.73","715.48","369.98","345.5","124.77","65.53","59.24","18.42","9.66","8.76","17.73","9.28","8.46","0.69","0.38","0.31","185.39","96.09","89.3","172.64","89.35","83.29","12.75","6.75","6.01","199.42","161.84","37.58","139.32","121.89","17.44","60.09","39.95","20.15","154.79","128.71","26.09","149.47","124.09","25.37","5.33","4.62","0.71","90.18","49.06","41.13","84.89","46.06","38.83","5.29","2.99","2.3","534.51","244.97","779.48"
"42","1991","6","Madhya Pradesh","Shajapur","1033.25","538.69","494.55","850.36","442.94","407.42","182.89","95.76","87.13","24.45","12.94","11.51","22.79","12.04","10.75","1.66","0.9","0.76","230.83","120.69","110.13","209.5","109.49","100.01","21.33","11.2","10.13","328.05","248.94","79.11","231.71","187.04","44.67","96.34","61.9","34.43","198.3","149.2","49.0","188.8","141.5","47.3","9.5","7.7","1.7","122.2","67.4","54.7","113.5","62.3","51.2","8.6","5.1","3.5","637.23","320.5","957.73"
"42","2001","6","Madhya Pradesh","Shajapur","1290.23","669.42","620.81","1050.89","544.85","506.04","239.34","124.57","114.77","35.3","18.41","16.89","31.37","-1.0","-1.0","-1.0","3.93","-1.0","283.64","147.47","136.17","256.67","-1.0","-1.0","26.97","-1.0","-1.0","752.94","460.03","292.91","595.11","367.13","227.99","157.83","92.9","64.93","310.17","178.85","131.32","296.84","170.01","126.83","13.32","8.84","4.49","201.5","89.09","112.42","191.39","84.74","106.65","10.11","4.35","5.76","660.44","511.67","1172.11"
"42","2011","6","Madhya Pradesh","Shajapur","1512.68","780.52","732.16","1219.13","629.27","589.86","293.55","151.25","142.3","37.84","19.42","18.42","34.23","17.6","16.63","3.61","1.82","1.79","353.91","182.96","170.95","312.52","161.69","150.83","41.39","21.27","20.12","894.61","543.51","351.1","690.37","427.37","263.0","204.24","116.14","88.1","287.92","182.65","105.28","275.26","173.34","101.91","12.67","9.3","3.37","303.16","146.33","156.83","286.98","138.02","148.95","16.18","8.3","7.88","794.81","591.08","1385.89"
"43","1961","6","Madhya Pradesh","Hoshangabad","618.29","319.76","298.53","499.07","256.04","243.03","119.22","63.72","55.5","46.14","23.39","22.75","44.71","22.63","22.08","1.43","0.76","0.67","62.47","32.07","30.41","55.51","28.44","27.07","6.96","3.63","3.33","141.59","111.4","30.2","85.93","72.63","13.31","55.66","38.77","16.89","131.32","82.37","48.95","129.16","80.69","48.47","2.17","1.69","0.48","71.51","36.81","34.7","70.87","36.4","34.47","0.64","0.41","0.23","332.1","202.83","534.93"
"43","1971","6","Madhya Pradesh","Hoshangabad","805.46","421.04","384.42","630.04","326.74","303.3","175.42","94.3","81.12","57.76","26.33","28.44","55.62","28.17","27.45","2.14","1.16","0.98","88.93","46.13","42.8","76.76","39.65","37.11","12.17","6.48","5.69","237.04","175.3","61.74","140.86","112.51","28.35","96.18","62.79","33.39","98.67","89.6","9.07","96.27","87.42","8.85","2.4","2.18","0.21","93.83","53.19","40.64","91.44","51.66","39.78","2.39","1.53","0.86","594.09","192.5","786.59"
"43","1981","6","Madhya Pradesh","Hoshangabad","1003.94","526.27","477.67","751.86","391.38","360.48","252.08","134.9","117.19","160.52","82.17","78.35","153.64","78.46","75.18","6.88","3.71","3.17","156.42","81.42","75.0","124.68","64.69","59.99","31.74","16.73","15.01","354.9","250.39","104.5","200.18","153.44","46.74","154.72","96.96","57.76","118.98","106.27","12.71","116.0","103.5","12.49","2.99","2.77","0.21","112.56","66.63","45.93","109.88","64.86","45.02","2.68","1.77","0.91","660.07","231.54","891.61"
"43","1991","6","Madhya Pradesh","Hoshangabad","1267.21","667.41","599.8","920.7","483.61","437.09","346.52","183.81","162.71","220.04","113.67","106.37","204.41","105.34","99.08","15.63","8.34","7.29","206.36","108.61","97.75","155.07","81.7","73.37","51.29","26.91","24.38","535.74","354.95","180.79","311.0","219.95","91.05","224.74","135.0","89.73","155.0","133.2","21.8","150.3","128.8","21.5","4.7","4.4","0.3","139.1","84.5","54.7","134.6","81.2","53.4","4.5","3.2","1.3","841.22","294.1","1135.32"
"43","2001","6","Madhya Pradesh","Hoshangabad","1559.19","818.93","740.26","1122.34","588.6","533.74","436.85","230.32","206.53","290.37","149.92","140.45","269.2","-1.0","-1.0","-1.0","21.17","-1.0","246.98","130.14","116.84","180.44","-1.0","-1.0","66.54","-1.0","-1.0","902.2","551.71","350.48","579.57","366.87","212.7","322.63","184.84","137.79","195.26","141.11","54.14","189.41","135.89","53.52","5.85","5.22","0.63","221.02","116.88","104.14","216.77","114.49","102.28","4.25","2.39","1.86","958.84","416.28","1375.11"
"43","2011","6","Madhya Pradesh","Hoshangabad","1811.82","943.57","868.26","1302.46","678.37","624.09","509.35","265.19","244.16","356.98","182.49","174.49","329.46","168.55","160.92","27.52","13.95","13.58","297.88","155.79","142.08","212.17","111.38","100.79","85.71","44.42","41.29","1163.19","673.01","490.19","771.44","457.13","314.31","391.75","215.88","175.87","184.46","148.24","36.22","177.14","141.38","35.76","7.32","6.85","0.47","283.23","162.37","120.85","276.4","157.35","119.04","6.83","5.01","1.81","1102.76","467.69","1570.45"
"44","1961","1","Andhra Pradesh","Srikakulam","2340.88","1149.45","1191.43","2136.24","1048.01","1088.22","204.64","101.43","103.21","192.28","96.72","95.56","191.52","96.3","95.22","0.75","0.42","0.33","220.77","108.16","112.61","203.19","99.5","103.69","17.58","8.65","8.92","367.72","283.89","83.83","298.21","236.44","61.78","69.51","47.46","22.05","634.16","347.79","286.37","620.05","339.55","280.5","14.11","8.24","5.87","376.37","165.12","211.25","365.48","161.19","204.28","10.9","3.93","6.96","1330.35","1010.53","2340.88"
"44","1971","1","Andhra Pradesh","Srikakulam","2586.71","1277.76","1308.95","2311.05","1140.35","1170.7","275.66","137.41","138.25","212.46","106.79","105.67","210.81","105.92","104.9","1.65","0.88","0.77","238.49","118.09","120.4","216.29","106.97","109.32","22.2","11.13","11.07","475.18","350.97","124.21","367.62","281.33","86.29","107.56","69.65","37.91","426.36","316.78","109.58","414.99","307.79","107.2","11.37","8.99","2.39","413.54","223.07","190.46","396.76","214.54","182.21","16.78","8.53","8.25","1611.94","839.9","2451.84"
"44","1981","1","Andhra Pradesh","Srikakulam","2861.45","1418.37","1443.1","2504.3","1239.28","1265.03","357.15","179.09","178.07","181.81","91.32","90.5","178.96","89.82","89.14","2.87","1.5","1.36","272.18","135.94","136.24","239.09","119.51","119.58","33.1","16.44","16.66","641.35","455.57","185.78","472.73","350.93","121.81","168.62","104.65","63.98","526.03","367.08","158.95","515.35","359.04","156.31","10.68","8.03","2.64","410.68","208.78","201.91","394.5","200.68","193.83","16.19","8.11","8.08","1616.57","936.71","2553.28"
"44","1991","1","Andhra Pradesh","Srikakulam","3376.6","1681.49","1695.12","2904.61","1445.91","1458.71","471.99","235.58","236.41","229.17","114.73","114.44","224.11","112.0","112.12","5.06","2.74","2.32","327.08","164.19","162.89","280.64","141.29","139.35","46.44","22.9","23.54","1002.8","674.11","328.69","753.44","525.74","227.7","249.36","148.37","100.99","518.1","343.4","174.7","508.0","336.1","172.0","10.2","7.5","2.7","587.5","291.8","295.7","561.8","278.6","283.3","25.6","13.3","12.3","2271.11","1105.6","3376.71"
"44","2001","1","Andhra Pradesh","Srikakulam","3651.04","1816.43","1834.61","3166.79","1575.87","1590.92","484.25","240.56","243.69","258.67","128.32","130.35","253.08","125.47","127.6","5.6","2.85","2.75","348.62","173.29","175.34","300.13","149.66","150.48","48.49","23.63","24.86","1744.19","1051.19","693.0","1425.08","873.12","551.96","319.11","178.07","141.04","433.26","273.49","159.77","426.86","269.06","157.81","6.4","4.43","1.97","790.33","352.96","437.37","772.47","344.79","427.69","17.86","8.17","9.69","1862.14","1223.59","3085.74"
"44","2011","1","Andhra Pradesh","Srikakulam","3875.35","1922.48","1952.88","3193.19","1587.11","1606.09","682.16","335.38","346.78","283.9","138.73","145.18","273.51","133.59","139.92","10.4","5.14","5.26","379.53","185.96","193.57","310.01","152.67","157.34","69.52","33.29","36.23","2114.58","1211.57","903.01","1632.58","953.78","678.8","482.0","257.8","224.2","271.47","179.86","91.61","264.42","174.48","89.95","7.04","5.39","1.66","979.46","466.3","513.17","949.37","450.63","498.73","30.1","15.66","14.43","2006.08","1250.93","3257.01"
"45","1961","1","Andhra Pradesh","Visakhapatnam","2290.76","1142.65","1148.11","1877.72","931.88","945.84","413.04","210.76","202.27","213.82","108.24","105.58","212.79","107.68","105.11","1.03","0.56","0.47","185.05","92.06","92.98","152.05","75.6","76.45","33.0","16.47","16.53","392.97","286.03","106.94","216.76","171.13","45.63","176.2","114.89","61.31","629.26","362.78","266.48","615.97","354.87","261.1","13.29","7.91","5.38","239.22","113.96","125.26","233.83","111.26","122.57","5.39","2.7","2.69","1422.28","868.48","2290.76"
"45","1971","1","Andhra Pradesh","Visakhapatnam","2790.85","1396.61","1394.25","2178.96","1083.8","1095.16","611.9","312.81","299.08","299.97","152.08","147.89","298.36","151.13","147.23","1.61","0.95","0.66","221.96","111.11","110.85","169.1","84.79","84.31","52.86","26.32","26.54","595.38","413.96","181.42","303.06","230.11","72.95","292.32","183.85","108.47","485.96","368.98","116.99","477.28","361.98","115.3","8.69","7.0","1.69","314.19","168.25","145.94","302.9","161.34","141.55","11.29","6.91","4.38","1836.17","800.15","2636.32"
"45","1981","1","Andhra Pradesh","Visakhapatnam","3478.57","1750.46","1728.13","2528.86","1264.76","1264.11","949.71","485.7","464.02","430.8","218.43","212.38","425.06","215.23","209.82","5.75","3.19","2.56","294.74","149.42","145.32","202.22","102.74","99.48","92.53","46.69","45.84","913.05","614.0","299.05","419.11","311.83","107.29","493.95","302.19","191.77","590.24","421.98","168.27","579.34","413.6","165.76","10.9","8.38","2.52","331.85","172.84","159.02","317.34","164.62","152.73","14.51","8.24","6.28","2075.92","922.09","2998.01"
"45","1991","1","Andhra Pradesh","Visakhapatnam","4340.56","2190.92","2149.65","2850.23","1428.79","1421.45","1490.33","762.13","728.2","563.99","283.43","280.56","553.76","277.79","275.99","10.22","5.64","4.58","367.12","186.83","180.29","228.74","116.92","111.82","138.38","69.92","68.47","1566.05","992.82","573.22","678.28","475.27","203.01","887.77","517.55","370.22","661.7","428.7","233.0","649.7","419.4","230.4","12.1","9.4","2.6","474.6","249.9","224.6","444.8","230.4","214.5","29.7","19.6","10.1","3204.35","1136.3","4340.65"
"45","2001","1","Andhra Pradesh","Visakhapatnam","4912.38","2463.96","2448.42","3194.49","1596.69","1597.8","1717.89","867.27","850.62","664.99","331.44","333.55","642.93","319.74","323.19","22.07","11.7","10.37","410.23","206.37","203.87","258.97","130.63","128.35","151.26","75.75","75.52","2489.98","1459.16","1030.83","1319.3","813.63","505.67","1170.69","645.53","525.15","599.37","359.28","240.08","593.84","355.12","238.73","5.52","4.17","1.35","656.42","306.68","349.74","642.45","299.18","343.27","13.97","7.5","6.48","2722.54","1255.79","3978.32"
"45","2011","1","Andhra Pradesh","Visakhapatnam","5462.83","2719.65","2743.18","3181.45","1573.45","1608.0","2281.38","1146.21","1135.18","736.28","360.26","376.04","693.04","337.39","355.64","43.25","22.86","20.39","453.36","223.62","229.73","247.17","122.1","125.07","206.19","101.52","104.67","3187.45","1776.63","1410.82","1518.09","880.06","638.03","1669.36","896.58","772.78","428.31","261.96","166.36","415.35","253.62","161.75","12.95","8.34","4.61","857.58","418.73","438.85","823.25","397.67","425.59","34.33","21.06","13.26","2993.97","1285.89","4279.86"
"46","1961","1","Andhra Pradesh","East Godavari","2608.38","1305.0","1303.37","2124.9","1062.6","1062.3","483.48","242.41","241.07","100.34","50.24","50.1","98.69","49.43","49.26","1.66","0.81","0.84","459.66","231.42","228.23","413.52","208.61","204.91","46.14","22.81","23.33","678.22","435.88","242.35","481.87","314.71","167.16","196.35","121.17","75.19","293.89","233.03","60.86","284.02","224.42","59.6","9.87","8.61","1.26","445.93","242.31","203.63","427.47","232.83","194.64","18.47","9.48","8.99","1868.55","739.82","2608.38"
"46","1971","1","Andhra Pradesh","East Godavari","3077.19","1541.84","1535.35","2483.55","1243.86","1239.69","593.64","297.97","295.66","119.03","59.63","59.4","116.68","58.41","58.27","2.35","1.22","1.13","517.79","262.09","255.71","460.79","233.17","227.62","57.0","28.91","28.08","954.62","579.28","375.34","670.68","412.89","257.79","283.93","166.38","117.55","247.46","228.78","18.68","239.76","221.77","17.99","7.7","7.01","0.69","514.27","313.71","200.56","490.95","299.97","190.98","23.32","13.75","9.58","2137.2","761.73","2898.93"
"46","1981","1","Andhra Pradesh","East Godavari","3701.04","1857.47","1843.57","2878.86","1443.72","1435.15","822.18","413.76","408.42","143.42","72.36","71.06","139.06","70.09","68.98","4.36","2.28","2.09","651.46","327.96","323.49","560.97","282.24","278.74","90.48","45.73","44.76","1306.9","774.82","532.08","877.43","526.72","350.71","429.48","248.11","181.37","303.75","273.25","30.5","293.87","263.85","30.02","9.88","9.4","0.48","603.92","382.82","221.1","574.73","363.59","211.14","29.19","19.23","9.96","2293.31","907.67","3200.98"
"46","1991","1","Andhra Pradesh","East Godavari","4541.22","2272.96","2268.26","3460.42","1732.3","1728.12","1080.8","540.67","540.14","176.08","88.27","87.81","168.14","83.94","84.2","7.95","4.34","3.61","826.06","414.04","412.02","693.97","348.16","345.82","132.08","65.88","66.2","1854.36","1051.87","802.49","1249.25","715.63","533.62","605.11","336.24","268.87","249.1","221.8","27.3","239.2","212.3","26.9","9.9","9.5","0.4","842.4","568.2","274.2","795.3","534.2","261.1","47.1","34.0","13.0","3449.75","1091.5","4541.25"
"46","2001","1","Andhra Pradesh","East Godavari","4872.62","2445.81","2426.81","3735.91","1877.78","1858.13","1136.71","568.03","568.68","191.56","95.23","96.33","181.59","90.15","91.44","9.97","5.08","4.89","881.65","442.33","439.33","746.17","375.28","370.89","135.48","67.04","68.44","2813.12","1506.99","1306.13","2050.48","1100.88","949.6","762.64","406.11","356.53","219.49","193.49","26.0","212.67","186.98","25.68","6.82","6.51","0.31","987.87","654.63","333.23","945.16","623.2","321.96","42.7","31.43","11.27","2932.41","1207.36","4139.77"
"46","2011","1","Andhra Pradesh","East Godavari","5154.3","2569.69","2584.61","3840.32","1922.29","1918.03","1313.97","647.4","666.58","213.2","104.42","108.77","198.7","96.99","101.71","14.5","7.43","7.06","945.27","468.88","476.39","785.98","391.52","394.47","159.29","77.36","81.92","3288.58","1716.93","1571.64","2329.76","1223.69","1106.07","958.82","493.24","465.58","160.41","142.16","18.25","153.81","136.12","17.69","6.6","6.04","0.56","1122.05","756.9","365.15","1066.42","715.34","351.09","55.62","41.56","14.06","3060.62","1282.46","4343.08"
"47","1961","1","Andhra Pradesh","West Godavari","1978.26","993.02","985.24","1664.28","835.57","828.72","313.97","157.46","156.52","44.06","21.59","22.47","41.31","20.37","20.94","2.75","1.22","1.54","304.58","154.71","149.87","279.6","142.15","137.46","24.97","12.57","12.41","608.57","378.49","230.97","462.19","290.23","171.96","146.38","88.26","58.11","253.2","207.8","45.4","245.52","201.22","44.3","7.68","6.58","1.09","391.82","199.31","192.51","377.07","192.49","184.58","14.75","6.81","7.93","1333.24","645.02","1978.26"
"47","1971","1","Andhra Pradesh","West Godavari","2364.82","1185.8","1179.02","1944.2","974.84","969.36","420.62","210.96","209.66","51.72","25.89","25.83","48.46","24.22","24.25","3.26","1.67","1.59","340.3","172.91","167.4","310.04","157.67","152.37","30.26","15.24","15.02","826.38","488.86","337.52","615.08","366.11","248.97","211.3","122.75","88.55","216.82","203.0","13.82","208.65","195.32","13.34","8.17","7.68","0.48","479.61","271.84","207.76","454.13","257.25","196.88","25.48","14.59","10.88","1559.68","696.43","2256.11"
"47","1981","1","Andhra Pradesh","West Godavari","2873.96","1443.65","1430.31","2277.08","1143.03","1134.05","596.87","300.62","296.26","66.59","33.33","33.25","60.23","30.14","30.09","6.36","3.19","3.17","464.15","235.02","229.12","408.19","206.66","201.53","55.95","28.36","27.59","1080.95","629.15","451.8","769.3","450.11","319.19","311.65","179.04","132.61","255.82","234.66","21.16","246.16","225.63","20.53","9.66","9.03","0.63","587.8","326.05","261.75","550.07","304.57","245.5","37.74","21.48","16.26","1689.86","843.62","2533.48"
"47","1991","1","Andhra Pradesh","West Godavari","3517.57","1764.09","1753.48","2789.02","1399.93","1389.09","728.55","364.17","364.39","84.65","42.16","42.49","77.47","38.49","38.98","7.17","3.67","3.51","629.23","317.51","311.73","555.41","280.37","275.04","73.82","37.14","36.68","1584.07","888.38","695.68","1159.17","654.45","504.72","424.9","233.93","190.97","220.0","202.2","17.7","211.4","194.2","17.3","8.5","8.1","0.5","806.2","460.8","345.4","750.2","426.2","323.9","56.1","34.6","21.5","2491.39","1026.2","3517.59"
"47","2001","1","Andhra Pradesh","West Godavari","3796.14","1906.1","1890.04","3048.69","1535.94","1512.74","747.46","370.16","377.3","96.66","47.89","48.77","88.86","43.99","44.88","7.8","3.9","3.89","728.96","367.16","361.81","642.58","324.59","317.99","86.38","42.56","43.82","2484.27","1321.56","1162.71","1950.08","1041.86","908.22","534.19","279.7","254.48","209.17","189.46","19.71","202.76","183.4","19.36","6.42","6.06","0.35","955.81","556.01","399.8","902.91","521.98","380.93","52.9","34.03","18.87","2117.8","1164.98","3282.79"
"47","2011","1","Andhra Pradesh","West Godavari","3936.97","1964.92","1972.05","3128.19","1567.01","1561.18","808.78","397.91","410.87","109.07","53.37","55.71","99.66","48.66","51.0","9.41","4.71","4.71","811.7","403.69","408.01","710.7","355.15","355.55","101.0","48.54","52.46","2652.39","1379.22","1273.17","2035.63","1063.68","971.96","616.76","315.55","301.21","155.28","141.4","13.87","149.1","135.56","13.54","6.17","5.84","0.33","1061.79","631.76","430.03","1008.27","595.54","412.73","53.52","36.22","17.3","2163.85","1217.07","3380.92"
"48","1961","1","Andhra Pradesh","Krishna","2076.96","1058.32","1018.63","1588.73","808.1","780.63","488.22","250.22","238.0","37.47","19.18","18.29","31.48","16.12","15.36","6.0","3.07","2.93","223.33","114.45","108.89","197.7","101.4","96.3","25.63","13.04","12.59","647.06","410.68","235.38","417.38","269.2","148.19","229.67","141.48","88.19","264.28","209.94","54.34","255.66","202.51","53.15","8.62","7.43","1.18","371.67","175.09","196.58","357.35","167.98","189.37","14.32","7.11","7.21","1441.0","635.95","2076.96"
"48","1971","1","Andhra Pradesh","Krishna","2486.4","1265.93","1220.47","1807.85","917.85","890.0","678.54","348.07","330.47","50.74","25.94","24.81","43.36","22.08","21.28","7.38","3.85","3.53","250.65","128.1","122.55","217.45","111.08","106.37","33.2","17.02","16.18","868.76","528.04","340.72","516.11","318.62","197.49","352.65","209.42","143.23","210.69","194.76","15.93","200.95","185.55","15.41","9.74","9.21","0.53","418.05","231.8","186.26","397.41","218.92","178.49","20.64","12.87","7.77","1738.28","628.74","2367.02"
"48","1981","1","Andhra Pradesh","Krishna","3048.46","1546.34","1502.12","2056.4","1041.18","1015.22","992.06","505.16","486.9","66.93","34.19","32.73","52.55","26.85","25.7","14.38","7.35","7.03","425.3","217.12","208.18","349.33","178.21","171.12","75.96","38.9","37.06","1271.42","751.47","519.96","698.76","422.79","275.96","572.67","328.67","243.99","250.27","231.36","18.9","238.62","220.36","18.27","11.64","11.01","0.64","534.92","283.37","251.56","499.0","262.95","236.05","35.93","20.42","15.51","1826.93","785.19","2612.12"
"48","1991","1","Andhra Pradesh","Krishna","3698.83","1878.79","1820.04","2373.88","1207.09","1166.79","1324.95","671.7","653.26","91.77","47.11","44.66","70.77","36.39","34.38","21.0","10.72","10.28","613.23","313.28","299.95","497.31","254.64","242.67","115.92","58.64","57.28","1665.57","963.18","702.39","890.28","531.56","358.73","775.29","431.63","343.66","243.3","214.7","28.6","230.6","202.8","27.8","12.8","12.0","0.8","751.8","384.9","366.9","686.9","345.6","341.3","64.9","39.3","25.6","2703.7","995.1","3698.8"
"48","2001","1","Andhra Pradesh","Krishna","4172.98","2128.37","2044.61","2852.77","1443.4","1409.37","1320.21","684.97","635.25","107.61","55.2","52.41","88.71","45.51","43.2","18.9","9.69","9.21","746.83","378.33","368.5","629.36","320.02","309.34","117.47","58.31","59.16","2579.46","1402.83","1176.63","1655.49","911.02","744.47","923.97","491.81","432.17","212.92","180.51","32.41","205.01","174.28","30.73","7.91","6.23","1.68","877.78","440.31","437.47","843.56","420.01","423.54","34.22","20.3","13.93","2331.38","1090.7","3422.08"
"48","2011","1","Andhra Pradesh","Krishna","4517.4","2267.38","2250.02","2673.74","1343.53","1330.2","1843.66","923.84","919.82","132.46","66.73","65.73","93.92","47.29","46.62","38.55","19.44","19.11","871.06","435.41","435.65","665.62","333.8","331.82","205.44","101.61","103.83","3009.72","1598.96","1410.76","1657.59","891.61","765.98","1352.13","707.35","644.78","150.17","124.65","25.51","140.33","116.73","23.6","9.84","7.93","1.91","1006.98","518.83","488.14","933.72","476.17","457.55","73.26","42.66","30.59","2468.52","1157.15","3625.67"
"49","1961","1","Andhra Pradesh","Guntur","3009.9","1522.87","1487.04","2382.97","1205.86","1177.12","626.93","317.01","309.92","95.46","48.7","46.75","78.32","39.95","38.37","17.14","8.76","8.39","157.85","81.44","76.41","137.21","70.97","66.25","20.64","10.48","10.16","832.46","568.62","263.84","569.64","399.46","170.18","262.82","169.16","93.66","506.43","338.76","167.66","486.89","324.25","162.64","19.54","14.51","5.03","452.6","213.35","239.25","430.18","202.33","227.85","22.43","11.02","11.4","2050.87","959.03","3009.9"
"49","1971","1","Andhra Pradesh","Guntur","3721.63","1881.63","1840.0","2913.43","1472.12","1441.31","808.21","409.52","398.69","130.83","66.86","63.97","107.2","54.68","52.52","23.63","12.18","11.45","218.14","111.37","106.77","189.63","96.93","92.7","28.52","14.44","14.08","1070.29","709.04","361.25","700.29","478.48","221.81","370.01","230.56","139.44","394.15","353.31","40.83","379.44","339.55","39.89","14.71","13.76","0.95","638.67","340.82","297.86","604.71","319.71","285.01","33.96","21.11","12.85","2511.39","1032.82","3544.21"
"49","1981","1","Andhra Pradesh","Guntur","4506.32","2282.92","2223.41","3399.95","1720.96","1678.99","1106.37","561.95","544.41","175.56","90.09","85.46","137.81","70.56","67.24","37.75","19.53","18.22","488.3","249.71","238.59","412.21","210.29","201.92","76.1","39.42","36.67","1553.35","1007.37","545.98","1002.46","672.41","330.05","550.89","334.95","215.94","532.99","433.44","99.55","513.85","416.56","97.3","19.15","16.88","2.26","881.77","423.57","458.21","819.92","389.32","430.61","61.85","34.25","27.61","2528.26","1414.76","3943.02"
"49","1991","1","Andhra Pradesh","Guntur","5376.22","2728.7","2647.52","3980.72","2022.76","1957.96","1395.49","705.94","689.56","227.06","117.12","109.94","181.61","93.57","88.04","45.45","23.55","21.91","827.62","422.99","404.63","700.63","358.45","342.18","126.99","64.54","62.45","2050.94","1291.3","759.65","1315.56","861.1","454.45","735.39","430.19","305.2","539.6","407.0","132.5","520.6","390.5","130.1","19.0","16.5","2.5","1265.5","592.7","672.8","1155.1","532.6","622.5","110.4","60.0","50.5","3571.17","1805.1","5376.27"
"49","2001","1","Andhra Pradesh","Guntur","5856.23","2956.07","2900.16","4364.88","2206.75","2158.13","1491.35","749.33","742.03","262.55","134.01","128.54","216.06","110.4","105.65","46.5","23.61","22.89","1117.7","566.75","550.94","951.63","483.45","468.19","166.07","83.31","82.75","3191.17","1851.15","1340.02","2219.38","1313.89","905.49","971.79","537.27","434.52","565.22","386.13","179.1","552.54","375.31","177.24","12.68","10.82","1.86","1385.32","632.04","753.29","1312.49","593.93","718.56","72.83","38.1","34.73","2958.66","1950.55","4909.2"
"49","2011","1","Andhra Pradesh","Guntur","6450.64","3229.31","3221.32","4492.2","2257.5","2234.69","1958.45","971.81","986.64","316.62","160.38","156.24","248.13","126.07","122.05","68.49","34.3","34.19","1319.83","659.06","660.76","1061.24","533.19","528.05","258.58","125.88","132.7","3836.48","2144.27","1692.23","2458.45","1409.48","1048.97","1378.03","734.78","643.25","431.15","305.61","125.54","416.64","293.08","123.57","14.51","12.54","1.97","1637.0","754.21","882.79","1520.42","696.15","824.28","116.56","58.06","58.51","3286.75","2068.15","5354.9"
"50","1961","1","Andhra Pradesh","S.P.S. Nellore","2033.68","1018.46","1015.22","1810.0","904.07","905.93","223.68","114.39","109.29","131.51","68.39","63.12","115.57","60.14","55.43","15.94","8.24","7.7","335.33","168.84","166.49","318.17","159.86","158.31","17.16","8.98","8.18","429.75","306.17","123.57","325.62","240.22","85.4","104.13","65.95","38.18","414.67","255.48","159.19","408.47","250.8","157.67","6.2","4.68","1.51","314.33","143.67","170.67","305.08","138.89","166.19","9.25","4.78","4.48","1304.68","729.0","2033.68"
"50","1971","1","Andhra Pradesh","S.P.S. Nellore","2336.7","1176.51","1160.18","2002.1","1006.43","995.68","334.59","170.09","164.51","151.22","28.07","27.04","131.52","24.7","23.75","19.7","3.38","3.29","177.86","89.93","87.93","169.39","85.59","83.8","8.47","4.34","4.13","596.78","405.75","191.03","430.83","303.67","127.17","165.95","102.08","63.87","259.89","231.19","28.69","252.74","224.79","27.95","7.15","6.4","0.75","431.14","233.09","198.04","414.8","223.44","191.36","16.34","9.67","6.68","1541.22","691.03","2232.25"
"50","1981","1","Andhra Pradesh","S.P.S. Nellore","2900.12","1466.31","1433.81","2349.0","1184.82","1164.18","551.12","281.49","269.63","207.08","106.71","100.37","174.05","89.79","84.27","33.02","16.92","16.1","558.14","282.3","275.84","502.09","253.55","248.55","56.04","28.75","27.29","908.18","599.38","308.8","612.13","420.88","191.25","296.05","178.5","117.55","356.56","292.97","63.59","345.93","283.53","62.41","10.64","9.44","1.2","549.09","273.38","275.72","520.7","257.51","263.19","28.39","15.86","12.53","1644.87","905.65","2550.52"
"50","1991","1","Andhra Pradesh","S.P.S. Nellore","3440.74","1740.56","1700.19","2699.2","1365.8","1333.39","741.54","374.76","366.79","251.62","129.39","122.25","208.36","107.4","100.96","43.26","21.98","21.28","732.82","370.96","361.87","647.05","328.06","318.99","85.77","42.9","42.88","1326.51","835.27","491.24","901.25","590.43","310.81","425.26","244.84","180.42","346.2","270.7","75.4","334.9","260.7","74.2","11.2","10.1","1.2","735.0","359.4","375.7","691.8","334.0","357.9","43.1","25.3","17.8","2359.59","1081.2","3440.79"
"50","2001","1","Andhra Pradesh","S.P.S. Nellore","3820.54","1930.15","1890.39","3039.56","1535.72","1503.84","780.98","394.43","386.55","287.19","146.6","140.58","248.93","127.37","121.56","38.26","19.25","19.02","834.73","421.25","413.48","742.08","374.96","367.12","92.65","46.29","46.36","2136.16","1239.97","896.19","1596.64","946.31","650.33","539.52","293.66","245.86","360.53","261.57","98.95","353.22","255.14","98.08","7.31","6.44","0.87","797.53","376.2","421.33","775.12","363.06","412.06","22.41","13.14","9.27","2024.57","1158.06","3182.63"
"50","2011","1","Andhra Pradesh","S.P.S. Nellore","4254.59","2144.58","2110.0","3144.42","1586.21","1558.21","1110.17","558.37","551.8","343.44","174.31","169.13","288.24","146.48","141.76","55.2","27.83","27.37","965.98","483.62","482.36","810.04","406.62","403.43","155.93","77.0","78.93","2555.88","1432.84","1123.04","1743.27","996.93","746.34","812.61","435.92","376.69","271.92","209.88","62.05","262.48","201.54","60.95","9.44","8.34","1.1","963.16","468.27","494.89","928.27","446.92","481.35","34.89","21.35","13.54","2293.81","1235.08","3528.89"
"51","1961","1","Andhra Pradesh","Kurnool","1908.74","964.55","944.19","1541.76","777.34","764.42","366.98","187.21","179.77","30.64","15.61","15.03","27.81","14.16","13.65","2.83","1.44","1.39","196.08","98.05","98.04","167.13","83.45","83.68","28.95","14.6","14.35","408.6","317.72","90.88","278.44","227.03","51.41","130.16","90.69","39.47","351.33","226.75","124.58","335.2","215.8","119.4","16.14","10.95","5.19","336.61","150.4","186.21","314.27","140.84","173.42","22.35","9.56","12.79","1220.8","687.95","1908.74"
"51","1971","1","Andhra Pradesh","Kurnool","2286.84","1160.27","1126.58","1850.61","937.07","913.53","436.24","223.2","213.04","41.23","21.03","20.2","35.73","18.26","17.47","5.5","2.77","2.73","251.3","127.18","124.11","215.06","108.94","106.13","36.23","18.24","17.99","540.43","398.96","141.47","367.8","283.16","84.64","175.63","115.8","59.83","263.66","225.32","38.34","255.44","218.27","37.17","8.22","7.05","1.17","447.12","216.05","231.08","422.28","203.71","218.58","24.84","12.34","12.5","1459.47","710.78","2170.25"
"51","1981","1","Andhra Pradesh","Kurnool","2780.03","1415.4","1364.63","2134.55","1083.82","1050.73","645.48","331.59","313.89","52.37","26.9","25.47","44.03","22.57","21.47","8.34","4.34","4.0","435.65","222.26","213.38","361.04","183.96","177.08","74.6","38.3","36.3","801.12","566.61","234.52","508.9","378.41","130.48","292.23","188.19","104.04","331.24","261.7","69.55","321.24","253.08","68.16","10.0","8.62","1.38","571.4","263.52","307.89","534.45","244.34","290.11","36.95","19.18","17.77","1548.86","902.64","2451.5"
"51","1991","1","Andhra Pradesh","Kurnool","3414.49","1746.7","1667.8","2573.76","1315.94","1257.83","840.72","430.75","409.97","72.28","37.37","34.9","58.46","30.0","28.47","13.8","7.37","6.44","606.53","310.93","295.6","496.67","255.06","241.6","109.87","55.87","54.0","1116.74","760.02","356.72","702.99","505.81","197.19","413.75","254.22","159.53","385.8","285.6","100.2","374.4","276.0","98.4","11.4","9.7","1.8","768.0","353.6","414.4","713.4","324.0","389.5","54.7","29.7","25.0","2260.63","1153.8","3414.43"
"51","2001","1","Andhra Pradesh","Kurnool","4001.06","2035.45","1965.6","3133.72","1594.53","1539.19","867.34","440.93","426.41","88.56","45.81","42.75","74.1","38.24","35.86","14.46","7.57","6.88","732.88","373.38","359.5","607.32","310.15","297.17","125.56","63.22","62.32","1877.59","1176.19","701.41","1370.94","881.83","489.11","506.66","294.36","212.3","451.27","295.54","155.72","443.58","289.36","154.21","7.69","6.18","1.51","909.81","390.71","519.1","877.51","376.16","501.35","32.3","14.55","17.76","2009.83","1361.08","3370.9"
"51","2011","1","Andhra Pradesh","Kurnool","4597.05","2313.59","2283.47","3341.44","1685.79","1655.65","1255.62","627.8","627.82","107.01","54.32","52.7","84.64","42.71","41.92","22.38","11.61","10.78","864.01","433.78","430.23","680.74","343.96","336.78","183.26","89.82","93.45","2431.87","1423.6","1008.27","1620.21","977.92","642.28","811.66","445.68","365.99","355.75","236.57","119.2","345.2","228.64","116.56","10.55","7.93","2.63","1179.58","532.52","647.06","1119.01","503.58","615.43","60.57","28.95","31.62","2295.54","1535.33","3830.87"
"52","1961","1","Andhra Pradesh","Ananthapur","1767.46","908.25","859.21","1459.84","749.27","710.57","307.63","158.98","148.65","48.5","24.78","23.73","46.93","23.96","22.98","1.57","0.82","0.75","236.29","121.04","115.25","213.83","109.53","104.3","22.45","11.51","10.95","364.26","287.68","76.58","239.93","201.25","38.68","124.33","86.42","37.91","443.04","270.72","172.32","430.69","262.31","168.38","12.35","8.42","3.94","236.78","103.54","133.24","226.69","99.0","127.69","10.09","4.54","5.55","1087.64","679.82","1767.46"
"52","1971","1","Andhra Pradesh","Ananthapur","2115.36","1086.24","1029.12","1739.94","892.57","847.37","375.42","193.67","181.75","64.88","33.11","31.76","61.93","31.6","30.33","2.95","1.51","1.44","278.28","142.25","136.03","252.62","129.15","123.47","25.66","13.1","12.55","500.85","376.72","124.13","329.27","263.67","65.61","171.58","113.05","58.52","332.4","271.03","61.37","324.36","263.83","60.52","8.04","7.2","0.85","343.83","165.68","178.15","329.24","157.41","171.83","14.6","8.27","6.33","1344.73","676.23","2020.96"
"52","1981","1","Andhra Pradesh","Ananthapur","2548.01","1309.53","1238.48","2017.1","1034.78","982.32","530.92","274.75","256.17","82.03","41.84","40.19","75.06","38.02","37.03","6.97","3.81","3.16","348.78","180.18","168.6","300.84","154.1","146.74","47.94","26.08","21.86","739.34","534.8","204.54","474.14","362.68","111.46","265.2","172.12","93.08","438.04","333.43","104.62","428.57","325.09","103.49","9.47","8.34","1.13","388.39","181.01","207.38","366.64","167.75","198.89","21.75","13.26","8.49","1461.01","826.43","2287.44"
"52","1991","1","Andhra Pradesh","Ananthapur","3183.81","1636.0","1547.82","2435.76","1252.82","1182.94","748.05","383.18","364.88","111.21","57.47","53.74","99.13","51.11","48.02","12.08","6.36","5.72","451.81","232.06","219.76","386.02","198.6","187.42","65.79","33.46","32.33","1115.35","761.08","354.28","729.67","523.9","205.77","385.69","237.18","148.51","490.4","358.1","132.3","478.8","348.1","130.7","11.5","10.0","1.6","533.5","248.9","284.6","498.7","228.1","270.6","34.8","20.9","13.9","2159.91","1023.9","3183.81"
"52","2001","1","Andhra Pradesh","Ananthapur","3639.3","1859.5","1779.8","2719.23","1391.21","1328.02","920.08","468.29","451.79","127.16","65.72","61.44","111.46","57.64","53.82","15.7","8.08","7.62","514.9","263.29","251.61","435.95","223.45","212.51","78.94","39.85","39.1","1802.7","1120.71","681.99","1232.54","789.61","442.93","570.16","331.1","239.06","536.0","355.07","180.92","525.73","346.55","179.18","10.27","8.53","1.74","669.41","285.79","383.61","641.99","272.28","369.71","27.42","13.52","13.9","1861.76","1205.4","3067.17"
"52","2011","1","Andhra Pradesh","Ananthapur","4081.15","2064.5","2016.65","2935.44","1489.16","1446.28","1145.71","575.34","570.37","154.13","78.57","75.55","126.36","64.56","61.8","27.77","14.01","13.76","583.14","292.38","290.76","475.93","239.6","236.33","107.21","52.78","54.43","2310.96","1338.47","972.49","1546.39","917.06","629.34","764.57","421.42","343.15","413.25","278.36","134.89","402.4","269.44","132.96","10.85","8.92","1.93","879.54","394.36","485.18","844.06","377.25","466.81","35.48","17.1","18.37","2044.98","1292.79","3337.77"
"53","1961","1","Andhra Pradesh","Kadapa YSR","1342.02","978.45","936.19","1164.9","594.96","569.94","177.11","90.63","86.48","50.93","26.37","24.56","47.95","24.8","23.16","2.98","1.58","1.4","340.13","172.75","167.38","324.78","164.77","160.01","15.35","7.99","7.37","400.88","308.97","91.91","301.55","242.77","58.78","99.33","66.2","33.13","544.58","331.47","213.11","535.7","325.46","210.24","8.88","6.01","2.87","252.36","121.78","130.58","244.19","118.1","126.1","8.17","3.69","4.48","1117.7","796.94","1914.64"
"53","1971","1","Andhra Pradesh","Kadapa YSR","1575.99","804.57","771.42","1352.26","689.49","662.78","223.73","115.09","108.64","26.61","13.86","12.75","24.95","12.97","11.98","1.66","0.89","0.77","171.65","87.04","84.61","161.49","81.84","79.65","10.16","5.2","4.96","392.43","295.5","96.93","289.87","227.84","62.03","102.56","67.66","34.9","203.42","184.41","19.02","198.26","179.74","18.52","5.16","4.67","0.49","253.65","139.02","114.63","245.49","134.31","111.18","8.16","4.71","3.45","1033.29","457.07","1490.36"
"53","1981","1","Andhra Pradesh","Kadapa YSR","1933.3","986.71","946.6","1558.8","794.65","764.15","374.5","192.05","182.45","37.58","19.59","17.99","34.23","17.82","16.41","3.35","1.77","1.58","250.94","128.19","122.75","225.39","114.99","110.4","25.56","13.2","12.36","601.54","433.29","168.25","418.64","315.35","103.29","182.9","117.94","64.96","256.3","215.05","41.25","249.78","209.26","40.52","6.52","5.79","0.73","302.61","155.01","147.59","289.8","147.32","142.49","12.8","7.7","5.11","1138.32","558.91","1697.23"
"53","1991","1","Andhra Pradesh","Kadapa YSR","2267.77","1159.96","1107.81","1722.8","881.9","840.89","544.97","278.06","266.91","104.94","54.1","50.84","93.92","48.39","45.53","11.02","5.71","5.31","599.52","305.2","294.32","540.84","275.25","265.59","58.68","29.95","28.73","925.73","622.06","303.67","624.39","439.38","185.02","301.34","182.69","118.65","528.5","373.2","155.3","519.5","365.3","154.1","9.0","7.8","1.2","490.4","260.2","230.1","467.7","245.8","221.9","22.7","14.4","8.3","1248.9","1018.9","2267.8"
"53","2001","1","Andhra Pradesh","Kadapa YSR","2573.48","1303.16","1270.32","1972.99","999.81","973.18","600.49","303.35","297.14","128.09","65.05","63.04","111.88","27.45","25.74","16.21","4.19","3.99","702.32","353.44","348.88","619.65","181.75","176.9","82.67","25.56","25.29","1440.74","875.88","564.86","1053.81","654.02","399.79","386.93","221.87","165.07","283.82","202.54","81.29","278.37","197.97","80.41","5.45","4.57","0.88","454.93","212.7","242.24","439.76","205.8","233.96","15.18","6.9","8.28","820.5","738.76","1559.26"
"53","2011","1","Andhra Pradesh","Kadapa YSR","2882.47","1451.78","1430.69","1903.34","959.69","943.64","979.13","492.08","487.05","75.89","38.57","37.32","58.18","29.75","28.43","17.71","8.82","8.89","465.79","232.12","233.67","355.35","177.59","177.76","110.44","54.53","55.91","1716.77","994.7","722.07","1062.36","630.94","431.42","654.41","363.76","290.65","243.61","176.56","67.05","229.28","164.86","64.42","14.32","11.7","2.62","542.46","248.03","294.43","499.46","226.64","272.83","42.99","21.39","21.6","1562.07","786.07","2348.14"
"54","1961","1","Andhra Pradesh","Chittoor","1914.64","685.6","656.42","1695.04","865.11","829.93","219.6","113.34","106.26","22.46","11.68","10.77","21.27","11.08","10.19","1.19","0.61","0.58","148.62","75.35","73.27","139.25","70.49","68.76","9.37","4.86","4.51","291.95","230.57","61.38","222.61","182.7","39.91","69.34","47.87","21.47","301.76","188.59","113.16","294.96","183.73","111.24","6.79","4.87","1.93","200.52","91.23","109.29","193.19","87.99","105.2","7.34","3.24","4.09","839.74","502.28","1342.02"
"54","1971","1","Andhra Pradesh","Chittoor","2281.41","1163.55","1117.86","1975.9","1005.63","970.27","305.52","157.93","147.59","66.8","34.27","32.53","62.38","32.06","30.32","4.42","2.21","2.21","399.14","203.2","195.94","378.52","192.54","185.99","20.62","10.67","9.95","577.5","418.88","158.62","426.28","322.93","103.35","151.22","95.95","55.27","409.97","336.75","73.23","402.99","330.54","72.46","6.98","6.21","0.77","317.55","176.12","141.43","307.96","170.7","137.26","9.59","5.42","4.18","1464.97","727.52","2192.49"
"54","1981","1","Andhra Pradesh","Chittoor","2737.32","1392.61","1344.71","2275.17","1154.61","1120.57","462.14","238.0","224.14","78.83","40.69","38.15","71.36","36.81","34.55","7.48","3.88","3.6","478.88","242.91","235.97","443.17","224.24","218.93","35.71","18.67","17.04","871.84","599.68","272.17","613.3","441.48","171.82","258.55","158.19","100.35","503.5","381.43","122.08","494.9","373.87","121.03","8.6","7.56","1.05","368.26","197.02","171.24","353.31","188.29","165.02","14.95","8.73","6.22","1584.74","871.76","2456.5"
"54","1991","1","Andhra Pradesh","Chittoor","3261.12","1658.51","1602.61","2615.29","1327.79","1287.5","645.83","330.73","315.11","47.41","24.62","22.8","40.76","21.13","19.63","6.65","3.49","3.16","337.94","173.58","164.36","291.91","150.23","141.68","46.03","23.35","22.68","1383.28","885.6","497.69","983.76","653.59","330.17","399.52","232.0","167.52","272.5","221.3","51.3","263.3","213.2","50.1","9.3","8.1","1.2","368.5","189.8","178.6","345.9","176.0","169.9","22.6","13.9","8.7","2620.1","641.0","3261.1"
"54","2001","1","Andhra Pradesh","Chittoor","3735.2","1883.45","1851.75","2925.19","1472.42","1452.76","810.02","411.03","398.99","61.37","31.64","29.73","53.19","56.92","54.96","8.18","8.13","8.07","409.49","207.3","202.19","358.64","311.79","307.86","50.85","41.65","41.02","2208.86","1290.49","918.37","1627.13","967.79","659.34","581.73","322.7","259.03","534.01","338.34","195.67","528.73","333.73","195.0","5.28","4.61","0.67","628.4","309.25","319.15","615.7","301.58","314.13","12.7","7.67","5.03","2569.63","1162.41","3732.04"
"54","2011","1","Andhra Pradesh","Chittoor","4174.06","2090.2","2083.86","2942.68","1474.05","1468.63","1231.39","616.15","615.23","159.17","79.76","79.41","128.75","64.88","63.87","30.41","14.88","15.54","785.76","389.58","396.18","647.42","321.94","325.48","138.34","67.64","70.7","2667.88","1484.79","1183.08","1757.22","998.75","758.47","910.66","486.04","424.62","434.54","274.67","159.87","425.26","267.17","158.09","9.28","7.5","1.78","748.09","373.78","374.31","720.38","357.33","363.05","27.71","16.45","11.26","2240.71","1182.63","3423.34"
"55","1961","20","Telangana","Hyderabad","2063.0","1056.58","1006.42","780.32","391.79","388.53","1282.68","664.79","617.89","1.55","0.82","0.74","0.64","0.31","0.34","0.91","0.51","0.4","326.31","163.92","162.39","172.17","86.48","85.69","154.14","77.44","76.7","723.0","484.76","238.24","112.32","91.84","20.47","610.69","392.92","217.77","210.99","120.72","90.27","205.92","117.25","88.66","5.07","3.47","1.6","138.24","54.63","83.61","131.39","52.03","79.36","6.85","2.6","4.25","1713.77","349.22","2063.0"
"55","1971","20","Telangana","Hyderabad","2787.69","1434.83","1352.87","947.98","480.3","467.68","1839.71","954.52","885.19","4.67","2.53","2.14","1.03","0.52","0.51","3.64","2.01","1.63","392.78","199.35","193.43","204.76","103.5","101.27","188.02","95.85","92.17","1112.61","712.56","400.04","156.77","123.03","33.75","955.84","589.54","366.3","182.68","132.34","50.34","176.87","127.45","49.42","5.81","4.9","0.91","167.48","70.58","96.9","156.1","64.52","91.58","11.38","6.06","5.32","2200.39","350.16","2550.55"
"55","1981","20","Telangana","Hyderabad","3842.76","1986.09","1856.67","1205.07","611.67","593.39","2637.7","1374.41","1263.28","87.15","44.8","42.34","67.49","34.47","33.03","19.65","10.34","9.32","524.44","266.67","257.76","253.9","128.81","125.09","270.54","137.87","132.67","1783.88","1101.65","682.33","268.47","193.37","75.1","1515.51","908.29","607.22","228.25","158.31","69.93","221.39","152.52","68.87","6.86","5.8","1.06","202.13","84.29","117.83","189.44","77.22","112.22","12.69","7.07","5.61","2539.35","430.38","2969.73"
"55","1991","20","Telangana","Hyderabad","5697.97","2941.56","2756.41","1346.79","688.39","658.4","4351.18","2253.17","2098.01","138.34","71.5","66.84","87.52","44.74","42.78","50.83","26.76","24.06","718.13","365.54","352.59","297.21","151.84","145.36","420.92","213.7","207.23","2917.39","1736.06","1181.33","347.59","252.04","95.55","2569.79","1484.02","1085.78","258.6","172.6","86.0","246.2","162.5","83.6","12.5","10.1","2.4","291.2","124.7","166.5","260.2","106.9","153.3","31.0","17.7","13.2","5148.23","549.8","5698.03"
"55","2001","20","Telangana","Hyderabad","7193.13","3701.19","3491.94","1638.53","836.29","802.25","5554.6","2864.9","2689.69","180.62","92.91","87.7","119.78","61.28","58.5","60.84","31.63","29.2","827.3","418.34","408.96","337.04","170.92","166.12","490.26","247.42","242.84","4580.96","2580.9","2000.06","748.01","469.16","278.86","3832.95","2111.75","1721.2","283.08","175.97","107.11","274.27","169.04","105.24","8.8","6.93","1.87","296.27","117.16","179.12","281.46","108.86","172.61","14.81","8.3","6.51","4635.68","579.35","5215.03"
"55","2011","20","Telangana","Hyderabad","9240.06","4719.59","4520.48","1577.57","801.01","776.56","7662.49","3918.58","3743.93","267.7","138.33","129.37","133.89","68.75","65.14","133.81","69.58","64.23","899.97","452.32","447.64","325.52","163.58","161.94","574.46","288.75","285.7","6430.19","3491.47","2938.71","839.19","493.49","345.69","5591.0","2997.98","2593.02","299.24","185.13","114.1","246.06","154.11","91.95","53.18","31.02","22.15","372.06","163.06","209.0","303.74","121.5","182.24","68.33","41.57","26.76","5630.69","671.3","6301.99"
"56","1961","20","Telangana","Nizamabad","1022.01","509.18","512.83","873.72","432.5","441.22","148.3","76.68","71.61","0.74","0.37","0.37","0.72","0.36","0.36","0.02","0.01","0.01","163.1","80.64","82.47","149.14","73.62","75.52","13.97","7.02","6.95","146.4","117.0","29.4","99.0","82.53","16.48","47.4","34.47","12.93","284.3","155.67","128.63","274.46","149.95","124.51","9.84","5.72","4.12","122.06","51.95","70.11","116.12","49.7","66.43","5.94","2.25","3.68","615.65","406.36","1022.01"
"56","1971","20","Telangana","Nizamabad","1312.42","656.57","655.85","1103.85","548.62","555.24","208.57","107.95","100.61","0.58","0.32","0.25","0.45","0.24","0.21","0.13","0.09","0.04","200.02","98.99","101.04","182.42","90.1","92.32","17.6","8.88","8.72","224.15","170.93","53.22","146.92","118.2","28.72","77.23","52.73","24.51","241.81","172.09","69.72","234.34","166.26","68.08","7.47","5.84","1.63","152.0","71.93","80.07","143.71","67.82","75.89","8.29","4.11","4.18","834.87","393.81","1228.68"
"56","1981","20","Telangana","Nizamabad","1679.68","834.5","845.19","1357.03","668.65","688.39","322.65","165.85","156.8","90.26","46.1","44.16","87.46","44.53","42.93","2.8","1.57","1.23","258.84","126.4","132.44","231.57","112.58","118.99","27.27","13.82","13.45","364.99","266.13","98.86","228.16","177.42","50.73","136.83","88.71","48.12","313.17","205.9","107.27","303.96","199.17","104.79","9.21","6.73","2.48","227.6","103.83","123.77","212.54","96.02","116.52","15.06","7.81","7.25","872.05","540.77","1412.82"
"56","1991","20","Telangana","Nizamabad","2037.62","1010.01","1027.61","1624.68","800.98","823.7","412.94","209.03","203.91","120.72","61.16","59.56","116.44","58.92","57.52","4.28","2.24","2.04","308.0","150.6","157.4","274.5","134.01","140.5","33.5","16.59","16.9","577.91","395.16","182.75","376.7","272.89","103.81","201.21","122.26","78.95","326.9","204.9","122.0","319.5","199.4","120.0","7.4","5.5","1.9","307.5","147.5","160.0","286.9","135.6","151.3","20.5","11.9","8.7","1403.26","634.4","2037.66"
"56","2001","20","Telangana","Nizamabad","2342.8","1161.91","1180.9","1920.27","947.78","972.49","422.53","214.13","208.41","165.74","83.14","82.6","161.61","80.95","80.66","4.13","2.18","1.94","348.16","170.2","177.96","315.64","154.07","161.57","32.52","16.13","16.39","1075.64","661.0","414.64","808.33","508.83","299.5","267.32","152.18","115.14","316.12","200.39","115.73","313.2","197.89","115.3","2.92","2.5","0.42","341.68","164.48","177.21","331.09","158.15","172.95","10.59","6.33","4.26","1183.19","657.8","1840.99"
"56","2011","20","Telangana","Nizamabad","2551.34","1250.64","1300.69","1962.96","958.84","1004.13","588.37","291.8","296.57","192.94","95.68","97.26","185.3","92.06","93.24","7.64","3.62","4.02","371.07","178.8","192.28","323.43","155.82","167.61","47.65","22.98","24.67","1389.81","790.21","599.6","987.59","573.18","414.41","402.22","217.03","185.19","278.1","175.27","102.83","272.97","171.54","101.42","5.14","3.73","1.41","448.28","225.0","223.28","428.59","213.39","215.21","19.69","11.62","8.08","1290.26","726.38","2016.64"
"57","1961","20","Telangana","Medak","1227.36","614.85","612.51","1132.48","566.33","566.15","94.88","48.52","46.36","0.09","0.04","0.04","0.08","0.04","0.04","0.0","0.0","0.0","209.36","105.67","103.69","200.3","101.13","99.17","9.06","4.53","4.53","172.38","143.34","29.04","139.33","118.96","20.38","33.05","24.39","8.66","363.94","209.82","154.12","357.6","205.99","151.61","6.34","3.84","2.51","177.82","74.91","102.91","171.78","72.72","99.06","6.04","2.19","3.85","685.6","541.76","1227.36"
"57","1971","20","Telangana","Medak","1460.89","735.66","725.23","1336.19","672.19","664.0","124.7","63.47","61.24","0.12","0.06","0.06","0.11","0.05","0.05","0.01","0.01","0.01","232.65","117.61","115.04","222.08","112.34","109.73","10.58","5.27","5.31","235.35","186.01","49.35","183.45","150.78","32.67","51.9","35.22","16.68","297.0","224.86","72.14","292.57","221.36","71.21","4.43","3.49","0.93","221.07","99.98","121.1","214.9","97.67","117.24","6.17","2.31","3.86","870.99","518.07","1389.06"
"57","1981","20","Telangana","Medak","1807.14","911.87","895.27","1590.74","799.75","790.98","216.4","112.12","104.29","68.52","35.08","33.44","67.51","34.46","33.05","1.01","0.62","0.39","310.0","156.44","153.56","290.78","146.57","144.2","19.23","9.86","9.36","389.06","291.78","97.28","282.42","222.72","59.7","106.64","69.06","37.58","366.63","264.72","101.91","360.49","260.13","100.36","6.14","4.59","1.56","258.82","112.54","146.28","248.22","107.89","140.33","10.6","4.65","5.95","997.72","625.45","1623.17"
"57","1991","20","Telangana","Medak","2269.8","1152.08","1117.72","1941.31","983.27","958.04","328.49","168.81","159.68","95.04","48.95","46.09","92.1","47.31","44.79","2.94","1.64","1.3","405.72","205.31","200.41","372.25","188.37","183.88","33.47","16.94","16.53","601.87","426.07","175.8","427.21","319.06","108.16","174.66","107.02","67.64","419.9","275.0","144.9","414.8","270.9","143.9","5.1","4.0","1.1","386.9","169.9","217.0","370.8","161.1","209.7","16.1","8.8","7.3","1462.98","806.8","2269.78"
"57","2001","20","Telangana","Medak","2662.3","1347.24","1315.06","2277.62","1149.75","1127.87","384.68","197.49","187.18","134.53","68.97","65.57","130.11","66.7","63.41","4.43","2.27","2.16","469.49","235.72","233.78","431.86","217.04","214.83","37.63","18.68","18.95","1211.81","753.94","457.87","951.46","605.55","345.91","260.35","148.4","111.96","394.24","254.63","139.62","390.86","251.86","139.01","3.38","2.77","0.61","480.13","205.0","275.14","471.28","200.42","270.86","8.85","4.58","4.28","1368.64","874.38","2243.01"
"57","2011","20","Telangana","Medak","3033.29","1523.03","1510.26","2305.42","1152.81","1152.61","727.87","370.22","357.65","168.99","86.57","82.41","156.8","80.31","76.49","12.18","6.27","5.92","537.95","266.41","271.53","461.02","228.18","232.84","76.93","38.24","38.69","1637.14","953.41","683.73","1134.49","674.42","460.07","502.65","278.99","223.66","353.22","223.33","129.9","345.07","217.55","127.52","8.15","5.77","2.38","571.13","254.14","316.99","546.13","240.82","305.31","25.0","13.32","11.67","1591.09","924.35","2515.44"
"58","1961","20","Telangana","Mahabubnagar","1590.69","794.04","796.65","1431.0","712.17","718.83","159.69","81.87","77.82","4.75","2.4","2.35","4.7","2.35","2.35","0.05","0.05","0.0","291.88","145.18","146.7","276.72","137.62","139.1","15.16","7.56","7.61","214.07","170.77","43.3","160.86","132.3","28.56","53.22","38.48","14.74","404.51","234.36","170.15","394.44","228.27","166.17","10.07","6.09","3.99","265.54","103.9","161.64","253.69","99.66","154.03","11.86","4.24","7.62","920.63","670.05","1590.69"
"58","1971","20","Telangana","Mahabubnagar","1929.6","970.13","959.47","1755.98","880.92","875.06","173.62","89.2","84.41","5.6","2.8","2.8","5.5","2.75","2.75","0.1","0.05","0.05","325.31","163.21","162.11","311.79","156.28","155.51","13.52","6.92","6.6","302.32","227.0","75.32","231.68","180.66","51.02","68.65","46.34","22.3","364.65","287.98","76.67","357.99","282.74","75.25","6.66","5.24","1.42","349.01","135.3","213.71","337.5","130.69","206.81","11.51","4.61","6.9","1113.4","713.66","1827.06"
"58","1981","20","Telangana","Mahabubnagar","2444.62","1232.68","1211.94","2177.4","1093.58","1083.82","267.22","139.11","128.11","155.24","79.29","75.96","153.2","78.12","75.08","2.04","1.17","0.87","424.08","214.15","209.92","400.38","201.61","198.78","23.7","12.55","11.15","474.62","346.6","128.03","350.76","265.6","85.16","123.86","80.99","42.87","511.93","376.11","135.82","502.21","368.79","133.42","9.72","7.33","2.39","396.67","152.09","244.58","382.23","146.18","236.05","14.43","5.91","8.53","1297.79","908.6","2206.39"
"58","1991","20","Telangana","Mahabubnagar","3077.05","1559.62","1517.43","2734.86","1383.79","1351.07","342.19","175.83","166.36","227.41","116.87","110.53","223.67","114.81","108.86","3.73","2.06","1.67","542.38","276.02","266.36","512.48","260.56","251.92","29.9","15.45","14.45","735.24","514.45","220.8","555.11","404.46","150.65","180.13","109.98","70.15","586.4","403.2","183.2","577.9","396.7","181.3","8.5","6.6","1.9","627.5","242.8","384.7","602.7","231.3","371.4","24.7","11.5","13.2","1863.19","1213.9","3077.09"
"58","2001","20","Telangana","Mahabubnagar","3506.88","1779.99","1726.88","3135.45","1589.9","1545.54","371.43","190.09","181.34","278.7","143.12","135.59","273.56","140.25","133.31","5.14","2.87","2.28","600.93","304.63","296.3","571.51","289.69","281.82","29.41","14.93","14.48","1356.19","874.03","482.15","1107.52","732.0","375.52","248.67","142.03","106.64","556.09","362.22","193.87","551.88","358.92","192.96","4.21","3.3","0.91","777.05","288.26","488.78","764.75","283.49","481.26","12.3","4.77","7.53","1683.55","1333.13","3016.68"
"58","2011","20","Telangana","Mahabubnagar","4053.03","2050.39","2002.64","3445.34","1742.44","1702.9","607.69","307.95","299.74","364.27","187.04","177.23","345.36","176.54","168.82","18.91","10.5","8.42","708.95","356.1","352.86","651.27","327.59","323.68","57.68","28.51","29.17","1940.65","1158.39","782.26","1521.78","926.17","595.61","418.87","232.22","186.65","569.14","358.06","211.09","559.09","351.05","208.04","10.06","7.01","3.05","931.08","367.87","563.21","905.33","357.22","548.12","25.75","10.66","15.09","1970.53","1500.22","3470.75"
"59","1961","20","Telangana","Nalgonda","1574.95","807.62","767.32","1428.37","728.31","700.06","146.58","79.31","67.26","0.47","0.25","0.23","0.43","0.22","0.21","0.04","0.02","0.02","269.45","138.8","130.65","253.91","130.66","123.25","15.54","8.14","7.41","222.24","177.72","44.53","169.46","138.78","30.68","52.78","38.93","13.85","380.8","239.87","140.93","376.0","236.71","139.29","4.81","3.16","1.65","260.22","112.53","147.69","254.89","110.35","144.54","5.32","2.18","3.14","933.93","641.02","1574.94"
"59","1971","20","Telangana","Nalgonda","1808.6","920.34","888.26","1687.34","856.83","830.52","121.26","63.52","57.74","0.52","0.27","0.25","0.49","0.26","0.23","0.03","0.02","0.01","289.25","148.56","140.69","276.45","141.88","134.57","12.8","6.68","6.12","307.91","230.24","77.67","252.25","193.82","58.43","55.65","36.42","19.24","299.06","247.9","51.16","291.81","240.91","50.9","3.25","2.99","0.26","300.89","144.61","156.29","296.11","142.3","153.81","4.78","2.31","2.47","1114.78","599.95","1714.73"
"59","1981","20","Telangana","Nalgonda","2279.69","1157.74","1121.95","2020.17","1021.42","998.75","259.52","136.32","123.2","195.66","100.64","95.02","189.31","97.08","92.23","6.36","3.56","2.79","372.41","189.79","182.63","345.03","175.32","169.71","27.38","14.46","12.92","511.54","365.72","145.82","379.75","281.5","98.25","131.8","84.23","47.57","383.99","307.04","76.95","377.81","301.69","76.12","6.18","5.36","0.82","380.17","172.6","207.57","369.05","166.73","202.32","11.12","5.87","5.25","1267.65","764.16","2031.81"
"59","1991","20","Telangana","Nalgonda","2852.09","1453.91","1398.19","2513.64","1278.59","1235.05","338.45","175.31","163.14","275.64","143.14","132.5","266.4","137.96","128.45","9.24","5.18","4.06","504.21","257.01","247.2","467.04","237.78","229.25","37.17","19.23","17.94","894.31","607.45","286.86","694.19","486.87","207.32","200.12","120.58","79.54","416.9","306.3","110.6","410.9","301.3","109.6","6.0","5.0","1.0","555.6","229.7","325.9","539.9","222.0","317.9","15.7","7.7","8.0","1879.62","972.5","2852.12"
"59","2001","20","Telangana","Nalgonda","3238.45","1646.56","1591.89","2808.99","1426.47","1382.52","429.46","220.09","209.37","342.68","178.37","164.3","326.91","169.16","157.74","15.77","9.21","6.56","575.79","291.96","283.83","526.0","266.59","259.41","49.79","25.38","24.42","1618.92","998.58","620.34","1309.34","823.68","485.66","309.58","174.9","134.69","410.44","273.51","136.93","406.04","269.87","136.17","4.4","3.64","0.77","670.67","246.5","424.17","660.27","242.21","418.06","10.4","4.29","6.11","1643.78","1081.1","2724.88"
"59","2011","20","Telangana","Nalgonda","3488.81","1759.77","1729.04","2826.3","1427.72","1398.59","662.51","332.06","330.45","394.28","203.88","190.4","366.3","189.06","177.24","27.98","14.82","13.16","637.39","318.36","319.03","550.73","276.39","274.34","86.65","41.97","44.69","2001.02","1160.76","840.26","1515.55","897.0","618.55","485.47","263.76","221.71","325.22","219.56","105.67","317.38","213.43","103.95","7.85","6.13","1.72","863.13","345.72","517.41","835.89","334.6","501.29","27.24","11.11","16.13","1747.12","1188.35","2935.47"
"60","1961","20","Telangana","Warangal","1545.44","790.74","754.7","1327.58","677.78","649.79","217.86","112.96","104.9","32.94","16.54","16.4","32.54","16.32","16.22","0.4","0.22","0.18","260.5","134.5","126.0","233.01","120.28","112.73","27.49","14.22","13.27","237.54","187.54","50.01","157.73","130.1","27.63","79.81","57.43","22.38","364.02","219.86","144.16","355.97","214.8","141.17","8.05","5.06","2.99","237.95","103.07","134.88","230.47","100.15","130.32","7.48","2.92","4.56","943.47","601.96","1545.44"
"60","1971","20","Telangana","Warangal","1860.39","951.1","909.3","1608.94","820.86","788.08","251.45","130.23","121.22","43.29","22.02","21.27","42.84","21.74","21.1","0.45","0.28","0.17","296.95","153.33","143.61","272.34","140.61","131.72","24.61","12.72","11.89","340.56","255.83","84.73","227.89","180.25","47.64","112.67","75.58","37.09","275.13","226.23","48.91","271.23","222.87","48.36","3.91","3.36","0.55","298.11","142.57","155.54","293.07","139.97","153.1","5.04","2.61","2.44","1186.7","573.24","1759.94"
"60","1981","20","Telangana","Warangal","2300.3","1171.48","1128.81","1903.82","966.47","937.35","396.47","205.02","191.46","292.77","151.1","141.67","282.08","145.23","136.85","10.7","5.87","4.83","383.77","197.53","186.24","333.84","171.79","162.05","49.94","25.75","24.19","541.62","387.97","153.65","337.9","256.63","81.27","203.72","131.34","72.38","353.95","277.74","76.22","349.32","273.85","75.48","4.63","3.89","0.74","360.56","163.14","197.42","352.55","159.0","193.55","8.0","4.14","3.87","1314.25","714.51","2028.76"
"60","1991","20","Telangana","Warangal","2818.83","1436.67","1382.17","2272.21","1157.07","1115.14","546.62","279.6","267.02","385.31","199.14","186.17","369.66","190.98","178.68","15.65","8.16","7.49","484.65","248.78","235.88","413.22","212.34","200.88","71.44","36.44","35.0","918.82","620.33","298.49","600.5","428.51","171.99","318.32","191.82","126.5","413.9","291.8","122.2","409.3","287.9","121.4","4.7","3.9","0.7","537.2","222.3","314.9","524.4","215.7","308.7","12.8","6.6","6.3","1867.66","951.1","2818.76"
"60","2001","20","Telangana","Warangal","3231.17","1637.68","1593.49","2610.38","1322.98","1287.4","620.79","314.7","306.09","457.68","235.45","222.23","444.41","228.57","215.84","13.27","6.88","6.39","551.39","279.92","271.47","471.14","239.4","231.74","80.25","40.52","39.73","1632.87","990.39","642.48","1186.68","738.45","448.23","446.19","251.94","194.25","464.13","293.78","170.35","460.01","290.75","169.26","4.11","3.03","1.09","604.37","227.42","376.96","596.87","224.02","372.85","7.51","3.4","4.11","1664.93","1068.5","2733.44"
"60","2011","20","Telangana","Warangal","3512.58","1759.28","1753.3","2520.24","1260.59","1259.65","992.33","498.69","493.65","530.66","268.98","261.68","486.03","246.03","240.01","44.62","22.95","21.67","616.1","307.71","308.39","461.3","230.56","230.74","154.81","77.15","77.66","2065.02","1179.79","885.23","1337.41","781.42","555.99","727.62","398.37","329.24","401.65","255.46","146.19","392.45","248.81","143.64","9.2","6.65","2.55","758.09","293.93","464.16","718.5","277.45","441.04","39.59","16.48","23.12","1806.92","1159.74","2966.66"
"61","1961","20","Telangana","Khammam","1057.54","539.99","517.55","929.17","472.82","456.35","128.37","67.17","61.2","171.28","85.58","85.71","169.95","84.87","85.08","1.34","0.71","0.63","142.95","73.2","69.75","122.06","62.53","59.52","20.9","10.67","10.23","161.07","119.0","42.08","113.42","85.72","27.7","47.65","33.27","14.38","230.24","147.66","82.58","228.5","146.34","82.16","1.74","1.33","0.41","172.56","78.12","94.44","171.29","77.47","93.81","1.27","0.64","0.63","654.74","402.8","1057.54"
"61","1971","20","Telangana","Khammam","1369.12","698.7","670.42","1171.54","596.0","575.55","197.58","102.7","94.88","201.67","100.98","100.69","197.81","99.02","98.79","3.86","1.96","1.9","167.9","86.19","81.7","144.63","74.27","70.37","23.26","11.93","11.34","252.57","176.34","76.23","168.63","121.67","46.97","83.93","54.67","29.26","183.63","164.76","18.86","180.14","161.38","18.76","3.49","3.38","0.11","229.13","114.92","114.21","224.94","112.31","112.63","4.18","2.6","1.58","895.51","412.76","1308.27"
"61","1981","20","Telangana","Khammam","1751.57","895.01","856.56","1454.19","742.09","712.1","297.39","152.92","144.47","429.96","218.05","211.91","413.13","209.24","203.89","16.83","8.81","8.02","259.93","134.05","125.87","220.32","113.86","106.46","39.6","20.19","19.41","448.25","296.8","151.45","295.27","202.81","92.45","152.98","93.99","58.99","239.69","201.42","38.27","236.86","198.72","38.14","2.83","2.69","0.14","309.29","146.81","162.47","303.12","142.86","160.27","6.17","3.96","2.21","1017.2","548.98","1566.18"
"61","1991","20","Telangana","Khammam","2215.81","1130.03","1085.78","1767.65","902.47","865.18","448.16","227.56","220.6","558.96","284.15","274.81","527.09","268.04","259.05","31.87","16.11","15.76","360.15","184.63","175.53","300.94","154.96","145.98","59.21","29.67","29.55","741.66","468.27","273.39","484.81","319.08","165.73","256.85","149.19","107.66","261.1","205.8","55.3","257.0","202.1","55.0","4.0","3.7","0.3","464.0","217.6","246.4","446.3","206.4","239.9","17.7","11.2","6.5","1490.74","725.1","2215.84"
"61","2001","20","Telangana","Khammam","2565.41","1299.25","1266.17","2057.36","1042.3","1015.06","508.05","256.95","251.1","682.62","344.03","338.59","641.73","323.59","318.14","40.89","20.44","20.45","426.69","216.75","209.95","354.18","180.31","173.88","72.51","36.44","36.07","1285.95","756.07","529.88","933.35","560.75","372.6","352.6","195.31","157.28","285.05","193.68","91.36","281.81","191.09","90.72","3.24","2.6","0.64","610.17","270.52","339.65","597.59","263.75","333.84","12.58","6.77","5.82","1321.03","895.22","2216.25"
"61","2011","20","Telangana","Khammam","2797.37","1390.99","1406.38","2141.46","1066.78","1074.68","655.91","324.21","331.7","765.57","378.53","387.03","709.9","352.02","357.89","55.66","26.51","29.15","462.9","229.91","232.99","366.89","183.33","183.56","96.01","46.57","49.43","1630.23","901.64","728.59","1149.53","647.51","502.03","480.7","254.13","226.57","224.97","151.97","73.0","220.55","148.36","72.19","4.43","3.62","0.81","804.54","361.95","442.59","770.84","345.57","425.27","33.7","16.38","17.33","1387.31","1029.51","2416.82"
"62","1961","20","Telangana","Karimnagar","1621.52","812.49","809.02","1507.0","753.52","753.48","114.51","58.97","55.54","13.12","6.53","6.58","13.11","6.53","6.58","0.01","0.0","0.01","315.26","158.29","156.98","303.6","152.43","151.17","11.66","5.85","5.81","209.1","171.96","37.14","168.01","142.12","25.89","41.09","29.83","11.25","361.84","211.94","149.9","355.48","208.01","147.47","6.36","3.94","2.42","206.61","92.85","113.76","203.14","91.6","111.54","3.48","1.25","2.22","1053.06","568.45","1621.52"
"62","1971","20","Telangana","Karimnagar","1956.37","985.97","970.4","1746.55","878.08","868.47","209.82","107.89","101.93","16.43","8.36","8.08","15.7","7.93","7.77","0.74","0.42","0.31","369.63","187.38","182.24","346.49","175.59","170.9","23.14","11.79","11.35","300.16","234.34","65.81","221.9","180.47","41.43","78.25","53.87","24.38","322.62","239.53","83.09","315.37","233.65","81.72","7.25","5.88","1.37","294.62","136.32","158.31","286.39","132.45","153.94","8.23","3.87","4.37","1199.76","617.24","1817.0"
"62","1981","20","Telangana","Karimnagar","2436.32","1221.84","1214.48","2051.59","1024.25","1027.35","384.73","197.6","187.13","60.57","30.94","29.63","57.75","29.39","28.36","2.82","1.55","1.27","459.37","231.07","228.3","415.48","208.57","206.91","43.89","22.5","21.39","523.83","389.37","134.46","352.58","276.68","75.9","171.25","112.69","58.56","402.99","276.89","126.11","392.49","268.76","123.74","10.5","8.13","2.37","408.28","181.65","226.63","392.42","174.12","218.3","15.86","7.52","8.34","1273.6","811.27","2084.87"
"62","1991","20","Telangana","Karimnagar","3037.49","1529.79","1507.7","2413.17","1211.03","1202.14","624.32","318.76","305.56","83.02","42.3","40.72","76.89","39.15","37.74","6.13","3.15","2.98","563.94","285.05","278.89","490.01","247.56","242.46","73.93","37.5","36.43","950.88","653.98","296.9","628.96","456.79","172.18","321.92","197.19","124.72","458.0","296.5","161.5","448.6","289.3","159.3","9.4","7.1","2.2","528.2","224.4","303.8","508.3","213.6","294.8","19.9","10.8","9.0","2051.34","986.2","3037.54"
"62","2001","20","Telangana","Karimnagar","3477.08","1738.25","1738.83","2798.14","1394.56","1403.57","678.94","343.68","335.26","90.64","45.81","44.83","81.53","41.07","40.46","9.11","4.74","4.37","650.25","325.83","324.42","566.53","283.72","282.8","83.72","42.11","41.61","1699.58","1027.83","671.75","1246.96","769.99","476.98","452.61","257.84","194.77","444.02","276.36","167.67","440.57","273.71","166.86","3.45","2.64","0.81","582.52","248.76","333.76","573.48","243.86","329.62","9.04","4.9","4.14","1765.52","1026.54","2792.06"
"62","2011","20","Telangana","Karimnagar","3776.27","1880.8","1895.47","2825.04","1401.95","1423.09","951.23","478.85","472.38","106.75","53.5","53.25","92.35","46.2","46.15","14.39","7.29","7.1","709.76","352.48","357.28","587.48","291.43","296.05","122.27","61.05","61.22","2206.83","1257.24","949.59","1538.28","889.49","648.79","668.55","367.75","300.8","360.39","225.91","134.48","351.68","219.73","131.95","8.71","6.18","2.53","756.86","342.31","414.55","723.79","324.92","398.87","33.07","17.39","15.68","1899.5","1117.25","3016.75"
"63","1961","20","Telangana","Adilabad","1009.29","509.55","499.74","852.92","427.72","425.2","156.37","81.83","74.54","131.97","66.35","65.62","131.48","66.06","65.42","0.49","0.3","0.2","187.12","93.88","93.25","164.19","82.15","82.04","22.93","11.73","11.21","118.29","95.57","22.72","70.45","60.31","10.14","47.84","35.26","12.57","249.6","141.23","108.36","243.11","137.19","105.93","6.48","4.05","2.44","137.28","63.04","74.24","133.11","61.2","71.91","4.17","1.84","2.33","622.42","386.88","1009.29"
"63","1971","20","Telangana","Adilabad","1285.97","650.83","635.14","1080.91","544.15","536.76","208.06","106.68","98.38","169.3","84.91","84.39","167.34","83.88","83.46","1.96","1.03","0.93","226.99","114.95","112.04","197.15","99.59","97.56","29.84","15.36","14.48","181.9","140.74","41.16","112.41","91.82","20.6","69.49","48.93","20.56","212.01","164.29","47.72","207.4","160.31","47.09","4.61","3.98","0.63","179.57","87.0","92.57","174.49","84.26","90.23","5.09","2.75","2.34","839.99","391.58","1231.57"
"63","1981","20","Telangana","Adilabad","1639.0","827.98","811.03","1322.02","664.17","657.85","316.98","163.81","153.18","272.89","137.25","135.64","268.28","134.65","133.63","4.61","2.6","2.01","300.42","152.11","148.31","256.56","129.64","126.92","43.86","22.47","21.39","307.9","230.24","77.66","180.07","144.15","35.92","127.83","86.09","41.74","262.6","193.77","68.82","257.43","189.41","68.02","5.17","4.36","0.81","250.81","121.43","129.37","242.29","116.79","125.51","8.52","4.65","3.87","932.29","513.41","1445.7"
"63","1991","20","Telangana","Adilabad","2082.48","1052.01","1030.47","1600.9","805.27","795.63","481.58","246.74","234.83","354.9","179.87","175.03","344.01","174.08","169.93","10.89","5.79","5.1","385.94","195.17","190.77","311.83","157.34","154.49","74.11","37.83","36.28","557.86","385.46","172.4","335.14","247.06","88.08","222.72","138.4","84.32","294.5","204.4","90.1","289.0","200.0","89.0","5.5","4.4","1.1","303.9","142.1","161.8","288.8","132.3","156.6","15.1","9.9","5.2","1484.11","598.4","2082.51"
"63","2001","20","Telangana","Adilabad","2479.35","1246.29","1233.06","1823.0","912.03","910.98","656.34","334.26","322.08","416.51","209.59","206.93","396.53","199.5","197.03","19.98","10.08","9.9","461.21","231.79","229.42","353.03","177.06","175.96","108.19","54.73","53.46","1134.63","697.24","437.39","722.45","460.01","262.43","412.19","237.23","174.96","345.42","221.32","124.11","342.21","218.71","123.51","3.21","2.61","0.6","342.29","146.49","195.8","333.77","141.75","192.02","8.52","4.74","3.79","1356.1","687.71","2043.81"
"63","2011","20","Telangana","Adilabad","2741.24","1369.6","1371.64","1980.98","985.3","995.68","760.26","384.29","375.97","495.79","247.47","248.32","463.09","231.55","231.54","32.71","15.92","16.78","488.6","242.84","245.75","368.49","182.45","186.04","120.11","60.39","59.71","1483.35","856.35","627.0","965.71","569.03","396.67","517.64","287.32","230.32","363.74","230.95","132.79","358.36","226.99","131.38","5.38","3.97","1.41","484.91","212.36","272.55","457.17","198.19","258.97","27.75","14.16","13.58","1417.57","848.65","2266.22"
"64","1961","5","Karnataka","Bangalore","2504.46","1306.23","1198.23","1147.02","583.71","563.31","1357.44","722.52","634.93","4.64","2.49","2.15","3.81","2.0","1.81","0.83","0.49","0.34","420.67","215.14","205.53","245.04","125.08","119.97","175.63","90.07","85.57","860.0","581.33","278.67","200.09","159.17","40.92","659.91","422.16","237.75","438.08","291.94","146.14","408.39","269.3","139.09","29.69","22.64","7.06","63.23","37.56","25.67","55.72","32.26","23.47","7.51","5.3","2.21","1511.34","501.31","2012.65"
"64","1971","5","Karnataka","Bangalore","3346.0","1750.59","1595.81","1486.18","761.15","725.04","1860.22","989.44","870.78","10.29","5.54","4.75","5.76","3.04","2.72","4.53","2.5","2.03","505.64","261.42","244.22","312.97","160.92","152.05","192.68","100.5","92.18","1440.1","910.47","529.63","364.87","264.26","100.62","1075.22","646.21","429.01","310.63","285.57","25.06","298.4","273.9","24.5","12.23","11.67","0.56","105.52","76.82","28.69","96.1","69.46","26.65","9.41","7.37","2.05","2680.88","416.15","3097.03"
"64","1981","5","Karnataka","Bangalore","4947.61","2582.54","2365.07","1754.39","900.58","853.82","3193.22","1681.96","1511.26","75.63","39.12","36.51","47.34","24.23","23.11","28.28","14.88","13.4","792.12","406.26","385.86","387.12","197.16","189.96","405.0","209.11","195.89","2539.25","1540.25","999.0","552.65","384.58","168.07","1986.61","1155.68","830.93","365.94","321.24","44.7","350.42","306.91","43.52","15.52","14.34","1.19","147.88","90.36","57.52","133.69","80.07","53.62","14.19","10.29","3.9","3274.0","513.82","3787.82"
"64","1991","5","Karnataka","Bangalore","6512.36","3403.18","3109.18","2039.82","1054.77","985.04","4472.54","2348.41","2124.13","102.94","53.42","49.52","59.16","30.52","28.65","43.77","22.9","20.88","1038.38","534.57","503.81","465.27","238.4","226.87","573.1","296.17","276.94","3870.28","2261.3","1608.98","854.27","549.43","304.84","3016.01","1711.87","1304.14","406.1","327.2","78.9","387.3","310.2","77.0","18.9","16.9","1.9","208.1","123.5","84.5","188.1","108.9","79.3","20.0","14.6","5.4","5477.14","614.2","6091.34"
"64","2001","5","Karnataka","Bangalore","8400.53","4384.13","4016.39","2248.24","1158.38","1089.86","6152.29","3225.76","2926.54","147.58","76.5","71.07","-1.0","-1.0","-1.0","-1.0","-1.0","-1.0","1228.73","626.99","601.74","-1.0","-1.0","-1.0","-1.0","-1.0","-1.0","5943.58","3326.09","2617.49","1290.93","767.82","523.11","4652.65","2558.28","2094.38","454.55","315.92","138.63","439.6","303.62","135.98","14.95","12.3","2.65","245.63","110.67","134.96","234.01","103.8","130.21","11.62","6.87","4.75","4945.29","700.18","5645.47"
"64","2011","5","Karnataka","Bangalore","11695.11","6079.84","5615.27","2408.67","1248.07","1160.6","9286.44","4831.78","4454.67","266.09","137.93","128.17","91.99","47.44","44.55","174.09","90.49","83.61","1615.91","817.76","798.15","546.16","276.06","270.1","1069.75","541.7","528.05","8875.79","4841.81","4033.98","1568.8","900.16","668.65","7306.99","3941.66","3365.32","431.52","299.8","131.72","388.47","272.46","116.01","43.05","27.35","15.71","284.48","149.96","134.53","226.63","110.49","116.14","57.86","39.47","18.4","6456.83","716.0","7172.83"
"65","1961","5","Karnataka","Kolar","1290.14","655.65","634.5","996.87","506.05","490.83","293.27","149.6","143.67","0.37","0.19","0.18","0.32","0.17","0.15","0.05","0.02","0.03","319.01","163.91","155.1","249.3","126.85","122.45","69.72","37.06","32.66","274.71","202.81","71.9","157.61","126.17","31.44","117.1","76.64","40.46","426.58","269.46","157.12","405.08","255.46","149.63","21.5","14.01","7.49","51.95","26.37","25.58","47.29","23.64","23.65","4.66","2.73","1.93","682.1","478.53","1160.63"
"65","1971","5","Karnataka","Kolar","1516.0","772.59","743.86","1203.2","610.8","592.4","313.26","161.79","151.47","1.92","1.03","0.89","0.78","0.41","0.37","1.15","0.62","0.53","363.09","184.75","178.34","292.0","148.41","143.59","71.09","36.34","34.75","407.87","282.44","125.43","244.85","183.58","61.27","163.02","98.86","64.16","289.54","251.53","38.01","281.08","243.79","37.29","8.46","7.75","0.72","107.8","69.77","38.03","102.01","65.6","36.41","5.79","4.17","1.62","1085.59","397.34","1482.93"
"65","1981","5","Karnataka","Kolar","1905.49","966.65","938.84","1477.66","747.63","730.04","427.83","219.03","208.8","113.84","57.76","56.08","106.33","53.92","52.41","7.51","3.84","3.67","471.04","237.46","233.58","377.26","189.98","187.28","93.78","47.48","46.3","639.63","427.36","212.27","392.19","283.73","108.46","247.44","143.62","103.81","358.38","286.51","71.88","348.77","277.93","70.84","9.61","8.57","1.04","161.27","87.78","73.49","153.64","82.58","71.06","7.63","5.19","2.43","1153.0","519.65","1672.65"
"65","1991","5","Karnataka","Kolar","2216.89","1128.32","1088.57","1699.91","863.59","836.32","516.98","264.73","252.25","153.02","77.8","75.22","142.5","72.33","70.16","10.52","5.46","5.06","570.4","288.37","282.03","455.56","230.59","224.97","114.84","57.78","57.06","938.78","594.08","344.7","613.73","410.53","203.2","325.05","183.55","141.5","411.8","291.6","120.2","401.1","282.7","118.4","10.7","8.9","1.7","229.3","119.4","109.9","216.9","111.3","105.6","12.5","8.1","4.3","1509.33","641.1","2150.43"
"65","2001","5","Karnataka","Kolar","2523.41","1281.15","1242.25","1898.77","963.39","935.39","624.64","317.77","306.87","205.71","104.28","101.43","-1.0","-1.0","-1.0","-1.0","-1.0","-1.0","671.69","338.46","333.23","-1.0","-1.0","-1.0","-1.0","-1.0","-1.0","1392.45","819.33","573.12","956.16","581.91","374.24","436.29","237.42","198.87","456.51","287.81","168.7","448.7","281.52","167.18","7.81","6.29","1.52","335.65","139.78","195.88","328.36","136.08","192.28","7.29","3.69","3.6","1290.48","792.17","2082.64"
"65","2011","5","Karnataka","Kolar","2791.5","1412.84","1378.68","2030.32","1029.89","1000.42","761.19","382.94","378.26","235.37","119.16","116.21","211.34","106.75","104.6","24.02","12.4","11.61","778.44","390.18","388.26","600.31","301.67","298.65","178.11","88.5","89.62","1799.44","1006.27","793.17","1229.65","706.13","523.53","569.79","300.15","269.64","395.29","257.3","137.99","386.43","250.34","136.08","8.86","6.95","1.9","408.17","191.92","216.26","393.67","183.41","210.25","14.51","8.5","6.01","1433.86","803.46","2237.32"
"66","1961","5","Karnataka","Tumkur","1367.4","699.19","668.21","1228.41","626.14","602.27","138.99","73.05","65.94","0.4","0.22","0.18","0.39","0.21","0.18","0.02","0.01","0.01","232.68","119.78","112.91","221.37","113.82","107.56","11.31","5.96","5.35","309.59","237.6","71.99","241.91","194.32","47.6","67.68","43.28","24.4","487.47","297.41","190.07","480.48","292.16","188.32","6.99","5.24","1.75","61.48","28.62","32.86","59.84","27.59","32.25","1.64","1.03","0.61","680.89","548.95","1229.84"
"66","1971","5","Karnataka","Tumkur","1633.24","833.73","799.51","1442.61","733.41","709.21","190.63","100.33","90.3","2.08","1.05","1.03","1.99","0.99","1.0","0.09","0.05","0.04","267.89","138.36","129.53","251.08","129.34","121.74","16.81","9.02","7.79","476.68","335.25","141.42","373.06","272.31","100.75","103.62","62.94","40.67","321.68","289.59","32.08","316.08","284.61","31.48","5.6","4.99","0.61","100.91","68.6","32.31","97.99","66.3","31.7","2.92","2.3","0.61","1177.02","422.59","1599.61"
"66","1981","5","Karnataka","Tumkur","1977.85","1008.52","969.33","1705.57","866.08","839.49","272.28","142.44","129.84","140.12","71.59","68.53","128.53","65.58","62.95","11.59","6.01","5.58","334.31","171.0","163.31","307.34","156.8","150.54","26.97","14.2","12.78","730.2","486.5","243.7","568.15","391.3","176.85","162.05","95.2","66.85","418.95","352.57","66.39","411.15","345.59","65.56","7.8","6.97","0.83","148.14","76.94","71.2","142.9","73.46","69.44","5.24","3.48","1.76","1160.0","567.09","1727.09"
"66","1991","5","Karnataka","Tumkur","2305.82","1177.23","1128.59","1923.66","975.35","948.31","382.16","201.89","180.28","167.63","85.86","81.77","149.64","76.43","73.22","17.99","9.43","8.56","408.52","208.91","199.61","364.38","185.72","178.66","44.15","23.2","20.95","1065.93","664.86","401.08","818.45","521.46","296.99","247.49","143.4","104.09","500.4","374.4","126.0","489.6","365.6","124.0","10.8","8.8","2.0","193.8","95.6","98.3","185.4","90.4","95.0","8.4","5.1","3.3","1528.38","694.2","2222.58"
"66","2001","5","Karnataka","Tumkur","2579.52","1311.94","1267.58","2072.84","1050.3","1022.54","506.68","261.64","245.04","193.82","98.8","95.02","-1.0","-1.0","-1.0","-1.0","-1.0","-1.0","474.04","241.18","232.87","-1.0","-1.0","-1.0","-1.0","-1.0","-1.0","1537.33","893.84","643.5","1169.03","691.25","477.78","368.31","202.59","165.72","604.14","391.4","212.74","592.49","382.17","210.31","11.65","9.22","2.43","313.22","115.86","197.36","306.31","112.34","193.97","6.91","3.52","3.39","1264.12","917.35","2181.47"
"66","2011","5","Karnataka","Tumkur","2678.98","1350.59","1328.39","2079.9","1048.71","1031.19","599.08","301.88","297.19","209.56","105.27","104.29","180.02","90.56","89.47","29.54","14.71","14.83","506.9","254.54","252.37","429.96","215.95","214.01","76.94","38.59","38.36","1813.39","1006.02","807.37","1344.44","760.32","584.12","468.95","245.7","223.25","505.91","355.28","150.63","496.56","347.3","149.26","9.35","7.98","1.37","352.29","142.07","210.21","345.07","137.93","207.14","7.22","4.14","3.07","1324.33","858.2","2182.53"
"67","1961","5","Karnataka","Mysore","1671.4","856.92","814.48","1256.43","640.96","615.47","414.97","215.96","199.01","16.81","8.6","8.21","16.79","8.59","8.2","0.01","0.01","0.0","292.48","149.29","143.19","247.44","125.81","121.62","45.04","23.48","21.57","356.0","252.79","103.21","166.68","134.64","32.04","189.32","118.15","71.17","404.75","295.72","109.03","388.56","282.41","106.15","16.19","13.31","2.88","94.83","53.55","41.28","88.94","49.72","39.22","5.89","3.83","2.06","947.51","499.58","1447.09"
"67","1971","5","Karnataka","Mysore","2073.57","1067.61","1005.96","1545.09","791.39","753.7","528.48","276.21","252.27","19.55","10.1","9.45","18.7","9.66","9.05","0.84","0.44","0.4","356.47","183.8","172.67","298.85","153.55","145.3","57.62","30.25","27.37","527.96","352.71","175.25","256.44","190.91","65.54","271.51","161.81","109.71","336.91","313.08","23.83","324.64","301.48","23.16","12.27","11.6","0.67","140.91","103.0","37.91","133.14","96.72","36.42","7.77","6.28","1.5","1537.8","477.82","2015.62"
"67","1981","5","Karnataka","Mysore","2595.9","1330.81","1265.09","1884.33","963.46","920.87","711.57","367.34","344.22","166.65","84.43","82.22","143.67","72.68","70.98","22.98","11.74","11.24","459.54","235.45","224.09","376.74","192.4","184.34","82.8","43.04","39.76","813.68","523.07","290.61","408.98","289.59","119.38","404.7","233.47","171.23","423.24","379.3","43.94","408.69","365.66","43.03","14.54","13.64","0.91","202.36","122.93","79.43","192.32","116.11","76.22","10.04","6.82","3.22","1615.0","625.6","2240.6"
"67","1991","5","Karnataka","Mysore","3165.02","1620.62","1544.39","2224.72","1136.63","1088.1","939.29","483.0","456.3","102.1","51.87","50.24","77.7","39.46","38.24","24.41","12.41","12.0","597.92","306.56","291.36","480.39","245.42","234.97","117.53","61.14","56.39","1267.15","771.92","495.23","673.12","439.89","233.23","594.03","332.02","262.0","447.3","389.4","57.9","430.2","373.6","56.6","17.1","15.8","1.3","333.6","196.1","137.5","317.4","184.9","132.6","16.2","11.2","4.9","2267.08","780.9","3047.98"
"67","2001","5","Karnataka","Mysore","3589.19","1825.74","1763.45","2472.37","1257.51","1214.86","1116.81","568.23","548.59","377.46","190.04","187.43","-1.0","-1.0","-1.0","-1.0","-1.0","-1.0","705.26","358.91","346.35","-1.0","-1.0","-1.0","-1.0","-1.0","-1.0","1916.4","1099.51","816.89","1106.79","661.44","445.35","809.61","438.08","371.54","527.18","395.29","131.89","514.11","383.8","130.31","13.06","11.49","1.57","441.98","230.57","211.41","427.29","221.24","206.06","14.69","9.33","5.35","2035.87","969.15","3005.02"
"67","2011","5","Karnataka","Mysore","4021.92","2023.83","1998.09","2601.53","1312.38","1289.14","1420.38","711.45","708.94","454.77","226.07","228.7","353.51","176.03","177.49","101.26","50.04","51.22","796.09","400.22","395.86","602.04","303.12","298.92","194.06","97.11","96.95","2527.46","1376.73","1150.73","1436.93","808.64","628.29","1090.53","568.08","522.45","462.45","352.98","109.46","450.04","342.44","107.6","12.41","10.54","1.85","525.3","289.12","236.19","503.17","274.74","228.43","22.13","14.38","7.76","2225.96","987.75","3213.71"
"68","1961","5","Karnataka","Mandya","899.21","457.14","442.07","799.14","404.6","394.54","100.07","52.54","47.53","0.55","0.32","0.23","0.53","0.3","0.23","0.02","0.02","0.01","116.18","58.97","57.21","104.26","52.91","51.35","11.92","6.06","5.85","155.65","120.91","34.74","115.02","94.3","20.72","40.63","26.62","14.02","311.65","201.39","110.26","304.06","195.32","108.74","7.59","6.06","1.52","46.22","26.8","19.42","43.51","25.11","18.41","2.71","1.69","1.01","472.52","357.86","830.38"
"68","1971","5","Karnataka","Mandya","1152.76","588.27","564.49","993.97","505.2","488.77","158.79","83.07","75.72","2.8","1.55","1.25","1.89","1.08","0.81","0.91","0.47","0.44","141.44","72.67","68.77","123.27","63.24","60.03","18.17","9.42","8.74","257.01","185.45","71.56","189.52","142.94","46.58","67.49","42.51","24.98","224.76","209.38","15.39","216.91","202.03","14.88","7.86","7.35","0.51","80.69","58.66","22.03","74.31","53.93","20.38","6.38","4.73","1.65","828.18","305.45","1133.63"
"68","1981","5","Karnataka","Mandya","1418.08","723.65","694.44","1198.08","609.34","588.74","220.03","114.33","105.69","11.65","5.95","5.71","10.36","5.3","5.06","1.29","0.65","0.65","182.81","93.02","89.79","155.01","78.6","76.41","27.8","14.41","13.38","431.15","292.92","138.23","322.92","227.92","95.0","108.23","65.0","43.23","284.57","252.46","32.11","275.24","243.76","31.48","9.33","8.7","0.63","104.13","66.74","37.39","95.59","60.59","34.99","8.54","6.14","2.4","896.0","388.7","1284.7"
"68","1991","5","Karnataka","Mandya","1644.37","837.6","806.78","1377.57","699.72","677.85","266.8","137.88","128.93","11.94","6.13","5.81","9.49","4.85","4.63","2.45","1.28","1.17","226.63","115.3","111.33","190.55","96.55","94.01","36.08","18.75","17.33","675.5","422.78","252.72","518.82","333.17","185.65","156.68","89.61","67.07","338.3","271.9","66.4","327.2","262.3","64.9","11.0","9.5","1.5","158.7","87.9","70.7","144.9","79.1","65.8","13.7","8.8","4.9","1101.41","497.0","1598.41"
"68","2001","5","Karnataka","Mandya","1761.72","887.31","874.41","1479.53","743.75","735.79","282.18","143.56","138.62","17.19","8.69","8.5","-1.0","-1.0","-1.0","-1.0","-1.0","-1.0","247.21","123.7","123.52","-1.0","-1.0","-1.0","-1.0","-1.0","-1.0","960.95","557.44","403.51","763.51","449.82","313.69","197.44","107.62","89.83","414.57","294.32","120.25","406.2","286.76","119.45","8.37","7.57","0.8","205.35","91.25","114.1","197.01","86.5","110.5","8.35","4.75","3.59","920.96","619.92","1540.88"
"68","2011","5","Karnataka","Mandya","1805.77","905.09","900.68","1497.41","751.24","746.16","308.36","153.84","154.52","22.4","11.31","11.09","17.36","8.81","8.55","5.04","2.5","2.55","265.29","131.68","133.62","221.94","110.24","111.7","43.35","21.43","21.92","1149.65","638.67","510.98","919.29","517.9","401.39","230.36","120.76","109.6","388.98","286.04","102.94","381.54","279.51","102.03","7.45","6.53","0.92","216.16","101.22","114.94","207.86","96.56","111.3","8.3","4.66","3.64","934.36","605.14","1539.5"
"69","1961","5","Karnataka","Hassan","895.85","455.06","440.79","788.31","398.67","389.64","107.54","56.39","51.15","0.92","0.53","0.4","0.92","0.53","0.4","0.0","0.0","0.0","144.9","74.43","70.48","134.97","69.21","65.76","9.93","5.22","4.71","218.04","161.69","56.35","165.42","128.85","36.57","52.61","32.83","19.78","313.37","189.68","123.69","306.97","185.27","121.7","6.41","4.41","2.0","23.58","13.48","10.1","22.46","12.8","9.67","1.11","0.68","0.43","472.11","336.95","809.06"
"69","1971","5","Karnataka","Hassan","1098.88","554.7","544.18","949.46","476.69","472.78","149.42","78.01","71.41","1.61","0.83","0.78","1.53","0.78","0.75","0.07","0.05","0.03","169.59","87.43","82.17","155.61","80.09","75.52","13.99","7.34","6.65","335.09","228.72","106.37","254.36","180.64","73.73","80.72","48.08","32.65","217.05","196.92","20.13","211.71","192.13","19.57","5.35","4.79","0.56","39.82","29.59","10.23","38.31","28.33","9.99","1.51","1.27","0.24","825.79","256.87","1082.66"
"69","1981","5","Karnataka","Hassan","1357.01","683.04","673.98","1158.54","579.45","579.1","198.47","103.59","94.88","10.81","5.45","5.37","10.06","5.05","5.01","0.75","0.39","0.36","220.2","111.26","108.95","199.03","100.31","98.72","21.18","10.95","10.22","508.74","330.97","177.77","389.75","262.01","127.74","118.98","68.96","50.03","289.97","241.31","48.66","283.33","235.58","47.75","6.63","5.73","0.91","60.89","32.87","28.03","58.71","31.42","27.29","2.18","1.45","0.73","807.0","350.86","1157.86"
"69","1991","5","Karnataka","Hassan","1569.68","785.14","784.54","1296.96","644.65","652.31","272.72","140.49","132.23","16.58","8.33","8.25","14.87","7.44","7.43","1.71","0.89","0.82","273.38","137.29","136.09","241.05","120.65","120.41","32.33","16.65","15.68","756.95","457.33","299.61","575.24","356.06","219.18","181.71","101.27","80.43","336.2","258.6","77.7","328.9","252.2","76.7","7.3","6.4","0.9","85.1","44.0","41.2","80.1","40.8","39.3","5.0","3.2","1.8","1099.72","421.3","1521.02"
"69","2001","5","Karnataka","Hassan","1721.32","858.62","862.7","1416.58","703.28","713.3","304.74","155.35","149.39","26.45","13.3","13.15","-1.0","-1.0","-1.0","-1.0","-1.0","-1.0","311.73","155.41","156.32","-1.0","-1.0","-1.0","-1.0","-1.0","-1.0","1051.1","595.42","455.67","820.98","471.63","349.34","230.12","123.79","106.33","476.59","291.68","184.91","471.73","287.59","184.14","4.86","4.09","0.77","127.96","44.18","83.77","125.89","43.08","82.82","2.06","1.11","0.96","855.68","604.54","1460.22"
"69","2011","5","Karnataka","Hassan","1776.42","883.67","892.75","1399.66","695.58","704.08","376.76","188.08","188.68","32.33","15.99","16.34","27.9","13.78","14.12","4.43","2.21","2.23","345.03","169.96","175.07","298.01","146.83","151.18","47.02","23.13","23.89","1225.26","668.84","556.42","925.57","513.58","411.99","299.69","155.26","144.43","437.03","287.62","149.41","431.71","283.09","148.62","5.32","4.53","0.79","165.91","62.99","102.92","161.81","60.55","101.26","4.11","2.45","1.66","872.84","602.94","1475.78"
"70","1961","5","Karnataka","Shimoge","1017.37","536.1","481.27","757.0","394.28","362.72","260.37","141.82","118.55","6.24","3.13","3.12","5.97","2.98","2.98","0.27","0.14","0.13","145.44","75.79","69.65","125.62","65.36","60.26","19.82","10.42","9.39","285.38","205.49","79.89","180.91","135.97","44.95","104.46","69.52","34.94","225.26","147.84","77.42","216.54","141.15","75.39","8.72","6.69","2.04","51.98","30.58","21.4","49.87","29.25","20.62","2.11","1.33","0.78","567.14","277.24","844.38"
"70","1971","5","Karnataka","Shimoge","1300.38","673.02","627.36","993.22","511.45","481.77","307.16","161.57","145.59","7.34","3.89","3.65","7.03","3.62","3.41","0.51","0.27","0.24","185.47","96.29","89.18","161.82","83.78","78.04","23.65","12.5","11.14","476.55","310.62","165.93","314.06","212.44","101.62","162.5","98.19","64.31","161.9","147.5","14.41","154.54","140.46","14.08","7.36","7.03","0.33","114.58","78.59","35.99","106.96","73.21","33.75","7.63","5.38","2.25","969.78","276.48","1246.26"
"70","1981","5","Karnataka","Shimoge","1656.73","850.93","805.8","1230.55","629.35","601.2","426.18","221.58","204.6","52.43","26.83","25.6","45.79","23.42","22.37","6.64","3.4","3.23","264.2","136.18","128.03","221.37","113.98","107.39","42.83","22.19","20.64","736.18","457.31","278.87","478.83","308.69","170.13","257.35","148.61","108.74","234.79","203.41","31.38","225.24","194.56","30.68","9.55","8.85","0.7","195.65","107.77","87.88","182.51","99.59","82.92","13.15","8.18","4.96","1027.0","430.44","1457.44"
"70","1991","5","Karnataka","Shimoge","1452.26","739.56","712.7","981.17","-1.0","-1.0","471.09","-1.0","-1.0","74.11","37.96","36.15","64.38","32.9","31.48","9.73","5.06","4.67","337.92","173.54","164.38","279.83","143.53","136.3","58.09","30.0","28.09","-1.0","-1.0","-1.0","-1.0","-1.0","-1.0","-1.0","-1.0","-1.0","270.3","224.1","46.2","259.5","214.5","45.1","10.8","9.7","1.2","254.2","138.7","115.5","232.6","124.6","108.0","21.6","14.1","7.5","1028.6","524.5","1553.1"
"70","2001","5","Karnataka","Shimoge","1639.6","829.37","810.23","1069.13","539.3","529.83","570.46","290.07","280.4","56.0","28.44","27.56","-1.0","-1.0","-1.0","-1.0","-1.0","-1.0","269.52","136.3","133.22","-1.0","-1.0","-1.0","-1.0","-1.0","-1.0","1078.57","599.17","479.41","654.5","371.13","283.37","424.08","228.04","196.04","219.62","165.13","54.49","210.86","157.09","53.77","8.76","8.04","0.72","223.91","105.15","118.76","205.99","94.43","111.56","17.92","10.71","7.21","925.75","443.53","1369.27"
"70","2011","5","Karnataka","Shimoge","1752.75","877.42","875.34","1129.03","565.82","563.21","623.73","311.59","312.13","65.41","32.71","32.71","49.96","25.05","24.92","15.45","7.66","7.79","308.16","153.55","154.61","225.32","112.67","112.64","82.84","40.87","41.97","1263.02","674.94","588.08","770.82","419.59","351.23","492.2","255.35","236.85","204.49","157.75","46.75","197.14","151.09","46.05","7.36","6.66","0.7","246.46","126.72","119.75","232.83","118.14","114.69","13.64","8.58","5.06","972.16","450.95","1423.11"
"71","1961","5","Karnataka","Chickmagalur","597.31","313.8","283.51","507.83","266.5","241.34","89.47","47.3","42.18","7.18","3.79","3.38","7.09","3.75","3.34","0.09","0.05","0.05","98.97","51.85","47.12","91.56","47.93","43.64","7.4","3.93","3.48","164.44","118.08","46.36","123.4","91.91","31.49","41.04","26.17","14.87","142.16","89.07","53.09","136.71","85.05","51.66","5.45","4.02","1.43","28.7","17.8","10.9","27.46","16.9","10.56","1.23","0.9","0.34","312.71","170.86","483.56"
"71","1971","5","Karnataka","Chickmagalur","735.45","379.53","355.92","620.36","319.53","300.83","115.09","60.0","55.09","10.09","5.04","5.05","9.76","4.87","4.89","0.33","0.17","0.16","119.73","61.85","57.88","109.68","56.56","53.12","10.05","5.29","4.76","257.24","167.41","89.83","196.22","131.28","64.94","61.02","36.13","24.89","97.23","89.69","7.54","93.58","86.16","7.41","3.65","3.53","0.12","47.76","32.82","14.94","45.24","30.76","14.48","2.52","2.06","0.46","578.26","144.99","723.25"
"71","1981","5","Karnataka","Chickmagalur","911.77","466.92","444.85","751.89","383.01","368.88","159.88","83.91","75.97","15.32","7.95","7.37","13.92","7.19","6.73","1.41","0.76","0.64","164.15","84.02","80.13","147.96","75.59","72.36","16.19","8.42","7.77","396.58","245.45","151.13","300.0","189.2","110.8","96.58","56.25","40.33","137.98","117.38","20.61","132.49","112.52","19.97","5.49","4.86","0.64","70.47","38.75","31.73","66.13","36.16","29.97","4.34","2.58","1.76","505.0","208.45","713.45"
"71","1991","5","Karnataka","Chickmagalur","1017.28","514.53","502.76","845.42","425.87","419.56","171.86","88.66","83.2","26.53","13.45","13.09","24.55","12.41","12.14","1.98","1.04","0.95","195.85","99.51","96.34","175.18","88.79","86.38","20.68","10.72","9.96","531.16","310.52","220.64","415.21","245.92","169.29","115.95","64.6","51.35","148.1","121.7","26.4","142.5","116.7","25.9","5.6","5.1","0.5","101.9","53.5","48.4","94.4","48.7","45.6","7.5","4.8","2.8","729.98","250.0","979.98"
"71","2001","5","Karnataka","Chickmagalur","1139.1","574.28","564.83","916.74","460.72","456.02","222.36","113.56","108.81","41.02","20.57","20.45","-1.0","-1.0","-1.0","-1.0","-1.0","-1.0","233.13","116.8","116.34","-1.0","-1.0","-1.0","-1.0","-1.0","-1.0","732.19","409.5","322.69","567.53","320.55","246.98","164.66","88.94","75.71","149.28","119.68","29.6","144.35","115.12","29.23","4.94","4.56","0.38","108.45","49.66","58.79","102.89","46.44","56.45","5.56","3.22","2.35","623.34","257.74","881.08"
"71","2011","5","Karnataka","Chickmagalur","1137.96","566.62","571.34","898.45","447.55","450.91","239.51","119.08","120.43","44.97","21.99","22.98","40.14","19.63","20.52","4.83","2.36","2.47","253.65","125.02","128.64","218.41","107.78","110.63","35.25","17.24","18.01","818.35","438.26","380.09","628.08","340.19","287.9","190.26","98.07","92.19","155.39","110.59","44.8","151.74","107.37","44.38","3.65","3.22","0.42","126.6","59.23","67.37","120.63","55.68","64.95","5.97","3.55","2.42","572.19","281.99","854.18"
"72","1961","5","Karnataka","Chitradurga","1094.28","563.99","530.3","904.13","462.85","441.27","190.16","101.13","89.03","0.15","0.1","0.05","0.09","0.05","0.04","0.07","0.05","0.01","203.85","104.77","99.07","187.42","96.72","90.7","16.43","8.06","8.37","274.58","207.79","66.79","189.04","150.63","38.41","85.54","57.16","28.38","337.01","195.15","141.86","329.79","189.85","139.94","7.22","5.3","1.92","79.71","38.3","41.41","75.91","36.14","39.77","3.8","2.16","1.64","536.69","416.72","953.41"
"72","1971","5","Karnataka","Chitradurga","1397.18","719.66","677.52","1114.26","569.49","544.77","282.92","150.17","132.75","0.76","0.38","0.38","0.57","0.29","0.28","0.19","0.09","0.1","254.29","130.96","123.33","226.27","116.16","110.11","28.02","14.8","13.22","445.31","308.22","137.09","299.71","216.96","82.74","145.6","91.26","54.34","224.04","190.31","33.73","217.24","184.23","33.0","6.81","6.07","0.73","151.44","88.03","63.4","145.14","83.96","61.18","6.3","4.07","2.23","973.27","375.48","1348.75"
"72","1981","5","Karnataka","Chitradurga","1777.5","914.21","863.29","1359.76","694.78","664.98","417.74","219.44","198.31","252.01","128.77","123.24","224.15","114.12","110.03","27.86","14.65","13.21","322.2","165.84","156.36","278.49","142.85","135.64","43.72","22.99","20.72","679.83","445.94","233.88","445.22","304.61","140.61","234.61","141.33","93.28","281.89","227.55","54.34","274.98","221.4","53.58","6.91","6.15","0.76","214.67","108.24","106.42","204.87","102.2","102.67","9.8","6.04","3.76","1014.0","496.56","1510.56"
"72","1991","5","Karnataka","Chitradurga","2180.44","1121.65","1058.8","1591.77","814.02","777.75","588.68","307.63","281.05","318.38","163.22","155.16","275.33","140.72","134.61","43.06","22.5","20.55","432.67","222.78","209.89","358.07","183.87","174.2","74.6","38.91","35.69","1008.54","626.39","382.16","643.28","414.86","228.42","365.26","211.53","153.74","312.9","249.0","63.9","302.8","240.4","62.4","10.0","8.6","1.4","271.6","131.1","140.5","258.2","123.3","134.9","13.4","7.7","5.6","1257.92","584.5","1842.42"
"72","2001","5","Karnataka","Chitradurga","3299.92","1689.97","1609.95","2483.59","1269.57","1214.02","816.33","420.4","395.93","475.94","243.12","232.81","-1.0","-1.0","-1.0","-1.0","-1.0","-1.0","669.72","342.46","327.26","-1.0","-1.0","-1.0","-1.0","-1.0","-1.0","1914.62","1116.72","797.91","1344.49","801.93","542.56","570.13","314.79","255.35","523.46","389.5","133.96","511.88","379.03","132.84","11.58","10.47","1.12","511.95","216.09","295.86","499.56","209.26","290.29","12.39","6.82","5.57","1794.0","1035.41","2829.41"
"72","2011","5","Karnataka","Chitradurga","3604.96","1827.24","1777.71","2646.41","1343.84","1302.57","958.54","483.4","475.14","535.66","270.75","264.92","458.28","232.15","226.14","77.39","38.6","38.79","781.72","395.12","386.6","649.5","328.86","320.63","132.22","66.26","65.96","2395.93","1327.83","1068.1","1673.24","945.98","727.27","722.69","381.85","340.84","517.1","384.47","132.62","507.05","375.98","131.07","10.05","8.5","1.56","590.21","272.57","317.64","574.17","263.29","310.87","16.05","9.28","6.76","1873.16","1107.31","2980.47"
"73","1961","5","Karnataka","Bellary","915.26","466.92","448.34","708.72","359.26","349.47","206.54","107.67","98.87","0.65","0.32","0.33","0.31","0.15","0.16","0.34","0.18","0.17","124.49","62.73","61.76","106.17","53.37","52.8","18.32","9.36","8.96","191.39","150.17","41.22","120.32","100.9","19.42","71.07","49.27","21.8","209.62","140.78","68.84","198.49","132.84","65.66","11.12","7.95","3.18","94.73","45.45","49.28","84.8","40.18","44.62","9.93","5.26","4.66","492.91","304.34","797.26"
"73","1971","5","Karnataka","Bellary","1122.47","571.34","551.13","817.55","413.43","404.13","304.92","157.92","147.0","4.26","2.15","2.1","1.9","0.94","0.96","2.35","1.21","1.14","167.38","84.2","83.18","138.8","69.83","68.97","28.58","14.37","14.21","293.11","212.91","80.2","172.3","133.51","38.8","120.8","79.4","41.4","140.16","121.34","18.82","130.97","113.01","17.96","9.19","8.33","0.86","169.61","98.57","71.05","144.67","83.1","61.57","24.95","15.47","9.48","782.29","309.77","1092.06"
"73","1981","5","Karnataka","Bellary","1489.23","754.9","734.32","997.07","502.68","494.39","492.16","252.23","239.94","164.58","82.66","81.92","124.27","62.57","61.7","40.31","20.09","20.22","244.01","122.37","121.64","185.73","92.96","92.77","58.28","29.41","28.87","456.28","314.42","141.86","239.87","177.54","62.34","216.41","136.89","79.52","211.09","163.59","47.5","192.81","148.5","44.31","18.28","15.09","3.19","231.66","110.45","121.21","194.23","90.14","104.08","37.43","20.31","17.12","853.0","442.75","1295.75"
"73","1991","5","Karnataka","Bellary","1890.09","961.99","928.1","1325.69","672.27","653.43","564.4","289.72","274.68","166.69","83.97","82.73","129.46","65.22","64.24","37.23","18.74","18.49","365.15","184.44","180.71","281.53","141.82","139.7","83.63","42.62","41.01","693.79","454.54","239.25","407.45","280.96","126.5","286.34","173.59","112.75","265.8","192.9","72.8","246.9","177.9","69.1","18.8","15.1","3.8","336.1","149.3","186.8","292.0","126.5","165.5","44.1","22.9","21.3","1316.17","601.9","1918.07"
"73","2001","5","Karnataka","Bellary","2025.24","1028.48","996.76","1319.24","667.27","651.97","706.0","361.22","344.79","364.64","183.66","180.98","-1.0","-1.0","-1.0","-1.0","-1.0","-1.0","374.22","188.54","185.68","-1.0","-1.0","-1.0","-1.0","-1.0","-1.0","1000.6","608.17","392.44","564.05","358.35","205.7","436.55","249.81","186.73","255.88","182.29","73.59","239.01","168.65","70.36","16.87","13.64","3.23","360.43","142.87","217.56","323.75","125.51","198.24","36.68","17.36","19.32","1103.31","616.31","1719.62"
"73","2011","5","Karnataka","Bellary","2452.6","1236.95","1215.64","1532.36","774.09","758.26","920.24","462.86","457.38","451.41","225.45","225.96","334.13","167.65","166.48","117.28","57.8","59.48","517.41","258.58","258.83","366.02","183.55","182.47","151.39","75.03","76.36","1421.62","813.44","608.18","809.31","478.1","331.21","612.31","335.34","276.97","258.08","180.73","77.35","244.27","169.66","74.62","13.81","11.08","2.73","406.09","175.99","230.1","367.04","156.08","210.96","39.05","19.91","19.14","1335.72","664.17","1999.89"
"74","1961","5","Karnataka","Dharwad","1950.36","999.8","950.56","1425.74","726.69","699.05","524.62","273.12","251.51","10.67","5.33","5.34","8.95","4.48","4.47","1.72","0.85","0.87","109.35","55.05","54.3","81.05","40.49","40.56","28.3","14.56","13.75","650.5","474.2","176.31","416.33","317.69","98.64","234.18","156.51","77.67","369.17","259.85","109.32","341.5","240.72","100.78","27.67","19.13","8.54","230.29","120.99","109.3","206.05","108.22","97.83","24.23","12.77","11.46","1125.9","599.46","1725.36"
"74","1971","5","Karnataka","Dharwad","2342.1","1203.0","1139.48","1603.67","816.3","787.36","738.43","386.31","352.12","14.63","7.76","6.87","12.27","6.33","5.94","2.37","1.43","0.94","186.36","95.83","90.53","143.47","73.14","70.34","42.89","22.69","20.2","901.81","618.47","283.34","534.16","383.25","150.91","367.66","235.23","132.43","250.35","228.92","21.43","227.28","207.7","19.58","23.07","21.22","1.85","317.59","191.39","126.2","279.86","169.02","110.84","37.73","22.37","15.36","1692.96","567.94","2260.9"
"74","1981","5","Karnataka","Dharwad","2945.49","1511.69","1433.8","1907.23","973.47","933.76","1038.26","538.22","500.04","137.46","70.23","67.24","113.22","57.79","55.44","24.24","12.44","11.8","301.49","153.63","147.86","210.17","107.06","103.12","91.32","46.57","44.75","1247.69","819.97","427.72","698.31","482.45","215.87","549.38","337.52","211.86","348.04","297.63","50.41","312.51","266.42","46.09","35.53","31.21","4.31","429.35","227.19","202.16","370.66","194.79","175.88","58.69","32.4","26.29","1716.0","777.39","2493.39"
"74","1991","5","Karnataka","Dharwad","3503.15","1802.42","1700.73","2279.26","1171.2","1108.06","1223.89","631.22","592.67","105.1","54.4","50.7","84.14","43.59","40.54","20.96","10.8","10.16","410.5","210.27","200.23","290.62","149.13","141.49","119.88","61.15","58.74","1699.03","1064.2","634.84","978.0","641.03","336.98","721.03","423.17","297.86","405.0","324.9","80.1","366.4","293.0","73.4","38.7","31.9","6.8","527.6","268.3","259.3","464.8","233.0","231.7","62.9","35.3","27.6","2441.25","932.6","3373.85"
"74","2001","5","Karnataka","Dharwad","4013.61","2057.52","1956.09","2491.02","1277.95","1213.07","1522.59","779.57","743.02","252.01","129.47","122.55","-1.0","-1.0","-1.0","-1.0","-1.0","-1.0","444.74","226.92","217.83","-1.0","-1.0","-1.0","-1.0","-1.0","-1.0","2406.76","1419.48","987.28","1364.81","835.57","529.25","1041.95","583.91","458.03","526.53","387.35","139.18","485.42","353.93","131.49","41.1","33.42","7.69","655.3","275.58","379.71","584.41","241.8","342.61","70.89","33.78","37.1","2203.48","1181.82","3385.3"
"74","2011","5","Karnataka","Dharwad","4509.26","2293.49","2215.78","2724.91","1395.46","1329.47","1784.35","898.03","886.32","290.58","147.26","143.33","226.98","115.73","111.25","63.61","31.54","32.07","572.04","289.1","282.93","387.07","197.05","190.02","184.97","92.05","92.91","3087.28","1712.75","1374.54","1756.72","1005.47","751.25","1330.55","707.28","623.29","494.78","378.66","116.12","456.38","347.64","108.74","38.4","31.03","7.38","719.21","343.65","375.57","642.91","302.34","340.56","76.31","41.31","35.0","2498.64","1213.99","3712.63"
"75","1961","5","Karnataka","Belgaum","1983.81","1016.56","967.25","1626.34","830.76","795.58","357.47","185.8","171.67","51.67","26.23","25.45","47.46","24.11","23.35","4.21","2.11","2.1","173.4","87.61","85.79","154.72","78.14","76.58","18.68","9.48","9.21","516.34","385.26","131.08","349.89","275.58","74.31","166.45","109.68","56.77","519.24","347.66","171.58","497.88","331.72","166.15","21.36","15.94","5.43","143.77","77.45","66.32","134.5","72.28","62.22","9.27","5.17","4.1","1123.17","663.01","1786.18"
"75","1971","5","Karnataka","Belgaum","2421.2","1242.02","1179.18","1923.37","982.04","941.33","497.82","259.97","237.85","53.15","26.85","26.3","48.02","24.2","23.82","5.13","2.65","2.48","222.95","112.89","110.06","190.31","96.3","94.01","32.64","16.59","16.05","739.18","525.97","213.2","485.23","364.44","120.79","253.94","161.53","92.41","405.36","343.59","61.77","383.53","324.07","59.46","21.83","19.53","2.3","221.0","137.87","83.14","206.79","127.85","78.93","14.22","10.02","4.2","1708.11","626.36","2334.47"
"75","1981","5","Karnataka","Belgaum","2980.44","1523.31","1457.13","2309.02","1175.14","1133.88","671.42","348.17","323.25","116.35","59.11","57.24","98.84","50.09","48.75","17.51","9.03","8.49","312.72","157.85","154.87","253.02","127.63","125.39","59.7","30.22","29.48","1092.06","741.13","350.93","712.62","508.78","203.85","379.44","232.36","147.08","484.85","410.37","74.49","458.1","386.69","71.41","26.76","23.68","3.08","279.87","161.02","118.85","260.21","148.7","111.51","19.66","12.31","7.34","1749.0","764.72","2513.72"
"75","1991","5","Karnataka","Belgaum","3583.61","1834.01","1749.6","2741.82","1400.17","1341.65","841.79","433.83","407.96","83.08","42.14","40.93","65.25","33.05","32.2","17.83","9.1","8.73","406.96","206.53","200.43","325.34","165.27","160.07","81.62","41.26","40.36","1571.04","1011.11","559.93","1045.45","703.31","342.14","525.59","307.8","217.79","546.3","428.4","117.9","517.2","404.7","112.6","29.0","23.7","5.4","395.9","209.0","186.8","366.3","192.0","174.3","29.6","17.0","12.5","2496.68","942.2","3438.88"
"75","2001","5","Karnataka","Belgaum","4207.26","2147.75","2059.52","3194.85","1628.03","1566.81","1012.42","519.71","492.7","243.45","122.98","120.47","-1.0","-1.0","-1.0","-1.0","-1.0","-1.0","462.02","233.43","228.59","-1.0","-1.0","-1.0","-1.0","-1.0","-1.0","2323.26","1392.93","930.33","1605.69","990.19","615.5","717.57","402.74","314.83","710.47","485.0","225.48","682.42","464.34","218.08","28.05","20.66","7.4","585.33","243.11","342.22","556.11","228.16","327.95","29.22","14.95","14.27","2330.64","1295.8","3626.44"
"75","2011","5","Karnataka","Belgaum","4779.66","2423.06","2356.6","3568.47","1811.09","1757.37","1211.2","611.97","599.23","297.2","148.67","148.53","253.88","127.13","126.74","43.32","21.54","21.78","577.42","289.1","288.32","448.38","225.42","222.96","129.04","63.68","65.37","3052.03","1725.55","1326.48","2134.79","1233.8","900.99","917.24","491.75","425.49","711.98","509.18","202.8","688.44","490.59","197.86","23.54","18.6","4.94","649.52","285.98","363.54","616.19","268.28","347.91","33.33","17.7","15.63","2673.99","1361.5","4035.49"
"76","1961","5","Karnataka","Bijapur / Vijayapura","1660.18","840.18","820.0","1346.77","678.77","668.0","313.41","161.41","152.0","9.41","4.85","4.56","8.55","4.4","4.15","0.86","0.45","0.41","163.47","80.6","82.88","144.92","71.36","73.56","18.56","9.24","9.32","405.89","319.62","86.27","283.95","230.64","53.31","121.95","88.98","32.96","371.85","252.11","119.74","353.79","239.5","114.29","18.07","12.61","5.46","223.05","104.05","119.0","212.01","98.21","113.8","11.04","5.83","5.21","872.23","594.9","1467.13"
"76","1971","5","Karnataka","Bijapur / Vijayapura","1983.24","1003.65","979.59","1562.65","786.41","776.24","420.59","217.24","203.35","6.52","3.28","3.25","5.54","2.75","2.8","0.98","0.53","0.45","200.0","99.36","100.64","172.3","85.28","87.02","27.7","14.09","13.62","543.81","407.34","136.47","359.62","281.57","78.05","184.19","125.77","58.42","231.81","212.09","19.72","217.63","199.38","18.25","14.18","12.71","1.47","272.46","168.8","103.66","255.29","157.6","97.69","17.17","11.2","5.97","1399.62","504.27","1903.89"
"76","1981","5","Karnataka","Bijapur / Vijayapura","2401.78","1211.54","1190.25","1823.15","914.95","908.2","578.63","296.59","282.04","115.24","58.14","57.1","101.93","51.34","50.59","13.31","6.79","6.51","362.8","181.28","181.52","297.04","147.52","149.52","65.76","33.76","32.0","767.54","547.86","219.68","492.36","368.79","123.57","275.18","179.07","96.11","309.26","269.47","39.79","289.98","252.76","37.22","19.28","16.71","2.57","337.86","176.17","161.69","313.2","162.4","150.8","24.67","13.78","10.89","1403.0","647.12","2050.12"
"76","1991","5","Karnataka","Bijapur / Vijayapura","2927.99","1491.02","1436.97","2239.24","1137.56","1101.68","688.75","353.46","335.29","39.54","20.16","19.37","34.07","17.38","16.69","5.47","2.79","2.68","509.86","257.77","252.09","421.19","212.72","208.46","88.68","45.05","43.63","1307.67","840.87","466.81","916.37","603.42","312.95","391.31","237.45","153.86","350.0","281.4","68.6","329.3","263.6","65.7","20.7","17.7","2.9","479.0","230.6","248.4","452.7","215.0","237.7","26.3","15.6","10.7","1991.88","829.0","2820.88"
"76","2001","5","Karnataka","Bijapur / Vijayapura","3461.1","1764.23","1696.86","2586.35","1317.44","1268.91","874.75","446.79","427.96","110.23","55.63","54.61","-1.0","-1.0","-1.0","-1.0","-1.0","-1.0","584.85","295.12","289.75","-1.0","-1.0","-1.0","-1.0","-1.0","-1.0","1690.82","1040.49","650.34","1137.56","721.19","416.38","553.26","319.3","233.96","419.36","325.99","93.36","402.38","311.09","91.29","16.98","14.91","2.08","559.93","226.78","333.14","528.48","211.25","317.23","31.45","15.53","15.92","1623.91","979.29","2603.19"
"76","2011","5","Karnataka","Bijapur / Vijayapura","4067.08","2061.13","2005.95","2967.26","1507.83","1459.43","1099.83","553.3","546.52","136.51","68.38","68.13","112.46","56.44","56.02","24.05","11.94","12.12","761.92","384.58","377.34","602.1","304.62","297.48","159.83","79.95","79.86","2361.68","1371.96","989.72","1599.04","955.25","643.8","762.64","416.71","345.93","458.42","344.86","113.56","442.56","331.73","110.83","15.86","13.13","2.73","654.84","281.91","372.93","616.04","261.97","354.07","38.8","19.94","18.86","2321.28","1113.26","3434.54"
"77","1961","5","Karnataka","Bidar","663.17","336.48","326.69","581.95","294.43","287.52","81.22","42.05","39.17","1.06","0.54","0.52","1.05","0.54","0.52","0.0","0.0","0.0","100.88","49.77","51.11","95.2","47.12","48.08","5.68","2.66","3.03","96.08","80.83","15.25","69.33","61.38","7.95","26.75","19.45","7.3","126.13","86.29","39.85","123.84","84.39","39.46","2.29","1.9","0.39","104.98","51.07","53.91","102.46","49.76","52.7","2.52","1.31","1.21","353.31","231.11","584.42"
"77","1971","5","Karnataka","Bidar","822.82","419.18","403.64","703.79","357.29","346.49","119.03","61.89","57.15","0.7","0.37","0.33","0.47","0.24","0.22","0.24","0.12","0.12","123.96","63.04","60.93","113.97","57.92","56.06","9.99","5.12","4.87","161.03","127.61","33.42","114.53","95.6","18.93","46.5","32.02","14.49","91.38","85.26","6.12","88.98","83.01","5.97","2.4","2.25","0.15","101.91","66.75","35.17","98.49","64.4","34.08","3.42","2.34","1.08","612.15","193.29","805.44"
"77","1981","5","Karnataka","Bidar","995.69","506.04","489.65","818.28","413.65","404.62","177.42","92.39","85.03","43.15","22.0","21.16","41.28","21.0","20.28","1.87","0.99","0.88","159.78","81.34","78.44","143.45","72.66","70.79","16.33","8.69","7.65","263.25","193.33","69.93","178.28","138.64","39.64","84.97","54.69","30.28","120.37","104.46","15.91","116.59","100.95","15.64","3.78","3.51","0.27","154.63","81.33","73.29","148.96","77.96","71.0","5.67","3.37","2.3","594.0","275.0","869.0"
"77","1991","5","Karnataka","Bidar","1255.8","643.19","612.61","1010.1","513.84","496.26","245.7","129.35","116.35","104.22","53.47","50.75","98.44","50.36","48.09","5.77","3.11","2.67","260.03","133.1","126.93","228.2","116.31","111.89","31.84","16.79","15.05","451.06","302.35","148.72","315.87","219.4","96.47","135.19","82.94","52.24","137.8","106.5","31.3","133.5","102.6","30.9","4.3","3.9","0.4","212.7","103.1","109.7","204.9","98.3","106.6","7.8","4.7","3.1","858.69","350.5","1209.19"
"77","2001","5","Karnataka","Bidar","1501.37","770.68","730.7","1156.92","591.21","565.71","344.45","179.47","164.98","182.22","93.46","88.76","-1.0","-1.0","-1.0","-1.0","-1.0","-1.0","298.81","153.65","145.16","-1.0","-1.0","-1.0","-1.0","-1.0","-1.0","785.21","477.46","307.75","562.49","349.12","213.38","222.71","128.34","94.37","140.47","102.32","38.16","137.17","99.46","37.7","3.3","2.85","0.45","209.3","95.21","114.09","202.98","91.66","111.32","6.33","3.55","2.77","942.28","349.77","1292.06"
"77","2011","5","Karnataka","Bidar","1703.3","870.67","832.64","1277.35","651.25","626.1","425.95","219.42","206.54","235.82","119.79","116.04","214.76","109.2","105.56","21.06","10.59","10.47","399.79","204.28","195.51","330.42","168.88","161.54","69.37","35.4","33.97","1042.67","597.2","445.48","739.71","430.68","309.03","302.96","166.52","136.45","141.3","102.11","39.19","137.57","99.17","38.4","3.73","2.94","0.79","280.09","140.52","139.57","268.67","134.02","134.65","11.42","6.5","4.92","1000.69","421.39","1422.08"
"78","1961","5","Karnataka","Raichur","1100.9","554.54","546.35","940.27","472.14","468.13","160.62","82.4","78.22","0.05","0.03","0.02","0.02","0.01","0.0","0.03","0.02","0.01","114.08","56.62","57.46","98.94","49.03","49.91","15.14","7.59","7.55","172.42","143.96","28.46","124.31","108.88","15.43","48.11","35.08","13.03","287.42","196.18","91.25","274.13","187.03","87.1","13.29","9.15","4.14","105.09","50.42","54.67","98.73","47.12","51.61","6.36","3.3","3.06","588.83","392.51","981.34"
"78","1971","5","Karnataka","Raichur","1414.95","714.19","700.76","1197.82","602.43","595.39","217.13","111.76","105.37","1.15","0.6","0.55","0.75","0.38","0.37","0.4","0.22","0.19","152.33","75.47","76.86","131.4","65.19","66.2","20.93","10.27","10.66","287.6","222.46","65.14","210.93","170.21","40.72","76.68","52.26","24.42","210.1","188.04","22.07","200.35","179.29","21.06","9.76","8.75","1.01","191.88","113.78","78.09","179.69","106.55","73.14","12.19","7.24","4.95","982.68","401.98","1384.66"
"78","1981","5","Karnataka","Raichur","1783.82","897.24","886.58","1440.09","721.17","718.93","343.73","176.08","167.65","177.31","88.81","88.5","165.16","82.66","82.51","12.14","6.15","5.99","269.77","134.54","135.23","225.2","112.14","113.06","44.57","22.4","22.18","441.02","322.23","118.79","302.02","231.4","70.62","139.0","90.83","48.18","261.79","224.4","37.39","249.11","213.54","35.57","12.68","10.86","1.82","315.94","152.0","163.94","293.1","140.41","152.68","22.84","11.58","11.26","1001.0","577.73","1578.73"
"78","1991","5","Karnataka","Raichur","2309.89","1166.96","1142.93","1829.76","920.75","909.02","480.12","246.21","233.91","180.27","90.87","89.4","163.35","82.25","81.1","16.92","8.63","8.3","397.92","199.85","198.08","326.34","163.59","162.75","71.59","36.26","35.33","660.45","458.72","201.73","439.69","321.05","118.64","220.77","137.67","83.09","318.3","257.7","60.6","304.6","246.2","58.4","13.7","11.4","2.3","456.8","199.7","257.1","425.4","183.9","241.5","31.4","15.8","15.6","1441.15","775.1","2216.25"
"78","2001","5","Karnataka","Raichur","2841.71","1434.38","1407.33","2224.43","1118.74","1105.68","617.28","315.64","301.65","441.63","222.14","219.49","-1.0","-1.0","-1.0","-1.0","-1.0","-1.0","502.49","252.08","250.41","-1.0","-1.0","-1.0","-1.0","-1.0","-1.0","1231.33","777.2","454.14","869.24","567.24","301.99","362.1","209.95","152.14","377.42","293.11","84.31","364.61","282.47","82.13","12.82","10.64","2.18","560.65","210.3","350.35","536.35","199.37","336.97","24.31","10.93","13.38","1559.75","938.08","2497.83"
"78","2011","5","Karnataka","Raichur","3318.73","1664.44","1654.29","2594.68","1300.93","1293.75","724.05","363.51","360.55","531.34","264.86","266.48","486.58","242.58","244.01","44.76","22.28","22.47","659.54","329.7","329.84","536.52","268.69","267.83","123.02","61.01","62.01","1788.86","1046.0","742.86","1310.44","781.86","528.58","478.41","264.15","214.27","408.71","298.08","110.64","397.79","289.01","108.78","10.92","9.07","1.86","656.55","267.01","389.53","629.91","254.49","375.42","26.63","12.53","14.1","1760.55","1065.26","2825.81"
"79","1961","5","Karnataka","Gulbarga / Kalaburagi","1399.46","703.45","696.01","1173.04","587.66","585.38","226.42","115.79","110.63","1.35","0.71","0.65","1.33","0.7","0.63","0.02","0.01","0.01","217.88","109.07","108.81","197.52","98.9","98.62","20.36","10.17","10.19","206.09","169.9","36.19","132.53","115.38","17.15","73.56","54.52","19.04","301.6","208.38","93.22","293.28","202.5","90.78","8.32","5.88","2.44","175.07","84.43","90.63","167.74","80.67","87.07","7.33","3.76","3.57","737.29","476.67","1213.96"
"79","1971","5","Karnataka","Gulbarga / Kalaburagi","1739.67","878.03","861.64","1430.36","718.61","711.75","309.31","159.43","149.89","1.87","0.99","0.89","1.21","0.64","0.57","0.66","0.34","0.32","261.92","131.87","130.06","233.56","117.33","116.23","28.3","14.54","13.76","327.16","253.19","73.98","204.67","169.49","35.18","122.49","83.7","38.79","211.09","195.33","15.76","204.2","189.33","14.87","6.89","6.0","0.89","221.45","140.11","81.34","212.02","134.59","77.43","9.42","5.52","3.91","1258.77","432.54","1691.31"
"79","1981","5","Karnataka","Gulbarga / Kalaburagi","2080.64","1050.19","1030.46","1604.91","804.36","800.55","475.73","245.83","229.91","97.63","49.14","48.49","89.77","45.16","44.6","7.86","3.98","3.88","455.46","230.38","225.08","381.93","191.99","189.94","73.54","38.39","35.14","519.0","381.96","137.04","303.46","241.01","62.46","215.54","140.96","74.58","269.37","221.38","48.0","259.47","212.89","46.58","9.9","8.48","1.42","326.25","152.11","174.14","310.05","143.46","166.59","16.2","8.65","7.55","1139.0","595.62","1734.62"
"79","1991","5","Karnataka","Gulbarga / Kalaburagi","2582.17","1316.09","1266.08","1972.37","999.38","972.98","609.8","316.71","293.1","106.94","54.77","52.16","94.92","48.55","46.38","12.01","6.23","5.78","610.64","312.68","297.96","502.45","256.15","246.3","108.19","56.53","51.66","791.63","544.95","246.68","473.31","349.64","123.66","318.32","195.31","123.02","316.5","251.0","65.5","306.1","242.1","64.0","10.4","8.9","1.5","461.1","198.3","262.8","442.1","188.1","253.9","19.0","10.2","8.8","1709.56","777.6","2487.16"
"79","2001","5","Karnataka","Gulbarga / Kalaburagi","3124.86","1591.38","1533.48","2276.94","1152.47","1124.47","847.92","438.91","409.01","154.2","77.93","76.27","-1.0","-1.0","-1.0","-1.0","-1.0","-1.0","717.6","365.97","351.62","-1.0","-1.0","-1.0","-1.0","-1.0","-1.0","1324.91","830.66","494.25","807.25","529.4","277.86","517.65","301.26","216.39","369.61","284.44","85.17","358.29","275.21","83.09","11.32","9.23","2.09","539.36","190.38","348.98","518.41","181.39","337.02","20.95","8.99","11.96","1774.13","908.97","2683.1"
"79","2011","5","Karnataka","Gulbarga / Kalaburagi","3740.6","1892.09","1848.51","2684.37","1356.22","1328.15","1056.23","535.86","520.37","212.11","106.39","105.72","178.79","89.8","88.99","33.32","16.59","16.73","922.1","467.29","454.8","731.42","370.83","360.59","190.68","96.47","94.21","1937.37","1135.11","802.26","1231.57","746.35","485.23","705.8","388.76","317.04","379.53","289.79","89.74","367.1","279.79","87.32","12.44","10.01","2.42","649.93","271.07","378.86","621.29","256.56","364.72","28.64","14.5","14.14","2105.88","1029.46","3135.34"
"80","1961","5","Karnataka","Dakshina Kannada","1263.84","751.23","512.61","983.48","612.13","371.35","280.36","139.1","141.26","48.68","24.28","24.4","47.64","23.77","23.87","1.04","0.51","0.53","77.36","38.45","38.91","68.53","34.06","34.47","8.84","4.4","4.44","505.85","310.89","194.96","360.04","227.64","132.39","145.81","83.25","62.57","343.15","168.17","174.98","336.19","164.89","171.3","6.96","3.28","3.68","130.61","48.21","82.4","127.75","47.54","80.21","2.86","0.67","2.18","832.99","473.75","1306.74"
"80","1971","5","Karnataka","Dakshina Kannada","1937.04","940.07","996.97","1544.85","745.97","798.88","392.19","194.1","198.09","63.6","31.86","31.73","59.97","30.12","29.85","3.63","1.75","1.88","99.69","49.69","50.0","85.59","42.72","42.86","14.1","6.96","7.14","841.04","492.76","348.28","599.6","358.7","240.9","241.44","134.06","107.38","220.65","138.48","82.17","213.34","133.98","79.36","7.31","4.49","2.82","182.99","87.57","95.42","176.64","85.16","91.48","6.35","2.41","3.94","1378.61","403.64","1782.25"
"80","1981","5","Karnataka","Dakshina Kannada","2376.72","1154.12","1222.6","1795.11","865.19","929.92","581.61","288.93","292.68","88.4","44.33","44.07","81.77","40.94","40.84","6.63","3.4","3.24","144.12","72.76","71.36","116.55","58.78","57.77","27.57","13.98","13.59","1270.72","716.58","554.14","878.29","502.14","376.16","392.43","214.45","177.98","237.67","151.15","86.52","226.22","143.64","82.57","11.46","7.51","3.95","184.76","93.82","90.94","173.73","88.85","84.89","11.03","4.98","6.05","1382.0","422.43","1804.43"
"80","1991","5","Karnataka","Dakshina Kannada","2694.26","1306.26","1388.01","1931.67","925.37","1006.3","762.59","380.89","381.71","106.16","53.17","52.99","94.29","47.17","47.12","11.87","6.0","5.87","175.55","88.29","87.26","140.3","70.56","69.73","35.25","17.73","17.52","1756.12","939.53","816.59","1192.89","638.03","554.85","563.23","301.49","261.74","219.3","138.7","80.6","204.5","129.3","75.3","14.8","9.5","5.3","178.9","99.4","79.5","165.7","93.1","72.6","13.2","6.3","6.9","2168.64","398.2","2566.84"
"80","2001","5","Karnataka","Dakshina Kannada","3005.9","1459.19","1546.71","2071.13","994.62","1076.51","934.77","464.58","470.19","104.55","52.15","52.4","-1.0","-1.0","-1.0","-1.0","-1.0","-1.0","198.85","99.17","99.68","-1.0","-1.0","-1.0","-1.0","-1.0","-1.0","2204.23","1146.87","1057.36","1454.86","756.74","698.12","749.38","390.13","359.25","146.61","88.89","57.72","138.04","82.86","55.18","8.57","6.03","2.54","129.4","65.1","64.3","121.82","61.71","60.12","7.58","3.39","4.19","1570.75","276.01","1846.76"
"80","2011","5","Karnataka","Dakshina Kannada","3267.01","1596.84","1670.17","1936.86","940.33","996.53","1330.15","656.51","673.64","135.17","67.19","67.98","107.44","53.41","54.03","27.72","13.78","13.95","223.61","110.31","113.29","158.74","78.53","80.2","64.87","31.78","33.1","2592.75","1329.72","1263.03","1483.57","765.11","718.45","1109.19","564.62","544.58","96.95","63.78","33.18","88.16","57.62","30.54","8.79","6.15","2.64","92.66","52.41","40.25","83.71","47.39","36.32","8.95","5.02","3.93","1756.05","189.61","1945.66"
"81","1961","5","Karnataka","Uttara Kannada","689.55","354.34","335.21","568.69","292.41","276.28","120.86","61.94","58.93","4.22","2.36","1.86","3.9","2.2","1.7","0.32","0.17","0.15","31.53","16.28","15.25","26.82","13.87","12.95","4.7","2.41","2.3","230.58","153.74","76.84","170.74","117.18","53.56","59.84","36.57","23.28","143.71","84.9","58.82","138.24","81.61","56.63","5.47","3.28","2.19","32.76","19.23","13.54","32.1","18.84","13.26","0.66","0.39","0.27","379.46","176.48","555.93"
"81","1971","5","Karnataka","Uttara Kannada","848.6","433.27","415.33","698.09","356.52","341.56","150.52","76.75","73.77","2.18","1.12","1.05","1.63","0.85","0.78","0.55","0.27","0.27","34.86","17.89","16.98","29.29","15.09","14.2","5.57","2.8","2.77","344.45","215.16","129.29","259.41","165.61","93.8","85.04","49.55","35.49","106.86","86.98","19.88","103.93","84.48","19.45","2.93","2.5","0.43","49.28","33.36","15.92","48.05","32.52","15.53","1.23","0.84","0.39","667.57","156.14","823.71"
"81","1981","5","Karnataka","Uttara Kannada","1072.05","547.43","524.62","800.24","407.25","392.99","271.79","140.16","131.63","9.75","5.02","4.74","8.33","4.27","4.06","1.42","0.75","0.68","85.88","43.62","42.26","62.11","31.56","30.55","23.76","12.06","11.71","518.3","313.97","204.33","348.92","216.24","132.68","169.38","97.73","71.66","135.23","107.64","27.59","128.94","102.49","26.45","6.29","5.14","1.15","56.4","33.52","22.88","52.44","31.03","21.41","3.96","2.49","1.47","660.0","191.63","851.63"
"81","1991","5","Karnataka","Uttara Kannada","1220.26","620.7","599.56","925.74","470.33","455.41","294.52","150.37","144.15","10.17","5.22","4.95","9.07","4.63","4.44","1.09","0.59","0.5","91.99","46.61","45.38","67.49","34.27","33.22","24.5","12.34","12.16","689.28","400.69","288.59","484.88","287.48","197.4","204.4","113.22","91.18","141.3","107.6","33.8","136.3","103.5","32.8","5.0","4.1","1.0","82.3","46.1","36.2","78.6","43.6","35.0","3.6","2.4","1.2","943.06","223.6","1166.66"
"81","2001","5","Karnataka","Uttara Kannada","1353.3","687.03","666.27","965.35","490.0","475.34","387.95","197.03","190.93","23.78","11.98","11.8","-1.0","-1.0","-1.0","-1.0","-1.0","-1.0","101.9","51.31","50.59","-1.0","-1.0","-1.0","-1.0","-1.0","-1.0","906.64","506.8","399.84","610.82","347.3","263.52","295.82","159.5","136.32","143.8","94.96","48.84","137.71","90.38","47.33","6.1","4.59","1.51","84.27","37.52","46.75","79.88","35.22","44.66","4.39","2.3","2.09","772.07","228.07","1000.14"
"81","2011","5","Karnataka","Uttara Kannada","1437.17","726.26","710.91","1018.19","514.91","503.28","418.98","211.35","207.64","34.24","17.1","17.14","27.95","13.98","13.97","6.29","3.12","3.17","116.43","57.84","58.59","78.86","39.39","39.47","37.57","18.45","19.12","1081.91","582.1","499.81","741.13","403.42","337.71","340.78","178.68","162.1","111.58","80.89","30.69","107.09","77.32","29.77","4.49","3.57","0.92","116.34","61.3","55.03","110.84","57.78","53.06","5.5","3.52","1.98","828.64","227.92","1056.56"
"82","1961","5","Karnataka","Kodagu / Coorg","322.83","173.34","149.49","280.14","149.66","130.48","42.69","23.68","19.01","27.1","14.35","12.75","27.06","14.33","12.73","0.04","0.02","0.02","30.61","16.44","14.17","27.91","15.03","12.88","2.7","1.41","1.3","117.07","75.38","41.7","94.29","60.84","33.44","22.79","14.54","8.25","48.43","28.73","19.71","47.08","27.87","19.21","1.36","0.86","0.5","19.12","11.73","7.39","18.21","11.25","6.96","0.91","0.48","0.43","171.32","67.55","238.87"
"82","1971","5","Karnataka","Kodagu / Coorg","376.92","196.6","180.32","318.12","165.19","152.93","58.8","31.41","27.4","26.6","13.84","12.76","26.32","13.69","12.63","0.28","0.15","0.13","36.97","19.25","17.72","32.47","16.98","15.49","4.5","2.27","2.23","167.16","98.95","68.21","133.05","78.65","54.4","34.11","20.3","13.81","37.23","29.67","7.56","36.11","28.67","7.43","1.12","1.0","0.12","30.27","19.73","10.53","29.61","19.25","10.36","0.66","0.49","0.17","303.46","67.5","370.96"
"82","1981","5","Karnataka","Kodagu / Coorg","461.89","238.89","223.0","390.23","200.87","189.36","71.66","38.03","33.64","36.88","18.98","17.9","35.64","18.37","17.28","1.23","0.61","0.62","48.75","25.18","23.58","43.22","22.31","20.91","5.53","2.87","2.66","231.62","135.06","96.57","185.09","108.02","77.07","46.53","27.03","19.5","48.64","35.97","12.67","47.42","34.94","12.49","1.22","1.04","0.18","33.02","19.32","13.7","32.28","18.87","13.41","0.74","0.45","0.29","244.0","81.66","325.66"
"82","1991","5","Karnataka","Kodagu / Coorg","488.46","246.87","241.59","410.51","206.66","203.86","77.94","40.21","37.73","40.31","20.55","19.76","38.9","19.89","19.01","1.41","0.66","0.75","59.01","29.72","29.29","51.48","25.93","25.55","7.53","3.79","3.74","285.28","158.66","126.62","229.59","128.12","101.46","55.7","30.53","25.16","43.9","31.1","12.8","43.0","30.3","12.6","0.9","0.8","0.1","33.2","18.7","14.5","32.2","18.1","14.1","1.0","0.6","0.4","386.01","77.1","463.11"
"82","2001","5","Karnataka","Kodagu / Coorg","545.32","273.21","272.11","470.1","234.68","235.42","75.22","38.53","36.7","46.12","23.11","23.01","-1.0","-1.0","-1.0","-1.0","-1.0","-1.0","67.42","33.38","34.04","-1.0","-1.0","-1.0","-1.0","-1.0","-1.0","374.04","200.63","173.41","314.2","168.77","145.44","59.84","31.86","27.98","20.08","14.58","5.5","19.71","14.24","5.46","0.37","0.34","0.04","11.1","5.82","5.28","10.97","5.75","5.22","0.13","0.07","0.06","280.17","31.18","311.35"
"82","2011","5","Karnataka","Kodagu / Coorg","554.52","274.61","279.91","473.53","234.16","239.37","80.99","40.45","40.54","58.05","28.51","29.54","56.3","27.64","28.66","1.76","0.87","0.89","73.58","35.76","37.83","64.62","31.36","33.26","8.97","4.4","4.57","412.88","215.3","197.58","346.06","180.92","165.14","66.82","34.38","32.43","21.17","13.8","7.38","20.93","13.6","7.33","0.25","0.2","0.05","15.15","7.64","7.52","14.81","7.41","7.4","0.35","0.23","0.12","275.58","36.32","311.9"
"83","1961","11","Tamil Nadu","Chengalpattu MGR / Kanchipuram","2196.41","1120.59","1075.82","1740.73","885.48","855.26","455.68","235.11","220.57","26.33","13.64","12.69","23.24","12.03","11.21","3.09","1.61","1.48","616.64","314.84","301.8","554.15","282.41","271.74","62.49","32.44","30.05","612.59","450.59","162.0","400.34","310.18","90.16","212.25","140.41","71.85","334.97","252.45","82.52","322.29","242.35","79.93","12.69","10.1","2.59","241.25","129.3","111.96","232.56","124.64","107.92","8.7","4.66","4.04","1243.24","576.23","1819.47"
"83","1971","11","Tamil Nadu","Chengalpattu MGR / Kanchipuram","2889.14","1488.27","1400.87","1884.56","964.23","920.33","1004.59","524.04","480.54","27.19","14.04","13.15","23.35","12.12","11.24","3.84","1.93","1.91","763.99","389.02","374.98","612.15","311.74","300.41","151.84","77.27","74.57","1128.32","754.99","373.33","580.24","411.69","168.55","548.08","343.3","204.78","246.76","190.73","56.04","231.46","176.38","55.07","15.3","14.34","0.96","311.49","257.0","54.49","284.41","237.4","47.0","27.09","19.6","7.49","1926.84","558.25","2485.09"
"83","1981","11","Tamil Nadu","Chengalpattu MGR / Kanchipuram","3616.51","1848.12","1768.38","2208.72","1119.07","1089.66","1407.79","729.06","678.73","46.05","23.47","22.58","36.87","18.79","18.08","9.18","4.67","4.51","947.79","481.15","466.64","732.89","371.85","361.04","214.9","109.3","105.6","1735.9","1103.79","632.12","855.25","575.64","279.61","880.65","528.15","352.51","288.12","243.32","44.8","270.66","228.21","42.45","17.46","15.11","2.35","416.8","235.27","181.53","379.28","212.2","167.08","37.52","23.07","14.45","2248.95","704.92","2953.87"
"83","1991","11","Tamil Nadu","Chengalpattu MGR / Kanchipuram","4653.59","2374.69","2278.9","2565.58","1298.35","1267.23","2088.01","1076.34","1011.67","57.87","29.32","28.55","45.0","22.79","22.2","12.87","6.53","6.35","1208.42","611.82","596.6","896.34","452.98","443.36","312.08","158.84","153.24","2648.1","1570.28","1077.82","1210.39","752.83","457.56","1437.71","817.45","620.26","273.6","219.0","54.5","253.6","201.8","51.8","20.0","17.2","2.7","569.3","318.3","251.0","523.4","287.3","236.1","45.9","31.0","15.0","2882.27","842.9","3725.17"
"83","2001","11","Tamil Nadu","Chengalpattu MGR / Kanchipuram","5608.79","2845.59","2763.19","2582.02","1299.2","1282.82","3026.77","1546.39","1480.38","64.37","32.15","32.22","46.95","23.54","23.42","17.42","8.61","8.81","1322.85","663.42","659.43","897.43","449.31","448.12","425.42","214.11","211.32","3838.13","2138.18","1699.95","1547.38","887.24","660.13","2290.75","1250.93","1039.82","203.84","147.34","56.51","188.8","136.32","52.49","15.04","11.02","4.02","549.69","293.25","256.44","510.23","270.36","239.87","39.45","22.89","16.56","3450.2","753.53","4203.73"
"83","2011","11","Tamil Nadu","Chengalpattu MGR / Kanchipuram","7726.35","3889.02","3837.33","2759.63","1385.44","1374.19","4966.74","2503.58","2463.16","88.45","44.3","44.16","62.1","31.01","31.09","26.35","13.29","13.06","1769.73","884.79","884.94","1003.0","501.07","501.93","766.73","383.72","383.01","5805.1","3107.17","2697.93","1848.08","1023.19","824.88","3957.02","2083.98","1873.05","162.78","115.25","47.54","142.38","100.62","41.76","20.41","14.63","5.78","543.1","286.03","257.07","495.91","257.32","238.59","47.19","28.71","18.48","4514.49","705.88","5220.37"
"84","1961","11","Tamil Nadu","South Arcot / Cuddalore","3047.97","1535.93","1512.05","2655.65","1337.13","1318.52","392.32","198.8","193.52","13.54","6.84","6.69","12.66","6.41","6.25","0.87","0.43","0.44","801.68","401.38","400.3","756.16","378.53","377.63","45.52","22.85","22.67","814.18","622.89","191.29","633.94","504.2","129.73","180.24","118.68","61.56","690.93","498.16","192.77","678.59","487.81","190.78","12.33","10.34","1.99","400.36","205.93","194.43","387.56","198.51","189.05","12.8","7.42","5.38","1650.92","1091.29","2742.2"
"84","1971","11","Tamil Nadu","South Arcot / Cuddalore","3606.96","1830.91","1776.06","3094.05","1568.36","1525.7","512.91","262.55","250.36","14.11","7.25","6.86","13.83","7.1","6.73","0.27","0.14","0.13","937.89","474.74","463.16","879.91","445.73","434.19","57.98","29.01","28.97","1135.34","817.45","317.89","859.65","647.56","212.09","275.69","169.9","105.79","528.45","491.04","37.41","517.6","480.68","36.92","10.85","10.37","0.48","457.33","304.4","152.94","439.32","291.94","147.39","18.01","12.46","5.55","1212.28","985.78","2198.06"
"84","1981","11","Tamil Nadu","South Arcot / Cuddalore","4201.87","2130.44","2071.43","3542.25","1794.42","1747.83","659.62","336.03","323.6","53.78","27.39","26.38","51.96","26.45","25.51","1.82","0.94","0.88","1091.35","552.49","538.87","1011.45","512.18","499.27","79.91","40.31","39.6","1545.29","1052.09","493.2","1139.19","813.38","325.81","406.1","238.7","167.39","620.6","519.75","100.85","608.74","509.04","99.69","11.87","10.71","1.16","629.93","338.06","291.87","608.86","325.11","283.75","21.07","12.95","8.12","2446.14","1250.53","3696.67"
"84","1991","11","Tamil Nadu","South Arcot / Cuddalore","4878.43","2478.94","2399.49","4109.8","2086.31","2023.5","768.63","392.64","375.99","58.01","29.47","28.54","55.0","27.92","27.08","3.01","1.55","1.46","1323.3","673.27","650.03","1219.63","620.62","599.01","103.67","52.64","51.03","2187.47","1379.57","807.9","1671.97","1086.35","585.62","515.5","293.23","222.27","675.5","542.4","133.2","659.1","527.6","131.5","16.4","14.7","1.7","878.4","465.4","413.0","848.8","445.2","403.7","29.5","20.3","9.3","2747.71","1553.9","4301.61"
"84","2001","11","Tamil Nadu","South Arcot / Cuddalore","5224.45","2633.3","2591.15","4045.38","2040.05","2005.33","1179.06","593.25","585.81","75.69","38.21","37.48","68.93","34.79","34.14","6.76","3.43","3.34","1445.41","726.94","718.47","1255.17","632.35","622.83","190.24","94.6","95.64","3118.88","1826.83","1292.05","2255.26","1354.0","901.27","863.62","472.83","390.79","629.37","428.71","200.66","606.33","410.6","195.73","23.04","18.11","4.93","1136.05","554.52","581.53","1070.31","515.51","554.8","65.75","39.02","26.73","2827.53","1765.42","4592.95"
"84","2011","11","Tamil Nadu","South Arcot / Cuddalore","6064.78","3052.52","3012.27","4660.52","2350.34","2310.17","1404.28","702.18","702.09","90.56","45.51","45.05","81.29","40.76","40.53","9.27","4.75","4.52","1779.66","894.81","884.85","1534.82","772.65","762.16","244.84","122.16","122.69","4011.06","2234.8","1776.26","2929.99","1660.5","1269.49","1081.07","574.3","506.77","534.82","359.95","174.87","515.68","344.43","171.24","19.14","15.5","3.64","1371.62","683.51","688.12","1297.01","638.91","658.1","74.61","44.6","30.02","3191.65","1906.44","5098.09"
"85","1961","11","Tamil Nadu","North Arcot / Vellore","3146.33","1581.83","1564.5","2515.1","1263.94","1251.16","631.23","317.88","313.34","59.3","30.54","28.77","58.58","30.1","28.48","0.72","0.44","0.29","620.7","310.79","309.91","542.06","271.39","270.67","78.64","39.4","39.24","777.83","587.13","190.7","509.11","411.02","98.09","268.72","176.11","92.61","755.72","493.62","262.1","740.68","482.19","258.49","15.04","11.43","3.61","250.67","107.32","143.35","239.17","102.33","136.84","11.5","4.98","6.52","1677.31","1006.39","2683.71"
"85","1971","11","Tamil Nadu","North Arcot / Vellore","3738.27","1891.89","1846.39","2957.05","1495.09","1461.96","781.22","396.8","384.42","70.73","36.47","34.26","69.38","35.78","33.6","1.35","0.69","0.66","724.89","366.0","358.89","628.43","317.23","311.2","96.46","48.77","47.69","1280.55","889.61","390.94","873.96","640.68","233.27","406.59","248.92","157.67","511.05","462.97","48.08","499.75","452.5","47.25","11.3","10.47","0.83","404.66","225.43","179.23","389.68","215.85","173.83","14.98","9.58","5.4","2362.56","915.71","3278.27"
"85","1981","11","Tamil Nadu","North Arcot / Vellore","4414.32","2230.56","2183.77","3398.8","1717.06","1681.73","1015.53","513.5","502.03","93.69","48.08","45.61","89.56","46.01","43.54","4.13","2.07","2.07","877.8","441.7","436.1","741.76","373.61","368.15","136.05","68.09","67.96","1805.09","1192.83","612.26","1228.24","849.93","378.32","576.84","342.9","233.94","604.41","500.72","103.69","592.7","489.89","102.81","11.72","10.83","0.88","557.23","263.43","293.8","538.81","252.97","285.84","18.42","10.46","7.97","2558.94","1161.64","3720.58"
"85","1991","11","Tamil Nadu","North Arcot / Vellore","5069.41","2559.99","2509.42","3866.77","1955.48","1911.29","1202.64","604.52","598.13","111.93","57.17","54.75","106.85","54.62","52.23","5.08","2.56","2.52","1065.71","536.59","529.12","893.92","451.4","442.52","171.79","85.19","86.6","2489.84","1531.36","958.48","1736.8","1104.65","632.15","753.05","426.71","326.33","612.7","470.0","142.7","599.5","458.6","140.8","13.3","11.3","1.9","735.9","355.3","380.6","716.0","342.5","373.5","19.9","12.8","7.0","2913.74","1348.6","4262.34"
"85","2001","11","Tamil Nadu","North Arcot / Vellore","5664.82","2837.06","2827.76","3945.96","1978.32","1967.63","1718.87","858.74","860.13","135.8","68.79","67.01","127.44","64.59","62.85","8.36","4.21","4.16","1181.58","588.12","593.46","918.67","458.49","460.18","262.92","129.63","133.29","3563.7","2040.35","1523.36","2326.82","1365.22","961.61","1236.88","675.13","561.75","599.3","405.8","193.49","577.2","388.73","188.47","22.1","17.08","5.02","816.69","370.41","446.28","767.62","345.99","421.63","49.07","24.42","24.66","3171.48","1415.99","4587.47"
"85","2011","11","Tamil Nadu","North Arcot / Vellore","6401.21","3197.58","3203.63","4204.27","2106.83","2097.44","2196.94","1090.75","1106.18","163.91","82.62","81.29","151.8","76.54","75.25","12.12","6.08","6.04","1425.54","707.29","718.25","1041.65","519.18","522.48","383.89","188.11","195.79","4400.74","2414.16","1986.58","2736.03","1534.98","1201.05","1664.72","879.19","785.53","467.75","313.95","153.8","448.42","299.68","148.74","19.33","14.28","5.05","917.02","430.1","486.93","862.01","401.4","460.6","55.02","28.7","26.31","3473.7","1384.77","4858.47"
"86","1961","11","Tamil Nadu","Salem","3804.11","1923.89","1880.22","3186.76","1609.24","1577.52","617.35","314.65","302.7","100.52","51.31","49.21","100.48","51.28","49.19","0.04","0.03","0.01","552.48","279.77","272.72","502.09","254.3","247.79","50.4","25.47","24.93","756.52","568.61","187.91","501.67","399.22","102.45","254.85","169.39","85.45","1067.77","649.48","418.29","1047.5","635.76","411.74","20.27","13.71","6.56","250.44","128.01","122.43","243.96","124.14","119.83","6.48","3.87","2.61","1852.06","1318.21","3170.27"
"86","1971","11","Tamil Nadu","Salem","4660.88","2369.52","2291.36","3722.25","1889.19","1833.06","938.64","480.32","458.32","124.5","64.41","62.1","123.58","62.94","60.65","0.92","0.47","0.45","708.15","359.67","348.48","622.04","315.93","306.11","86.11","43.74","42.37","1306.89","912.26","394.62","856.61","629.89","226.72","450.27","282.37","167.91","763.71","649.05","114.66","740.74","629.51","111.23","22.96","19.53","3.43","472.6","287.49","185.12","447.77","272.37","175.4","24.83","15.12","9.71","4332.97","1236.31","5569.28"
"86","1981","11","Tamil Nadu","Salem","5438.78","2785.18","2653.6","4255.93","2178.08","2077.86","1182.84","607.11","575.74","168.51","85.75","82.77","166.18","84.55","81.64","2.34","1.21","1.14","836.98","428.43","408.56","724.25","371.13","353.12","112.74","57.3","55.44","1931.54","1279.26","652.29","1274.65","883.0","391.65","656.89","396.26","260.64","946.04","715.57","230.48","924.3","698.08","226.22","21.75","17.49","4.26","705.04","350.71","354.34","676.92","334.61","342.31","28.13","16.1","12.03","2900.71","1651.08","4551.79"
"86","1991","11","Tamil Nadu","Salem","6324.98","3262.59","3062.4","4958.24","2561.67","2396.57","1366.74","700.92","665.83","183.81","94.24","89.57","181.53","93.04","88.49","2.27","1.2","1.08","998.22","513.31","484.91","864.31","445.16","419.16","133.91","68.15","65.76","2766.9","1734.75","1032.16","1945.15","1256.97","688.18","821.76","477.78","343.98","962.2","690.3","271.9","940.6","673.1","267.5","21.6","17.1","4.4","978.3","485.3","493.1","943.7","465.1","478.6","34.7","20.2","14.4","3250.12","1940.5","5190.62"
"86","2001","11","Tamil Nadu","Salem","7321.67","3773.9","3547.77","4938.03","2555.89","2382.14","2383.64","1218.02","1165.62","214.89","109.25","105.64","206.93","105.13","101.8","7.95","4.13","3.83","1173.47","599.54","573.93","864.7","442.7","421.99","308.78","156.84","151.93","4128.33","2439.01","1689.32","2520.75","1534.27","986.48","1607.58","904.74","702.84","1030.88","617.94","412.93","958.07","571.77","386.3","72.81","46.18","26.63","1108.09","505.33","602.76","971.56","438.39","533.17","136.53","66.94","69.59","3655.57","2138.97","5794.54"
"86","2011","11","Tamil Nadu","Salem","8595.31","4385.38","4209.93","5435.79","2789.61","2646.17","3159.52","1595.78","1563.76","261.86","133.42","128.44","246.99","125.75","121.25","14.88","7.67","7.2","1438.68","728.21","710.47","987.8","501.55","486.25","450.88","226.68","224.22","5567.36","3133.08","2434.29","3273.6","1890.64","1382.98","2293.76","1242.45","1051.31","852.84","500.29","352.56","788.62","459.76","328.85","64.23","40.53","23.71","1238.62","574.16","664.46","1085.31","499.35","585.96","153.31","74.81","78.51","4373.96","2091.46","6465.42"
"87","1961","11","Tamil Nadu","Coimbatore","3557.47","1809.59","1747.88","2525.3","1274.8","1250.5","1032.17","534.79","497.38","20.14","10.31","9.83","18.08","9.24","8.85","2.06","1.08","0.98","532.99","269.67","263.33","402.2","203.34","198.86","130.79","66.32","64.47","1074.23","783.11","291.12","589.38","462.85","126.53","484.85","320.27","164.58","519.27","351.72","167.55","501.38","338.09","163.3","17.89","13.63","4.26","269.29","154.43","114.87","249.69","142.46","107.23","19.6","11.96","7.64","1845.04","788.56","2633.6"
"87","1971","11","Tamil Nadu","Coimbatore","4357.37","2227.67","2129.71","2804.16","1421.53","1382.63","1553.21","806.14","747.08","26.02","13.46","12.56","25.06","12.95","12.11","0.96","0.52","0.45","688.27","347.73","340.54","497.32","251.25","246.08","190.95","96.49","94.46","1691.3","1134.74","556.56","847.26","607.14","240.11","844.05","527.6","316.45","418.53","352.34","66.19","395.49","331.96","63.53","23.04","20.38","2.66","559.78","328.77","231.02","510.64","298.91","211.72","49.15","29.85","19.29","1066.9","978.31","2045.21"
"87","1981","11","Tamil Nadu","Coimbatore","5128.64","2627.17","2501.47","3129.27","1593.15","1536.13","1999.37","1034.02","965.36","23.88","12.32","11.55","21.71","11.21","10.5","2.17","1.12","1.05","688.59","348.04","340.56","476.08","240.31","235.77","212.52","107.73","104.79","2448.57","1552.61","895.98","1189.66","802.59","387.07","1258.91","750.02","508.91","501.7","372.65","129.05","480.43","354.92","125.5","21.27","17.73","3.54","815.12","415.11","400.01","751.91","380.8","371.1","63.22","34.31","28.92","2361.89","1316.82","3678.71"
"87","1991","11","Tamil Nadu","Coimbatore","5828.63","2982.45","2846.2","3410.37","1737.7","1672.68","2418.26","1244.75","1173.52","26.93","13.86","13.07","23.27","12.01","11.26","3.66","1.85","1.82","798.51","402.61","395.9","544.9","275.21","269.69","253.61","127.39","126.21","3191.92","1919.65","1272.27","1559.32","982.42","576.9","1632.6","937.23","695.37","436.8","323.5","113.2","420.6","309.6","111.1","16.1","13.9","2.2","589.3","304.5","284.8","544.0","277.3","266.7","45.3","27.2","18.1","2664.81","1026.1","3690.91"
"87","2001","11","Tamil Nadu","Coimbatore","6798.17","3462.32","3335.86","2819.78","1432.47","1387.32","3978.39","2029.85","1948.54","29.89","15.14","14.76","19.99","10.09","9.9","9.9","5.04","4.87","880.15","439.57","440.58","531.87","265.62","266.25","348.27","173.95","174.33","4449.25","2515.5","1933.75","1574.06","927.34","646.72","2875.2","1588.16","1287.03","477.65","294.34","183.32","386.83","235.28","151.55","90.83","59.06","31.77","884.19","434.06","450.14","664.6","323.39","341.21","219.6","110.67","108.93","3075.55","1361.85","4437.4"
"87","2011","11","Tamil Nadu","Coimbatore","6315.93","3155.57","3160.36","2620.07","1304.2","1315.88","3695.85","1851.38","1844.48","32.35","16.27","16.1","21.79","10.9","10.9","10.58","5.37","5.21","1018.65","506.85","511.82","552.54","274.4","278.14","466.12","232.44","233.68","4626.75","2483.38","2143.36","1720.31","954.5","765.82","2906.43","1528.89","1377.54","357.4","226.57","130.83","325.47","204.58","120.91","31.92","22.0","9.93","658.35","326.95","331.41","556.09","272.98","283.12","102.26","53.98","48.29","3353.21","1015.75","4368.96"
"88","1961","11","Tamil Nadu","Tiruchirapalli / Trichy","3190.08","1588.43","1601.65","2512.01","1244.49","1267.52","678.07","343.94","334.13","8.8","4.51","4.29","8.57","4.42","4.15","0.23","0.1","0.14","565.63","281.5","284.13","505.77","251.08","254.69","59.86","30.42","29.44","954.93","709.82","245.11","604.52","485.87","118.66","350.4","223.96","126.45","862.4","525.8","336.6","837.41","508.34","329.07","24.99","17.46","7.53","256.88","120.98","135.89","244.52","114.54","129.97","12.36","6.44","5.92","1617.59","1119.27","2736.87"
"88","1971","11","Tamil Nadu","Tiruchirapalli / Trichy","3844.9","1930.37","1914.53","2989.86","1494.23","1495.63","855.04","436.14","418.91","14.91","7.63","7.28","14.83","7.58","7.24","0.08","0.05","0.03","690.64","345.97","344.67","617.81","308.72","309.08","72.84","37.25","35.58","1439.62","991.8","447.82","866.49","635.85","230.64","573.13","355.95","217.18","633.77","538.35","95.42","614.71","521.3","93.41","19.06","17.05","2.01","369.52","208.28","161.24","349.14","195.21","153.93","20.38","13.07","7.31","2557.82","1003.29","3561.11"
"88","1981","11","Tamil Nadu","Tiruchirapalli / Trichy","4398.95","2211.58","2187.38","3350.74","1676.97","1673.76","1048.22","534.6","513.61","58.62","29.39","29.23","54.28","27.2","27.07","4.35","2.19","2.16","902.87","454.38","448.46","785.89","394.81","391.08","116.98","59.57","57.4","1952.18","1273.51","678.68","1251.89","867.71","384.18","700.29","405.8","294.49","736.0","566.17","169.83","717.35","550.44","166.91","18.65","15.74","2.91","524.65","252.95","271.71","496.7","237.1","259.6","27.96","15.84","12.11","2702.5","1260.65","3963.15"
"88","1991","11","Tamil Nadu","Tiruchirapalli / Trichy","5040.51","2535.82","2504.69","3810.12","1912.4","1897.72","1230.39","623.43","606.97","41.35","21.07","20.28","36.81","18.71","18.1","4.55","2.36","2.18","1062.78","536.27","526.52","909.9","459.22","450.68","152.89","77.04","75.84","2656.38","1608.45","1047.93","1783.75","1123.97","659.78","872.62","484.47","388.15","787.5","556.8","230.6","762.5","536.6","225.9","25.0","20.3","4.7","954.5","473.6","481.0","903.0","442.8","460.2","51.5","30.8","20.8","2970.85","1742.0","4712.85"
"88","2001","11","Tamil Nadu","Tiruchirapalli / Trichy","5491.19","2737.24","2753.96","3749.92","1868.25","1881.66","1741.28","868.99","872.29","44.23","22.32","21.92","36.42","18.35","18.06","7.82","3.96","3.85","1177.22","586.36","590.87","860.68","428.54","432.14","316.55","157.82","158.73","3567.66","2018.63","1549.03","2220.47","1304.62","915.85","1347.19","714.01","633.18","734.16","457.25","276.91","698.02","431.51","266.51","36.14","25.74","10.4","929.66","412.0","517.66","840.77","366.31","474.46","88.89","45.7","43.2","3150.67","1663.81","4814.48"
"88","2011","11","Tamil Nadu","Tiruchirapalli / Trichy","7480.95","3729.32","3751.64","4222.86","2106.96","2115.91","3258.11","1622.39","1635.72","48.82","24.69","24.1","40.6","20.56","20.04","8.22","4.16","4.06","1425.32","707.47","717.85","982.07","487.54","494.53","443.25","219.93","223.32","5236.04","2856.6","2379.45","2718.78","1527.27","1191.51","2517.28","1329.33","1187.95","648.49","392.69","255.79","584.98","351.32","233.68","63.52","41.4","22.13","1200.23","564.51","635.72","1031.26","479.22","552.04","168.97","85.28","83.69","3820.5","1848.72","5669.22"
"89","1961","11","Tamil Nadu","Thanjavur","3245.93","1610.24","1635.69","2584.41","1280.2","1304.21","661.52","330.05","331.48","0.27","0.14","0.13","0.25","0.13","0.12","0.02","0.01","0.01","750.6","375.75","374.85","699.37","349.7","349.67","51.23","26.05","25.18","1088.86","783.78","305.07","745.42","566.31","179.11","343.44","217.48","125.96","494.67","361.06","133.61","478.67","347.86","130.81","16.0","13.2","2.8","445.98","248.79","197.18","429.04","238.57","190.46","16.94","10.22","6.72","1882.38","940.64","2823.02"
"89","1971","11","Tamil Nadu","Thanjavur","3832.74","1921.55","1911.19","3044.65","1525.9","1518.74","788.1","395.65","392.45","1.02","0.52","0.51","0.72","0.37","0.35","0.3","0.14","0.16","848.98","427.8","421.18","792.8","399.3","393.49","56.18","28.5","27.68","1527.41","1026.59","500.83","1091.88","764.41","327.47","435.53","262.17","173.36","375.29","348.78","26.51","359.98","334.34","25.64","15.32","14.45","0.87","537.3","381.17","156.13","512.77","361.83","150.95","24.53","19.34","5.19","302.2","912.59","1214.79"
"89","1981","11","Tamil Nadu","Thanjavur","4433.73","2228.15","2205.57","3447.6","1732.15","1715.45","986.13","496.0","490.12","10.87","5.52","5.37","7.19","3.7","3.49","3.68","1.82","1.86","1051.65","533.37","518.29","964.8","489.11","475.69","86.85","44.26","42.6","2189.6","1378.98","810.61","1548.04","1010.11","537.93","641.56","368.87","272.69","442.54","384.0","58.54","423.59","366.57","57.02","18.95","17.43","1.52","709.87","436.19","273.67","676.88","413.35","263.52","32.98","22.84","10.14","2795.4","1152.41","3947.81"
"89","1991","11","Tamil Nadu","Thanjavur","4956.15","2485.37","2470.78","3855.86","1933.57","1922.29","1100.29","551.8","548.49","15.95","8.07","7.88","10.77","5.49","5.28","5.19","2.58","2.61","1222.87","617.85","605.02","1116.92","564.59","552.33","105.95","53.27","52.69","2806.08","1651.05","1155.03","2041.49","1228.6","812.89","764.6","422.46","342.14","465.3","389.4","75.8","436.8","363.1","73.7","28.4","26.3","2.2","978.0","583.9","394.1","932.5","553.2","379.3","45.5","30.7","14.8","3046.83","1443.3","4490.13"
"89","2001","11","Tamil Nadu","Thanjavur","5322.37","2639.39","2682.98","3930.3","1950.86","1979.44","1392.07","688.53","703.55","15.39","7.67","7.72","8.73","4.38","4.34","6.66","3.29","3.39","1354.29","675.69","678.6","1161.94","580.12","581.82","192.37","95.59","96.79","3589.81","1988.12","1601.69","2531.23","1424.33","1106.9","1058.58","563.79","494.79","364.74","278.7","86.04","341.71","259.06","82.65","23.03","19.64","3.39","1088.81","612.81","476.0","1009.92","563.41","446.51","78.89","49.4","29.49","3266.67","1453.55","4720.22"
"89","2011","11","Tamil Nadu","Thanjavur","6403.83","3168.19","3235.63","4316.12","2137.96","2178.16","2087.71","1030.23","1057.49","18.22","9.03","9.22","11.32","5.65","5.68","6.92","3.38","3.54","1577.33","783.43","793.92","1326.33","659.74","666.61","251.0","123.7","127.31","4709.82","2506.87","2202.96","3072.1","1655.99","1416.1","1637.73","850.89","786.86","346.01","262.21","83.84","308.98","234.1","74.88","37.04","28.11","8.95","1213.49","685.52","527.97","1101.1","617.69","483.41","112.4","67.83","44.55","3632.36","1559.5","5191.86"
"90","1961","11","Tamil Nadu","Madurai","3211.23","1607.23","1604.0","2195.48","1091.96","1103.52","1015.75","515.27","500.48","5.51","2.83","2.68","4.28","2.2","2.08","1.23","0.63","0.6","490.13","245.27","244.86","414.15","207.06","207.09","75.99","38.21","37.78","1072.06","773.41","298.65","569.95","447.26","122.69","502.1","326.15","175.96","569.51","375.36","194.15","537.83","351.56","186.28","31.68","23.8","7.87","292.98","151.6","141.38","269.14","138.05","131.09","23.84","13.55","10.28","1751.59","862.49","2614.08"
"90","1971","11","Tamil Nadu","Madurai","3931.1","1977.82","1953.29","2608.95","1304.73","1304.21","1322.16","673.09","649.07","6.8","3.51","3.19","5.72","2.96","2.76","1.08","0.56","0.52","587.87","295.32","292.56","499.53","250.87","248.66","88.34","44.44","43.9","1635.42","1085.82","549.6","877.31","627.5","249.81","758.11","458.32","299.79","421.62","353.89","67.73","401.45","335.58","65.87","20.17","18.31","1.86","514.66","309.67","204.99","470.07","280.62","189.45","44.59","29.05","15.54","3594.93","936.28","4531.21"
"90","1981","11","Tamil Nadu","Madurai","4535.9","2296.61","2239.28","2892.29","1457.17","1435.12","1643.61","839.44","804.17","13.65","6.89","6.76","8.78","4.44","4.34","4.87","2.45","2.42","695.24","351.8","343.44","579.75","293.06","286.69","115.49","58.74","56.74","2148.35","1365.96","782.39","1102.88","754.71","348.17","1045.47","611.25","434.22","497.03","356.24","140.8","472.61","335.27","137.34","24.43","20.97","3.46","753.6","379.51","374.09","678.64","335.24","343.4","74.96","44.27","30.69","2546.58","1250.63","3797.21"
"90","1991","11","Tamil Nadu","Madurai","5210.26","2647.13","2563.13","3291.12","1667.43","1623.69","1919.14","979.7","939.44","22.25","11.49","10.76","15.02","7.73","7.29","7.23","3.76","3.47","845.27","428.7","416.58","698.68","354.06","344.62","146.59","74.63","71.97","2858.66","1716.66","1142.0","1531.83","969.73","562.1","1326.83","746.93","579.9","466.4","327.0","139.4","437.1","302.4","134.7","29.2","24.6","4.6","1002.6","508.2","494.5","907.3","449.0","458.2","95.5","59.2","36.3","2827.91","1469.0","4296.91"
"90","2001","11","Tamil Nadu","Madurai","5575.96","2814.44","2761.52","2878.49","1452.9","1425.59","2697.47","1361.54","1335.93","14.14","7.24","6.9","6.61","3.37","3.24","7.53","3.86","3.68","911.22","458.78","452.45","609.8","307.66","302.14","301.43","151.11","150.33","3695.02","2098.32","1596.7","1699.85","1008.05","691.81","1995.17","1090.28","904.89","375.04","233.59","141.44","331.75","202.24","129.51","43.29","31.36","11.93","1025.13","500.7","524.43","824.14","391.83","432.32","200.98","108.87","92.11","3013.01","1400.16","4413.17"
"90","2011","11","Tamil Nadu","Madurai","6443.93","3233.1","3210.84","3118.61","1570.74","1547.87","3325.32","1662.36","1662.96","21.0","10.67","10.32","10.77","5.49","5.27","10.23","5.18","5.06","1119.56","560.57","558.98","712.04","357.32","354.73","407.51","203.25","204.26","4625.34","2519.39","2105.95","2035.01","1151.77","883.25","2590.33","1367.62","1222.71","296.5","183.14","113.35","259.32","157.05","102.27","37.17","26.09","11.08","1155.95","579.23","576.72","933.27","453.87","479.4","222.68","125.34","97.33","3392.5","1452.45","4844.95"
"91","1961","11","Tamil Nadu","Ramananthapuram","2421.79","1175.77","1246.02","1822.31","882.15","940.16","599.48","293.62","305.86","0.79","0.4","0.4","0.22","0.11","0.11","0.58","0.29","0.28","373.27","184.11","189.16","332.87","163.69","169.18","40.4","20.42","19.98","777.56","568.35","209.21","489.42","382.39","107.02","288.14","185.95","102.19","615.78","353.36","262.42","597.23","340.78","256.45","18.55","12.58","5.98","167.69","74.0","93.68","154.69","67.79","86.9","13.0","6.21","6.79","1260.42","783.47","2043.89"
"91","1971","11","Tamil Nadu","Ramananthapuram","2857.42","1398.2","1459.23","2111.83","1027.43","1084.4","745.59","370.77","374.83","1.06","0.54","0.52","0.49","0.25","0.25","0.56","0.29","0.28","458.62","226.74","231.88","406.2","200.8","205.4","52.42","25.94","26.48","1129.57","761.62","367.95","716.36","510.44","205.91","413.21","251.18","162.03","407.8","311.8","96.01","394.07","299.9","94.17","13.73","11.89","1.84","268.71","152.36","116.35","246.55","138.93","107.62","22.16","13.43","8.73","1839.86","676.51","2516.37"
"91","1981","11","Tamil Nadu","Ramananthapuram","3335.44","1648.42","1687.02","2394.48","1175.47","1219.02","940.95","472.96","468.0","6.62","3.22","3.4","4.19","2.01","2.18","2.43","1.21","1.22","556.29","277.49","278.8","483.82","240.7","243.12","72.47","36.79","35.68","1511.47","971.21","540.26","931.5","629.78","301.72","579.97","341.43","238.54","513.84","369.35","144.5","499.12","357.03","142.09","14.73","12.31","2.41","335.52","155.16","180.36","307.69","139.7","167.98","27.83","15.46","12.38","1860.85","849.36","2710.21"
"91","1991","11","Tamil Nadu","Ramananthapuram","3787.27","1884.08","1903.2","2661.58","1317.45","1344.14","1125.68","566.64","559.06","5.75","2.9","2.85","1.84","0.95","0.89","3.91","1.94","1.96","668.29","334.09","334.2","572.43","286.06","286.35","95.86","48.02","47.85","2039.69","1223.12","816.58","1286.4","798.73","487.67","753.28","424.37","328.91","550.7","372.7","178.1","530.1","355.4","174.8","20.6","17.3","3.3","465.3","220.4","244.9","430.7","199.7","230.9","34.8","20.6","14.1","1986.68","1016.0","3002.68"
"91","2001","11","Tamil Nadu","Ramananthapuram","4085.62","2018.48","2067.14","2684.12","1320.47","1363.65","1401.5","698.01","703.49","4.52","2.26","2.27","1.73","0.89","0.84","2.79","1.36","1.43","737.47","364.9","372.57","584.64","288.86","295.79","152.82","76.05","76.78","2659.07","1493.43","1165.64","1630.41","937.02","693.39","1028.66","556.41","472.25","452.13","263.66","188.47","438.19","253.46","184.73","13.94","10.21","3.73","465.28","205.71","259.58","423.98","183.97","240.01","41.31","21.74","19.57","2178.38","917.41","3095.79"
"91","2011","11","Tamil Nadu","Ramananthapuram","4634.84","2319.04","2315.8","2831.07","1417.08","1413.99","1803.78","901.96","901.81","4.19","2.13","2.06","2.07","1.02","1.06","2.12","1.12","1.01","876.59","437.32","439.27","653.37","326.47","326.89","223.23","110.85","112.38","3337.48","1823.17","1514.31","1934.19","1079.43","854.76","1403.3","743.75","659.55","371.92","225.95","145.98","357.1","214.73","142.37","14.83","11.22","3.6","562.13","275.95","286.19","511.61","247.58","264.04","50.52","28.36","22.15","2461.53","934.05","3395.58"
"92","1961","11","Tamil Nadu","Thirunelveli","2730.28","1330.22","1400.06","1882.4","914.69","967.7","847.88","415.53","432.36","0.7","0.37","0.33","0.33","0.18","0.15","0.37","0.19","0.18","431.15","211.75","219.4","358.14","175.66","182.49","73.01","36.1","36.91","993.32","664.92","328.4","586.06","409.1","176.96","407.26","255.83","151.43","438.31","282.03","156.28","405.17","258.68","146.49","33.13","23.34","9.79","200.69","90.29","110.4","176.62","79.11","97.51","24.07","11.19","12.89","1485.35","639.0","2124.34"
"92","1971","11","Tamil Nadu","Thirunelveli","3194.49","1562.99","1631.5","2166.22","1054.91","1111.31","1028.28","508.08","520.2","1.61","0.87","0.74","0.8","0.4","0.4","0.82","0.47","0.35","504.96","247.71","257.24","407.68","199.56","208.12","97.28","48.16","49.12","1436.63","897.23","539.39","871.71","561.37","310.34","564.92","335.86","229.06","292.16","245.54","46.63","267.07","223.34","43.73","25.09","22.2","2.89","358.45","204.61","153.84","319.78","179.97","139.81","38.67","24.64","14.03","2029.0","650.61","2679.61"
"92","1981","11","Tamil Nadu","Thirunelveli","3573.75","1748.32","1825.43","2335.95","1134.36","1201.59","1237.8","613.96","623.84","11.95","5.79","6.17","8.8","4.17","4.63","3.15","1.62","1.54","589.47","288.38","301.09","467.8","228.35","239.45","121.66","60.03","61.64","1863.45","1106.72","756.73","1101.89","670.07","431.82","761.56","436.65","324.91","354.29","262.21","92.07","329.81","241.84","87.97","24.48","20.37","4.11","429.62","212.7","216.92","383.19","187.44","195.75","46.43","25.25","21.17","2043.06","783.91","2826.97"
"92","1991","11","Tamil Nadu","Thirunelveli","3957.75","1939.66","2018.09","2564.89","1249.6","1315.29","1392.87","690.06","702.81","12.15","6.02","6.14","6.87","3.35","3.53","5.27","2.66","2.61","697.72","342.71","355.02","544.32","266.76","277.56","153.41","75.95","77.47","2340.65","1319.98","1020.67","1395.35","800.94","594.41","945.3","519.04","426.26","360.1","256.7","103.5","328.4","231.6","96.9","31.6","25.0","6.6","541.9","282.5","259.5","480.9","245.2","235.7","61.1","37.3","23.8","2171.8","902.0","3073.8"
"92","2001","11","Tamil Nadu","Thirunelveli","4366.94","2136.17","2230.77","2402.87","1167.43","1235.44","1964.06","968.74","995.32","11.85","5.84","6.01","4.26","2.07","2.19","7.59","3.77","3.83","770.0","376.62","393.39","511.69","249.91","261.79","258.32","126.72","131.61","3058.2","1640.63","1417.56","1596.34","862.71","733.63","1461.86","777.92","683.94","216.15","153.31","62.84","182.62","127.17","55.45","33.53","26.14","7.39","530.82","292.24","238.58","416.6","223.56","193.04","114.22","68.69","45.54","2336.33","746.97","3083.3"
"92","2011","11","Tamil Nadu","Thirunelveli","4827.41","2385.93","2441.48","2430.37","1199.09","1231.29","2397.03","1186.84","1210.19","15.18","7.58","7.61","5.08","2.54","2.54","10.1","5.04","5.06","917.61","452.23","465.37","576.15","283.96","292.18","341.47","168.28","173.19","3623.16","1913.82","1709.34","1742.8","932.72","810.08","1880.36","981.1","899.25","164.24","120.61","43.61","137.47","98.78","38.69","26.76","21.83","4.92","580.4","326.44","253.98","466.59","254.66","211.94","113.81","71.78","42.03","2642.86","744.64","3387.5"
"93","1961","11","Tamil Nadu","The Nilgiris","409.31","213.83","195.48","229.44","119.29","110.15","179.87","94.55","85.32","12.95","6.68","6.27","9.33","4.78","4.55","3.62","1.9","1.72","77.61","39.51","38.1","39.6","20.01","19.59","38.01","19.5","18.51","146.05","103.21","42.84","65.93","50.63","15.3","80.12","52.58","27.54","35.54","19.24","16.31","31.07","16.5","14.57","4.47","2.74","1.73","20.7","10.85","9.84","16.58","8.74","7.84","4.12","2.12","2.0","221.53","56.24","277.77"
"93","1971","11","Tamil Nadu","The Nilgiris","491.33","252.27","239.06","248.81","126.54","122.27","242.52","125.73","116.79","19.87","10.05","9.82","13.9","7.06","6.84","5.97","2.99","2.98","92.69","46.8","45.89","45.62","22.87","22.74","47.08","23.93","23.15","232.25","148.32","83.93","103.68","69.04","34.64","128.57","79.28","49.29","9.46","7.57","1.89","6.27","5.07","1.21","3.18","2.5","0.68","14.5","8.87","5.63","9.67","5.75","3.92","4.83","3.12","1.71","2586.72","23.96","2610.68"
"93","1981","11","Tamil Nadu","The Nilgiris","630.17","322.0","308.17","322.32","162.44","159.88","307.85","159.56","148.29","20.87","10.51","10.37","14.43","7.28","7.16","6.44","3.23","3.21","145.17","73.2","71.97","70.89","35.62","35.27","74.29","37.58","36.71","356.17","218.12","138.05","165.06","103.85","61.21","191.11","114.27","76.84","7.32","6.27","1.05","4.53","3.8","0.73","2.79","2.47","0.32","14.55","8.61","5.93","8.96","5.07","3.89","5.59","3.54","2.04","385.33","21.87","407.2"
"93","1991","11","Tamil Nadu","The Nilgiris","710.21","358.13","352.09","356.78","178.91","177.87","353.43","179.22","174.21","25.05","12.71","12.34","17.57","8.9","8.67","7.48","3.81","3.66","214.6","107.53","107.07","100.81","50.45","50.36","113.79","57.08","56.71","449.45","258.25","191.2","211.54","124.47","87.06","237.91","133.78","104.14","10.9","8.7","2.2","5.5","4.4","1.0","5.4","4.2","1.2","25.0","14.7","10.2","14.6","8.5","6.1","10.4","6.3","4.2","421.35","35.9","457.25"
"93","2001","11","Tamil Nadu","The Nilgiris","764.83","379.61","385.22","309.65","152.97","156.68","455.17","226.64","228.53","28.37","14.01","14.36","19.6","9.75","9.85","8.77","4.26","4.51","238.01","117.79","120.22","85.49","42.42","43.06","152.53","75.37","77.16","556.78","303.7","253.09","212.78","118.45","94.33","344.01","185.25","158.76","14.27","9.72","4.55","9.72","6.2","3.52","4.55","3.52","1.03","47.9","25.31","22.59","31.34","16.1","15.24","16.56","9.21","7.36","418.76","62.17","480.93"
"93","2011","11","Tamil Nadu","The Nilgiris","735.39","360.14","375.25","299.74","145.91","153.83","435.66","214.23","221.42","32.81","16.09","16.72","22.75","11.17","11.59","10.06","4.92","5.14","235.88","115.92","119.96","86.75","42.69","44.06","149.13","73.23","75.9","569.65","299.45","270.2","221.96","118.46","103.49","347.69","180.98","166.71","15.65","9.92","5.72","11.71","7.06","4.65","3.94","2.86","1.07","79.1","41.11","37.99","49.74","25.13","24.61","29.36","15.98","13.38","385.42","94.75","480.17"
"94","1961","11","Tamil Nadu","Kanyakumari","996.92","503.74","493.18","846.84","428.22","418.62","150.08","75.52","74.56","1.74","0.94","0.81","1.65","0.9","0.75","0.1","0.04","0.06","40.33","19.89","20.44","34.92","17.2","17.72","5.41","2.69","2.72","484.18","283.29","200.88","397.77","233.82","163.94","86.41","49.47","36.94","72.87","67.67","5.2","70.15","65.23","4.92","2.71","2.44","0.27","31.27","23.36","7.91","29.72","22.37","7.35","1.55","0.99","0.56","645.74","104.13","749.87"
"94","1971","11","Tamil Nadu","Kanyakumari","1228.22","622.32","605.89","1023.89","519.64","504.25","204.33","102.68","101.64","2.86","1.5","1.37","2.8","1.46","1.34","0.06","0.04","0.03","47.54","23.9","23.63","40.82","20.5","20.32","6.72","3.4","3.32","713.57","398.88","314.68","577.13","324.68","252.45","136.44","74.2","62.23","58.51","57.64","0.86","55.54","54.73","0.81","2.97","2.92","0.05","121.95","112.53","9.42","117.25","108.28","8.98","4.7","4.26","0.44","872.06","180.46","1052.52"
"94","1981","11","Tamil Nadu","Kanyakumari","1423.4","716.96","706.44","1177.87","593.91","583.96","245.53","123.05","122.48","6.36","3.25","3.11","5.86","2.98","2.88","0.5","0.27","0.23","60.17","30.05","30.12","51.3","25.51","25.79","8.88","4.54","4.34","908.89","491.5","417.4","727.98","395.7","332.28","180.92","95.8","85.12","45.91","44.45","1.46","43.43","42.05","1.38","2.48","2.4","0.08","144.51","130.59","13.92","139.7","126.42","13.28","4.81","4.17","0.64","1010.08","190.42","1200.5"
"94","1991","11","Tamil Nadu","Kanyakumari","1600.35","803.84","796.51","1330.24","668.86","661.38","270.11","134.98","135.13","5.22","2.62","2.6","4.68","2.35","2.33","0.54","0.27","0.27","76.86","38.34","38.52","65.9","32.86","33.04","10.96","5.48","5.48","1148.78","601.72","547.05","938.2","493.28","444.92","210.58","108.45","102.14","61.6","58.0","3.6","57.6","54.2","3.4","4.0","3.8","0.2","177.4","159.3","18.1","170.9","153.6","17.3","6.5","5.7","0.8","1112.22","239.0","1351.22"
"94","2001","11","Tamil Nadu","Kanyakumari","1669.76","829.54","840.22","582.76","290.17","292.59","1087.0","539.37","547.63","5.44","2.68","2.77","3.56","1.77","1.79","1.88","0.91","0.98","67.71","33.37","34.35","26.85","13.21","13.64","40.86","20.16","20.71","1320.56","674.94","645.63","452.83","231.72","221.11","867.73","443.22","424.51","16.07","14.62","1.45","6.65","5.78","0.87","9.42","8.84","0.58","82.0","70.39","11.61","34.39","29.04","5.35","47.61","41.35","6.26","1127.98","98.07","1226.05"
"94","2011","11","Tamil Nadu","Kanyakumari","1870.37","926.35","944.03","330.57","164.94","165.63","1539.8","761.41","778.4","7.28","3.55","3.73","3.74","1.81","1.93","3.54","1.75","1.8","74.25","36.82","37.43","18.97","9.46","9.51","55.28","27.36","27.92","1548.74","780.54","768.2","269.38","136.43","132.95","1279.36","644.11","635.25","15.61","13.05","2.56","5.54","4.21","1.33","10.07","8.84","1.24","72.87","61.4","11.47","18.22","14.11","4.11","54.65","47.29","7.36","1190.75","88.48","1279.23"
"95","1961","7","Maharashtra","Bombay","4152.06","2496.18","1655.88","0.0","0.0","0.0","4152.06","2496.18","1655.88","22.46","12.14","10.32","0.0","0.0","0.0","22.46","12.14","10.32","123.53","67.73","55.8","0.0","0.0","0.0","123.53","67.73","55.8","2433.2","1624.96","808.25","0.0","0.0","0.0","2433.2","1624.96","808.25","4.84","2.94","1.9","0.0","0.0","0.0","4.84","2.94","1.9","1.95","1.16","0.79","0.0","0.0","0.0","1.95","1.16","0.79","2465.39","6.79","2472.18"
"95","1971","7","Maharashtra","Bombay","5968.55","3477.0","2491.55","0.0","0.0","0.0","5968.55","3477.0","2491.55","30.02","16.55","13.47","0.0","0.0","0.0","30.02","16.55","13.47","210.5","115.34","95.15","0.0","0.0","0.0","210.5","115.34","95.15","3817.25","2468.65","1348.61","0.0","0.0","0.0","3817.25","2468.65","1348.61","3.4","2.99","0.41","0.0","0.0","0.0","3.4","2.99","0.41","3.56","2.98","0.58","0.0","0.0","0.0","3.56","2.98","0.58","3770.45","6.96","3777.41"
"95","1981","7","Maharashtra","Bombay","8243.41","4652.65","3590.76","0.0","0.0","0.0","8243.41","4652.65","3590.76","84.07","46.14","37.93","0.0","0.0","0.0","84.07","46.14","37.93","399.08","216.08","183.0","-1.0","-1.0","-1.0","399.08","216.08","183.0","5620.32","3438.97","2181.35","0.0","0.0","0.0","5620.32","3438.97","2181.35","3.18","2.78","0.4","0.0","0.0","0.0","3.18","2.78","0.4","2.47","1.98","0.48","0.0","0.0","0.0","2.47","1.98","0.48","5383.36","5.65","5389.01"
"95","1991","7","Maharashtra","Bombay","9925.89","5460.15","4465.75","0.0","0.0","0.0","9925.89","5460.15","4465.75","103.78","56.14","47.64","0.0","0.0","0.0","103.78","56.14","47.64","646.91","344.09","302.83","-1.0","-1.0","-1.0","646.91","344.09","302.83","7074.93","4183.99","2890.94","0.0","0.0","0.0","7074.93","4183.99","2890.94","3.4","2.8","0.6","0.0","0.0","0.0","3.4","2.8","0.6","2.5","1.8","0.8","0.0","0.0","0.0","2.5","1.8","0.8","6491.16","5.9","6497.06"
"95","2001","7","Maharashtra","Bombay","11914.4","6577.9","5336.5","0.0","0.0","0.0","11914.4","6577.9","5336.5","91.12","48.53","42.6","-1.0","-1.0","-1.0","91.12","48.53","42.6","585.04","305.82","279.22","-1.0","-1.0","-1.0","585.04","305.82","279.22","9228.73","5412.67","3816.05","0.0","0.0","0.0","9228.73","5412.67","3816.05","1.69","1.35","0.34","0.0","0.0","0.0","1.69","1.35","0.34","1.45","1.0","0.45","0.0","0.0","0.0","1.45","1.0","0.45","7692.65","3.14","7695.79"
"95","2011","7","Maharashtra","Bombay","12442.37","6715.93","5726.44","0.0","0.0","0.0","12442.37","6715.93","5726.44","129.65","68.52","61.14","0.0","0.0","0.0","129.65","68.52","61.14","803.23","411.85","391.38","0.0","0.0","0.0","803.23","411.85","391.38","10084.51","5633.71","4450.8","0.0","0.0","0.0","10084.51","5633.71","4450.8","22.14","13.45","8.69","0.0","0.0","0.0","22.14","13.45","8.69","26.47","19.82","6.65","0.0","0.0","0.0","26.47","19.82","6.65","7422.96","48.61","7471.57"
"96","1961","7","Maharashtra","Thane","1652.68","861.12","791.56","1153.35","587.22","566.13","499.33","273.9","225.43","500.56","253.6","246.96","482.66","244.11","238.55","17.9","9.49","8.41","22.72","11.91","10.82","13.87","6.99","6.88","8.85","4.91","3.94","504.71","353.85","150.85","239.11","182.92","56.19","265.6","170.94","94.66","383.16","197.73","185.43","376.45","194.07","182.38","6.71","3.66","3.05","118.28","61.34","56.94","115.18","59.61","55.58","3.09","1.73","1.37","874.92","501.43","1376.36"
"96","1971","7","Maharashtra","Thane","2278.65","1202.91","1075.74","1452.92","747.31","705.61","825.72","455.6","370.12","579.54","293.34","286.19","561.62","284.04","277.58","17.92","9.31","8.61","36.17","18.98","17.19","19.23","9.85","9.38","16.94","9.13","7.81","920.59","604.57","316.02","427.07","299.46","127.61","493.52","305.11","188.41","284.95","193.43","91.52","280.02","189.54","90.48","4.93","3.89","1.05","187.1","111.28","75.82","181.09","107.56","73.53","6.01","3.72","2.29","1424.98","472.05","1897.03"
"96","1981","7","Maharashtra","Thane","3351.56","1779.65","1571.92","1865.34","965.47","899.87","1486.22","814.17","672.05","729.42","368.94","360.48","692.72","349.59","343.13","36.7","19.35","17.35","83.83","44.5","39.33","29.54","15.32","14.22","54.29","29.18","25.11","1692.46","1061.39","631.07","719.63","476.55","243.08","972.83","584.84","387.99","357.69","215.37","142.32","353.38","212.05","141.32","4.31","3.32","0.99","163.99","88.79","75.19","157.91","85.14","72.77","6.08","3.65","2.42","2083.79","521.68","2605.47"
"96","1991","7","Maharashtra","Thane","5249.13","2792.87","2456.25","1855.92","949.62","906.3","3393.21","1843.26","1549.95","951.21","481.21","470.0","848.04","427.24","420.8","103.16","53.97","49.19","271.8","142.32","129.48","48.75","25.16","23.59","223.05","117.16","105.89","3034.67","1814.32","1220.36","760.88","482.52","278.36","2273.8","1331.8","942.0","402.9","229.8","173.2","383.5","215.6","167.9","19.4","14.1","5.3","200.3","103.8","96.5","186.8","95.7","91.1","13.6","8.2","5.4","3287.43","603.2","3890.63"
"96","2001","7","Maharashtra","Thane","8128.83","4377.81","3751.03","2228.87","1147.91","1080.96","5899.96","3229.9","2670.07","1199.29","600.81","598.48","1047.71","522.75","524.96","151.58","78.06","73.52","339.72","177.99","161.73","45.11","23.46","21.64","294.61","154.53","140.09","5681.29","3271.38","2409.91","1209.43","687.96","521.47","4471.87","2583.42","1888.44","397.72","202.28","195.45","377.68","188.5","189.19","20.04","13.78","6.26","320.6","144.34","176.26","306.06","136.68","169.38","14.54","7.66","6.88","5346.83","718.32","6065.16"
"96","2011","7","Maharashtra","Thane","11060.15","5865.08","5195.07","2545.47","1300.14","1245.33","8514.68","4564.94","3949.74","1542.45","769.19","773.26","1265.16","627.29","637.87","277.29","141.9","135.39","730.09","377.89","352.2","84.98","43.89","41.09","645.11","333.99","311.11","8227.16","4591.4","3635.77","1539.89","883.41","656.48","6687.28","3707.99","2979.29","349.93","203.21","146.72","321.46","183.66","137.8","28.47","19.55","8.92","418.0","216.75","201.26","377.89","190.4","187.5","40.11","26.35","13.76","6567.38","767.93","7335.31"
"97","1961","7","Maharashtra","Raigad","1058.86","514.53","544.32","952.17","459.62","492.56","106.68","54.92","51.77","95.35","49.2","46.16","93.61","48.28","45.34","1.74","0.92","0.82","13.89","7.18","6.71","11.47","5.86","5.61","2.42","1.31","1.1","260.08","187.14","72.94","205.58","153.3","52.29","54.5","33.84","20.66","329.57","160.06","169.5","326.13","158.01","168.12","3.44","2.05","1.38","54.03","26.18","27.86","53.18","25.85","27.33","0.85","0.32","0.53","563.03","383.6","946.63"
"97","1971","7","Maharashtra","Raigad","1261.16","612.82","648.0","1108.54","533.17","575.37","152.61","79.65","72.96","113.5","58.45","55.05","109.46","56.28","53.18","4.04","2.18","1.87","15.4","7.77","7.63","12.24","6.13","6.1","3.17","1.64","1.53","443.96","291.3","152.66","354.1","237.22","116.88","89.85","54.08","35.78","257.1","157.39","99.71","254.1","154.85","99.25","3.0","2.54","0.47","84.03","45.83","38.2","81.58","44.14","37.44","2.45","1.68","0.77","807.98","341.13","1149.11"
"97","1981","7","Maharashtra","Raigad","1486.35","726.51","759.84","1276.58","616.28","660.3","209.88","110.23","99.65","190.21","96.46","93.75","174.38","88.36","86.02","15.83","8.1","7.73","25.18","12.79","12.39","17.56","8.82","8.74","7.62","3.97","3.65","677.62","417.17","260.46","539.09","336.63","202.47","138.53","80.54","57.99","288.85","155.53","133.32","286.09","153.55","132.54","2.76","1.98","0.78","78.94","41.24","37.71","76.92","39.96","36.96","2.03","1.28","0.75","930.62","367.79","1298.41"
"97","1991","7","Maharashtra","Raigad","1824.82","907.91","916.91","1496.18","735.39","760.79","328.64","172.52","156.12","233.95","118.24","115.72","212.76","107.5","105.27","21.19","10.74","10.45","51.0","25.51","25.49","35.68","17.65","18.03","15.32","7.86","7.46","971.29","570.99","400.31","749.78","443.78","306.0","221.51","127.21","94.3","322.7","162.2","160.5","317.4","158.7","158.8","5.2","3.5","1.7","127.1","62.4","64.7","123.1","60.0","63.1","4.0","2.5","1.6","1104.72","449.8","1554.52"
"97","2001","7","Maharashtra","Raigad","2205.97","1116.82","1089.15","1671.19","833.13","838.06","534.79","283.69","251.1","269.12","135.88","133.24","244.27","123.18","121.09","24.86","12.7","12.16","53.67","27.11","26.56","32.42","16.16","16.26","21.25","10.96","10.29","1470.31","829.58","640.73","1064.71","601.65","463.07","405.6","227.94","177.66","262.2","128.39","133.81","258.65","126.14","132.5","3.55","2.24","1.31","195.64","81.6","114.04","192.23","79.69","112.54","3.41","1.91","1.5","1541.28","457.84","1999.12"
"97","2011","7","Maharashtra","Raigad","2634.2","1344.35","1289.86","1664.01","837.0","827.01","970.2","507.35","462.85","305.13","153.66","151.47","270.77","135.96","134.81","34.36","17.7","16.66","134.95","67.98","66.97","64.34","31.99","32.35","70.61","36.0","34.62","1939.99","1059.69","880.3","1162.89","639.7","523.19","777.1","419.99","357.11","206.98","124.37","82.61","201.8","120.73","81.07","5.18","3.64","1.54","191.18","98.18","93.01","184.51","93.71","90.8","6.67","4.47","2.2","1561.23","398.16","1959.39"
"98","1961","7","Maharashtra","Ratnagiri","1827.2","816.8","1010.4","1679.35","742.39","936.95","147.86","74.41","73.45","3.1","1.62","1.48","3.02","1.58","1.44","0.09","0.05","0.04","37.94","18.42","19.52","35.58","17.15","18.43","2.36","1.27","1.09","520.54","344.33","176.21","445.92","298.75","147.17","74.62","45.58","29.04","616.42","256.63","359.79","610.25","253.82","356.43","6.16","2.81","3.35","49.98","20.13","29.85","48.93","19.72","29.21","1.05","0.42","0.63","1006.43","666.39","1672.82"
"98","1971","7","Maharashtra","Ratnagiri","1985.08","882.32","1102.75","1817.93","799.32","1018.61","167.15","83.0","84.15","10.07","5.28","4.79","9.42","4.96","4.46","0.64","0.32","0.32","42.99","20.57","22.42","39.86","18.99","20.88","3.12","1.58","1.54","783.65","458.68","324.97","680.51","399.46","281.04","103.15","59.22","43.93","483.53","235.43","248.1","478.13","231.99","246.13","5.4","3.43","1.97","76.32","32.85","43.47","74.22","31.68","42.54","2.09","1.16","0.93","1287.91","559.85","1847.76"
"98","1981","7","Maharashtra","Ratnagiri","2111.31","943.4","1167.92","1940.39","857.89","1082.5","170.92","85.5","85.41","31.75","16.22","15.52","31.33","16.02","15.31","0.42","0.21","0.21","45.13","21.55","23.58","41.39","19.64","21.75","3.74","1.91","1.83","1008.07","562.46","445.61","889.31","496.46","392.85","118.76","66.0","52.76","471.3","221.2","250.1","468.31","219.26","249.04","2.99","1.94","1.06","58.84","27.92","30.91","57.54","27.23","30.31","1.3","0.7","0.6","1392.16","530.14","1922.3"
"98","1991","7","Maharashtra","Ratnagiri","2376.21","1089.57","1286.64","2175.0","988.27","1186.73","201.21","101.3","99.91","18.74","9.31","9.44","17.63","8.68","8.93","1.12","0.61","0.51","69.83","33.4","36.42","63.45","30.09","33.36","6.37","3.31","3.06","1367.08","731.44","635.63","1217.73","650.98","566.76","149.35","80.47","68.88","558.1","259.5","298.5","555.1","257.5","297.6","3.0","2.1","0.9","94.3","46.5","47.8","92.0","45.2","46.8","2.2","1.3","0.9","1481.96","652.4","2134.36"
"98","2001","7","Maharashtra","Ratnagiri","2558.15","1209.33","1348.82","2283.63","1068.7","1214.93","274.53","140.64","133.89","25.05","12.93","12.13","23.44","11.93","11.5","1.62","0.99","0.62","63.06","30.71","32.35","55.11","26.64","28.47","7.96","4.08","3.88","1717.23","911.23","806.0","1499.19","794.56","704.63","218.04","116.67","101.37","597.54","250.11","347.43","593.85","248.14","345.71","3.69","1.97","1.72","189.36","77.96","111.4","187.53","76.98","110.55","1.83","0.98","0.85","1766.71","786.9","2553.61"
"98","2011","7","Maharashtra","Ratnagiri","2464.72","1178.45","1286.27","2094.0","993.48","1100.51","370.73","184.97","185.76","27.35","13.98","13.37","24.81","12.64","12.17","2.55","1.34","1.2","122.54","58.8","63.74","106.23","50.62","55.62","16.3","8.18","8.11","1865.46","967.3","898.16","1555.63","809.31","746.32","309.83","157.99","151.84","421.72","213.82","207.9","418.58","211.51","207.07","3.14","2.31","0.83","234.94","116.01","118.93","230.91","113.28","117.63","4.02","2.72","1.3","1403.46","656.66","2060.12"
"99","1961","7","Maharashtra","Nasik","1855.25","953.53","901.72","1380.26","700.14","680.13","474.98","253.39","221.59","453.71","230.97","222.74","438.04","223.06","214.98","15.67","7.9","7.77","67.85","34.5","33.34","49.06","24.65","24.41","18.79","9.86","8.93","498.91","375.27","123.64","280.26","225.75","54.52","218.65","149.52","69.13","491.43","261.09","230.34","482.85","255.52","227.33","8.58","5.57","3.02","180.8","83.32","97.48","175.36","80.93","94.44","5.43","2.39","3.04","941.19","672.23","1613.42"
"99","1971","7","Maharashtra","Nasik","2367.0","1220.17","1146.83","1688.95","864.37","824.58","678.05","355.8","322.25","561.2","284.73","276.48","531.84","269.62","262.22","29.37","15.11","14.26","96.1","49.63","46.47","66.86","34.3","32.56","29.24","15.33","13.91","854.81","592.03","262.77","493.17","363.3","129.87","361.64","228.74","132.9","387.24","278.21","109.03","377.37","270.08","107.29","9.87","8.13","1.75","265.73","128.3","137.43","249.41","119.31","130.09","16.32","8.98","7.34","1469.08","652.97","2122.05"
"99","1981","7","Maharashtra","Nasik","2991.74","1544.53","1447.21","2063.59","1053.19","1010.4","928.15","491.34","436.81","701.65","354.5","347.14","657.95","332.01","325.94","43.7","22.49","21.21","185.86","95.37","90.49","117.09","59.52","57.57","68.77","35.85","32.92","1327.18","866.26","460.91","756.1","518.62","237.48","571.07","347.64","223.43","514.63","328.16","186.47","504.67","320.28","184.38","9.96","7.87","2.09","324.44","141.65","182.79","307.07","132.98","174.09","17.37","8.67","8.7","1771.87","839.07","2610.94"
"99","1991","7","Maharashtra","Nasik","3851.35","1984.97","1866.38","2482.27","1269.91","1212.36","1369.09","715.07","654.02","931.07","470.47","460.6","857.09","432.41","424.68","73.98","38.06","35.91","326.76","167.48","159.28","178.93","91.56","87.38","147.82","75.92","71.9","1948.44","1193.88","754.55","1065.7","685.62","380.08","882.74","508.27","374.47","685.9","388.8","297.1","664.4","374.5","289.9","21.5","14.4","7.1","382.7","163.3","219.4","358.5","151.0","207.5","24.2","12.3","11.9","2267.35","1068.6","3335.95"
"99","2001","7","Maharashtra","Nasik","4987.92","2591.98","2395.94","3050.92","1568.58","1482.34","1937.0","1023.4","913.6","1194.27","604.27","590.0","1086.06","548.46","537.6","108.21","55.82","52.4","426.52","218.34","208.17","212.8","109.23","103.58","213.71","109.12","104.6","3170.73","1871.21","1299.52","1777.07","1075.75","701.32","1393.66","795.45","598.2","833.91","452.49","381.42","810.09","437.12","372.97","23.82","15.37","8.45","562.19","236.94","325.26","539.33","226.59","312.74","22.86","10.35","12.51","3076.58","1396.1","4472.69"
"99","2011","7","Maharashtra","Nasik","6107.19","3157.19","2950.0","3509.81","1804.71","1705.1","2597.37","1352.47","1244.9","1564.37","792.55","771.82","1399.28","707.25","692.03","165.09","85.3","79.79","554.69","282.21","272.47","231.17","117.82","113.35","323.52","164.39","159.13","4345.37","2397.54","1947.83","2326.43","1306.46","1019.97","2018.93","1091.07","927.86","967.39","548.66","418.72","939.41","529.44","409.97","27.97","19.22","8.75","730.23","349.13","381.1","695.35","330.13","365.22","34.88","19.0","15.88","3343.86","1697.62","5041.48"
"100","1961","7","Maharashtra","Dhule","1351.24","686.94","664.29","1135.38","574.13","561.25","215.86","112.82","103.04","513.34","258.75","254.6","497.5","250.57","246.93","15.85","8.18","7.67","48.05","24.23","23.82","36.43","18.29","18.14","11.63","5.94","5.68","339.79","257.12","82.67","243.62","191.35","52.26","96.18","65.77","30.41","294.23","182.57","111.66","288.7","178.83","109.88","5.52","3.74","1.78","232.91","105.49","127.43","223.58","102.13","121.46","9.33","3.36","5.97","712.39","527.14","1239.53"
"100","1971","7","Maharashtra","Dhule","1661.2","848.94","812.26","1373.51","698.08","675.43","287.69","150.86","136.83","615.8","311.07","304.74","596.78","301.21","295.57","19.03","9.86","9.17","61.51","31.21","30.3","47.3","23.94","23.37","14.21","7.27","6.94","526.86","364.96","161.9","373.08","267.53","105.54","153.78","97.43","56.36","221.1","186.4","34.69","216.54","182.13","34.41","4.56","4.27","0.29","263.95","144.92","119.03","251.91","138.24","113.67","12.04","6.69","5.36","1066.51","485.05","1551.56"
"100","1981","7","Maharashtra","Dhule","2050.29","1043.14","1007.15","1650.11","834.19","815.92","400.18","208.95","191.23","831.06","416.8","414.26","798.54","399.84","398.7","32.52","16.96","15.57","85.74","43.58","42.16","64.2","32.37","31.83","21.53","11.21","10.33","769.04","507.12","261.93","534.32","364.65","169.67","234.73","142.47","92.26","286.29","232.6","53.7","281.43","228.16","53.27","4.87","4.44","0.43","321.76","159.12","162.65","307.94","151.58","156.36","13.82","7.53","6.29","1270.96","608.05","1879.01"
"100","1991","7","Maharashtra","Dhule","2535.72","1295.29","1240.43","2015.87","1024.08","991.8","519.84","271.21","248.63","1036.49","520.23","516.26","995.18","498.8","496.38","41.31","21.43","19.89","134.36","69.02","65.34","97.43","49.76","47.67","36.93","19.26","17.67","1063.73","669.88","393.86","736.26","478.3","257.96","327.47","191.58","135.89","377.1","267.6","109.5","372.1","263.1","109.0","5.0","4.5","0.5","397.7","184.5","213.2","383.7","177.4","206.3","14.0","7.1","6.9","1530.84","774.8","2305.64"
"100","2001","7","Maharashtra","Dhule","3018.13","1541.3","1476.83","2370.0","1204.54","1165.45","648.13","336.76","311.37","1303.13","652.59","650.56","1248.71","624.37","624.34","54.44","28.21","26.22","150.51","76.81","73.71","104.05","53.1","50.94","46.47","23.7","22.76","1665.37","979.43","685.94","1195.02","716.24","478.79","470.35","263.19","207.16","414.84","264.64","150.2","411.0","261.15","149.85","3.83","3.49","0.35","627.29","264.42","362.87","613.7","257.6","356.1","13.59","6.82","6.77","1986.31","1042.12","3028.43"
"100","2011","7","Maharashtra","Dhule","3699.16","1887.2","1811.96","2852.65","1446.59","1406.06","846.51","440.62","405.9","1789.25","895.06","894.19","1702.12","850.9","851.22","87.12","44.15","42.97","175.56","89.34","86.21","112.85","57.54","55.31","62.71","31.8","30.91","2200.43","1235.49","964.94","1553.7","884.79","668.91","646.73","350.7","296.03","450.81","290.52","160.29","443.73","284.71","159.01","7.09","5.81","1.29","867.72","410.52","457.19","842.6","396.19","446.43","25.11","14.34","10.78","1970.72","1318.53","3289.25"
"101","1961","7","Maharashtra","Jalgaon","1765.05","902.0","863.05","1367.83","695.12","672.7","397.22","206.88","190.34","98.71","49.87","48.84","93.35","47.19","46.16","5.36","2.68","2.68","61.32","31.16","30.16","47.28","24.01","23.27","14.04","7.15","6.89","600.34","444.86","155.48","416.59","319.35","97.24","183.76","125.52","58.24","346.02","198.17","147.85","326.25","186.04","140.21","19.78","12.13","7.65","295.83","139.02","156.81","274.74","130.01","144.73","21.09","9.01","12.08","951.67","641.85","1593.52"
"101","1971","7","Maharashtra","Jalgaon","2122.87","1089.37","1033.5","1620.62","827.14","793.48","502.24","262.22","240.02","125.03","62.98","62.05","117.7","59.3","58.4","11.0","7.33","3.68","87.71","44.83","42.87","65.65","33.41","32.24","22.06","11.43","10.63","959.9","642.34","317.56","685.4","467.81","217.58","274.51","174.53","99.98","238.88","188.71","50.17","225.77","177.71","48.06","13.11","11.0","2.11","353.47","186.89","166.58","325.82","170.86","154.97","27.65","16.04","11.61","1356.46","592.35","1948.81"
"101","1981","7","Maharashtra","Jalgaon","2618.27","1342.96","1275.31","1960.02","1001.69","958.32","658.26","341.27","316.99","216.01","109.65","106.36","195.92","99.43","96.49","20.09","10.22","9.87","154.23","78.57","75.66","117.7","59.73","57.97","36.53","18.83","17.7","1260.4","821.78","438.62","869.62","583.47","286.15","390.78","238.31","152.47","351.82","242.09","109.72","335.11","229.03","106.08","16.71","13.06","3.65","433.63","216.66","216.97","401.83","197.99","203.84","31.8","18.66","13.13","1582.28","785.45","2367.73"
"101","1991","7","Maharashtra","Jalgaon","3187.63","1642.87","1544.76","2312.97","1187.63","1125.34","874.67","455.25","419.42","313.55","160.78","152.77","279.84","143.3","136.55","33.71","17.48","16.22","295.05","151.11","143.93","213.33","108.97","104.36","81.72","42.14","39.58","1694.8","1050.6","644.2","1136.63","723.18","413.44","558.17","327.41","230.76","384.2","246.4","137.8","366.1","232.8","133.4","18.1","13.6","4.5","567.3","275.9","291.4","522.2","249.1","273.1","45.1","26.8","18.3","1907.75","951.5","2859.25"
"101","2001","7","Maharashtra","Jalgaon","3679.94","1904.44","1775.5","2627.32","1356.08","1271.23","1052.62","548.36","504.27","435.95","224.02","211.93","391.69","201.09","190.6","44.26","22.93","21.34","286.78","146.7","140.07","210.15","107.18","102.97","76.63","39.52","37.11","2409.85","1410.87","998.99","1636.99","976.88","660.11","772.86","433.98","338.88","381.75","239.14","142.61","367.62","228.15","139.47","14.13","10.99","3.14","762.68","349.39","413.29","720.76","326.9","393.86","41.92","22.48","19.43","1902.74","1144.43","3047.16"
"101","2011","7","Maharashtra","Jalgaon","4229.92","2197.37","2032.55","2887.21","1500.51","1386.69","1342.71","696.85","645.86","604.37","310.15","294.22","537.07","275.37","261.7","67.3","34.78","32.52","389.27","199.43","189.85","267.72","137.46","130.26","121.56","61.97","59.59","2891.88","1629.22","1262.66","1877.56","1080.25","797.31","1014.32","548.97","465.35","384.36","253.59","130.77","370.04","242.05","127.99","14.32","11.54","2.78","937.17","496.02","441.15","873.21","456.61","416.6","63.97","39.41","24.56","2366.35","1321.53","3687.88"
"102","1961","7","Maharashtra","Ahmednagar","1775.97","905.31","870.66","1588.65","806.23","782.43","187.32","99.09","88.23","109.83","55.03","54.8","108.65","54.41","54.24","1.18","0.62","0.56","157.5","79.87","77.63","144.08","72.85","71.23","13.42","7.02","6.4","469.73","356.3","113.43","373.97","292.92","81.05","95.76","63.38","32.38","524.35","281.15","243.2","521.46","279.11","242.35","2.89","2.04","0.85","196.11","99.46","96.65","194.11","98.38","95.74","1.99","1.09","0.91","883.17","720.45","1603.62"
"102","1971","7","Maharashtra","Ahmednagar","2266.56","1158.57","1107.98","2016.54","1024.53","992.01","250.02","134.05","115.97","145.78","73.49","72.29","144.14","72.63","71.51","1.65","0.87","0.78","211.44","107.4","104.05","192.55","97.57","94.98","18.9","9.83","9.07","826.09","573.74","252.35","676.67","478.67","198.0","149.42","95.07","54.35","377.64","287.83","89.81","375.15","285.58","89.56","2.49","2.25","0.24","245.38","138.93","106.45","241.51","136.47","105.05","3.87","2.46","1.41","1462.71","623.02","2085.73"
"102","1981","7","Maharashtra","Ahmednagar","2708.31","1382.63","1325.68","2356.94","1196.67","1160.27","351.37","185.96","165.41","187.66","94.4","93.25","182.05","91.49","90.55","5.61","2.91","2.7","287.71","146.81","140.9","253.82","129.43","124.39","33.89","17.38","16.5","1168.93","781.31","387.61","945.64","645.04","300.6","223.29","136.27","87.02","533.71","337.64","196.07","528.67","333.34","195.33","5.04","4.3","0.74","318.83","154.63","164.2","311.42","150.51","160.92","7.41","4.12","3.29","1582.93","852.54","2435.47"
"102","1991","7","Maharashtra","Ahmednagar","3372.94","1730.61","1642.33","2839.45","1452.01","1387.45","533.0","279.0","255.0","240.14","121.14","119.0","230.47","116.11","114.36","9.68","5.04","4.64","418.48","217.99","200.49","347.06","181.57","165.49","71.42","36.42","35.0","1683.17","1065.56","617.6","1336.11","861.17","474.94","347.05","204.39","142.66","678.3","391.4","286.9","662.9","380.8","282.1","15.4","10.5","4.8","380.9","172.2","208.8","365.0","163.9","201.1","15.9","8.3","7.6","1940.53","1059.2","2999.73"
"102","2001","7","Maharashtra","Ahmednagar","4088.08","2106.5","1981.58","3284.48","1685.51","1598.98","803.6","421.0","382.6","303.26","153.59","149.67","288.63","146.05","142.58","14.62","7.54","7.08","484.69","247.55","237.14","379.26","193.95","185.31","105.42","53.6","51.83","2668.49","1556.51","1111.98","2070.88","1219.54","851.34","597.61","336.96","260.64","847.65","457.8","389.85","828.6","445.36","383.25","19.05","12.44","6.6","500.91","210.68","290.23","480.29","200.54","279.75","20.62","10.14","10.48","2130.49","1348.56","3479.05"
"102","2011","7","Maharashtra","Ahmednagar","4543.16","2342.83","2200.33","3630.54","1872.91","1757.64","912.62","469.92","442.7","378.23","191.17","187.07","354.98","179.13","175.84","23.26","12.03","11.22","573.7","291.52","282.18","443.3","225.82","217.48","130.4","65.7","64.7","3151.89","1773.36","1378.54","2445.15","1392.89","1052.26","706.74","380.46","326.28","1013.05","565.84","447.22","992.94","551.96","440.98","20.11","13.87","6.24","559.01","264.32","294.69","533.07","250.16","282.9","25.94","14.16","11.78","2338.57","1572.06","3910.63"
"103","1961","7","Maharashtra","Pune","2466.88","1268.71","1198.17","1526.97","766.54","760.44","939.91","502.17","437.73","89.91","45.76","44.15","88.11","44.76","43.35","1.81","1.01","0.8","121.24","62.15","59.09","63.2","32.24","30.96","58.04","29.91","28.13","846.4","585.91","260.49","340.64","264.91","75.73","505.76","321.0","184.76","557.58","288.08","269.51","547.01","281.64","265.37","10.57","6.44","4.14","97.79","47.22","50.57","92.59","44.78","47.81","5.21","2.44","2.77","1413.74","655.38","2069.11"
"103","1971","7","Maharashtra","Pune","3172.44","1641.63","1530.81","1844.88","929.78","915.1","1327.56","711.86","615.7","108.41","55.72","52.69","102.37","52.31","50.06","6.03","3.41","2.63","175.4","90.36","85.05","86.1","43.84","42.26","89.3","46.51","42.79","1412.57","925.97","486.6","599.02","426.95","172.07","813.55","499.02","314.53","402.88","279.32","123.56","394.35","272.05","122.3","8.5","7.27","1.23","144.8","77.9","66.9","137.89","73.74","64.15","6.91","4.16","2.75","2136.02","547.68","2683.7"
"103","1981","7","Maharashtra","Pune","4164.47","2150.09","2014.38","2193.39","1103.28","1090.11","1971.08","1046.81","924.27","158.71","81.24","77.46","140.66","71.38","69.27","18.05","9.86","8.19","313.8","161.74","152.06","123.81","63.37","60.45","189.98","98.38","91.61","2249.91","1401.05","848.86","936.76","621.63","315.13","1313.16","779.42","533.74","496.17","320.38","175.79","486.06","312.42","173.64","10.11","7.96","2.15","198.1","91.66","106.44","187.03","86.11","100.91","11.07","5.54","5.53","2709.01","694.27","3403.28"
"103","1991","7","Maharashtra","Pune","5532.53","2861.46","2671.07","2725.5","1387.46","1338.04","2807.03","1474.0","1333.03","216.34","111.45","104.88","177.68","90.76","86.91","38.66","20.69","17.97","631.06","325.18","305.89","224.05","114.97","109.08","407.01","210.2","196.81","3295.23","1958.17","1337.06","1367.99","855.17","512.82","1927.24","1103.0","824.24","643.8","371.7","272.1","629.6","361.2","268.4","14.2","10.6","3.7","287.4","128.2","159.2","273.1","120.9","152.2","14.3","7.2","7.1","3480.85","931.2","4412.05"
"103","2001","7","Maharashtra","Pune","7224.22","3768.0","3456.22","3028.84","1556.13","1472.71","4195.39","2211.87","1983.52","261.72","133.84","127.89","203.84","103.41","100.43","57.88","30.43","27.46","761.86","390.97","370.89","243.69","125.02","118.67","518.17","265.94","252.23","5086.74","2905.77","2180.97","1893.73","1118.0","775.73","3193.01","1787.77","1405.24","839.22","441.29","397.93","814.57","424.73","389.85","24.65","16.57","8.08","400.74","163.18","237.56","381.58","155.01","226.57","19.16","8.17","10.99","3760.79","1239.96","5000.76"
"103","2011","7","Maharashtra","Pune","9429.41","4924.11","4505.3","3678.23","1903.44","1774.79","5751.18","3020.67","2730.52","348.88","179.13","169.74","255.39","129.71","125.68","93.49","49.42","44.07","1180.7","602.76","577.95","361.03","185.09","175.94","819.67","417.67","402.01","7171.72","3940.21","3231.51","2622.22","1472.19","1150.03","4549.5","2468.02","2081.48","886.53","500.57","385.96","858.47","480.7","377.77","28.06","19.87","8.19","414.46","196.09","218.37","393.15","183.02","210.12","21.32","13.07","8.25","5380.42","1300.99","6681.41"
"104","1961","7","Maharashtra","Satara","1430.11","698.56","731.55","1271.68","615.72","655.96","158.43","82.83","75.6","2.42","1.26","1.16","2.29","1.19","1.1","0.12","0.07","0.06","74.88","37.48","37.4","64.0","31.85","32.15","10.88","5.63","5.25","485.93","331.16","154.77","400.82","277.12","123.7","85.11","54.05","31.06","485.31","220.81","264.49","475.09","215.44","259.65","10.22","5.37","4.85","66.96","27.12","39.84","64.71","26.35","38.36","2.25","0.76","1.48","737.61","552.27","1289.88"
"104","1971","7","Maharashtra","Satara","1720.23","841.63","878.61","1492.97","721.07","771.9","227.26","120.56","106.71","3.61","1.85","1.76","3.15","1.61","1.55","0.46","0.25","0.21","93.1","46.6","46.5","78.7","39.17","39.53","14.4","7.43","6.97","653.51","437.27","216.24","520.54","353.83","166.71","132.97","83.44","49.54","303.39","219.53","83.86","295.65","213.24","82.41","7.76","6.31","1.45","98.73","50.3","48.43","95.04","48.09","46.95","3.66","2.21","1.45","1178.9","402.12","1581.02"
"104","1981","7","Maharashtra","Satara","2038.68","989.12","1049.56","1772.89","850.4","922.48","265.79","138.72","127.07","13.06","6.57","6.49","11.78","5.88","5.91","1.28","0.69","0.59","126.63","63.24","63.4","104.6","51.93","52.67","22.03","11.31","10.73","981.6","607.22","374.39","805.09","502.79","302.29","176.51","104.42","72.09","361.93","238.04","123.89","353.9","231.75","122.15","8.04","6.3","1.74","125.87","58.5","67.37","121.92","56.69","65.23","3.94","1.81","2.13","1354.51","487.8","1842.31"
"104","1991","7","Maharashtra","Satara","2451.37","1208.38","1243.0","2135.53","1044.42","1091.11","315.84","163.95","151.89","18.34","9.34","9.0","15.99","8.12","7.87","2.35","1.22","1.13","233.01","116.91","116.1","197.35","98.67","98.68","35.67","18.25","17.42","1369.48","809.12","560.36","1150.35","683.79","466.56","219.13","125.33","93.79","441.8","277.5","164.3","431.9","269.9","162.0","9.9","7.6","2.3","193.4","85.3","108.1","186.4","81.9","104.5","7.0","3.4","3.6","1554.97","635.2","2190.17"
"104","2001","7","Maharashtra","Satara","2796.91","1402.3","1394.61","2398.77","1195.76","1203.01","398.14","206.55","191.6","21.9","11.22","10.68","18.67","9.49","9.19","3.22","1.73","1.49","246.11","124.21","121.9","202.02","101.82","100.2","44.09","22.39","21.7","1920.18","1075.25","844.93","1614.15","907.04","707.11","306.03","168.21","137.82","635.01","333.31","301.69","624.76","326.12","298.64","10.24","7.2","3.05","294.27","110.78","183.49","287.84","107.98","179.86","6.44","2.8","3.64","1396.24","929.28","2325.51"
"104","2011","7","Maharashtra","Satara","3003.74","1510.84","1492.9","2433.36","1219.75","1213.61","570.38","291.09","279.29","29.64","15.21","14.43","22.46","11.5","10.96","7.17","3.71","3.46","323.24","161.7","161.53","247.58","123.81","123.77","75.66","37.9","37.77","2225.69","1201.03","1024.66","1770.75","960.8","809.95","454.94","240.24","214.71","585.88","358.86","227.01","571.5","348.47","223.03","14.37","10.39","3.98","297.24","132.59","164.65","285.3","126.48","158.82","11.94","6.11","5.83","1648.79","883.12","2531.91"
"105","1961","7","Maharashtra","Sangli","1230.72","628.75","601.96","1038.29","528.1","510.19","192.43","100.65","91.78","0.6","0.34","0.26","0.58","0.32","0.26","0.02","0.01","0.0","102.08","52.06","50.02","89.39","45.45","43.94","12.69","6.61","6.08","345.48","263.34","82.14","257.62","203.37","54.26","87.86","59.98","27.88","352.72","209.48","143.24","335.21","198.93","136.28","17.51","10.55","6.96","72.2","39.15","33.05","67.19","36.68","30.5","5.01","2.47","2.54","699.24","424.92","1124.16"
"105","1971","7","Maharashtra","Sangli","1536.34","786.96","749.38","1249.52","635.36","614.15","286.83","151.6","135.23","2.43","1.26","1.16","2.05","1.06","0.98","0.38","0.2","0.18","150.69","77.23","73.46","124.83","63.75","61.08","25.86","13.48","12.38","569.95","398.7","171.24","417.61","299.65","117.97","152.33","99.06","53.28","247.97","212.55","35.42","235.98","201.45","34.54","11.98","11.1","0.89","100.41","66.14","34.27","91.77","60.15","31.62","8.64","6.0","2.64","1057.64","348.38","1406.02"
"105","1981","7","Maharashtra","Sangli","1831.21","931.19","900.03","1437.12","725.87","711.25","394.09","205.32","188.77","15.54","8.0","7.53","13.2","6.78","6.42","2.34","1.23","1.11","204.35","104.14","100.21","159.66","81.02","78.65","44.69","23.13","21.56","858.36","555.92","302.44","619.82","410.62","209.2","238.54","145.3","93.24","299.32","236.08","63.23","283.95","223.41","60.54","15.37","12.68","2.69","139.91","80.05","59.86","126.25","71.64","54.62","13.66","8.41","5.25","1205.73","439.23","1644.96"
"105","1991","7","Maharashtra","Sangli","2209.49","1128.52","1080.97","1707.04","868.45","838.59","502.45","260.07","242.37","10.78","5.65","5.14","9.26","4.87","4.39","1.52","0.78","0.74","277.46","141.1","136.36","210.43","106.86","103.57","67.03","34.24","32.79","1164.09","708.24","455.86","848.44","525.46","322.99","315.65","182.78","132.87","354.0","255.6","98.4","335.6","241.5","94.1","18.3","14.1","4.3","197.1","104.7","92.5","178.6","94.1","84.5","18.6","10.6","8.0","1394.76","551.1","1945.86"
"105","2001","7","Maharashtra","Sangli","2581.84","1319.27","1262.57","1948.8","993.43","955.38","633.03","325.84","307.19","17.86","9.18","8.68","13.85","7.12","6.74","4.0","2.06","1.94","313.47","158.57","154.9","231.3","117.07","114.23","82.18","41.51","40.67","1731.58","986.74","744.84","1261.07","725.74","535.34","470.51","261.01","209.5","568.96","327.14","241.82","546.99","311.41","235.59","21.97","15.73","6.24","297.91","126.23","171.68","276.44","115.53","160.91","21.47","10.7","10.78","1318.4","866.87","2185.26"
"105","2011","7","Maharashtra","Sangli","2822.14","1435.73","1386.42","2102.79","1071.12","1031.66","719.36","364.6","354.75","18.33","9.41","8.93","12.82","6.59","6.23","5.51","2.81","2.7","353.09","177.11","175.99","252.35","126.95","125.4","100.74","50.16","50.58","2049.47","1121.55","927.92","1495.09","827.81","667.29","554.37","293.74","260.63","480.55","329.56","150.99","463.67","315.59","148.08","16.88","13.97","2.91","290.69","143.01","147.69","268.27","130.21","138.06","22.42","12.8","9.62","1607.04","771.24","2378.28"
"106","1961","7","Maharashtra","Solapur","1860.12","960.66","899.46","1340.25","689.0","651.25","519.87","271.66","248.22","9.09","4.64","4.45","7.2","3.67","3.53","1.89","0.97","0.92","238.86","121.85","117.01","199.25","101.26","97.99","39.61","20.59","19.02","467.76","354.4","113.36","256.92","206.23","50.7","210.84","148.17","62.67","355.1","226.98","128.13","343.5","219.07","124.43","11.6","7.91","3.69","211.38","106.44","104.95","203.21","102.41","100.8","8.17","4.03","4.15","1044.87","566.48","1611.35"
"106","1971","7","Maharashtra","Solapur","2251.41","1162.86","1088.55","1635.1","840.69","794.41","616.31","322.16","294.15","8.61","4.4","4.21","7.13","3.64","3.49","1.48","0.75","0.73","320.32","164.57","155.75","262.58","134.54","128.04","57.74","30.04","27.7","765.57","540.88","224.69","463.98","340.11","123.87","301.6","200.78","100.82","270.88","242.32","28.56","261.39","233.65","27.75","9.48","8.67","0.81","248.57","148.71","99.86","240.0","143.25","96.75","8.57","5.47","3.11","1492.15","519.45","2011.6"
"106","1981","7","Maharashtra","Solapur","2610.14","1344.15","1266.0","1842.68","946.73","895.95","767.47","397.42","370.04","51.58","26.71","24.87","37.54","19.4","18.15","14.04","7.31","6.72","373.08","191.59","181.5","287.33","147.1","140.23","85.75","44.49","41.26","1061.93","720.57","341.36","643.31","454.91","188.39","418.63","265.66","152.97","338.79","267.28","71.51","329.56","258.95","70.61","9.23","8.32","0.9","290.38","148.81","141.57","280.28","142.79","137.49","10.1","6.02","4.08","1627.12","629.17","2256.29"
"106","1991","7","Maharashtra","Solapur","3231.06","1670.52","1560.54","2301.57","1192.58","1109.0","929.48","477.94","451.54","48.35","25.08","23.28","30.9","16.11","14.79","17.45","8.96","8.49","497.91","257.0","240.91","365.69","189.01","176.68","132.22","67.99","64.23","1494.46","960.35","534.12","957.67","636.65","321.02","536.8","323.7","213.1","421.1","299.1","122.0","410.8","289.8","121.0","10.3","9.3","1.0","393.9","195.4","198.5","381.7","187.5","194.2","12.2","7.9","4.3","1982.72","815.0","2797.72"
"106","2001","7","Maharashtra","Solapur","3855.38","1990.66","1864.72","2629.56","1364.35","1265.21","1225.83","626.31","599.52","68.99","35.71","33.28","43.03","22.43","20.6","25.96","13.28","12.68","578.12","297.28","280.84","411.87","212.43","199.44","166.25","84.86","81.4","2365.05","1400.38","964.67","1535.08","925.18","609.9","829.97","475.2","354.77","613.15","357.45","255.7","599.98","347.32","252.66","13.17","10.13","3.04","503.49","216.94","286.54","484.58","207.86","276.72","18.91","9.08","9.83","1995.46","1116.64","3112.1"
"106","2011","7","Maharashtra","Solapur","4317.76","2227.85","2089.9","2918.67","1518.34","1400.32","1399.09","709.51","689.58","77.59","39.79","37.81","49.73","25.65","24.08","27.86","14.14","13.72","649.75","331.96","317.79","443.18","227.93","215.25","206.56","104.03","102.53","2910.68","1651.27","1259.41","1882.79","1091.09","791.7","1027.89","560.18","467.71","637.25","409.53","227.72","623.47","398.23","225.24","13.78","11.3","2.48","558.33","278.03","280.31","533.8","263.46","270.34","24.54","14.57","9.97","2419.36","1195.58","3614.94"
"107","1961","7","Maharashtra","Kolhapur","1596.49","811.69","784.8","1288.72","648.43","640.29","307.78","163.26","144.51","1.52","0.77","0.75","1.26","0.62","0.64","0.26","0.15","0.11","181.78","92.65","89.13","158.66","80.27","78.39","23.12","12.38","10.73","419.9","325.41","94.49","269.21","223.16","46.05","150.68","102.25","48.44","467.64","253.06","214.58","456.19","245.08","211.11","11.45","7.98","3.47","105.37","57.51","47.86","99.02","53.74","45.29","6.35","3.77","2.58","867.96","573.01","1440.97"
"107","1971","7","Maharashtra","Kolhapur","2044.83","1042.8","1002.03","1604.57","809.33","795.23","440.27","233.47","206.8","3.81","2.01","1.8","3.36","1.76","1.61","0.45","0.25","0.2","232.54","119.24","113.3","195.9","100.06","95.83","36.64","19.17","17.47","719.41","517.41","202.0","474.64","360.65","113.99","244.76","156.76","88.0","389.97","287.36","102.61","380.48","278.82","101.66","9.48","8.53","0.95","111.41","68.9","42.51","103.46","63.45","40.02","7.95","5.45","2.49","1348.51","501.38","1849.89"
"107","1981","7","Maharashtra","Kolhapur","2506.33","1273.88","1232.45","1884.31","945.62","938.69","622.02","328.26","293.76","27.31","13.96","13.35","24.52","12.51","12.01","2.79","1.46","1.33","302.65","155.06","147.59","237.33","120.98","116.35","65.32","34.09","31.24","1136.87","757.38","379.5","749.6","521.43","228.17","387.27","235.94","151.33","484.89","320.94","163.96","473.79","311.05","162.73","11.11","9.89","1.22","137.86","75.98","61.87","126.66","69.18","57.48","11.2","6.81","4.4","1585.03","622.75","2207.78"
"107","1991","7","Maharashtra","Kolhapur","2989.51","1524.73","1464.78","2202.51","1113.59","1088.92","787.0","411.14","375.86","14.79","7.56","7.23","12.83","6.54","6.29","1.96","1.02","0.94","381.23","194.22","187.01","294.72","149.82","144.91","86.51","44.4","42.1","1694.72","1034.32","660.4","1161.65","725.53","436.12","533.07","308.79","224.28","537.0","325.2","211.8","523.5","314.2","209.3","13.5","11.1","2.5","198.8","99.1","99.7","185.8","91.9","93.9","13.0","7.2","5.8","1819.77","735.8","2555.57"
"107","2001","7","Maharashtra","Kolhapur","3515.41","1803.75","1711.67","2473.25","1260.52","1212.73","1042.16","543.22","498.94","21.39","10.97","10.42","16.38","8.39","7.99","5.0","2.58","2.43","449.64","228.08","221.56","330.77","167.48","163.3","118.87","60.6","58.27","2375.78","1374.32","1001.46","1580.41","930.73","649.68","795.37","443.59","351.78","674.64","365.2","309.44","659.18","353.16","306.01","15.47","12.04","3.43","304.78","124.62","180.16","286.86","115.88","170.98","17.92","8.73","9.18","1799.72","979.42","2779.14"
"107","2011","7","Maharashtra","Kolhapur","3876.0","1980.66","1895.34","2645.99","1348.82","1297.18","1230.01","631.84","598.17","30.21","15.48","14.73","22.32","11.41","10.91","7.89","4.07","3.82","504.46","253.39","251.07","355.64","178.62","177.02","148.82","74.77","74.05","2825.85","1559.76","1266.09","1853.87","1039.72","814.15","971.98","520.05","451.93","660.87","393.98","266.89","648.65","383.93","264.72","12.23","10.05","2.18","266.03","124.56","141.47","251.37","116.45","134.92","14.66","8.11","6.55","2171.95","926.9","3098.85"
"108","1961","7","Maharashtra","Aurangabad","1532.34","781.64","750.71","1315.63","667.07","648.56","216.71","114.57","102.15","24.46","12.2","12.26","23.9","11.93","11.97","0.56","0.27","0.29","92.72","46.43","46.28","81.26","41.04","40.22","11.46","5.39","6.06","273.98","223.93","50.05","187.8","163.61","24.19","86.17","60.32","25.85","427.52","237.34","190.18","420.78","232.69","188.09","6.74","4.65","2.09","242.36","113.24","129.12","237.42","110.88","126.54","4.94","2.36","2.58","721.52","669.87","1391.39"
"108","1971","7","Maharashtra","Aurangabad","1958.04","1005.56","952.48","1628.78","828.48","800.3","329.26","177.08","152.18","32.3","16.57","15.74","31.61","16.23","15.37","0.69","0.33","0.36","108.39","55.64","52.75","95.51","48.75","46.77","12.88","6.89","5.99","540.48","411.54","128.95","377.66","302.77","74.89","162.82","108.77","54.06","312.94","242.37","70.56","307.81","237.67","70.14","5.12","4.7","0.42","260.65","139.43","121.22","254.58","135.56","119.03","6.07","3.87","2.2","1227.36","573.59","1800.95"
"108","1981","7","Maharashtra","Aurangabad","2433.42","1249.63","1183.79","1895.89","965.38","930.51","537.54","284.26","253.28","75.66","38.38","37.28","71.16","35.96","35.2","4.5","2.42","2.08","150.44","77.1","73.33","121.64","61.77","59.87","28.8","15.33","13.47","871.08","634.8","236.28","572.85","446.09","126.76","298.24","188.71","109.52","458.93","314.56","144.37","452.45","309.02","143.43","6.48","5.54","0.94","314.6","146.33","168.28","303.85","140.55","163.3","10.76","5.78","4.98","1430.26","773.53","2203.79"
"108","1991","7","Maharashtra","Aurangabad","3578.21","1848.49","1729.72","2622.34","1344.11","1278.23","955.87","504.39","451.49","111.8","57.24","54.56","98.53","50.2","48.34","13.27","7.05","6.22","481.7","248.81","232.9","331.41","169.94","161.47","150.29","78.87","71.42","1501.09","1022.7","478.39","937.43","679.83","257.6","563.66","342.86","220.8","645.7","387.2","258.4","632.1","377.2","254.9","13.6","10.1","3.5","465.1","205.1","260.0","445.8","194.7","251.2","19.3","10.4","8.8","2091.91","1110.8","3202.71"
"108","2001","7","Maharashtra","Aurangabad","4532.91","2347.61","2185.3","3139.18","1618.19","1520.98","1393.73","729.42","664.31","132.52","67.67","64.84","112.8","57.45","55.36","19.72","10.23","9.5","557.2","286.16","271.04","356.07","182.1","173.97","201.13","104.05","97.07","2712.09","1650.35","1061.74","1744.1","1097.06","647.04","967.99","553.29","414.7","772.78","432.44","340.33","760.09","423.16","336.93","12.69","9.28","3.41","571.87","238.63","333.24","556.33","230.84","325.49","15.54","7.8","7.75","2355.18","1344.65","3699.83"
"108","2011","7","Maharashtra","Aurangabad","5660.33","2935.94","2724.38","3662.73","1899.11","1763.63","1997.6","1036.83","960.77","185.63","95.87","89.77","153.95","79.08","74.86","31.69","16.79","14.9","811.64","416.19","395.45","473.01","242.45","230.56","338.63","173.74","164.89","3699.36","2130.37","1569.0","2224.84","1323.08","901.76","1474.52","807.29","667.23","973.47","565.43","408.05","955.39","552.44","402.94","18.09","12.98","5.1","697.57","334.14","363.43","664.22","314.36","349.87","33.35","19.79","13.56","3154.36","1671.04","4825.4"
"109","1961","7","Maharashtra","Parbhani","1206.24","611.79","594.45","1039.53","525.26","514.27","166.7","86.53","80.18","34.84","17.49","17.35","34.84","17.49","17.35","0.0","0.0","0.0","83.98","41.89","42.09","74.95","37.6","37.34","9.03","4.29","4.74","185.45","154.62","30.83","131.13","114.67","16.46","54.32","39.95","14.37","258.06","161.9","96.16","250.85","156.46","94.39","7.2","5.43","1.77","240.98","112.19","128.79","230.63","107.59","123.04","10.35","4.6","5.75","581.96","499.04","1081.0"
"109","1971","7","Maharashtra","Parbhani","1503.72","766.0","737.72","1261.88","639.72","622.17","241.84","126.29","115.56","42.1","21.17","20.93","41.87","21.03","20.84","0.23","0.14","0.1","84.94","43.54","41.4","73.46","37.69","35.77","11.48","5.85","5.63","365.84","284.54","81.29","266.39","216.88","49.51","99.45","67.66","31.79","219.52","183.4","36.12","212.96","177.28","35.68","6.56","6.13","0.44","251.8","142.45","109.35","238.68","133.82","104.86","13.12","8.63","4.49","940.01","471.32","1411.33"
"109","1981","7","Maharashtra","Parbhani","1829.38","929.64","899.74","1486.56","752.41","734.15","342.82","177.23","165.59","78.58","39.89","38.69","74.72","37.88","36.85","3.85","2.01","1.84","106.47","53.81","52.66","87.42","44.05","43.36","19.05","9.76","9.29","554.92","415.24","139.69","389.97","308.71","81.26","164.96","106.53","58.43","320.97","227.03","93.94","312.8","219.85","92.95","8.17","7.18","0.99","325.0","159.41","165.58","304.05","148.47","155.58","20.95","10.94","10.01","1018.55","645.97","1664.52"
"109","1991","7","Maharashtra","Parbhani","2117.04","1083.79","1033.24","1640.44","835.98","804.46","476.6","247.82","228.78","111.47","57.25","54.22","103.56","53.02","50.55","7.91","4.23","3.68","233.32","119.0","114.33","185.14","94.18","90.96","48.19","24.82","23.37","795.24","555.42","239.82","544.32","399.98","144.34","250.92","155.44","95.48","346.8","221.9","124.9","337.6","214.0","123.6","9.2","7.9","1.3","368.7","174.8","193.9","345.0","161.3","183.7","23.7","13.5","10.1","1226.73","715.5","1942.23"
"109","2001","7","Maharashtra","Parbhani","2477.83","1267.13","1210.7","1838.67","937.1","901.58","639.15","330.03","309.13","122.11","62.66","59.45","109.01","55.85","53.18","13.1","6.81","6.29","253.16","128.41","124.75","195.69","99.13","96.56","57.47","29.28","28.19","1390.78","855.82","534.96","973.91","615.38","358.53","416.87","240.43","176.43","452.01","253.67","198.34","442.24","245.87","196.37","9.77","7.8","1.97","436.77","189.11","247.66","411.43","176.23","235.21","25.34","12.88","12.45","1248.52","888.78","2137.29"
"109","2011","7","Maharashtra","Parbhani","3013.44","1549.16","1464.27","2264.89","1166.32","1098.57","748.54","382.84","365.69","152.46","78.24","74.22","138.89","71.23","67.66","13.58","7.01","6.57","429.88","219.26","210.62","334.42","171.13","163.29","95.44","48.13","47.32","1948.55","1116.84","831.71","1421.6","829.4","592.21","526.96","287.45","239.51","536.64","315.74","220.9","526.67","307.62","219.06","9.97","8.12","1.85","544.29","271.85","272.44","510.99","252.13","258.85","33.31","19.72","13.59","1621.45","1080.93","2702.38"
"110","1961","7","Maharashtra","Beed","1001.47","508.83","492.64","902.82","457.48","445.33","98.65","51.34","47.31","2.37","1.15","1.22","2.35","1.15","1.21","0.01","0.01","0.01","135.27","68.48","66.79","126.88","64.18","62.7","8.39","4.3","4.09","151.14","125.17","25.97","116.86","99.96","16.9","34.28","25.21","9.07","288.01","159.85","128.16","283.15","156.41","126.74","4.86","3.44","1.43","161.29","71.84","89.44","156.3","69.8","86.5","4.99","2.05","2.94","459.42","449.3","908.72"
"110","1971","7","Maharashtra","Beed","1284.19","656.93","627.26","1134.83","577.68","557.15","149.36","79.25","70.11","4.39","2.26","2.13","4.39","2.26","2.13","0.01","0.0","0.0","161.17","82.21","78.96","149.5","76.3","73.2","11.68","5.92","5.76","309.66","239.93","69.73","244.19","194.63","49.55","65.47","45.29","20.18","215.71","181.26","34.45","211.56","177.35","34.21","4.16","3.91","0.24","168.66","95.05","73.61","161.11","90.35","70.76","7.55","4.7","2.85","831.05","384.37","1215.42"
"110","1981","7","Maharashtra","Beed","1486.03","755.97","730.06","1256.26","636.08","620.18","229.77","119.9","109.88","13.41","6.87","6.54","12.42","6.35","6.07","0.98","0.51","0.47","170.48","86.42","84.06","153.73","77.84","75.89","16.75","8.58","8.17","472.44","346.36","126.09","354.1","269.56","84.54","118.34","76.8","41.54","286.0","206.64","79.36","281.05","202.17","78.88","4.94","4.47","0.48","187.13","90.0","97.13","177.19","84.26","92.93","9.94","5.74","4.2","886.27","473.13","1359.4"
"110","1991","7","Maharashtra","Beed","1822.07","937.41","884.66","1495.1","765.85","729.26","326.97","171.56","155.41","20.52","10.68","9.83","18.01","9.37","8.64","2.5","1.31","1.19","244.28","125.64","118.65","203.24","104.14","99.1","41.04","21.49","19.55","719.51","492.58","226.93","533.96","378.05","155.91","185.55","114.53","71.02","372.7","224.2","148.5","366.0","218.8","147.2","6.7","5.4","1.3","231.5","101.7","129.7","219.4","95.4","124.0","12.1","6.3","5.7","1063.48","604.2","1667.68"
"110","2001","7","Maharashtra","Beed","2159.84","1120.66","1039.18","1773.15","919.52","853.63","386.69","201.14","185.55","24.19","12.55","11.64","19.08","9.91","9.17","5.11","2.64","2.47","281.24","144.02","137.22","233.86","119.65","114.22","47.38","24.37","23.0","1257.74","766.9","490.85","989.21","612.7","376.5","268.54","154.19","114.34","469.07","251.54","217.53","464.4","247.52","216.88","4.67","4.01","0.66","292.92","120.23","172.69","283.38","115.39","167.99","9.54","4.85","4.7","1114.95","761.99","1876.94"
"110","2011","7","Maharashtra","Beed","2585.05","1349.11","1235.94","2070.75","1082.98","987.77","514.3","266.13","248.17","32.72","16.81","15.92","26.68","13.66","13.02","6.04","3.15","2.89","351.25","179.78","171.48","278.87","143.03","135.84","72.39","36.75","35.64","1718.51","987.19","731.32","1335.59","777.84","557.75","382.92","209.35","173.57","606.28","339.83","266.45","598.98","334.01","264.98","7.3","5.83","1.47","373.57","175.05","198.52","356.14","165.08","191.06","17.42","9.97","7.46","1329.5","979.85","2309.35"
"111","1961","7","Maharashtra","Nanded","1079.67","547.97","531.7","923.81","466.84","456.97","155.87","81.14","74.73","40.6","19.99","20.61","40.32","19.82","20.5","0.28","0.17","0.11","118.88","59.61","59.27","109.46","54.83","54.63","9.42","4.78","4.64","163.5","136.05","27.45","113.22","98.98","14.24","50.28","37.07","13.21","248.07","152.42","95.65","241.83","148.02","93.81","6.24","4.4","1.84","202.42","89.51","112.91","193.75","86.01","107.74","8.67","3.5","5.17","516.5","450.48","966.99"
"111","1971","7","Maharashtra","Nanded","1397.28","714.34","682.94","1169.1","594.23","574.87","228.18","120.1","108.08","56.31","28.13","28.18","55.99","27.94","28.05","0.32","0.18","0.13","127.17","64.82","62.35","116.31","59.23","57.08","10.86","5.59","5.27","312.24","246.06","66.18","224.51","184.95","39.56","87.73","61.11","26.62","196.86","172.01","24.85","191.72","167.33","24.4","5.14","4.68","0.46","202.55","114.61","87.94","192.97","108.73","84.23","9.59","5.88","3.71","899.73","399.41","1299.14"
"111","1981","7","Maharashtra","Nanded","1749.33","892.42","856.92","1421.49","721.51","699.97","327.85","170.9","156.95","178.24","90.32","87.92","161.25","81.62","79.63","16.99","8.7","8.29","197.71","100.43","97.28","177.36","89.74","87.63","20.35","10.7","9.65","520.88","386.62","134.26","360.58","282.51","78.06","160.3","104.11","56.19","285.03","212.98","72.05","278.58","207.54","71.04","6.45","5.44","1.01","262.25","129.16","133.09","247.82","121.73","126.09","14.43","7.42","7.0","1039.16","547.28","1586.44"
"111","1991","7","Maharashtra","Nanded","2330.37","1197.88","1132.5","1824.23","933.31","890.92","506.14","264.57","241.58","275.97","141.59","134.38","249.97","128.1","121.87","26.0","13.49","12.51","422.94","217.33","205.61","350.87","179.66","171.21","72.07","37.67","34.4","886.44","610.17","276.26","607.91","438.29","169.62","278.53","171.88","106.65","340.7","226.2","114.5","330.5","218.0","112.4","10.3","8.1","2.1","383.2","181.9","201.3","360.2","170.5","189.7","23.0","11.4","11.6","1403.79","723.9","2127.69"
"111","2001","7","Maharashtra","Nanded","2868.16","1476.3","1391.86","2179.3","1118.45","1060.85","688.86","357.85","331.0","253.6","129.52","124.08","222.85","113.79","109.05","30.75","15.72","15.03","498.2","255.57","242.63","406.05","208.01","198.03","92.15","47.56","44.59","1650.6","1006.27","644.33","1190.82","740.92","449.9","459.78","265.35","194.43","387.88","235.2","152.68","379.28","228.3","150.98","8.6","6.91","1.7","524.28","232.76","291.52","501.32","221.21","280.11","22.96","11.55","11.41","1473.26","912.16","2385.42"
"111","2011","7","Maharashtra","Nanded","3361.29","1730.08","1631.22","2447.39","1258.16","1189.23","913.9","471.92","441.98","281.7","143.89","137.8","241.71","123.47","118.25","39.98","20.43","19.56","640.48","328.8","311.69","473.43","243.16","230.28","167.05","85.64","81.41","2189.43","1255.22","934.2","1529.32","892.05","637.27","660.11","363.17","296.94","447.82","281.05","166.78","438.15","273.41","164.74","9.68","7.64","2.04","632.4","322.91","309.49","595.96","301.93","294.03","36.44","20.98","15.46","1867.34","1080.22","2947.56"
"112","1961","7","Maharashtra","Osmanabad","1477.66","758.24","719.42","1321.39","676.44","644.95","156.27","81.8","74.47","0.39","0.2","0.2","0.39","0.2","0.2","0.0","0.0","0.0","197.89","101.02","96.87","185.8","94.66","91.14","12.09","6.36","5.74","252.01","208.69","43.33","196.75","167.91","28.83","55.27","40.77","14.5","358.95","219.6","139.35","349.65","212.93","136.72","9.3","6.67","2.63","283.58","128.0","155.59","272.58","123.64","148.93","11.01","4.35","6.66","708.34","642.53","1350.87"
"112","1971","7","Maharashtra","Osmanabad","1892.68","971.69","920.99","1655.81","846.06","809.75","236.87","125.63","111.24","2.6","1.36","1.25","2.37","1.23","1.14","0.23","0.13","0.11","285.32","146.0","139.32","266.07","136.04","130.03","19.25","9.96","9.29","530.03","395.54","134.49","427.11","323.86","103.25","102.92","71.68","31.24","269.86","228.54","41.32","262.52","221.63","40.89","7.34","6.91","0.44","268.11","154.97","113.13","254.57","146.21","108.36","13.53","8.76","4.77","1251.83","537.97","1789.8"
"112","1981","7","Maharashtra","Osmanabad","2230.62","1139.2","1091.42","1887.38","959.64","927.74","343.24","179.55","163.68","52.01","26.48","25.53","47.46","24.1","23.37","4.55","2.39","2.17","342.46","174.48","167.99","304.35","154.52","149.83","38.11","19.95","18.16","788.71","555.1","233.61","610.91","439.51","171.4","177.8","115.59","62.21","365.68","285.74","79.95","356.75","277.64","79.11","8.94","8.1","0.84","330.56","170.38","160.17","310.47","158.64","151.83","20.09","11.74","8.35","1363.64","696.24","2059.88"
"112","1991","7","Maharashtra","Osmanabad","2952.97","1522.1","1430.87","2417.22","1240.13","1177.09","535.87","282.14","253.73","59.99","31.04","28.96","52.89","27.25","25.64","7.11","3.79","3.32","528.18","272.15","256.03","442.27","227.23","215.06","85.91","44.92","40.97","1303.89","850.75","453.14","997.31","661.76","335.55","306.58","189.0","117.59","472.9","318.7","154.2","461.7","308.7","153.0","11.2","9.9","1.3","474.2","223.6","250.6","448.9","208.5","240.5","25.3","15.2","10.1","1767.3","947.1","2714.4"
"112","2001","7","Maharashtra","Osmanabad","3550.49","1837.27","1713.23","2827.2","1460.32","1366.88","723.29","376.95","346.34","75.7","39.26","36.44","64.09","33.22","30.87","11.6","6.04","5.56","650.04","334.81","315.23","537.97","276.96","261.01","112.07","57.85","54.23","2154.96","1293.67","861.29","1652.92","1005.32","647.61","502.04","288.35","213.69","560.15","346.74","213.41","549.81","337.63","212.18","10.34","9.11","1.23","597.6","270.58","327.02","576.01","257.92","318.08","21.59","12.66","8.93","1828.24","1157.74","2985.99"
"112","2011","7","Maharashtra","Osmanabad","4111.78","2134.68","1977.1","3205.74","1665.95","1539.79","906.04","468.73","437.31","93.53","48.44","45.09","78.16","40.4","37.76","15.37","8.04","7.33","746.09","384.27","361.83","590.94","304.72","286.21","155.16","79.55","75.62","2788.48","1576.73","1211.75","2120.87","1211.99","908.88","667.62","364.74","302.87","629.14","398.44","230.7","616.89","388.2","228.7","12.26","10.25","2.01","716.11","379.2","336.89","687.13","359.99","327.14","28.98","19.21","9.76","2291.0","1345.25","3636.25"
"113","1961","7","Maharashtra","Buldhana","1059.7","541.03","518.67","884.26","448.85","435.42","175.44","92.18","83.26","0.0","0.0","0.0","0.0","0.0","0.0","0.0","0.0","0.0","56.21","28.58","27.63","46.2","23.39","22.82","10.01","5.2","4.82","286.05","222.65","63.4","210.55","170.07","40.48","75.5","52.58","22.92","231.12","129.67","101.45","222.78","124.21","98.57","8.34","5.46","2.88","228.43","109.65","118.78","213.95","103.25","110.7","14.48","6.4","8.08","516.11","459.55","975.66"
"113","1971","7","Maharashtra","Buldhana","1261.17","644.8","616.37","1039.33","528.23","511.1","221.84","116.57","105.27","0.0","0.0","0.0","0.0","0.0","0.0","0.0","0.0","0.0","68.33","35.11","33.22","56.53","28.91","27.62","11.8","6.2","5.6","473.44","334.78","138.66","355.49","258.6","96.89","117.95","76.18","41.77","177.91","126.65","51.26","171.23","120.86","50.37","6.67","5.78","0.89","274.19","140.34","133.85","253.76","128.38","125.38","20.43","11.96","8.47","730.97","452.1","1183.07"
"113","1981","7","Maharashtra","Buldhana","1508.78","770.83","737.94","1229.79","625.99","603.8","278.99","144.85","134.14","66.46","34.04","32.42","62.76","32.07","30.69","3.7","1.97","1.73","93.23","47.53","45.7","76.77","38.95","37.82","16.46","8.58","7.88","673.49","452.31","221.17","505.13","349.51","155.62","168.36","102.8","65.55","282.65","174.3","108.35","273.94","167.34","106.6","8.71","6.96","1.76","311.15","146.58","164.56","289.14","135.2","153.95","22.0","11.38","10.62","800.13","593.8","1393.93"
"113","1991","7","Maharashtra","Buldhana","1886.3","966.02","920.28","1497.96","765.11","732.86","388.34","200.91","187.43","95.39","49.07","46.32","89.42","45.92","43.5","5.97","3.15","2.81","216.69","110.79","105.89","179.23","91.47","87.77","37.46","19.33","18.13","940.11","596.77","343.34","700.61","456.04","244.57","239.5","140.73","98.77","329.1","191.1","138.0","317.1","182.1","135.0","12.0","9.0","2.9","366.8","170.2","196.5","337.5","154.8","182.7","29.2","15.5","13.8","1041.95","695.9","1737.85"
"113","2001","7","Maharashtra","Buldhana","2226.33","1144.31","1082.01","1752.98","899.41","853.57","473.35","244.9","228.45","115.16","59.17","55.99","105.94","54.13","51.81","9.22","5.04","4.18","241.62","123.42","118.21","195.77","99.9","95.86","45.86","23.52","22.34","1443.85","847.17","596.68","1102.21","655.26","446.95","341.65","191.91","149.74","358.73","203.37","155.36","347.27","194.51","152.76","11.46","8.86","2.6","481.7","222.06","259.64","453.08","207.14","245.94","28.62","14.92","13.7","1141.25","840.42","1981.67"
"113","2011","7","Maharashtra","Buldhana","2586.26","1337.56","1248.7","2037.4","1055.24","982.16","548.86","282.32","266.54","124.84","64.15","60.68","116.18","59.53","56.65","8.66","4.63","4.03","470.9","241.45","229.45","395.14","203.0","192.14","75.76","38.45","37.31","1879.87","1048.89","830.98","1450.76","818.57","632.19","429.12","230.32","198.8","385.45","231.94","153.51","372.44","221.39","151.05","13.01","10.55","2.46","603.23","315.96","287.27","563.75","291.21","272.53","39.48","24.74","14.74","1366.62","988.68","2355.3"
"114","1961","7","Maharashtra","Akola","1189.35","613.83","575.52","926.52","474.1","452.42","262.83","139.73","123.11","0.0","0.0","0.0","0.0","0.0","0.0","0.0","0.0","0.0","55.87","28.36","27.5","44.24","22.24","22.0","11.63","6.12","5.5","371.08","275.05","96.04","252.88","195.31","57.57","118.2","79.74","38.47","199.83","123.66","76.16","191.08","117.0","74.08","8.75","6.67","2.08","276.19","135.61","140.58","258.74","126.49","132.25","17.45","9.12","8.33","604.09","476.02","1080.11"
"114","1971","7","Maharashtra","Akola","1500.47","772.54","727.93","1147.09","586.68","560.41","353.38","185.86","167.52","0.0","0.0","0.0","0.0","0.0","0.0","0.0","0.0","0.0","71.57","36.53","35.04","55.7","28.39","27.31","15.87","8.14","7.73","597.91","403.37","194.54","411.72","287.48","124.24","186.19","115.89","70.3","149.41","118.55","30.86","141.47","111.39","30.08","7.94","7.17","0.77","343.41","182.04","161.37","316.82","165.61","151.22","26.59","16.43","10.16","900.33","492.82","1393.15"
"114","1981","7","Maharashtra","Akola","1826.95","937.82","889.13","1372.29","701.59","670.7","454.66","236.23","218.43","114.76","58.4","56.36","104.38","52.94","51.45","10.38","5.46","4.92","100.62","51.07","49.55","75.92","38.44","37.48","24.7","12.63","12.06","873.59","558.41","315.18","606.89","401.88","205.01","266.7","156.54","110.16","223.52","159.67","63.85","214.44","151.49","62.94","9.09","8.18","0.91","395.73","195.22","200.52","366.5","177.66","188.84","29.24","17.56","11.68","1048.45","619.25","1667.7"
"114","1991","7","Maharashtra","Akola","2214.27","1142.15","1072.13","1579.94","812.86","767.08","634.33","329.29","305.04","155.7","79.86","75.83","138.06","70.69","67.37","17.64","9.17","8.47","264.55","135.66","128.9","202.19","103.49","98.71","62.36","32.17","30.19","1193.94","725.83","468.12","789.16","495.92","293.24","404.78","229.91","174.87","241.2","160.5","80.7","229.0","150.1","78.9","12.2","10.5","1.8","469.3","227.7","241.6","430.7","205.0","225.7","38.6","22.7","15.9","1291.08","710.5","2001.58"
"114","2001","7","Maharashtra","Akola","2649.03","1366.69","1282.34","1843.8","950.9","892.91","805.23","415.79","389.44","171.08","88.04","83.04","153.34","78.74","74.6","17.74","9.3","8.44","331.11","169.57","161.55","256.01","131.21","124.81","75.1","38.35","36.75","1784.02","1026.83","757.19","1191.57","701.29","490.28","592.45","325.54","266.91","268.86","177.51","91.35","256.93","167.11","89.82","11.93","10.4","1.53","573.42","279.08","294.34","531.93","253.66","278.27","41.49","25.42","16.07","1365.92","842.28","2208.2"
"114","2011","7","Maharashtra","Akola","3011.07","1552.63","1458.43","2079.92","1075.66","1004.25","931.15","476.98","454.18","180.75","92.76","87.99","163.06","83.6","79.46","17.69","9.16","8.53","593.52","304.11","289.42","453.77","233.45","220.32","139.76","70.67","69.1","2281.2","1246.68","1034.51","1536.12","853.62","682.48","745.09","393.05","352.03","295.28","196.53","98.75","281.43","184.25","97.17","13.85","12.27","1.58","698.72","386.63","312.08","644.83","349.08","295.75","53.89","37.55","16.34","1673.12","994.0","2667.12"
"115","1961","7","Maharashtra","Amarawati","1232.78","637.86","594.92","910.59","467.49","443.1","322.19","170.37","151.82","54.88","27.77","27.12","54.81","27.72","27.09","0.07","0.05","0.03","48.7","24.85","23.86","32.51","16.59","15.92","16.19","8.25","7.94","415.24","292.86","122.38","268.37","194.17","74.2","146.87","98.69","48.18","159.83","110.08","49.75","147.3","100.69","46.61","12.53","9.39","3.14","298.24","148.39","149.85","270.81","134.67","136.14","27.43","13.72","13.71","654.71","458.07","1112.78"
"115","1971","7","Maharashtra","Amarawati","1544.23","798.78","745.45","1119.75","575.82","543.94","424.48","222.97","201.51","79.37","40.34","39.03","79.05","40.17","38.89","0.32","0.18","0.14","65.45","33.64","31.81","44.97","23.09","21.88","20.48","10.55","9.93","649.86","417.78","232.08","423.4","277.27","146.13","226.46","140.51","85.95","125.95","110.18","15.76","115.04","100.4","14.64","10.91","9.79","1.12","343.69","188.86","154.83","310.28","169.22","141.06","33.41","19.64","13.77","951.32","469.64","1420.96"
"115","1981","7","Maharashtra","Amarawati","1861.41","961.56","899.85","1316.91","678.52","638.39","544.5","283.05","261.45","241.7","123.67","118.04","216.76","110.7","106.06","24.95","12.97","11.98","112.75","58.08","54.67","75.78","38.98","36.8","36.98","19.1","17.88","964.67","581.77","382.9","628.27","386.93","241.34","336.4","194.85","141.55","183.93","147.9","36.03","171.2","136.44","34.76","12.74","11.47","1.27","396.32","205.05","191.27","359.65","183.41","176.24","36.68","21.64","5.03","1108.13","580.25","1688.38"
"115","1991","7","Maharashtra","Amarawati","2200.06","1136.31","1063.74","1482.93","763.51","719.41","717.13","372.8","344.33","316.45","162.56","153.89","285.47","146.37","139.1","30.98","16.19","14.79","384.5","198.19","186.31","287.34","147.74","139.6","97.16","50.45","46.71","1289.73","746.48","543.24","801.33","473.02","328.31","488.4","273.47","214.93","191.2","144.5","46.7","177.5","132.6","44.9","13.7","11.9","1.7","465.5","241.1","224.4","418.7","212.5","206.2","46.8","28.6","18.2","1312.17","656.7","1968.87"
"115","2001","7","Maharashtra","Amarawati","2606.06","1343.57","1262.49","1706.63","878.95","827.69","899.43","464.63","434.8","356.53","182.22","174.32","322.62","164.66","157.97","33.91","17.56","16.35","446.62","230.64","215.98","318.15","164.45","153.7","128.47","66.19","62.28","1873.96","1040.46","833.5","1168.22","659.19","509.04","705.74","381.27","324.47","209.1","155.41","53.69","194.49","142.48","52.0","14.61","12.93","1.69","584.15","295.41","288.74","534.06","265.18","268.88","50.09","30.23","19.86","1344.51","793.25","2137.76"
"115","2011","7","Maharashtra","Amarawati","2888.45","1480.77","1407.68","1851.16","950.63","900.53","1037.29","530.14","507.15","404.13","205.83","198.29","368.63","187.47","181.17","35.5","18.37","17.13","506.37","259.4","246.98","346.06","178.15","167.91","160.32","81.25","79.07","2251.88","1207.1","1044.77","1400.7","761.67","639.03","851.18","445.44","405.74","198.79","152.93","45.87","184.96","140.44","44.52","13.84","12.48","1.35","667.94","384.95","282.99","604.87","340.69","264.18","63.07","44.26","18.81","1652.12","866.73","2518.85"
"116","1961","7","Maharashtra","Yeotmal","1098.47","557.01","541.46","959.95","484.68","475.27","138.53","72.33","66.19","155.61","77.32","78.29","151.48","75.23","76.26","4.13","2.09","2.04","42.52","21.33","21.19","34.56","17.22","17.34","7.96","4.11","3.85","257.88","196.84","61.04","194.83","154.13","40.7","63.05","42.71","20.34","203.59","120.93","82.67","199.12","117.52","81.6","4.48","3.41","1.07","303.97","139.9","164.07","296.13","136.57","159.56","7.84","3.33","4.51","503.41","507.56","1010.97"
"116","1971","7","Maharashtra","Yeotmal","1420.76","723.72","697.04","1226.79","622.08","604.71","193.97","101.65","92.32","197.98","99.31","98.67","191.6","95.93","95.67","6.37","3.38","3.0","55.89","28.14","27.75","45.51","22.93","22.58","10.38","5.21","5.18","448.38","314.34","134.05","346.5","249.97","96.53","101.89","64.36","37.52","163.12","133.18","29.94","159.02","129.35","29.67","4.09","3.82","0.27","354.04","175.24","178.8","342.5","168.92","173.58","11.54","6.32","5.23","817.73","517.16","1334.89"
"116","1981","7","Maharashtra","Yeotmal","1737.42","887.24","850.19","1475.29","750.3","724.99","262.14","136.94","125.2","370.12","187.14","182.98","351.06","177.1","173.97","19.06","10.05","9.01","85.99","43.66","42.33","69.06","34.92","34.14","16.92","8.74","8.19","682.7","454.32","228.39","523.93","358.5","165.43","158.78","95.81","62.96","242.11","172.23","69.89","236.58","167.42","69.16","5.53","4.81","0.73","427.74","200.47","227.27","413.81","192.91","220.9","13.94","7.57","6.37","937.51","669.85","1607.36"
"116","1991","7","Maharashtra","Yeotmal","2077.14","1064.42","1012.72","1720.21","879.02","841.2","356.93","185.41","171.53","445.84","226.5","219.34","417.97","211.96","206.0","27.88","14.54","13.34","226.82","115.55","111.27","182.47","92.89","89.58","44.35","22.66","21.69","990.34","617.47","372.87","756.44","483.02","273.42","233.9","134.45","99.45","249.6","166.7","82.9","243.4","161.3","82.1","6.2","5.4","0.8","494.2","230.5","263.7","475.9","220.3","255.6","18.3","10.2","8.1","1153.89","743.8","1897.69"
"116","2001","7","Maharashtra","Yeotmal","2460.48","1267.12","1193.37","2001.03","1029.92","971.12","459.45","237.2","222.25","473.37","241.5","231.87","441.4","225.08","216.32","31.97","16.42","15.55","252.8","129.48","123.32","200.89","103.2","97.69","51.91","26.28","25.63","1556.04","913.96","642.08","1208.64","722.6","486.04","347.4","191.36","156.04","312.07","198.18","113.89","306.07","192.92","113.15","6.0","5.26","0.74","579.83","264.48","315.35","564.77","256.47","308.29","15.06","8.01","7.05","1267.89","891.89","2159.79"
"116","2011","7","Maharashtra","Yeotmal","2772.35","1419.97","1352.38","2174.2","1115.15","1059.05","598.15","304.82","293.34","514.06","260.9","253.16","473.75","240.66","233.1","40.31","20.24","20.07","328.52","167.01","161.51","249.8","127.46","122.34","78.72","39.55","39.17","2022.57","1115.98","906.59","1536.04","859.68","676.35","486.54","256.3","230.24","333.5","213.47","120.03","324.94","205.96","118.98","8.57","7.52","1.05","739.72","378.98","360.74","709.41","360.11","349.3","30.31","18.87","11.43","1416.35","1073.22","2489.57"
"117","1961","7","Maharashtra","Wardha","634.28","322.89","311.38","484.26","244.63","239.63","150.02","78.26","71.75","0.0","0.0","0.0","0.0","0.0","0.0","0.0","0.0","0.0","15.14","7.76","7.39","9.59","4.89","4.7","5.56","2.87","2.69","193.11","140.25","52.86","120.11","91.1","29.02","73.0","49.16","23.84","107.15","64.7","42.45","103.2","61.91","41.29","3.94","2.79","1.16","137.66","60.29","77.37","131.54","57.78","73.76","6.11","2.51","3.61","317.64","244.8","562.44"
"117","1971","7","Maharashtra","Wardha","778.44","399.22","379.22","587.4","299.05","288.35","191.04","100.17","90.87","0.0","0.0","0.0","0.0","0.0","0.0","0.0","0.0","0.0","23.57","12.28","11.29","14.74","7.63","7.11","8.83","4.65","4.18","323.73","211.21","112.52","214.55","143.43","71.12","109.19","67.78","41.4","77.1","65.14","11.96","73.56","61.97","11.59","3.54","3.17","0.37","158.16","77.21","80.94","150.0","73.05","76.95","8.15","4.16","3.99","473.6","235.26","708.86"
"117","1981","7","Maharashtra","Wardha","926.62","475.7","450.92","695.11","355.77","339.33","231.51","119.92","111.59","142.24","72.58","69.67","121.81","62.05","59.76","20.44","10.53","9.91","36.41","18.78","17.63","23.97","12.4","11.58","12.44","6.39","6.05","473.0","290.23","182.78","321.59","201.91","119.68","151.41","88.32","63.09","115.01","83.99","31.02","110.81","80.22","30.59","4.2","3.77","0.43","190.64","88.46","102.18","180.37","83.11","97.26","10.28","5.35","4.93","529.34","305.65","834.99"
"117","1991","7","Maharashtra","Wardha","1067.36","550.37","516.99","783.84","403.5","380.34","283.52","146.87","136.65","166.32","85.28","81.04","142.68","73.16","69.52","23.64","12.12","11.53","149.98","77.22","72.76","107.48","55.33","52.15","42.49","21.88","20.61","634.43","366.71","267.72","433.37","254.62","178.75","201.07","112.1","88.97","125.2","83.8","41.4","120.5","79.7","40.9","4.7","4.1","0.5","207.9","97.8","110.2","194.9","90.6","104.3","13.1","7.1","5.9","616.82","333.1","949.92"
"117","2001","7","Maharashtra","Wardha","1230.64","635.75","594.89","905.7","467.53","438.17","324.95","168.23","156.72","154.42","79.67","74.75","132.77","68.51","64.26","21.65","11.16","10.49","158.63","81.94","76.69","112.15","58.04","54.1","46.49","23.9","22.59","869.67","489.42","380.26","613.75","349.6","264.15","255.93","139.82","116.11","139.33","93.55","45.78","134.82","89.59","45.23","4.51","3.96","0.54","249.49","112.32","137.16","236.44","105.47","130.97","13.05","6.85","6.2","632.89","388.81","1021.7"
"117","2011","7","Maharashtra","Wardha","1300.77","668.39","632.39","877.47","451.87","425.6","423.3","216.51","206.79","149.51","76.7","72.81","125.09","64.33","60.76","24.42","12.37","12.05","188.83","96.57","92.26","114.89","59.2","55.69","73.94","37.37","36.57","1019.46","552.62","466.84","665.08","365.2","299.88","354.38","187.42","166.96","132.99","92.73","40.26","128.08","88.4","39.68","4.91","4.33","0.59","282.17","143.85","138.32","261.32","132.57","128.76","20.85","11.29","9.56","692.54","415.16","1107.7"
"118","1961","7","Maharashtra","Nagpur","1512.81","784.16","728.65","725.11","367.76","357.35","787.7","416.4","371.3","0.0","0.0","0.0","0.0","0.0","0.0","0.0","0.0","0.0","54.39","27.91","26.48","23.17","11.67","11.5","31.22","16.24","14.98","531.74","376.84","154.9","151.69","122.09","29.6","380.05","254.76","125.3","224.95","118.36","106.59","210.59","110.18","100.41","14.36","8.19","6.18","152.82","65.07","87.75","140.13","60.01","80.12","12.7","5.07","7.63","809.84","377.77","1187.61"
"118","1971","7","Maharashtra","Nagpur","1941.1","1009.07","932.03","885.68","453.67","432.01","1055.42","555.4","500.02","0.0","0.0","0.0","0.0","0.0","0.0","0.0","0.0","0.0","80.29","41.7","38.59","36.26","18.81","17.45","44.03","22.89","21.14","876.21","567.55","308.66","281.02","197.97","83.05","595.19","369.58","225.61","151.91","118.71","33.21","141.28","109.54","31.74","10.64","9.17","1.47","196.49","90.27","106.22","181.13","82.13","99.0","15.36","8.14","7.22","1251.82","348.4","1600.22"
"118","1981","7","Maharashtra","Nagpur","2588.81","1345.38","1243.43","1119.53","577.08","542.45","1469.28","768.3","700.98","353.3","181.89","171.42","184.91","95.03","89.89","168.39","86.86","81.53","182.4","94.49","87.9","84.19","43.54","40.65","98.2","50.96","47.25","1412.39","857.55","554.84","463.21","301.12","162.09","949.18","556.43","392.75","191.7","135.43","56.27","179.49","125.83","53.66","12.21","9.6","2.61","241.8","107.2","134.61","221.93","97.24","124.69","19.87","9.96","9.91","1667.49","433.5","2100.99"
"118","1991","7","Maharashtra","Nagpur","3287.14","1710.4","1576.74","1256.23","649.9","606.33","2030.91","1060.5","970.41","457.72","235.9","221.82","235.62","121.29","114.33","222.1","114.61","107.49","619.23","319.94","299.29","220.23","113.75","106.48","399.0","206.19","192.8","2036.74","1180.44","856.3","644.51","391.07","253.44","1392.23","789.37","602.86","214.6","137.8","76.8","202.4","128.2","74.1","12.3","9.6","2.7","280.2","126.7","153.5","256.3","114.5","141.8","23.9","12.2","11.7","2119.23","494.8","2614.03"
"118","2001","7","Maharashtra","Nagpur","4051.44","2095.49","1955.96","1444.08","746.02","698.07","2607.36","1349.47","1257.89","444.44","228.12","216.32","217.75","111.7","106.06","226.69","116.42","110.27","696.46","357.31","339.15","241.17","124.34","116.83","455.3","232.98","222.32","2980.62","1654.79","1325.83","944.15","543.11","401.05","2036.46","1111.68","924.78","224.53","140.96","83.57","212.76","131.93","80.84","11.76","9.03","2.73","380.91","166.41","214.49","351.86","153.28","198.58","29.05","13.13","15.92","2089.12","605.43","2694.56"
"118","2011","7","Maharashtra","Nagpur","4653.57","2384.98","2268.6","1474.81","758.36","716.45","3178.76","1626.62","1552.14","437.57","223.57","214.01","200.15","102.28","97.88","237.42","121.29","116.13","867.71","439.21","428.51","234.06","119.69","114.37","633.65","319.51","314.14","3673.81","1959.22","1714.59","1072.98","589.83","483.15","2600.83","1369.39","1231.44","206.61","138.24","68.37","191.9","127.0","64.91","14.7","11.24","3.46","423.59","213.9","209.69","382.27","190.9","191.37","41.32","23.0","18.32","2785.01","630.2","3415.21"
"119","1961","7","Maharashtra","Bhandara","1268.29","635.17","633.11","1132.03","564.38","567.65","136.26","70.8","65.46","0.0","0.0","0.0","0.0","0.0","0.0","0.0","0.0","0.0","31.07","15.79","15.28","24.36","12.36","12.0","6.71","3.43","3.28","305.29","253.42","51.86","245.17","209.97","35.2","60.12","43.46","16.66","413.82","199.22","214.6","407.36","196.05","211.31","6.46","3.17","3.28","119.26","51.12","68.14","116.72","50.27","66.44","2.54","0.85","1.7","527.29","533.08","1060.37"
"119","1971","7","Maharashtra","Bhandara","1581.82","795.35","786.47","1401.28","701.99","699.28","180.54","93.35","87.19","0.0","0.0","0.0","0.0","0.0","0.0","0.0","0.0","0.0","82.97","41.97","41.0","68.85","34.75","34.1","14.12","7.22","6.9","554.36","401.52","152.84","459.11","339.66","119.46","95.25","61.87","33.38","337.55","205.51","132.05","333.22","202.32","130.9","4.33","3.19","1.15","187.72","87.82","99.9","183.02","85.44","97.58","4.7","2.39","2.32","839.37","525.27","1364.64"
"119","1981","7","Maharashtra","Bhandara","1837.58","920.16","917.42","1596.82","797.4","799.43","240.75","122.76","117.99","298.04","148.03","150.01","275.0","136.45","138.54","23.04","11.58","11.46","179.24","89.55","89.7","149.18","74.44","74.74","30.06","15.11","14.96","807.15","536.55","270.59","655.88","446.02","209.86","151.26","90.53","60.73","380.5","217.41","163.09","375.64","214.1","161.54","4.86","3.3","1.55","227.22","106.31","120.91","220.48","103.06","117.42","6.74","3.25","3.49","998.09","607.72","1605.81"
"119","1991","7","Maharashtra","Bhandara","2107.63","1060.28","1047.35","1831.74","918.91","912.82","275.89","141.36","134.53","309.82","154.75","155.08","288.48","143.9","144.58","21.35","10.85","10.5","355.48","177.45","178.03","304.17","151.57","152.6","51.31","25.88","25.43","1143.92","699.95","443.97","951.6","590.1","361.49","192.32","109.84","82.48","388.5","211.9","176.6","383.7","208.8","174.9","4.8","3.1","1.8","315.2","144.5","170.6","305.6","139.6","166.1","9.5","5.0","4.5","1142.61","703.7","1846.31"
"119","2001","7","Maharashtra","Bhandara","2335.99","1171.63","1164.36","2017.23","1009.43","1007.8","318.76","162.2","156.56","294.18","146.31","147.87","275.1","136.53","138.58","19.08","9.78","9.29","369.65","184.58","185.07","309.28","154.3","154.98","60.37","30.28","30.09","1587.72","901.93","685.8","1336.24","764.84","571.41","251.48","137.09","114.39","321.42","181.11","140.31","318.37","179.0","139.37","3.05","2.11","0.94","474.44","201.37","273.07","467.19","198.2","269.0","7.25","3.17","4.08","1171.42","795.86","1967.27"
"119","2011","7","Maharashtra","Bhandara","2522.84","1267.07","1255.76","2063.08","1035.41","1027.66","459.76","231.66","228.11","303.14","150.46","152.68","280.85","139.26","141.59","22.28","11.2","11.09","376.33","187.85","188.48","290.55","145.34","145.21","85.78","42.51","43.27","1904.1","1031.55","872.56","1526.75","833.93","692.82","377.35","197.62","179.75","309.61","187.21","122.4","304.15","183.15","121.0","5.46","4.06","1.4","593.59","287.96","305.64","576.04","278.84","297.21","17.56","9.12","8.43","1260.12","903.2","2163.32"
"120","1961","7","Maharashtra","Chandrapur","1238.07","623.68","614.39","1142.38","573.33","569.05","95.69","50.35","45.34","183.43","91.57","91.87","182.91","91.28","91.63","0.52","0.29","0.24","42.64","22.0","20.65","36.22","18.5","17.73","6.42","3.5","2.92","213.84","178.23","35.6","172.46","148.33","24.13","41.38","29.9","11.48","407.83","208.33","199.5","404.88","206.67","198.21","2.95","1.66","1.29","179.24","74.29","104.95","177.59","73.7","103.89","1.65","0.6","1.06","522.81","587.07","1109.88"
"120","1971","7","Maharashtra","Chandrapur","1635.31","828.26","807.05","1468.33","740.32","728.01","166.98","87.94","79.04","231.4","117.23","114.17","230.06","116.57","113.49","1.34","0.66","0.68","76.85","39.15","37.7","63.83","32.37","31.47","13.02","6.78","6.24","433.9","320.64","113.26","349.8","265.31","84.5","84.1","55.33","28.77","305.72","231.81","73.91","302.62","229.1","73.52","3.09","2.71","0.39","236.71","112.16","124.55","233.45","110.19","123.25","3.27","1.97","1.3","970.81","542.43","1513.24"
"120","1981","7","Maharashtra","Chandrapur","2055.91","1045.96","1009.95","1793.91","908.5","885.41","261.74","137.2","124.54","249.5","276.66","272.85","225.81","264.4","261.41","23.69","12.26","11.44","134.32","68.68","65.64","112.53","57.33","55.21","21.79","11.36","10.44","713.11","488.66","224.45","561.13","395.84","165.29","151.97","92.82","59.16","411.31","277.62","133.69","407.95","274.99","132.96","3.36","2.63","0.73","265.73","118.24","147.48","261.95","116.12","145.83","3.78","2.12","1.66","1176.16","677.04","1853.2"
"120","1991","7","Maharashtra","Chandrapur","2559.0","1308.15","1250.86","1993.62","1010.7","982.91","565.39","297.44","267.95","653.71","329.48","324.23","597.5","300.11","297.4","56.2","29.37","26.84","395.53","202.34","193.2","279.27","141.51","137.76","116.26","60.82","55.44","1155.69","727.36","428.33","799.43","517.02","282.42","356.25","210.34","145.91","443.6","278.7","164.8","435.2","273.3","161.9","8.4","5.4","3.0","368.2","157.0","211.1","351.7","149.1","202.6","16.3","7.9","8.4","1455.32","811.8","2267.12"
"120","2001","7","Maharashtra","Chandrapur","3047.87","1550.68","1497.19","2307.94","1172.88","1135.06","739.93","377.8","362.12","746.96","377.58","369.38","683.52","344.63","338.88","63.44","32.94","30.5","405.75","207.02","198.73","272.25","138.07","134.19","133.5","68.95","64.55","1813.4","1054.25","759.16","1270.09","750.71","519.38","543.31","303.53","239.78","465.72","275.5","190.23","456.81","270.26","186.55","8.92","5.24","3.68","582.28","228.29","353.99","565.76","221.17","344.59","16.52","7.12","9.4","1560.57","1048.0","2608.57"
"120","2011","7","Maharashtra","Chandrapur","3277.25","1665.16","1612.08","2383.84","1207.4","1176.44","893.41","457.77","435.65","804.75","404.13","400.62","722.07","362.11","359.94","82.69","42.01","40.68","469.12","237.94","231.17","289.52","146.74","142.78","179.59","91.2","88.4","2286.99","1267.68","1019.31","1576.16","886.2","689.96","710.81","381.47","329.35","446.34","272.84","173.49","438.9","267.66","171.24","7.44","5.2","2.26","721.79","334.15","387.66","694.63","320.17","374.48","27.16","13.98","13.18","1634.85","1168.13","2802.98"
"121","1961","3","Gujarat","Ahmedabad","2267.18","1217.1","1050.08","923.6","477.26","446.34","1343.58","739.84","603.74","12.22","6.61","5.61","5.19","2.74","2.45","7.02","3.87","3.16","226.96","119.51","107.46","90.07","45.7","44.37","136.89","73.81","63.08","925.65","626.28","299.37","235.75","175.29","60.46","689.9","450.99","238.91","188.87","141.62","47.26","183.63","137.27","46.36","5.25","4.35","0.9","81.89","46.41","35.48","78.81","44.53","34.27","3.09","1.88","1.21","1480.95","270.77","1751.71"
"121","1971","3","Gujarat","Ahmedabad","3023.57","1617.37","1406.21","1056.72","548.3","508.41","1966.86","1069.06","897.8","21.24","11.38","9.85","4.48","2.38","2.1","16.76","8.99","7.76","325.72","172.93","152.78","112.88","58.2","54.68","212.84","114.74","98.1","1465.91","943.55","522.35","337.5","242.77","94.73","1128.41","700.79","427.63","145.07","140.56","4.51","137.91","133.75","4.17","7.16","6.81","0.35","129.19","92.86","36.33","118.67","85.67","33.0","10.52","7.19","3.33","2727.16","274.26","3001.42"
"121","1981","3","Gujarat","Ahmedabad","4046.35","2138.62","1907.73","1228.44","634.74","593.69","2817.92","1503.89","1314.03","33.49","18.19","15.3","10.28","5.47","4.8","23.22","12.72","10.5","449.45","237.45","211.99","128.38","66.64","61.74","321.06","170.82","150.25","2261.48","1398.22","863.25","492.09","340.4","151.69","1769.39","1057.83","711.57","145.64","137.82","7.83","138.23","130.73","7.51","7.41","7.08","0.32","172.51","116.13","56.38","157.75","105.6","52.15","14.76","10.53","4.23","3749.94","318.15","4068.09"
"121","1991","3","Gujarat","Ahmedabad","5043.11","2654.62","2388.5","1357.77","706.23","651.55","3685.35","1948.4","1736.94","45.87","24.76","21.12","14.51","7.69","6.82","31.38","17.07","14.3","576.61","305.42","271.17","138.26","73.16","65.09","438.34","232.27","206.08","3139.7","1863.88","1275.81","661.72","432.97","228.76","2477.96","1430.92","1047.05","161.5","146.9","14.6","150.5","136.8","13.7","11.0","10.2","0.8","231.0","146.8","84.2","210.6","132.2","78.5","20.4","14.5","5.8","4635.69","392.5","5028.19"
"121","2001","3","Gujarat","Ahmedabad","6595.87","3481.89","3113.98","1668.21","869.24","798.97","4927.66","2612.66","2315.0","68.47","36.47","32.0","18.1","9.48","8.63","50.36","26.99","23.37","689.19","364.11","325.08","155.39","81.82","73.58","533.78","282.28","251.5","4587.84","2657.6","1930.24","934.12","591.4","342.72","3653.71","2066.2","1587.52","188.42","159.62","28.81","178.97","151.13","27.84","9.46","8.49","0.97","308.33","162.88","145.45","289.8","151.12","138.68","18.52","11.76","6.77","6038.21","496.75","6534.96"
"121","2011","3","Gujarat","Ahmedabad","8035.36","4215.13","3820.23","1617.95","836.56","781.39","6417.42","3378.57","3038.85","99.88","52.84","47.04","18.27","9.46","8.81","81.61","43.38","38.23","823.56","432.66","390.91","142.37","74.47","67.89","681.19","358.19","323.01","6043.75","3369.25","2674.51","1035.82","613.73","422.1","5007.93","2755.52","2252.41","204.12","178.63","25.49","174.39","154.62","19.78","29.72","24.01","5.71","345.27","217.97","127.3","300.99","186.14","114.85","44.3","31.84","12.46","5124.77","549.39","5674.16"
"122","1961","3","Gujarat","Amreli","667.82","340.62","327.2","525.25","267.18","258.07","142.57","73.44","69.13","0.19","0.09","0.09","0.18","0.09","0.09","0.01","0.01","0.0","46.05","22.98","23.07","39.55","19.62","19.93","6.5","3.36","3.14","193.08","132.14","60.94","135.31","94.24","41.07","57.77","37.9","19.87","175.68","101.94","73.74","163.61","94.59","69.03","12.07","7.35","4.72","44.11","24.38","19.73","42.38","23.28","19.1","1.73","1.1","0.63","371.73","219.79","591.52"
"122","1971","3","Gujarat","Amreli","847.91","433.3","414.6","679.31","346.45","332.86","168.6","86.86","81.74","0.32","0.16","0.16","0.28","0.15","0.13","0.04","0.02","0.03","63.33","32.16","31.17","55.8","28.12","27.68","7.54","4.04","3.49","285.21","189.42","95.79","204.37","138.78","65.58","80.84","50.64","30.21","129.82","119.31","10.5","121.43","111.38","10.05","8.39","7.93","0.45","53.19","39.35","13.84","49.53","36.53","13.0","3.66","2.82","0.84","652.97","183.01","835.98"
"122","1981","3","Gujarat","Amreli","1079.1","546.01","533.09","858.76","433.23","425.53","220.34","112.78","107.56","0.77","0.4","0.37","0.53","0.28","0.25","0.24","0.12","0.12","93.05","47.11","45.94","79.71","40.25","39.46","13.34","6.85","6.49","454.09","283.42","170.67","333.77","211.23","122.54","120.32","72.19","48.13","164.41","139.5","24.91","154.3","130.47","23.83","10.1","9.03","1.07","77.48","53.52","23.95","71.14","49.04","22.09","6.34","4.48","1.86","884.16","241.89","1126.05"
"122","1991","3","Gujarat","Amreli","1252.59","632.13","620.46","982.93","494.1","488.83","269.66","138.03","131.63","2.04","1.13","0.91","1.32","0.73","0.59","0.72","0.4","0.32","114.24","58.28","55.97","95.55","48.69","46.86","18.7","9.59","9.11","626.06","372.9","253.16","464.58","279.15","185.43","161.48","93.75","67.73","168.0","130.8","37.2","158.1","122.2","35.9","9.9","8.6","1.3","101.2","66.1","35.1","91.6","59.2","32.4","9.6","6.9","2.8","978.53","269.2","1247.73"
"122","2001","3","Gujarat","Amreli","1393.3","701.38","691.91","1080.42","540.16","540.26","312.87","161.22","151.65","3.26","1.75","1.51","1.63","0.85","0.78","1.63","0.9","0.73","115.49","59.15","56.34","95.86","48.97","46.89","19.63","10.17","9.45","814.15","466.51","347.65","601.99","346.57","255.42","212.16","119.94","92.22","232.29","132.34","99.95","223.78","126.74","97.04","8.52","5.61","2.91","150.45","71.68","78.77","144.74","68.25","76.49","5.71","3.43","2.28","1000.77","382.75","1383.51"
"122","2011","3","Gujarat","Amreli","1514.19","771.05","743.14","1127.56","572.55","555.0","386.64","198.5","188.14","7.32","3.86","3.47","4.14","2.21","1.93","3.18","1.65","1.54","132.92","68.52","64.4","109.35","56.36","52.99","23.56","12.16","11.4","995.46","558.18","437.28","715.04","404.94","310.11","280.42","153.24","127.17","232.13","156.21","75.92","223.22","148.79","74.43","8.91","7.42","1.49","209.94","114.73","95.2","193.93","104.15","89.78","16.01","10.58","5.43","857.05","442.07","1299.12"
"123","1961","3","Gujarat","Banaskantha","996.14","511.95","484.19","925.49","475.23","450.26","70.65","36.72","33.93","52.69","27.28","25.41","50.95","26.32","24.63","1.74","0.96","0.78","95.22","48.7","46.52","89.59","45.3","44.29","5.63","3.4","2.23","126.79","104.7","22.09","99.15","84.68","14.47","27.64","20.01","7.63","322.38","203.17","119.21","320.0","201.65","118.35","2.38","1.52","0.86","28.06","18.69","9.37","27.88","18.57","9.31","0.18","0.12","0.07","545.35","350.44","895.78"
"123","1971","3","Gujarat","Banaskantha","1265.26","651.8","613.46","1140.04","587.22","552.82","125.22","64.58","60.64","77.76","40.29","37.47","74.89","38.78","36.11","2.87","1.51","1.37","124.69","63.49","61.2","115.25","58.61","56.64","9.45","4.88","4.56","198.4","156.72","41.68","145.6","120.43","25.17","52.79","36.29","16.51","249.9","232.63","17.26","245.77","228.7","17.08","4.12","3.94","0.19","62.86","48.35","14.52","61.45","47.22","14.23","1.41","1.12","0.29","939.33","312.76","1252.09"
"123","1981","3","Gujarat","Banaskantha","1667.91","857.32","810.6","1523.75","782.7","741.05","144.17","74.62","69.55","111.94","57.51","54.43","107.66","55.26","52.4","4.28","2.25","2.03","170.14","86.99","83.15","154.15","78.72","75.43","15.99","8.27","7.72","384.3","292.19","92.11","310.66","244.59","66.07","73.65","47.6","26.05","294.04","272.81","21.23","291.99","270.97","21.02","2.05","1.84","0.22","93.89","69.86","24.03","91.8","68.12","23.68","2.09","1.74","0.35","1341.98","387.93","1729.91"
"123","1991","3","Gujarat","Banaskantha","2162.58","1119.37","1043.21","1942.29","1004.56","937.73","220.28","114.81","105.48","149.41","77.43","71.98","141.33","73.12","68.21","8.08","4.31","3.77","229.98","119.09","110.89","204.86","106.0","98.86","25.13","13.09","12.03","680.33","491.88","188.45","557.36","415.79","141.57","122.97","76.09","46.88","357.2","314.8","42.3","354.5","312.3","42.1","2.7","2.5","0.2","155.0","105.6","49.4","150.3","101.5","48.8","4.7","4.1","0.6","1641.5","512.2","2153.7"
"123","2001","3","Gujarat","Banaskantha","2502.84","1296.42","1206.43","2227.42","1151.64","1075.78","275.42","144.78","130.65","205.9","105.82","100.09","196.86","100.99","95.87","9.04","4.83","4.21","271.48","141.0","130.49","239.95","124.47","115.48","31.54","16.53","15.01","1049.72","707.73","341.99","872.42","601.84","270.58","177.3","105.89","71.41","482.79","337.55","145.23","480.39","335.63","144.76","2.39","1.92","0.47","242.94","116.33","126.61","240.6","114.9","125.7","2.34","1.43","0.9","1758.43","725.72","2484.16"
"123","2011","3","Gujarat","Banaskantha","3120.51","1610.38","1510.13","2705.59","1393.74","1311.85","414.92","216.64","198.28","284.16","144.36","139.8","271.06","137.67","133.38","13.1","6.68","6.42","327.46","169.29","158.17","287.94","148.61","139.33","39.52","20.68","18.85","1704.92","1048.4","656.52","1415.56","881.64","533.93","289.36","166.76","122.6","475.59","388.55","87.04","469.97","383.48","86.49","5.62","5.07","0.54","350.54","191.3","159.24","344.3","186.87","157.43","6.24","4.43","1.81","1871.91","826.13","2698.04"
"124","1961","3","Gujarat","Bharuch","891.97","458.13","433.84","758.17","388.88","369.29","133.8","69.24","64.56","370.97","188.22","182.75","354.22","179.66","174.57","16.75","8.57","8.18","44.76","22.92","21.84","38.09","19.19","18.9","6.67","3.73","2.94","305.56","212.54","93.02","238.03","169.69","68.34","67.53","42.84","24.69","185.89","116.21","69.68","183.2","114.14","69.06","2.69","2.07","0.62","144.39","72.98","71.4","142.52","72.08","70.43","1.87","0.9","0.97","485.23","330.28","815.51"
"124","1971","3","Gujarat","Bharuch","1106.09","567.07","539.02","912.76","466.79","445.97","193.33","100.28","93.05","486.9","247.0","239.9","462.94","234.46","228.48","23.96","12.54","11.42","53.43","27.25","26.18","43.73","22.23","21.5","9.7","5.02","4.68","395.74","263.92","131.82","291.83","200.47","91.36","103.91","63.45","40.46","122.91","113.13","9.77","119.77","110.19","9.58","3.14","2.95","0.19","184.64","110.3","74.34","179.21","106.94","72.27","5.43","3.36","2.07","789.72","307.55","1097.27"
"124","1981","3","Gujarat","Bharuch","1296.45","667.24","629.21","1055.22","541.36","513.86","241.51","125.88","115.63","577.39","294.1","283.3","544.97","277.16","267.82","32.42","16.94","15.48","59.69","30.68","29.01","45.06","22.98","22.08","14.63","7.7","6.93","579.06","370.36","208.7","431.96","283.02","148.94","147.1","87.34","59.77","144.18","121.76","22.42","141.46","119.2","22.26","2.72","2.56","0.16","199.91","123.86","76.06","193.01","119.41","73.61","6.9","4.45","2.45","980.08","344.09","1324.17"
"124","1991","3","Gujarat","Bharuch","1546.15","800.53","745.62","1217.32","628.71","588.61","328.83","171.82","157.01","703.96","360.26","343.7","659.02","337.06","321.97","44.94","23.2","21.73","66.07","34.12","31.94","45.59","23.39","22.2","20.48","10.73","9.75","801.39","492.23","309.16","581.53","366.19","215.35","219.85","126.04","93.81","153.6","133.1","20.5","151.0","130.6","20.4","2.6","2.4","0.2","231.1","143.1","87.9","223.7","137.8","85.9","7.4","5.4","2.0","1154.93","384.7","1539.63"
"124","2001","3","Gujarat","Bharuch","1884.19","977.41","906.78","1479.36","765.29","714.08","404.83","212.12","192.7","845.69","432.36","413.34","792.91","405.06","387.85","52.79","27.3","25.49","71.53","36.89","34.64","48.07","24.74","23.33","23.45","12.15","11.31","1149.52","677.61","471.91","843.08","507.38","335.71","306.44","170.23","136.2","175.02","129.75","45.27","173.23","128.13","45.1","1.79","1.61","0.18","344.45","173.94","170.51","340.06","171.05","169.01","4.39","2.88","1.51","1353.26","519.47","1872.73"
"124","2011","3","Gujarat","Bharuch","2141.32","1106.8","1034.52","1554.49","798.8","755.69","586.83","307.99","278.84","969.58","494.92","474.67","893.37","455.75","437.62","76.21","39.17","37.05","70.97","36.45","34.53","41.31","21.13","20.2","29.65","15.32","14.33","1488.62","834.82","653.8","1027.14","582.45","444.68","461.48","252.36","209.12","140.94","115.4","25.54","137.43","112.25","25.19","3.52","3.15","0.36","441.61","249.65","191.96","428.67","240.51","188.17","12.94","9.14","3.79","1219.4","582.55","1801.95"
"125","1961","3","Gujarat","Vadodara / Baroda","1527.33","801.03","726.3","1129.83","588.01","541.82","397.49","213.02","184.48","327.99","168.45","159.54","316.26","162.12","154.14","11.73","6.33","5.4","90.52","46.19","44.33","71.78","36.39","35.39","18.74","9.8","8.94","537.78","367.6","170.18","324.84","232.04","92.8","212.94","135.56","77.39","253.4","194.93","58.46","250.13","191.9","58.24","3.26","3.04","0.23","162.32","90.52","71.8","159.79","88.79","71.0","2.52","1.73","0.8","940.98","415.71","1356.7"
"125","1971","3","Gujarat","Vadodara / Baroda","1978.85","1039.67","939.18","1376.39","716.44","659.95","602.46","323.24","279.22","473.12","244.56","228.56","453.95","234.15","219.81","19.16","10.42","8.75","114.84","59.66","55.18","86.15","44.34","41.81","28.69","15.32","13.38","804.23","529.02","275.21","433.23","303.79","129.45","370.99","225.23","145.76","210.77","203.44","7.33","205.43","198.26","7.17","5.34","5.18","0.16","203.82","140.12","63.7","196.67","134.79","61.87","7.15","5.32","1.83","1551.88","414.59","1966.47"
"125","1981","3","Gujarat","Vadodara / Baroda","2558.09","1335.34","1222.75","1607.57","833.39","774.18","950.53","501.95","448.57","648.37","332.56","315.81","609.05","311.28","297.76","39.33","21.28","18.05","153.69","79.98","73.71","93.5","48.44","45.06","60.19","31.54","28.65","1236.66","780.68","455.98","602.17","410.11","192.06","634.49","370.57","263.92","240.84","228.08","12.76","234.15","221.62","12.54","6.69","6.47","0.22","265.06","178.07","86.99","252.24","168.48","83.76","12.82","9.6","3.23","2131.12","505.9","2637.02"
"125","1991","3","Gujarat","Vadodara / Baroda","3089.61","1614.98","1474.63","1761.55","916.61","844.94","1328.06","698.37","629.69","821.7","423.05","398.65","757.39","388.8","368.6","64.3","34.25","30.05","191.88","100.2","91.68","95.13","49.7","45.43","96.74","50.5","46.25","1669.08","1018.89","650.19","744.97","493.48","251.48","924.11","525.4","398.71","280.3","253.0","27.2","272.8","245.9","26.9","7.5","7.2","0.3","300.3","196.2","104.1","285.1","184.6","100.5","15.2","11.6","3.6","2499.96","580.6","3080.56"
"125","2001","3","Gujarat","Vadodara / Baroda","3639.78","1896.86","1742.92","1992.46","1032.93","959.53","1647.32","863.93","783.39","967.39","496.06","471.34","888.29","454.18","434.11","79.11","41.88","37.23","204.29","106.5","97.79","94.3","49.1","45.2","109.99","57.4","52.59","2258.93","1326.4","932.54","992.31","625.7","366.62","1266.62","700.7","565.92","335.85","243.84","92.01","330.05","238.46","91.6","5.8","5.39","0.41","472.47","232.85","239.62","461.43","226.12","235.31","11.03","6.73","4.31","2811.29","808.32","3619.6"
"125","2011","3","Gujarat","Vadodara / Baroda","4165.63","2153.74","2011.89","2099.86","1077.94","1021.91","2065.77","1075.79","989.98","1149.9","586.67","563.24","1040.6","529.31","511.29","109.3","57.36","51.94","221.63","114.6","107.03","83.1","42.94","40.17","138.53","71.67","66.86","2893.08","1614.09","1278.99","1228.61","715.86","512.75","1664.47","898.23","766.25","312.13","262.84","49.29","300.35","252.63","47.71","11.78","10.21","1.57","570.36","293.26","277.1","547.28","276.78","270.51","23.08","16.49","6.59","2472.15","882.49","3354.64"
"126","1961","3","Gujarat","Bhavnagar","1119.44","577.73","541.71","767.01","395.03","371.98","352.43","182.7","169.73","0.08","0.04","0.03","0.0","0.0","0.0","0.07","0.04","0.03","50.53","25.34","25.19","36.05","18.03","18.02","14.49","7.31","7.18","307.04","221.46","85.59","148.55","118.84","29.71","158.49","102.62","55.87","203.85","130.62","73.23","193.2","123.99","69.21","10.65","6.63","4.02","63.49","35.32","28.17","61.64","34.12","27.51","1.85","1.2","0.65","684.71","267.34","952.05"
"126","1971","3","Gujarat","Bhavnagar","1423.06","730.96","692.09","973.42","497.45","475.98","449.64","233.52","216.12","0.18","0.09","0.09","0.33","0.19","0.14","0.15","0.07","0.08","63.43","32.27","31.15","44.89","22.76","22.13","18.53","9.52","9.02","466.46","319.44","147.02","235.88","176.13","59.75","230.58","143.31","87.27","168.76","150.08","18.68","160.31","142.34","17.97","8.44","7.74","0.71","87.69","60.1","27.59","82.11","56.16","25.95","5.58","3.94","1.64","1148.67","256.45","1405.12"
"126","1981","3","Gujarat","Bhavnagar","1879.34","959.7","919.65","1253.77","637.28","616.49","625.57","322.42","303.15","2.43","1.27","1.17","0.85","0.46","0.4","1.58","0.81","0.77","99.76","50.62","49.14","67.37","34.14","33.23","32.38","16.48","15.91","747.8","490.61","257.2","395.68","278.25","117.43","352.12","212.36","139.76","227.54","186.59","40.96","217.07","177.18","39.9","10.47","9.41","1.06","147.3","92.38","54.92","137.74","85.66","52.08","9.56","6.72","2.85","1604.95","374.84","1979.79"
"126","1991","3","Gujarat","Bhavnagar","2292.03","1175.85","1116.17","1487.19","760.02","727.16","804.84","415.83","389.01","3.35","1.81","1.53","0.95","0.57","0.37","2.4","1.24","1.16","138.5","71.24","67.25","87.37","44.87","42.5","51.13","26.38","24.75","1084.78","679.01","405.78","605.87","398.14","207.74","478.91","280.87","198.04","234.7","170.8","63.8","224.5","162.2","62.3","10.2","8.7","1.5","194.3","105.8","88.5","180.4","96.0","84.4","13.9","9.8","4.1","1845.64","429.0","2274.64"
"126","2001","3","Gujarat","Bhavnagar","2469.26","1275.33","1193.94","1534.59","782.43","752.16","934.68","492.9","441.78","7.3","3.91","3.39","2.38","1.29","1.08","4.92","2.62","2.31","142.13","73.01","69.11","87.21","44.59","42.62","54.92","28.43","26.5","1395.21","843.86","551.35","757.48","475.88","281.6","637.73","367.98","269.75","213.75","138.37","75.38","207.61","133.7","73.91","6.14","4.67","1.47","210.94","91.69","119.25","204.73","88.29","116.44","6.21","3.4","2.82","2003.97","424.7","2428.67"
"126","2011","3","Gujarat","Bhavnagar","2880.37","1490.2","1390.16","1697.96","868.83","829.13","1182.4","621.37","561.03","9.11","4.75","4.36","3.41","1.82","1.59","5.7","2.93","2.77","157.03","80.83","76.21","88.67","45.62","43.06","68.36","35.21","33.15","1887.26","1087.37","799.88","1029.94","605.03","424.91","857.32","482.35","374.97","231.8","171.86","59.94","221.39","163.38","58.02","10.4","8.48","1.92","334.03","170.99","163.03","311.51","157.55","153.95","22.52","13.44","9.08","1729.73","565.83","2295.56"
"127","1961","3","Gujarat","Valsad","1137.8","563.8","574.0","956.15","470.27","485.87","181.66","93.53","88.13","0.0","0.0","0.0","0.0","0.0","0.0","0.0","0.0","0.0","0.0","0.0","0.0","0.0","0.0","0.0","0.0","0.0","0.0","0.0","0.0","0.0","0.0","0.0","0.0","0.0","0.0","0.0","263.97","134.53","129.44","259.62","132.06","127.56","4.36","2.47","1.88","117.14","54.28","62.87","114.64","53.1","61.54","2.5","1.18","1.33","3805.43","381.12","4186.54"
"127","1971","3","Gujarat","Valsad","1428.51","714.97","713.54","1187.22","589.57","597.65","241.29","125.4","115.89","776.22","389.59","386.63","713.91","356.99","356.92","62.31","32.6","29.71","42.95","18.71","24.24","33.7","14.15","19.55","9.25","4.57","4.69","533.96","332.67","201.29","395.57","251.1","144.47","138.38","81.57","56.82","204.16","148.58","55.58","201.39","146.12","55.28","2.76","2.47","0.3","149.96","80.69","69.27","143.28","76.52","66.77","6.68","4.18","2.5","1061.74","354.12","1415.86"
"127","1981","3","Gujarat","Valsad","1774.14","895.31","878.82","1385.27","690.26","695.01","388.86","205.05","183.81","968.52","484.46","484.06","875.21","435.77","439.44","93.31","48.69","44.62","54.99","25.51","29.48","39.29","17.57","21.71","15.7","7.94","7.76","832.9","499.05","333.85","587.1","355.19","231.91","245.79","143.86","101.94","233.52","169.47","64.05","230.05","166.68","63.36","3.47","2.79","0.69","161.04","88.07","72.97","153.17","82.82","70.36","7.86","5.26","2.61","1407.37","394.56","1801.93"
"127","1991","3","Gujarat","Valsad","2173.67","1110.63","1063.04","1641.82","832.23","809.58","531.86","278.4","253.46","1181.4","595.67","585.73","1063.67","535.88","527.79","117.74","59.79","57.94","65.83","32.53","33.3","42.85","20.79","22.06","22.98","11.74","11.24","1185.6","692.3","493.31","818.2","483.67","334.53","367.41","208.63","158.78","288.7","204.9","83.8","283.2","200.5","82.7","5.4","4.4","1.1","209.2","116.8","92.4","196.3","108.3","88.1","12.9","8.5","4.4","1668.08","497.9","2165.98"
"127","2001","3","Gujarat","Valsad","2639.93","1363.76","1276.17","1922.32","979.61","942.72","717.61","384.15","333.45","1363.57","683.5","680.07","1237.44","620.19","617.25","126.14","63.31","62.83","76.87","38.87","38.02","45.5","22.77","22.72","31.39","16.09","15.29","1669.55","955.02","714.53","1122.79","644.5","478.29","546.76","310.52","236.24","313.15","179.77","133.38","310.16","177.43","132.73","2.99","2.34","0.65","334.72","155.75","178.97","326.33","150.73","175.6","8.4","5.03","3.37","1972.96","647.87","2620.83"
"127","2011","3","Gujarat","Valsad","3035.35","1565.39","1469.97","1990.72","1007.39","983.32","1044.64","558.0","486.64","1542.45","770.72","771.74","1356.81","678.47","678.34","185.64","92.24","93.4","73.7","37.52","36.19","38.13","19.25","18.88","35.58","18.27","17.31","2172.57","1195.0","977.57","1347.29","735.23","612.06","825.28","459.77","365.51","260.38","184.91","75.47","253.14","179.25","73.9","7.24","5.67","1.57","389.64","194.96","194.67","373.97","185.56","188.41","15.66","9.4","6.26","1700.27","650.02","2350.29"
"128","1961","3","Gujarat","Dangs","71.57","37.42","34.15","71.57","37.42","34.15","0.0","0.0","0.0","66.23","34.36","31.87","66.23","34.36","31.87","0.0","0.0","0.0","0.26","0.14","0.12","0.26","0.14","0.12","0.0","0.0","0.0","6.63","5.34","1.29","6.63","5.34","1.29","0.0","0.0","0.0","26.09","13.82","12.27","26.09","13.82","12.27","0.0","0.0","0.0","8.53","4.29","4.24","8.53","4.29","4.24","0.0","0.0","0.0","32.41","34.62","67.02"
"128","1971","3","Gujarat","Dangs","94.24","48.42","45.82","94.24","48.42","45.82","0.0","0.0","0.0","88.03","45.03","43.0","88.03","45.03","43.0","0.0","0.0","0.0","0.34","0.18","0.16","0.34","0.18","0.16","0.0","0.0","0.0","13.18","9.96","3.22","13.18","9.96","3.22","0.0","0.0","0.0","26.63","18.53","8.1","26.63","18.53","8.1","0.0","0.0","0.0","7.9","4.64","3.27","7.9","4.64","3.27","0.0","0.0","0.0","59.24","34.53","93.77"
"128","1981","3","Gujarat","Dangs","113.66","57.68","55.98","113.66","57.68","55.98","0.0","0.0","0.0","104.92","53.09","51.83","104.92","53.09","51.83","0.0","0.0","0.0","0.75","0.39","0.36","0.75","0.39","0.36","-1.0","-1.0","-1.0","33.92","22.15","11.78","33.92","22.15","11.78","0.0","0.0","0.0","28.53","20.61","7.92","28.53","20.61","7.92","0.0","0.0","0.0","8.1","4.82","3.27","8.1","4.82","3.27","0.0","0.0","0.0","78.66","36.63","115.29"
"128","1991","3","Gujarat","Dangs","144.09","72.67","71.42","128.18","64.31","63.87","15.91","8.37","7.55","135.39","67.99","67.4","125.99","63.05","62.94","9.4","4.94","4.46","1.05","0.54","0.51","0.23","0.11","0.11","0.82","0.42","0.4","53.51","33.87","19.64","43.02","27.74","15.28","10.49","6.13","4.37","47.6","26.1","21.6","47.5","26.0","21.6","0.1","0.1","0.0","10.9","5.4","5.5","10.0","4.8","5.2","0.9","0.6","0.3","84.62","58.5","143.12"
"128","2001","3","Gujarat","Dangs","186.71","94.0","92.71","186.71","94.0","92.71","0.0","0.0","0.0","175.08","87.76","87.32","175.08","87.76","87.32","-1.0","-1.0","-1.0","0.92","0.46","0.46","0.92","0.46","0.46","-1.0","-1.0","-1.0","91.28","54.36","36.92","91.28","54.36","36.92","0.0","0.0","0.0","53.36","29.2","24.16","53.36","29.2","24.16","0.0","0.0","0.0","26.58","10.38","16.2","26.58","10.38","16.2","0.0","0.0","0.0","105.67","79.94","185.61"
"128","2011","3","Gujarat","Dangs","228.29","113.82","114.47","203.6","101.71","101.89","24.69","12.11","12.58","216.07","107.54","108.53","200.14","99.89","100.25","15.94","7.65","8.28","0.99","0.49","0.5","0.15","0.08","0.07","0.84","0.41","0.43","140.97","77.31","63.65","121.6","67.4","54.2","19.37","9.91","9.46","64.56","36.83","27.73","64.45","36.75","27.7","0.11","0.08","0.03","40.49","15.59","24.9","39.51","14.9","24.6","0.98","0.69","0.29","110.03","105.05","215.08"
"129","1961","3","Gujarat","Jamnagar","828.42","424.3","404.12","534.76","271.92","262.84","293.66","152.38","141.28","3.41","1.68","1.73","3.0","1.51","1.49","0.41","0.17","0.24","50.3","25.06","25.24","35.17","17.63","17.54","15.12","7.43","7.7","219.97","154.35","65.62","95.74","73.27","22.47","124.23","81.08","43.15","165.24","105.45","59.79","156.04","99.53","56.51","9.19","5.92","3.28","19.16","11.54","7.62","18.23","10.87","7.36","0.93","0.67","0.26","521.04","184.4","705.44"
"129","1971","3","Gujarat","Jamnagar","1111.38","571.35","540.02","710.4","364.01","346.39","400.98","207.35","193.63","2.71","1.35","1.36","2.09","1.05","1.05","0.62","0.31","0.31","72.0","37.02","34.99","49.07","25.16","23.91","22.93","11.85","11.07","354.7","235.91","118.78","160.65","115.66","44.99","194.05","120.25","73.8","154.23","137.05","17.19","145.74","129.2","16.54","8.5","7.85","0.65","39.52","27.45","12.07","36.6","25.37","11.24","2.92","2.09","0.84","907.96","193.75","1101.71"
"129","1981","3","Gujarat","Jamnagar","1393.08","714.79","678.29","871.48","445.04","426.45","521.59","269.75","251.84","4.28","2.19","2.09","3.1","1.59","1.51","1.18","0.6","0.58","101.62","52.36","49.26","65.77","34.0","31.76","35.85","18.36","17.5","564.54","359.11","205.43","282.5","188.76","93.74","282.04","170.35","111.69","182.65","156.01","26.63","174.47","149.1","25.37","8.18","6.91","1.26","56.93","39.31","17.62","52.02","36.02","16.0","4.91","3.29","1.62","1189.66","239.58","1429.24"
"129","1991","3","Gujarat","Jamnagar","1563.56","802.16","761.4","932.72","475.56","457.16","630.84","326.6","304.24","7.15","3.83","3.31","4.97","2.66","2.3","2.19","1.17","1.01","124.01","64.23","59.78","73.41","38.02","35.39","50.59","26.21","24.39","777.16","471.59","305.57","403.04","252.47","150.57","374.12","219.11","155.01","204.2","159.7","44.5","196.1","152.8","43.3","8.1","6.8","1.2","74.2","47.4","26.8","68.8","43.6","25.2","5.4","3.8","1.6","1274.57","278.4","1552.97"
"129","2001","3","Gujarat","Jamnagar","1913.69","985.27","928.42","1061.29","541.05","520.24","852.39","444.21","408.18","10.46","5.52","4.94","6.2","3.25","2.95","4.26","2.28","1.99","154.82","79.88","74.94","86.46","44.5","41.96","68.36","35.37","32.99","1048.89","616.37","432.52","500.77","301.5","199.28","548.12","314.88","233.25","249.3","154.34","94.97","242.97","149.46","93.51","6.34","4.88","1.46","97.11","51.31","45.8","91.96","47.84","44.12","5.15","3.47","1.68","1530.96","346.41","1877.36"
"129","2011","3","Gujarat","Jamnagar","2160.12","1114.19","1045.93","1189.05","610.09","578.97","971.07","504.1","466.96","24.19","12.42","11.77","16.49","8.46","8.04","7.7","3.96","3.74","173.9","89.6","84.3","99.38","51.01","48.37","74.52","38.59","35.93","1396.53","795.14","601.39","715.74","415.0","300.74","680.8","380.14","300.66","264.32","190.7","73.62","254.82","183.11","71.71","9.5","7.59","1.91","147.19","84.96","62.24","131.96","75.49","56.47","15.23","9.46","5.77","1312.68","411.51","1724.19"
"130","1961","3","Gujarat","Junagadh","1245.64","638.3","607.35","893.89","457.59","436.3","351.75","180.71","171.05","6.8","3.54","3.27","6.28","3.27","3.02","0.52","0.27","0.25","85.49","43.28","42.21","71.9","36.4","35.5","13.59","6.88","6.71","304.13","226.19","77.94","158.41","127.46","30.95","145.72","98.73","46.99","303.48","169.76","133.72","288.94","160.74","128.21","14.53","9.02","5.51","59.1","33.01","26.09","55.97","30.92","25.05","3.13","2.08","1.05","716.05","362.57","1078.62"
"130","1971","3","Gujarat","Junagadh","1655.62","853.4","802.22","1168.13","601.26","566.87","487.49","252.14","235.35","8.31","4.37","3.94","7.5","3.97","3.53","0.81","0.4","0.41","122.5","62.65","59.84","101.06","51.61","49.45","21.44","11.04","10.4","506.23","350.43","155.8","273.97","202.92","71.05","232.25","147.51","84.75","235.35","208.28","27.08","222.0","196.11","25.89","13.36","12.17","1.19","96.46","67.36","29.1","87.16","61.03","26.13","9.31","6.33","2.97","1305.05","331.81","1636.86"
"130","1981","3","Gujarat","Junagadh","2100.71","1074.61","1026.1","1460.91","746.51","714.4","639.8","328.1","311.71","10.74","5.56","5.18","9.06","4.74","4.32","1.68","0.82","0.86","176.6","90.34","86.26","137.73","70.25","67.48","38.86","20.09","18.78","874.42","565.05","309.38","524.57","353.46","171.11","349.86","211.59","138.27","270.67","236.38","34.28","257.15","224.03","33.12","13.51","12.35","1.17","128.67","90.82","37.86","114.2","80.26","33.94","14.48","10.56","3.92","1750.14","399.34","2149.48"
"130","1991","3","Gujarat","Junagadh","2394.86","1222.26","1172.6","1615.48","822.48","793.01","779.38","399.79","379.59","11.06","5.94","5.12","9.09","4.93","4.16","1.96","1.01","0.96","213.42","109.96","103.46","160.91","82.66","78.24","52.52","27.3","25.22","1217.73","743.43","474.3","747.03","468.55","278.48","470.69","274.88","195.82","317.9","258.3","59.6","301.3","243.9","57.4","16.6","14.4","2.2","181.7","123.3","58.4","158.4","106.2","52.2","23.3","17.1","6.3","1885.78","499.6","2385.38"
"130","2001","3","Gujarat","Junagadh","2985.28","1528.38","1456.9","2012.55","1026.89","985.66","972.73","501.49","471.24","25.29","13.15","12.15","18.8","9.74","9.07","6.48","3.41","3.08","283.85","146.13","137.73","217.16","111.64","105.51","66.7","34.48","32.22","1752.48","1033.67","718.8","1090.14","658.06","432.07","662.34","375.61","286.73","464.62","288.54","176.08","448.53","276.36","172.17","16.09","12.18","3.91","286.9","148.75","138.15","268.71","137.32","131.4","18.19","11.44","6.75","2219.71","751.52","2971.23"
"130","2011","3","Gujarat","Junagadh","3328.53","1704.57","1623.97","2136.45","1093.53","1042.92","1192.08","611.04","581.06","68.61","35.19","33.42","47.58","24.53","23.06","21.03","10.67","10.36","317.62","162.93","154.69","233.22","119.69","113.54","84.4","43.24","41.16","2236.5","1268.6","967.9","1361.35","786.95","574.41","875.15","481.65","393.49","433.01","299.59","133.42","413.96","284.22","129.74","19.06","15.37","3.68","382.96","218.84","164.12","347.24","195.15","152.09","35.72","23.7","12.03","1973.65","815.97","2789.62"
"131","1961","3","Gujarat","Kheda","1977.54","1039.72","937.82","1593.77","836.23","757.54","383.77","203.49","180.28","17.48","9.21","8.27","14.39","7.54","6.85","3.1","1.67","1.42","116.07","60.26","55.82","96.84","50.09","46.76","19.23","10.17","9.06","717.0","503.74","213.27","515.61","375.9","139.71","201.39","127.83","73.56","375.46","309.42","66.04","364.13","299.12","65.01","11.32","10.3","1.03","117.62","74.59","43.03","113.09","71.36","41.73","4.54","3.23","1.3","1293.5","493.08","1786.58"
"131","1971","3","Gujarat","Kheda","2444.32","1290.34","1153.98","1958.92","1033.06","925.85","485.41","257.28","228.13","25.28","13.42","11.85","20.9","11.11","9.79","4.38","2.31","2.07","148.2","77.96","70.24","124.06","65.03","59.03","24.14","12.93","11.22","1038.23","710.75","327.48","753.62","536.28","217.34","284.61","174.47","110.14","345.54","337.04","8.51","333.58","325.46","8.12","11.97","11.58","0.39","165.72","131.06","34.66","155.78","123.46","32.31","9.94","7.59","2.35","1910.55","511.26","2421.81"
"131","1981","3","Gujarat","Kheda","3015.03","1574.34","1440.69","2408.67","1257.98","1150.69","606.36","316.36","289.99","44.68","23.78","20.9","34.25","18.12","16.13","10.43","5.67","4.77","177.07","93.16","83.91","144.36","75.91","68.45","32.72","17.25","15.46","1478.48","983.62","494.86","1101.17","760.07","341.1","377.3","223.54","153.76","373.94","362.43","11.51","361.99","350.92","11.08","11.95","11.51","0.43","249.38","185.74","63.64","237.12","176.54","60.57","12.26","9.2","3.06","2481.26","623.32","3104.58"
"131","1991","3","Gujarat","Kheda","3440.9","1793.43","1647.47","2656.0","1386.2","1270.07","784.63","407.23","377.4","41.02","21.65","19.37","26.95","14.21","12.74","14.07","7.44","6.63","203.49","107.16","96.33","155.64","82.06","73.58","47.85","25.11","22.74","1910.9","1215.39","695.51","1386.46","914.46","472.0","524.44","300.93","223.51","408.6","386.7","21.9","393.2","372.0","21.2","15.4","14.7","0.7","339.6","238.4","101.1","320.1","224.0","96.2","19.5","14.5","5.0","2673.51","748.2","3421.71"
"131","2001","3","Gujarat","Kheda","3880.07","2025.22","1854.84","2966.36","1548.46","1417.9","913.71","476.77","436.95","55.23","28.96","26.27","37.66","19.74","17.92","17.57","9.22","8.35","204.6","107.32","97.27","159.03","83.57","75.46","45.56","23.75","21.81","2479.27","1511.27","968.0","1804.43","1130.65","673.78","674.84","380.62","294.22","406.14","354.27","51.87","388.15","337.7","50.45","17.99","16.57","1.43","571.69","330.34","241.35","532.07","306.81","225.27","39.61","23.54","16.08","2872.02","977.83","3849.84"
"131","2011","3","Gujarat","Kheda","4392.64","2272.95","2119.68","3234.04","1673.7","1560.34","1158.6","599.26","559.34","65.16","33.82","31.34","37.16","19.39","17.78","28.0","14.43","13.57","220.1","114.21","105.89","161.55","83.97","77.59","58.55","30.25","28.3","3211.49","1816.96","1394.53","2310.35","1325.42","984.94","901.14","491.55","409.6","391.65","358.74","32.91","372.79","341.03","31.76","18.87","17.72","1.15","706.17","465.27","240.9","653.52","427.29","226.24","52.65","38.0","14.65","2613.85","1097.82","3711.67"
"132","1961","3","Gujarat","Kutch","696.44","341.22","355.22","561.4","272.1","289.3","135.04","69.12","65.91","32.47","16.92","15.55","28.5","14.84","13.67","3.97","2.09","1.88","63.1","31.2","31.9","52.87","26.13","26.74","10.23","5.07","5.16","174.09","114.06","60.03","112.09","75.09","37.0","62.0","38.97","23.03","128.82","77.72","51.11","127.72","77.05","50.67","1.1","0.67","0.43","31.23","15.25","15.98","30.66","14.96","15.69","0.57","0.28","0.29","425.99","160.05","586.04"
"132","1971","3","Gujarat","Kutch","849.25","420.74","428.5","633.94","310.45","323.49","215.31","110.29","105.01","40.38","20.81","19.57","34.01","17.5","16.51","6.37","3.31","3.06","80.25","40.28","39.97","63.2","31.68","31.52","17.05","8.6","8.45","249.94","157.34","92.6","145.28","93.04","52.24","104.66","64.3","40.36","112.38","91.86","20.53","108.86","88.94","19.93","3.52","2.92","0.6","65.15","37.88","27.27","61.39","35.91","25.48","3.75","1.96","1.8","661.18","177.53","838.71"
"132","1981","3","Gujarat","Kutch","1050.16","525.43","524.73","775.79","382.97","392.82","274.37","142.46","131.91","63.3","32.98","30.32","52.89","27.58","25.31","10.41","5.4","5.01","111.88","56.78","55.11","85.0","42.88","42.12","26.88","13.89","12.99","371.94","231.92","140.02","223.22","141.84","81.38","148.72","90.08","58.64","113.92","94.63","19.29","110.74","92.1","18.64","3.18","2.53","0.65","76.58","48.16","28.42","73.45","46.14","27.32","3.13","2.03","1.1","862.09","190.5","1052.59"
"132","1991","3","Gujarat","Kutch","1262.51","642.82","619.68","874.65","440.28","434.37","387.86","202.54","185.31","87.72","46.12","41.61","67.77","35.68","32.09","19.95","10.44","9.52","150.24","77.54","72.69","105.51","54.2","51.31","44.73","23.34","21.39","546.75","337.85","208.9","320.17","203.11","117.07","226.58","134.75","91.83","109.4","87.9","21.6","105.7","84.9","20.7","3.8","2.9","0.8","106.5","68.4","38.1","99.9","63.8","36.1","6.6","4.6","2.0","1037.8","215.9","1253.7"
"132","2001","3","Gujarat","Kutch","1526.32","782.34","743.99","1057.36","535.82","521.53","468.97","246.51","222.45","130.14","67.87","62.27","106.28","55.31","50.98","23.85","12.56","11.29","185.93","95.99","89.94","132.44","68.04","64.4","53.5","27.96","25.54","0.0","0.0","0.0","0.0","0.0","0.0","0.0","0.0","0.0","0.0","0.0","0.0","0.0","0.0","0.0","0.0","0.0","0.0","0.0","0.0","0.0","0.0","0.0","0.0","0.0","0.0","0.0","1240.79","0.0","1240.79"
"132","2011","3","Gujarat","Kutch","2092.37","1096.74","995.63","1363.84","713.52","650.31","728.54","383.21","345.32","24.23","12.83","11.4","14.29","7.63","6.66","9.94","5.2","4.75","258.86","133.22","125.64","170.3","87.25","83.06","88.56","45.98","42.58","1252.32","739.24","513.08","740.92","449.19","291.74","511.4","290.05","221.34","105.88","90.37","15.51","100.34","86.32","14.02","5.54","4.05","1.49","183.97","115.88","68.09","176.22","111.4","64.82","7.75","4.49","3.27","1316.14","289.85","1605.99"
"133","1961","3","Gujarat","Mehsana","1632.98","829.22","803.76","1332.99","674.29","658.7","299.99","154.93","145.06","4.13","2.08","2.05","0.89","0.43","0.47","3.23","1.65","1.58","146.07","73.12","72.96","121.09","60.12","60.96","24.99","13.0","11.99","573.87","391.09","182.78","435.85","300.24","135.61","138.02","90.85","47.17","385.96","235.74","150.22","366.31","225.25","141.06","19.65","10.5","9.16","69.12","39.75","29.37","67.52","38.67","28.85","1.6","1.08","0.52","934.82","455.08","1389.9"
"133","1971","3","Gujarat","Mehsana","2174.15","1109.61","1064.53","1768.22","898.92","869.3","405.93","210.69","195.24","9.31","4.85","4.46","5.11","2.66","2.46","4.19","2.19","2.0","192.91","97.95","94.97","160.57","80.79","79.78","32.34","17.16","15.18","846.95","556.37","290.59","636.29","425.82","210.48","210.66","130.55","80.12","276.19","261.69","14.5","264.29","250.67","13.61","11.91","11.02","0.89","147.35","105.63","41.72","141.61","101.52","40.09","5.74","4.11","1.62","1726.72","423.54","2150.26"
"133","1981","3","Gujarat","Mehsana","2667.32","1355.21","1312.1","2130.3","1077.93","1052.37","537.02","277.28","259.74","9.11","4.88","4.23","2.33","1.28","1.05","6.78","3.6","3.2","231.73","119.44","112.3","183.52","94.07","89.45","48.22","25.37","22.85","1252.45","789.65","462.8","933.38","599.56","333.83","319.07","190.09","128.97","292.83","273.28","19.54","281.29","263.09","18.19","11.55","10.2","1.35","199.57","140.83","58.75","192.04","135.55","56.49","7.52","5.28","2.26","2219.89","492.4","2712.29"
"133","1991","3","Gujarat","Mehsana","3105.5","1593.91","1511.59","2390.44","1221.8","1168.63","715.06","372.1","342.96","13.21","7.24","5.97","3.71","2.1","1.62","9.49","5.14","4.35","279.47","145.63","133.83","207.37","107.69","99.67","72.11","37.94","34.17","1724.22","1048.11","676.11","1253.63","777.21","476.42","470.6","270.9","199.7","332.9","297.0","36.0","319.4","285.5","33.9","13.5","11.4","2.0","256.6","166.1","90.5","245.4","158.1","87.3","11.2","8.1","3.2","2503.79","589.5","3093.29"
"133","2001","3","Gujarat","Mehsana","3566.88","1851.82","1715.06","2725.9","1409.14","1316.76","840.97","442.68","398.3","28.87","15.53","13.34","13.06","7.01","6.05","15.82","8.53","7.28","313.02","163.64","149.38","229.64","119.93","109.71","83.38","43.71","39.67","2171.68","1303.31","868.37","1556.33","954.38","601.95","615.34","348.93","266.42","388.77","310.64","78.13","377.57","302.56","75.02","11.2","8.08","3.12","440.55","219.95","220.6","428.74","213.33","215.41","11.81","6.62","5.19","2712.94","829.32","3542.26"
"133","2011","3","Gujarat","Mehsana","3949.41","2047.7","1901.71","2907.74","1502.96","1404.79","1041.67","544.75","496.93","30.15","15.7","14.46","10.38","5.38","5.0","19.77","10.32","9.46","330.23","172.0","158.23","232.21","120.72","111.5","98.01","51.28","46.73","2763.06","1581.03","1182.03","1957.66","1134.9","822.76","805.41","446.14","359.27","369.05","322.54","46.51","355.1","310.24","44.86","13.96","12.29","1.66","523.09","311.41","211.68","498.31","294.68","203.64","24.78","16.73","8.05","2363.18","892.14","3255.32"
"134","1961","3","Gujarat","Panchmahal","1468.95","758.56","710.39","1314.09","677.86","636.23","154.86","80.7","74.16","503.21","256.7","246.52","493.73","251.48","242.25","9.48","5.22","4.26","51.85","26.81","25.04","45.2","23.21","21.99","6.65","3.6","3.05","282.53","220.02","62.51","204.04","169.76","34.29","78.49","50.27","28.22","633.85","348.02","285.83","630.48","345.15","285.33","3.37","2.87","0.5","30.25","15.89","14.36","29.58","15.44","14.14","0.67","0.44","0.23","715.18","664.1","1379.27"
"134","1971","3","Gujarat","Panchmahal","1846.45","950.17","896.29","1639.86","843.4","796.46","206.59","106.77","99.83","712.71","363.1","349.61","688.75","350.52","338.23","23.96","12.58","11.39","68.02","34.89","33.13","58.73","30.19","28.53","9.3","4.7","4.6","422.21","319.39","102.82","309.33","249.65","59.67","112.88","69.74","43.14","541.55","405.41","136.13","535.6","399.83","135.77","5.95","5.58","0.37","52.17","33.65","18.52","48.81","31.46","17.36","3.35","2.18","1.17","1243.1","593.72","1836.82"
"134","1981","3","Gujarat","Panchmahal","2321.69","1185.38","1136.31","2064.14","1052.63","1011.5","257.55","132.75","124.8","969.52","489.33","480.19","938.59","473.2","465.39","30.93","16.13","14.8","88.23","45.03","43.2","73.77","37.55","36.22","14.46","7.48","6.98","652.37","483.54","168.83","497.87","390.52","107.35","154.5","93.02","61.49","558.83","470.78","88.06","552.83","465.35","87.48","6.0","5.42","0.58","84.35","49.51","34.84","80.97","46.98","33.99","3.38","2.53","0.85","1718.34","643.18","2361.52"
"134","1991","3","Gujarat","Panchmahal","2956.46","1514.82","1441.64","2642.92","1352.44","1290.48","313.54","162.39","151.16","1395.05","708.6","686.46","1353.58","687.23","666.35","41.47","21.37","20.11","108.39","55.37","53.01","90.19","45.98","44.2","18.2","9.39","8.81","1044.4","728.13","316.27","846.7","613.87","232.83","197.7","114.26","83.44","655.2","537.1","118.1","648.2","530.6","117.6","7.0","6.5","0.5","142.7","72.5","70.1","138.8","69.7","69.2","3.8","2.9","1.0","2150.24","797.9","2948.14"
"134","2001","3","Gujarat","Panchmahal","3660.26","1868.18","1792.08","3250.53","1655.94","1594.59","409.73","212.24","197.49","1738.51","878.1","860.41","1678.27","847.54","830.73","60.24","30.56","29.68","125.37","64.0","61.37","103.41","52.69","50.71","21.97","11.31","10.66","1643.69","1062.89","580.8","1352.57","899.13","453.44","291.12","163.76","127.36","1020.65","600.19","420.46","1013.15","595.56","417.59","7.5","4.63","2.87","414.43","134.46","279.97","409.4","132.37","277.03","5.02","2.09","2.94","2207.11","1435.08","3642.19"
"134","2011","3","Gujarat","Panchmahal","4517.87","2295.61","2222.26","3991.41","2024.34","1967.07","526.46","271.28","255.18","2302.45","1161.66","1140.81","2219.59","1119.7","1099.88","82.87","41.95","40.92","141.89","71.96","69.93","114.73","58.15","56.58","27.16","13.81","13.35","2447.98","1457.09","990.89","2060.38","1244.27","816.12","387.59","212.83","174.77","845.38","635.88","209.49","835.58","627.91","207.68","9.8","7.99","1.82","814.64","280.36","534.28","801.04","274.19","526.85","13.6","6.17","7.43","2421.23","1660.02","4081.25"
"135","1961","3","Gujarat","Rajkot","1208.52","615.66","592.86","740.54","377.0","363.53","467.98","238.66","229.33","0.39","0.19","0.2","0.06","0.02","0.04","0.33","0.17","0.16","70.77","35.78","35.0","53.82","27.02","26.8","16.95","8.76","8.2","383.58","261.97","121.61","159.62","120.48","39.15","223.96","141.49","82.47","252.64","144.1","108.54","234.75","133.49","101.26","17.89","10.61","7.28","37.21","21.31","15.9","34.36","19.49","14.87","2.85","1.82","1.03","734.1","289.85","1023.95"
"135","1971","3","Gujarat","Rajkot","1623.42","833.35","790.07","999.51","511.61","487.9","623.91","321.75","302.17","0.68","0.35","0.33","0.04","0.02","0.02","0.63","0.33","0.3","99.25","50.77","48.48","75.02","38.25","36.77","24.23","12.52","11.7","636.6","412.02","224.59","286.75","201.53","85.21","349.85","210.48","139.37","208.81","174.84","33.97","198.16","165.4","32.76","10.65","9.44","1.21","67.55","45.5","22.05","62.41","41.77","20.64","5.14","3.73","1.4","1330.9","276.36","1607.26"
"135","1981","3","Gujarat","Rajkot","2093.09","1074.83","1018.26","1228.77","629.64","599.13","864.32","445.19","419.13","3.84","2.04","1.8","0.93","0.5","0.43","2.91","1.54","1.37","137.03","70.37","66.67","97.33","50.0","47.33","39.7","20.36","19.34","1020.97","624.88","396.09","490.12","316.37","173.75","530.85","308.51","222.34","252.62","201.0","51.62","240.31","190.25","50.06","12.31","10.75","1.56","101.71","66.88","34.83","91.46","59.15","32.31","10.25","7.73","2.52","1800.57","354.33","2154.9"
"135","1991","3","Gujarat","Rajkot","2514.12","1291.96","1222.16","1330.16","679.59","650.57","1183.97","612.37","571.59","4.7","2.48","2.22","1.03","0.57","0.46","3.67","1.91","1.76","183.82","95.45","88.37","112.34","58.14","54.2","71.48","37.31","34.17","1419.68","833.85","585.83","652.46","397.21","255.24","767.22","436.64","330.59","288.4","206.8","81.6","271.8","193.2","78.6","16.6","13.6","3.0","124.4","78.8","45.6","110.4","67.6","42.7","14.0","11.2","2.8","2092.17","412.8","2504.97"
"135","2001","3","Gujarat","Rajkot","3157.68","1635.74","1521.94","1562.38","802.02","760.36","1595.29","833.72","761.57","13.16","7.03","6.13","4.26","2.31","1.95","8.9","4.72","4.18","244.36","126.68","117.68","140.5","72.77","67.73","103.86","53.92","49.95","1704.42","967.01","737.41","675.97","395.32","280.65","1028.45","571.69","456.76","295.29","176.18","119.11","282.15","165.69","116.46","13.14","10.49","2.65","145.57","73.38","72.19","135.01","66.3","68.71","10.56","7.08","3.48","2585.18","440.86","3026.04"
"135","2011","3","Gujarat","Rajkot","3804.56","1974.45","1830.11","1590.51","816.26","774.24","2214.05","1158.18","1055.87","24.02","12.5","11.51","8.41","4.39","4.02","15.61","8.12","7.5","290.17","149.78","140.39","147.98","76.24","71.74","142.19","73.54","68.65","2725.06","1514.08","1210.98","1043.94","592.76","451.18","1681.12","921.32","759.8","349.36","243.77","105.59","330.44","227.56","102.88","18.92","16.21","2.71","214.29","124.48","89.81","192.51","108.99","83.52","21.78","15.48","6.29","2325.51","563.65","2889.16"
"136","1961","3","Gujarat","Sabarkantha","918.59","470.22","448.36","857.38","437.41","419.97","61.21","32.81","28.4","128.09","64.38","63.71","127.62","64.02","63.6","0.47","0.36","0.11","78.49","40.05","38.44","75.95","38.67","37.28","2.54","1.37","1.16","220.72","170.23","50.5","191.33","150.1","41.23","29.4","20.12","9.27","310.35","173.85","136.51","309.07","172.78","136.28","1.29","1.06","0.23","28.64","18.7","9.94","28.24","18.39","9.85","0.4","0.3","0.1","500.03","338.99","839.02"
"136","1971","3","Gujarat","Sabarkantha","1186.78","604.03","582.75","1083.72","549.77","533.95","103.06","54.26","48.8","178.8","89.74","89.07","177.11","88.7","88.41","1.69","1.04","0.66","102.16","51.64","50.52","97.07","49.01","48.07","5.09","2.63","2.46","367.0","266.14","100.86","310.7","229.48","81.22","56.3","36.67","19.64","207.39","191.67","15.72","204.95","189.45","15.5","2.44","2.22","0.21","59.09","42.26","16.83","57.55","41.15","16.4","1.54","1.11","0.43","907.19","266.48","1173.67"
"136","1981","3","Gujarat","Sabarkantha","1502.28","760.38","741.9","1353.57","683.13","670.44","148.71","77.25","71.46","251.13","125.3","125.83","247.18","122.77","124.41","3.95","2.53","1.42","128.54","65.12","63.42","118.47","59.84","58.63","10.07","5.28","4.79","597.84","408.35","189.49","509.65","354.38","155.28","88.19","53.97","34.22","238.79","219.12","19.67","236.02","216.73","19.29","2.77","2.39","0.37","99.42","62.76","36.66","97.1","60.99","36.12","2.32","1.78","0.54","1222.69","338.21","1560.9"
"136","1991","3","Gujarat","Sabarkantha","1761.09","896.01","865.08","1575.92","800.33","775.58","185.17","95.68","89.49","324.2","161.96","162.25","318.64","158.81","159.84","5.56","3.15","2.41","152.38","77.83","74.55","138.56","70.66","67.9","13.82","7.17","6.66","871.49","558.02","313.47","749.9","487.19","262.71","121.59","70.84","50.76","296.6","251.2","45.4","293.9","248.7","45.2","2.7","2.5","0.2","137.9","73.0","64.9","134.3","70.7","63.6","3.6","2.3","1.3","1316.68","434.5","1751.18"
"136","2001","3","Gujarat","Sabarkantha","2083.42","1069.6","1013.81","1856.55","951.39","905.15","226.87","118.21","108.66","420.24","210.86","209.38","410.61","205.67","204.94","9.63","5.19","4.44","173.33","89.11","84.21","157.01","80.69","76.32","16.32","8.43","7.89","1192.95","733.87","459.08","1028.95","640.83","388.12","163.99","93.03","70.96","338.57","267.19","71.38","336.42","265.21","71.22","2.15","1.98","0.17","253.94","108.0","145.94","250.66","105.86","144.8","3.28","2.14","1.14","1478.21","592.5","2070.71"
"136","2011","3","Gujarat","Sabarkantha","2428.59","1244.23","1184.36","2064.87","1056.14","1008.73","363.72","188.09","175.63","542.16","272.53","269.63","520.2","261.13","259.07","21.95","11.4","10.55","187.69","96.53","91.16","159.21","81.87","77.34","28.47","14.65","13.82","1578.73","918.63","660.11","1307.99","768.51","539.48","270.75","150.12","120.63","366.71","301.7","65.02","359.73","295.91","63.82","6.99","5.79","1.2","333.87","163.71","170.16","324.49","158.07","166.42","9.38","5.64","3.74","1343.71","700.58","2044.29"
"137","1961","3","Gujarat","Surat","1313.82","667.62","646.21","953.28","480.27","473.01","360.54","187.35","173.2","1224.96","617.11","607.85","1146.07","575.84","570.22","78.89","41.27","37.62","84.38","38.45","45.92","60.83","26.68","34.15","23.54","11.78","11.77","842.23","546.26","295.97","548.44","365.97","182.47","293.79","180.29","113.5","220.15","132.13","88.01","217.73","130.32","87.41","2.41","1.81","0.6","178.24","84.07","94.18","174.6","82.35","92.25","3.65","1.72","1.93","738.45","398.39","1136.84"
"137","1971","3","Gujarat","Surat","1782.48","915.25","867.23","1179.69","595.0","584.69","602.79","320.25","282.54","827.68","418.68","409.01","768.36","387.16","381.2","59.32","31.52","27.8","63.56","31.48","32.08","36.65","17.67","18.98","26.91","13.81","13.1","698.71","438.65","260.06","361.17","233.14","128.03","337.54","205.51","132.03","181.43","146.61","34.82","178.63","144.06","34.58","2.79","2.55","0.25","217.83","115.76","102.07","207.56","110.2","97.36","10.27","5.56","4.71","1357.34","399.26","1756.6"
"137","1981","3","Gujarat","Surat","2493.21","1295.71","1197.5","1427.17","719.93","707.24","1066.04","575.78","490.26","1038.2","522.91","515.29","946.35","474.86","471.49","91.85","48.05","43.8","91.64","46.11","45.53","41.38","20.22","21.16","50.26","25.89","24.37","1165.09","712.57","452.52","531.73","328.27","203.46","633.36","384.3","249.07","232.48","170.31","62.17","228.45","166.72","61.73","4.03","3.58","0.44","279.82","146.78","133.04","265.83","138.71","127.12","13.99","8.07","5.92","2068.07","512.3","2580.37"
"137","1991","3","Gujarat","Surat","3397.9","1787.89","1610.01","1679.78","858.61","821.17","1718.12","929.28","788.84","1225.08","617.05","608.03","1104.71","555.4","549.31","120.37","61.65","58.72","124.46","63.67","60.79","47.18","23.78","23.4","77.29","39.9","37.39","1831.28","1091.65","739.63","743.3","447.14","296.15","1087.98","644.5","443.48","262.3","190.5","71.8","256.3","185.2","71.1","5.9","5.3","0.7","316.3","169.8","146.6","299.5","160.0","139.5","16.9","9.8","7.1","2795.83","578.6","3374.43"
"137","2001","3","Gujarat","Surat","4996.39","2722.68","2273.72","2000.74","1026.75","973.99","2995.65","1695.93","1299.73","1408.27","1006.43","1002.95","1265.51","633.74","631.77","142.76","74.28","68.48","169.33","87.03","82.29","64.08","32.4","31.69","105.25","54.63","50.61","3246.44","1937.04","1309.4","1089.95","632.0","457.95","2156.49","1305.04","851.45","262.18","173.1","89.08","256.31","167.71","88.6","5.87","5.4","0.47","477.21","224.67","252.54","462.0","216.22","245.78","15.21","8.45","6.76","4211.54","739.39","4950.93"
"137","2011","3","Gujarat","Surat","6888.34","3804.41","3083.93","1959.65","1001.61","958.04","4928.7","2802.8","2125.9","1536.27","768.05","768.22","1340.64","667.6","673.04","195.63","100.45","95.19","166.29","86.34","79.94","43.94","22.24","21.69","122.35","64.1","58.25","5061.45","2956.48","2104.97","1270.82","706.75","564.07","3790.63","2249.72","1540.9","215.28","163.21","52.07","204.32","153.72","50.6","10.96","9.48","1.48","580.53","292.75","287.78","554.1","276.44","277.67","26.43","16.31","10.12","3883.9","795.81","4679.71"
"138","1961","3","Gujarat","Surendranagar","663.21","341.3","321.91","477.56","246.27","231.3","185.64","95.04","90.61","3.15","1.62","1.53","2.92","1.51","1.41","0.23","0.11","0.12","66.44","33.65","32.79","54.02","27.33","26.69","12.43","6.32","6.1","162.63","115.45","47.18","80.71","63.86","16.85","81.92","51.59","30.33","122.98","83.96","39.02","115.73","78.87","36.86","7.26","5.09","2.16","31.51","18.31","13.2","30.11","17.53","12.58","1.4","0.78","0.62","412.84","154.49","567.33"
"138","1971","3","Gujarat","Surendranagar","845.86","435.43","410.43","617.62","317.69","299.93","228.24","117.74","110.5","4.81","2.44","2.37","4.77","2.43","2.33","0.04","0.01","0.04","87.86","44.76","43.1","69.85","35.43","34.43","18.01","9.33","8.67","250.22","173.31","76.92","132.43","99.29","33.14","117.8","74.02","43.78","103.99","96.29","7.7","98.97","91.59","7.38","5.02","4.7","0.32","69.01","45.08","23.93","65.69","42.77","22.92","3.32","2.31","1.01","662.26","173.0","835.26"
"138","1981","3","Gujarat","Surendranagar","1034.19","534.75","499.44","737.2","380.28","356.92","296.99","154.47","142.52","5.96","3.02","2.94","5.48","2.77","2.72","0.48","0.26","0.22","112.44","58.08","54.35","85.54","43.93","41.62","26.89","14.15","12.74","387.54","259.92","127.62","220.23","157.76","62.47","167.31","102.17","65.15","119.31","106.77","12.54","114.1","101.95","12.15","5.22","4.82","0.39","86.61","54.0","32.61","81.07","50.83","30.24","5.54","3.17","2.37","850.59","205.92","1056.51"
"138","1991","3","Gujarat","Surendranagar","1208.87","629.17","579.7","846.15","440.25","405.9","362.72","188.92","173.81","9.48","4.99","4.5","8.56","4.48","4.08","0.92","0.51","0.42","136.54","71.42","65.12","98.48","51.48","47.0","38.06","19.94","18.13","547.36","352.18","195.18","327.37","221.68","105.68","220.0","130.5","89.5","136.5","110.2","26.3","130.8","105.2","25.7","5.7","5.0","0.6","117.7","71.4","46.3","109.7","65.9","43.8","8.0","5.5","2.5","939.48","254.2","1193.68"
"138","2001","3","Gujarat","Surendranagar","1515.15","787.79","727.36","1112.47","576.68","535.8","402.68","211.11","191.57","14.34","7.45","6.89","13.32","6.92","6.4","1.01","0.53","0.48","166.21","86.51","79.7","123.52","64.25","59.26","42.7","22.26","20.44","794.03","494.68","299.36","521.8","336.9","184.9","272.23","157.78","114.46","193.04","130.0","63.04","188.73","126.64","62.08","4.31","3.36","0.96","209.39","97.82","111.57","203.42","94.32","109.1","5.97","3.5","2.47","1099.99","402.43","1502.42"
"138","2011","3","Gujarat","Surendranagar","1756.27","909.92","846.35","1259.35","649.48","609.88","496.92","260.44","236.47","21.45","11.07","10.39","19.31","9.92","9.4","2.14","1.15","0.99","179.46","93.43","86.03","128.02","66.54","61.48","51.44","26.89","24.55","1093.63","643.22","450.41","730.7","437.66","293.05","362.92","205.56","157.36","185.24","142.74","42.5","180.05","138.36","41.69","5.19","4.38","0.81","270.86","143.5","127.36","261.75","137.49","124.27","9.11","6.01","3.09","1032.77","456.1","1488.87"
"139","1961","10","Rajasthan","Ajmer","976.55","510.45","466.1","610.94","315.86","295.08","365.61","194.59","171.02","15.51","8.04","7.47","14.64","7.55","7.09","0.87","0.49","0.39","175.03","90.24","84.79","113.86","58.69","55.17","61.17","31.54","29.63","247.1","183.69","63.41","83.63","71.63","12.01","163.46","112.07","51.4","255.29","135.46","119.83","250.52","132.68","117.84","4.78","2.79","1.99","18.44","8.2","10.24","17.43","7.63","9.8","1.01","0.58","0.44","533.26","273.73","806.99"
"139","1971","10","Rajasthan","Ajmer","1145.93","599.16","546.77","714.91","369.54","345.37","431.02","229.62","201.4","15.33","8.0","7.0","14.33","7.37","6.96","1.0","0.58","0.42","198.0","103.0","95.0","121.19","63.04","58.15","77.09","40.1","36.99","345.97","246.56","99.41","112.71","95.48","17.23","233.27","151.09","82.18","202.64","147.56","55.08","198.91","144.61","54.3","3.73","2.95","0.77","33.62","18.14","15.48","31.6","16.66","14.94","2.02","1.48","0.54","748.84","236.26","985.1"
"139","1981","10","Rajasthan","Ajmer","1440.37","749.36","691.0","823.96","422.9","401.06","616.41","326.46","289.95","32.18","16.83","15.36","26.47","13.66","12.81","5.71","3.16","2.55","264.8","137.05","127.75","145.38","74.94","70.45","119.42","62.11","57.31","508.48","357.04","151.44","158.0","134.39","23.61","350.48","222.65","127.83","242.2","160.8","81.4","230.44","151.44","79.0","11.77","9.36","2.41","36.95","18.94","18.02","34.25","17.23","17.02","2.7","1.71","1.0","881.73","279.15","1160.88"
"139","1991","10","Rajasthan","Ajmer","1729.21","901.36","827.85","1025.63","530.09","495.54","703.58","371.27","332.31","39.76","20.97","18.79","31.38","16.38","15.0","8.39","4.59","3.79","319.93","166.28","153.66","174.95","90.49","84.46","144.98","75.78","69.2","737.97","504.93","233.04","288.78","233.14","55.64","449.19","271.79","177.4","279.2","174.2","105.0","271.0","168.6","102.4","8.2","5.6","2.7","63.6","31.1","32.5","60.0","28.6","31.4","3.6","2.5","1.1","1044.04","342.8","1386.84"
"139","2001","10","Rajasthan","Ajmer","2180.53","1128.76","1051.76","1306.4","669.18","637.22","874.13","459.58","414.55","52.63","27.0","25.0","40.4","-1.0","-1.0","12.24","-1.0","-1.0","386.3","199.0","188.0","210.75","-1.0","-1.0","175.54","-1.0","-1.0","1181.35","750.9","430.45","560.67","391.66","169.01","620.68","359.24","261.44","324.3","167.66","156.64","318.79","164.39","154.4","5.52","3.28","2.24","86.37","29.37","57.0","84.48","28.45","56.03","1.89","0.92","0.97","1324.86","410.67","1735.53"
"139","2011","10","Rajasthan","Ajmer","2583.05","1324.09","1258.97","1547.64","789.4","758.25","1035.41","534.69","500.72","63.48","32.41","31.07","48.56","24.63","23.93","14.92","7.78","7.14","478.03","243.75","234.28","256.65","130.76","125.88","221.38","112.99","108.4","1526.67","926.27","600.41","765.02","501.77","263.25","761.65","424.5","337.15","298.86","159.06","139.8","292.55","155.22","137.33","6.31","3.84","2.47","145.52","57.12","88.41","140.37","54.0","86.37","5.16","3.12","2.04","1529.33","444.38","1973.71"
"140","1961","10","Rajasthan","Alwar","1090.03","576.23","513.79","1002.13","528.91","473.22","87.89","47.32","40.57","88.45","46.74","41.71","85.39","45.08","40.31","3.07","1.66","1.41","194.03","100.35","93.68","182.27","94.14","88.13","11.76","6.21","5.55","166.24","141.23","25.02","132.28","116.55","15.73","33.96","24.67","9.29","379.33","236.54","142.79","376.88","235.06","141.82","2.45","1.48","0.97","16.72","9.3","7.43","16.55","9.2","7.34","0.18","0.09","0.08","601.84","396.06","997.9"
"140","1971","10","Rajasthan","Alwar","1382.49","730.82","651.67","1255.19","661.42","593.77","127.29","69.4","57.9","111.11","59.0","52.0","108.32","57.66","50.65","2.79","1.6","1.18","240.0","126.0","114.0","223.91","117.22","106.69","16.8","8.96","7.84","259.0","210.99","48.0","198.26","169.35","28.91","60.74","41.65","19.09","266.83","248.24","18.59","264.54","246.2","18.34","2.29","2.04","0.26","32.77","26.4","6.37","31.85","25.62","6.23","0.91","0.78","0.14","1001.86","299.6","1301.46"
"140","1981","10","Rajasthan","Alwar","1771.17","935.9","835.28","1574.97","828.92","746.05","196.2","106.98","89.22","143.86","76.5","67.36","139.71","74.12","65.59","4.15","2.38","1.77","312.39","164.3","148.09","283.82","148.97","134.84","28.57","15.32","13.25","469.87","374.83","95.04","360.14","302.03","58.11","109.73","72.8","36.94","316.45","291.25","25.2","312.35","287.71","24.65","4.09","3.54","0.55","25.02","21.09","3.94","24.38","20.58","3.8","0.64","0.5","0.14","1130.25","341.47","1471.72"
"140","1991","10","Rajasthan","Alwar","2296.58","1221.53","1075.05","1976.29","1046.6","929.69","320.29","174.93","145.35","185.05","98.84","86.21","177.38","94.5","82.88","7.67","4.34","3.33","408.31","216.38","191.93","362.27","191.81","170.47","46.04","24.57","21.47","778.82","589.12","189.69","586.65","465.77","120.88","192.16","123.35","68.81","445.6","340.1","105.5","438.8","334.5","104.3","6.8","5.6","1.2","52.7","40.0","12.7","50.4","38.1","12.2","2.3","1.9","0.5","1369.46","498.3","1867.76"
"140","2001","10","Rajasthan","Alwar","2990.86","1585.05","1405.82","2556.37","1348.6","1207.77","434.49","236.45","198.05","239.91","128.0","112.0","228.85","-1.0","-1.0","11.05","-1.0","-1.0","539.04","284.0","255.0","470.43","-1.0","-1.0","68.61","-1.0","-1.0","1513.2","1013.01","500.19","1206.72","827.5","379.22","306.48","185.51","120.97","907.71","471.38","436.33","897.27","465.45","431.82","10.44","5.93","4.51","127.85","50.79","77.05","125.8","49.95","75.85","2.05","0.84","1.21","1533.91","1035.55","2569.46"
"140","2011","10","Rajasthan","Alwar","3674.18","1939.03","1735.15","3019.73","1589.51","1430.22","654.45","349.52","304.93","289.25","153.4","135.85","266.88","141.51","125.38","22.37","11.89","10.48","653.04","342.94","310.1","540.41","283.68","256.73","112.62","59.26","53.37","2182.48","1359.83","822.65","1708.0","1083.73","624.27","474.48","276.1","198.38","898.89","464.72","434.17","884.05","456.27","427.78","14.84","8.44","6.39","216.77","91.4","125.37","209.06","87.63","121.43","7.72","3.78","3.94","1965.64","1115.66","3081.3"
"141","1961","10","Rajasthan","Banswara","475.25","241.1","234.14","450.42","228.29","222.13","24.83","12.81","12.02","297.6","150.95","146.66","296.04","150.04","146.01","1.56","0.91","0.65","21.7","10.98","10.72","20.06","10.16","9.9","1.64","0.82","0.82","41.78","33.81","7.97","30.6","26.4","4.19","11.18","7.41","3.78","215.27","122.48","92.8","214.82","122.19","92.64","0.45","0.29","0.16","5.53","2.19","3.34","5.49","2.18","3.31","0.04","0.01","0.02","233.13","220.8","453.93"
"141","1971","10","Rajasthan","Banswara","654.92","331.14","323.78","621.73","314.01","307.72","33.19","17.13","16.06","477.37","241.0","236.0","474.86","239.77","235.1","2.51","1.41","1.1","24.0","12.0","12.0","23.0","11.55","11.45","1.78","0.86","0.92","80.07","63.59","16.49","62.64","52.74","9.9","17.44","10.85","6.59","149.38","142.4","6.98","148.79","141.86","6.93","0.59","0.53","0.06","13.73","8.23","5.5","13.6","8.14","5.46","0.12","0.09","0.04","471.12","163.11","634.23"
"141","1981","10","Rajasthan","Banswara","886.6","446.84","439.76","831.41","417.47","413.95","55.19","29.37","25.82","643.97","322.59","321.38","637.91","319.16","318.76","6.05","3.43","2.62","41.81","21.07","20.74","38.34","19.29","19.06","3.47","1.78","1.69","149.4","116.4","33.0","116.68","96.13","20.55","32.72","20.27","12.45","186.72","171.97","14.75","185.98","171.28","14.7","0.74","0.7","0.05","15.95","7.47","8.48","15.76","7.35","8.42","0.19","0.13","0.06","512.66","202.67","715.33"
"141","1991","10","Rajasthan","Banswara","1155.6","586.86","568.75","1066.41","540.34","526.07","89.19","46.51","42.68","849.05","429.06","419.99","840.63","424.59","416.04","8.42","4.47","3.95","57.81","29.35","28.47","51.12","25.93","25.19","6.69","3.41","3.28","237.04","176.87","60.17","179.77","143.14","36.62","57.27","33.73","23.55","283.9","232.3","51.6","282.6","231.2","51.3","1.3","1.0","0.2","35.2","14.6","20.5","34.8","14.4","20.4","0.4","0.3","0.1","619.48","319.1","938.58"
"141","2001","10","Rajasthan","Banswara","1500.42","758.38","742.04","1393.1","702.78","690.32","107.32","55.6","51.72","1085.27","547.0","538.0","1073.93","-1.0","-1.0","11.34","-1.0","-1.0","64.34","33.0","32.0","56.69","-1.0","-1.0","7.64","-1.0","-1.0","525.38","361.49","163.89","446.66","317.47","129.18","78.72","44.02","34.71","535.39","282.23","253.16","534.36","281.56","252.79","1.03","0.67","0.36","74.85","22.25","52.6","74.55","22.07","52.48","0.3","0.18","0.12","792.18","610.24","1402.42"
"141","2011","10","Rajasthan","Banswara","2083.88","1052.2","1031.66","1932.55","975.16","957.41","151.32","77.06","74.26","1554.64","781.8","772.84","1538.2","773.56","764.63","16.44","8.23","8.21","100.03","50.79","49.24","87.43","44.38","43.04","12.6","6.41","6.21","961.84","596.39","365.45","848.79","535.15","313.66","113.05","61.25","51.79","647.69","363.1","284.59","645.28","361.48","283.8","2.41","1.62","0.8","231.32","72.73","158.58","228.91","71.54","157.37","2.41","1.2","1.21","1008.47","879.01","1887.48"
"142","1961","10","Rajasthan","Barmer","649.79","347.81","301.98","610.08","326.55","283.53","39.71","21.26","18.45","34.88","18.7","16.18","34.45","18.47","15.98","0.44","0.23","0.2","90.22","47.6","42.61","84.59","44.63","39.96","5.62","2.97","2.65","48.48","43.57","4.91","35.57","32.82","2.75","12.91","10.75","2.16","298.0","184.87","113.12","296.14","183.77","112.37","1.86","1.1","0.76","5.74","3.42","2.32","5.69","3.38","2.31","0.05","0.04","0.01","312.91","303.74","616.65"
"142","1971","10","Rajasthan","Barmer","776.34","411.12","365.22","720.11","380.18","339.93","56.23","30.94","25.29","44.51","24.0","21.0","43.78","23.2","20.59","0.73","0.43","0.3","111.0","58.0","53.0","103.73","54.31","49.42","7.7","4.03","3.67","77.78","67.93","9.85","56.33","51.22","5.11","21.45","16.71","4.74","214.87","187.65","27.22","213.51","186.35","27.15","1.36","1.3","0.06","17.57","12.79","4.79","17.02","12.27","4.75","0.56","0.52","0.04","510.94","232.44","743.38"
"142","1981","10","Rajasthan","Barmer","1118.89","587.65","531.24","1020.66","533.98","486.69","98.23","53.67","44.56","57.04","29.95","27.09","54.56","28.59","25.96","2.48","1.36","1.12","174.91","91.43","83.48","160.36","83.57","76.79","14.55","7.86","6.69","137.47","117.77","19.7","95.25","86.62","8.63","42.21","31.15","11.06","279.04","242.22","36.83","276.28","239.53","36.74","2.77","2.68","0.09","10.08","7.92","2.16","9.33","7.21","2.12","0.75","0.72","0.04","655.88","289.12","945.0"
"142","1991","10","Rajasthan","Barmer","1435.22","759.08","676.15","1291.06","681.0","610.06","144.17","78.08","66.09","84.23","44.63","39.61","80.5","42.58","37.93","3.73","2.05","1.68","225.32","119.25","106.08","203.72","107.74","95.99","21.6","11.51","10.09","263.07","221.7","41.36","193.13","172.76","20.37","69.94","48.95","20.99","381.5","292.1","89.5","377.6","288.6","89.0","3.9","3.5","0.4","17.6","12.9","4.7","16.4","11.9","4.5","1.2","1.1","0.2","798.08","399.1","1197.18"
"142","2001","10","Rajasthan","Barmer","1963.76","1035.81","927.95","1818.52","957.63","860.89","145.24","78.18","67.06","118.69","63.0","56.0","115.86","-1.0","-1.0","2.83","-1.0","-1.0","309.0","163.0","146.0","288.83","-1.0","-1.0","20.17","-1.0","-1.0","913.79","597.33","316.47","819.87","537.84","282.04","93.92","59.49","34.43","675.06","351.99","323.07","674.07","351.3","322.77","0.99","0.69","0.3","41.71","19.47","22.24","41.43","19.24","22.19","0.28","0.23","0.05","1045.11","716.77","1761.88"
"142","2011","10","Rajasthan","Barmer","2603.75","1369.02","1234.73","2421.91","1273.25","1148.67","181.84","95.77","86.06","176.26","92.61","83.65","172.19","90.49","81.7","4.07","2.12","1.95","436.41","228.43","207.98","408.57","214.01","194.56","27.85","14.42","13.43","1188.32","783.46","404.86","1066.67","710.88","355.79","121.66","72.59","49.07","754.26","400.0","354.26","753.51","399.47","354.04","0.75","0.53","0.22","132.7","62.51","70.18","131.95","61.9","70.05","0.75","0.62","0.13","1401.27","886.96","2288.23"
"143","1961","10","Rajasthan","Bharatpur","1149.88","624.09","525.79","992.92","538.15","454.77","156.97","85.94","71.03","32.63","17.36","15.26","32.11","17.07","15.03","0.52","0.29","0.23","245.67","130.38","115.29","215.19","114.22","100.98","30.48","16.17","14.31","174.92","151.75","23.17","125.13","113.84","11.29","49.79","37.91","11.88","387.99","283.62","104.38","377.59","275.26","102.33","10.4","8.35","2.05","19.16","11.99","7.17","18.65","11.67","6.98","0.51","0.32","0.19","666.29","407.15","1073.44"
"143","1971","10","Rajasthan","Bharatpur","1489.42","809.49","679.93","1284.82","698.15","586.68","204.59","111.34","93.25","44.04","24.0","20.0","42.95","23.15","19.8","1.09","0.63","0.46","312.0","168.0","144.0","271.7","146.1","125.6","39.61","21.4","18.21","281.41","236.58","44.84","202.63","181.22","21.41","78.79","55.36","23.43","310.14","302.12","8.02","300.19","292.5","7.69","9.96","9.63","0.33","38.84","33.18","5.66","36.76","31.36","5.4","2.07","1.82","0.26","1060.03","348.98","1409.01"
"143","1981","10","Rajasthan","Bharatpur","1884.13","1028.75","855.38","1562.43","854.56","707.88","321.7","174.19","147.51","56.72","30.79","25.93","54.56","29.56","25.0","2.16","1.23","0.93","401.23","219.28","181.95","334.42","183.04","151.38","66.81","36.24","30.57","490.78","404.59","86.19","347.43","306.64","40.79","143.36","97.95","45.41","352.44","340.38","12.06","338.22","326.9","11.32","14.22","13.48","0.74","30.96","26.92","4.04","28.6","24.82","3.78","2.36","2.1","0.26","1270.1","383.4","1653.5"
"143","1991","10","Rajasthan","Bharatpur","2401.06","1319.01","1082.05","1951.43","1076.26","875.17","449.63","242.75","206.88","72.64","39.82","32.83","68.98","37.72","31.27","3.67","2.11","1.56","508.51","280.77","227.74","412.98","229.06","183.92","95.53","51.71","43.82","760.97","607.9","153.07","540.85","462.38","78.48","220.13","145.52","74.6","418.6","392.3","26.3","400.6","375.4","25.0","18.1","16.8","1.2","57.2","46.7","10.4","51.5","41.7","9.7","5.8","5.1","0.7","1605.0","475.8","2080.8"
"143","2001","10","Rajasthan","Bharatpur","3081.14","1667.74","1413.4","2496.17","1353.96","1142.21","584.97","313.79","271.19","94.69","51.0","44.0","89.16","-1.0","-1.0","5.52","-1.0","-1.0","653.79","355.0","299.0","527.32","-1.0","-1.0","126.47","-1.0","-1.0","1544.89","1057.66","487.24","1190.69","837.71","352.99","354.2","219.95","134.25","733.49","462.63","270.86","712.5","446.82","265.68","21.0","15.81","5.18","142.98","60.91","82.07","135.33","56.76","78.57","7.64","4.14","3.5","1802.17","876.47","2678.64"
"143","2011","10","Rajasthan","Bharatpur","3754.98","2009.38","1745.61","3012.43","1614.29","1398.15","742.55","395.09","347.46","112.68","60.51","52.18","104.39","56.2","48.19","8.29","4.3","3.98","803.01","428.17","374.83","638.15","340.68","297.47","164.85","87.48","77.36","2163.97","1379.63","784.34","1674.11","1089.65","584.46","489.86","289.98","199.88","730.93","461.65","269.27","710.73","446.09","264.65","20.2","15.58","4.63","313.23","143.9","169.35","295.67","133.54","162.13","17.57","10.36","7.2","2160.61","1044.16","3204.77"
"144","1961","10","Rajasthan","Bhilwara","865.8","454.25","411.54","802.36","420.3","382.07","63.43","33.96","29.48","81.23","43.07","38.16","80.23","42.53","37.7","1.0","0.54","0.46","140.16","73.19","66.97","130.48","68.2","62.28","9.68","5.0","4.68","97.0","82.37","14.62","74.59","65.38","9.2","22.41","16.99","5.42","406.82","224.37","182.45","401.76","221.51","180.26","5.06","2.86","2.19","10.24","5.18","5.06","9.92","4.95","4.96","0.33","0.23","0.1","362.26","417.06","779.32"
"144","1971","10","Rajasthan","Bhilwara","1054.16","551.55","502.61","937.9","489.37","448.53","116.26","62.18","54.08","98.79","52.0","46.0","95.24","50.46","44.77","3.55","1.9","1.65","167.0","87.0","80.0","151.21","78.69","72.52","15.82","8.31","7.51","157.21","126.55","30.66","109.5","92.83","16.68","47.71","33.73","13.98","297.14","239.12","58.02","288.92","232.67","56.25","8.22","6.45","1.77","27.46","16.15","11.31","26.33","15.34","10.99","1.14","0.81","0.33","640.57","324.6","965.17"
"144","1981","10","Rajasthan","Bhilwara","1310.38","674.92","635.46","1121.82","575.95","545.87","188.56","98.98","89.59","121.66","63.34","58.33","115.11","59.87","55.24","6.55","3.46","3.09","222.84","114.48","108.36","193.98","99.65","94.34","28.86","14.83","14.02","259.33","202.3","57.03","174.28","144.34","29.94","85.04","57.96","27.09","345.35","253.0","92.35","333.44","243.68","89.76","11.91","9.32","2.59","29.49","16.91","12.59","27.7","15.71","12.0","1.79","1.2","0.59","722.52","374.84","1097.36"
"144","1991","10","Rajasthan","Bhilwara","1593.13","819.16","773.97","1281.98","655.16","626.83","311.14","164.0","147.14","143.75","74.99","68.76","132.73","69.16","63.58","11.02","5.84","5.18","272.71","140.73","131.98","225.03","115.98","109.05","47.69","24.76","22.93","411.62","307.51","104.11","254.26","205.15","49.12","157.35","102.36","54.99","424.6","278.3","146.3","406.9","266.0","140.9","17.7","12.3","5.4","51.9","26.8","25.0","47.7","24.3","23.3","4.2","2.5","1.7","848.73","476.5","1325.23"
"144","2001","10","Rajasthan","Bhilwara","2009.52","1023.09","986.43","1594.79","804.74","790.06","414.73","218.35","196.38","180.56","93.0","87.0","166.78","-1.0","-1.0","13.78","-1.0","-1.0","316.54","161.0","156.0","263.21","-1.0","-1.0","53.33","-1.0","-1.0","845.0","572.81","272.19","581.08","412.24","168.84","263.92","160.56","103.36","532.45","267.19","265.27","517.73","259.67","258.06","14.72","7.51","7.21","69.31","23.56","45.75","65.58","22.16","43.42","3.74","1.4","2.34","1073.94","601.76","1675.7"
"144","2011","10","Rajasthan","Bhilwara","2408.52","1220.74","1187.79","1895.87","955.38","940.49","512.65","265.36","247.3","229.27","117.03","112.25","214.58","109.34","105.24","14.69","7.69","7.0","407.95","206.33","201.62","331.94","167.45","164.5","76.0","38.89","37.12","1256.13","777.58","478.54","896.94","572.9","324.04","359.19","204.69","154.5","555.17","289.26","265.91","544.78","283.3","261.48","10.39","5.96","4.43","163.05","61.36","101.7","156.6","58.33","98.27","6.45","3.03","3.43","1260.36","718.22","1978.58"
"145","1961","10","Rajasthan","Bikaner","444.52","232.7","211.82","256.49","134.54","121.95","188.03","98.16","89.87","1.03","0.54","0.5","0.04","0.03","0.01","0.99","0.51","0.48","65.98","33.92","32.06","51.93","26.66","25.27","14.06","7.27","6.79","103.07","76.64","26.43","29.69","25.43","4.26","73.38","51.21","22.17","98.31","57.96","40.34","96.69","57.29","39.4","1.62","0.67","0.95","0.96","0.65","0.31","0.85","0.63","0.22","0.12","0.03","0.09","269.11","99.27","368.38"
"145","1971","10","Rajasthan","Bikaner","572.24","299.89","272.35","334.98","175.24","159.74","237.26","124.64","112.61","0.42","1.0","-1.0","0.1","0.06","0.04","0.32","0.18","0.14","89.0","47.0","42.0","68.07","35.92","32.15","20.63","11.02","9.61","146.37","104.46","41.91","39.33","33.57","5.75","107.04","70.88","36.16","92.78","79.96","12.82","89.43","77.01","12.43","3.35","2.95","0.39","11.11","9.1","2.02","8.83","7.03","1.79","2.29","2.06","0.23","407.76","103.89","511.65"
"145","1981","10","Rajasthan","Bikaner","848.75","448.75","400.0","513.66","269.47","244.19","335.09","179.28","155.81","1.5","0.82","0.68","0.46","0.26","0.2","1.04","0.56","0.48","155.77","82.52","73.25","119.13","62.87","56.26","36.64","19.65","16.99","239.32","169.02","70.3","69.42","59.18","10.24","169.9","109.84","60.06","131.78","117.23","14.55","126.87","112.81","14.06","4.91","4.42","0.49","6.46","5.77","0.69","4.57","3.93","0.64","1.89","1.84","0.05","567.94","138.24","706.18"
"145","1991","10","Rajasthan","Bikaner","1211.14","642.55","568.59","730.0","385.35","344.65","481.14","257.2","223.94","3.2","1.88","1.31","1.38","0.79","0.58","1.82","1.09","0.73","225.8","119.74","106.06","168.31","88.98","79.32","57.49","30.76","26.73","403.93","281.62","122.3","137.18","113.49","23.69","266.75","168.13","98.61","194.3","157.7","36.6","186.1","150.6","35.5","8.2","7.1","1.1","20.0","16.3","3.6","15.5","12.3","3.1","4.5","4.0","0.5","777.07","214.3","991.37"
"145","2001","10","Rajasthan","Bikaner","1673.56","885.72","787.84","1079.06","569.08","509.98","594.5","316.64","277.86","5.95","3.0","3.0","1.91","-1.0","-1.0","4.04","-1.0","-1.0","334.24","176.0","158.0","264.65","-1.0","-1.0","69.59","-1.0","-1.0","779.09","508.82","270.27","391.73","276.93","114.8","387.36","231.89","155.47","369.85","210.99","158.86","365.56","207.45","158.11","4.29","3.54","0.75","36.66","21.54","15.13","35.13","20.22","14.91","1.53","1.32","0.22","1012.81","406.51","1419.32"
"145","2011","10","Rajasthan","Bikaner","2363.94","1240.8","1123.14","1563.55","821.43","742.12","800.38","419.37","381.02","7.78","4.21","3.57","3.78","2.02","1.77","4.0","2.19","1.81","493.65","259.53","234.11","397.78","209.55","188.23","95.87","49.98","45.88","1278.8","782.4","496.4","739.2","471.92","267.29","539.6","310.48","229.12","499.22","280.96","218.27","491.16","274.84","216.32","8.07","6.12","1.94","103.83","55.97","47.86","97.5","51.6","45.9","6.34","4.38","1.96","1377.73","603.05","1980.78"
"146","1961","10","Rajasthan","Bundi","338.01","178.19","159.82","286.27","150.91","135.36","51.74","27.29","24.45","59.97","31.6","28.38","59.36","31.25","28.11","0.61","0.35","0.27","61.84","32.19","29.64","52.87","27.61","25.26","8.97","4.58","4.39","40.05","33.79","6.26","22.9","20.84","2.07","17.15","12.95","4.2","107.82","67.26","40.56","106.08","66.02","40.06","1.74","1.24","0.51","10.69","6.74","3.95","10.36","6.51","3.84","0.33","0.23","0.1","179.61","118.51","298.12"
"146","1971","10","Rajasthan","Bundi","448.37","237.62","210.75","383.59","203.36","180.24","64.78","34.27","30.51","86.54","45.0","41.0","85.94","45.38","40.55","0.6","0.38","0.22","84.0","44.0","40.0","73.3","38.14","35.16","10.41","5.5","4.91","71.7","58.2","13.51","44.78","39.27","5.51","26.92","18.92","8.0","88.62","79.98","8.64","87.1","78.51","8.6","1.52","1.47","0.04","17.76","12.08","5.68","17.4","11.76","5.64","0.36","0.32","0.04","300.29","106.38","406.67"
"146","1981","10","Rajasthan","Bundi","586.98","311.02","275.96","487.15","258.24","228.91","99.83","52.78","47.05","118.03","62.72","55.31","114.76","60.82","53.94","3.27","1.9","1.37","110.98","58.73","52.25","93.9","49.78","44.12","17.08","8.96","8.13","118.22","93.61","24.61","73.11","62.52","10.58","45.12","31.09","14.03","118.37","99.47","18.9","115.34","96.62","18.73","3.02","2.85","0.17","19.68","13.03","6.65","18.69","12.21","6.48","0.99","0.82","0.17","365.11","138.05","503.16"
"146","1991","10","Rajasthan","Bundi","770.25","407.83","362.42","636.5","337.3","299.21","133.74","70.53","63.22","156.0","82.98","73.02","151.21","80.15","71.06","4.79","2.83","1.96","144.76","76.88","67.88","121.85","64.91","56.94","22.91","11.97","10.94","200.61","154.3","46.31","131.06","108.92","22.14","69.55","45.38","24.17","158.1","124.5","33.7","154.0","120.7","33.3","4.1","3.8","0.4","32.8","19.2","13.5","31.3","18.0","13.3","1.5","1.2","0.2","460.81","190.9","651.71"
"146","2001","10","Rajasthan","Bundi","961.27","503.83","457.44","782.34","409.92","372.42","178.93","93.91","85.03","194.85","103.0","92.0","186.64","-1.0","-1.0","8.21","-1.0","-1.0","174.35","91.0","83.0","143.04","-1.0","-1.0","31.3","-1.0","-1.0","440.49","298.62","141.86","328.79","230.55","98.25","111.69","68.07","43.62","265.6","148.69","116.91","260.89","145.08","115.81","4.71","3.6","1.1","63.88","23.93","39.95","60.66","22.67","37.99","3.22","1.26","1.96","505.68","329.48","835.16"
"146","2011","10","Rajasthan","Bundi","1110.91","577.16","533.75","888.21","461.73","426.47","222.7","115.43","107.28","228.55","119.45","109.1","217.01","113.32","103.69","11.54","6.14","5.41","210.79","109.33","101.46","168.32","87.31","81.0","42.47","22.02","20.45","585.04","371.71","213.34","433.52","283.57","149.95","151.53","88.13","63.39","250.45","146.32","104.13","245.55","142.34","103.21","4.9","3.98","0.92","111.39","46.14","65.25","106.84","43.85","62.99","4.55","2.3","2.25","584.82","361.84","946.66"
"147","1961","10","Rajasthan","Chittorgarh","710.13","367.01","343.12","642.44","331.38","311.07","67.69","35.64","32.05","129.65","66.74","62.9","128.33","65.94","62.39","1.31","0.8","0.51","101.96","52.54","49.41","94.66","48.84","45.82","7.3","3.7","3.6","89.7","76.64","13.06","62.95","56.68","6.27","26.75","19.96","6.79","329.05","176.31","152.75","324.32","173.72","150.6","4.74","2.59","2.15","17.0","7.68","9.32","16.38","7.42","8.97","0.62","0.26","0.35","297.72","346.05","643.77"
"147","1971","10","Rajasthan","Chittorgarh","944.3","489.4","454.9","846.01","437.16","408.85","98.29","52.24","46.05","184.95","95.0","90.0","183.17","94.31","88.86","1.78","1.11","0.66","129.0","67.0","62.0","118.53","61.25","57.29","10.38","5.38","5.0","165.33","135.8","29.53","121.03","104.52","16.5","44.31","31.28","13.02","272.37","212.97","59.39","268.07","209.25","58.82","4.3","3.72","0.57","28.51","15.9","12.61","26.89","14.87","12.02","1.62","1.04","0.58","579.67","300.88","880.55"
"147","1981","10","Rajasthan","Chittorgarh","1232.49","631.7","600.8","1070.07","545.73","524.34","162.42","85.97","76.45","223.86","114.73","109.13","219.51","112.23","107.28","4.36","2.51","1.85","178.38","91.23","87.15","157.37","80.36","77.01","21.01","10.87","10.14","270.42","214.24","56.18","185.97","157.48","28.49","84.45","56.76","27.69","325.68","240.41","85.27","319.99","235.82","84.17","5.69","4.59","1.11","32.9","18.69","14.21","31.1","17.68","13.42","1.81","1.02","0.79","640.94","358.58","999.52"
"147","1991","10","Rajasthan","Chittorgarh","1484.19","761.29","722.91","1252.56","639.31","613.26","231.63","121.98","109.65","300.97","154.18","146.79","293.95","150.36","143.58","7.03","3.82","3.21","217.1","111.35","105.75","185.6","95.04","90.56","31.5","16.31","15.19","416.96","315.37","101.59","284.71","231.77","52.94","132.25","83.61","48.65","431.0","281.0","150.1","423.3","275.4","147.9","7.7","5.5","2.2","59.7","27.9","31.8","56.8","26.1","30.7","3.0","1.9","1.1","756.45","490.7","1247.15"
"147","2001","10","Rajasthan","Chittorgarh","1802.66","917.02","885.63","1513.57","766.69","746.89","289.08","150.34","138.75","388.31","197.0","191.0","377.64","-1.0","-1.0","10.67","-1.0","-1.0","250.76","128.0","123.0","213.09","-1.0","-1.0","37.68","-1.0","-1.0","814.45","545.08","269.37","614.48","428.53","185.95","199.97","116.55","83.42","621.93","314.16","307.78","614.3","309.92","304.38","7.63","4.23","3.4","98.94","36.54","62.4","95.18","35.2","59.98","3.75","1.33","2.42","873.19","720.87","1594.06"
"147","2011","10","Rajasthan","Chittorgarh","1830.73","927.62","903.1","1521.76","768.81","752.97","308.96","158.83","150.14","383.19","193.21","189.97","372.74","187.71","185.03","10.44","5.5","4.94","270.16","136.9","133.27","229.05","115.84","113.2","41.12","21.06","20.07","954.33","597.39","356.93","729.84","471.33","258.52","224.49","126.06","98.42","554.32","286.42","267.91","546.39","282.03","264.36","7.94","4.39","3.55","155.42","59.72","95.69","149.41","57.13","92.28","6.0","2.61","3.41","869.14","709.74","1578.88"
"148","1961","10","Rajasthan","Churu","659.01","340.05","318.96","450.97","235.23","215.74","208.04","104.82","103.22","3.26","1.76","1.51","2.51","1.36","1.15","0.75","0.39","0.36","119.14","61.63","57.51","97.61","50.52","47.1","21.53","11.12","10.41","169.18","93.43","75.75","100.93","45.82","55.11","68.25","47.61","20.64","260.15","146.04","114.11","238.55","132.77","105.78","21.61","13.28","8.33","2.22","1.52","0.7","1.74","1.1","0.64","0.48","0.42","0.06","343.44","262.37","605.81"
"148","1971","10","Rajasthan","Churu","872.84","447.6","425.24","615.56","317.5","298.06","257.28","130.1","127.18","3.41","2.0","2.0","2.42","1.27","1.16","0.99","0.51","0.48","152.0","79.0","73.0","123.15","63.74","59.42","28.68","14.95","13.72","164.85","128.46","36.39","74.72","66.94","7.78","90.14","61.53","28.61","203.17","165.61","37.56","186.2","149.86","36.33","16.98","15.75","1.23","11.04","8.7","2.34","8.14","5.98","2.16","2.89","2.72","0.18","611.03","214.21","825.24"
"148","1981","10","Rajasthan","Churu","1179.47","603.76","575.71","834.81","426.84","407.96","344.66","176.92","167.74","5.62","2.95","2.67","3.95","2.05","1.9","1.67","0.9","0.77","230.53","118.95","111.59","189.65","97.85","91.8","40.88","21.1","19.78","257.78","201.31","56.47","122.09","108.29","13.8","135.69","93.02","42.67","254.59","204.5","50.09","236.79","188.49","48.31","17.8","16.01","1.78","11.0","9.36","1.64","6.97","5.53","1.44","4.04","3.83","0.2","767.08","265.59","1032.67"
"148","1991","10","Rajasthan","Churu","1543.21","796.74","746.48","1097.17","565.04","532.14","446.04","231.7","214.34","7.82","4.18","3.64","5.28","2.78","2.49","2.54","1.39","1.15","310.69","162.4","148.3","254.77","132.92","121.86","55.92","29.48","26.44","421.25","319.25","101.99","230.55","191.67","38.88","190.7","127.58","63.12","330.6","245.8","84.8","308.6","226.3","82.3","22.0","19.5","2.5","21.4","17.4","4.0","13.5","10.1","3.3","7.9","7.3","0.7","947.98","352.0","1299.98"
"148","2001","10","Rajasthan","Churu","1922.91","986.87","936.04","1387.21","710.12","677.09","535.7","276.75","258.95","10.06","5.0","5.0","6.2","-1.0","-1.0","3.86","-1.0","-1.0","407.21","212.0","195.0","337.73","-1.0","-1.0","69.47","-1.0","-1.0","1035.57","628.12","407.45","720.32","441.73","278.6","315.24","186.39","128.85","621.81","304.7","317.11","599.04","291.66","307.38","22.77","13.04","9.73","38.42","21.92","16.51","34.66","19.29","15.37","3.76","2.63","1.14","1069.98","660.24","1730.22"
"148","2011","10","Rajasthan","Churu","2039.55","1051.45","988.1","1463.31","755.03","708.28","576.24","296.42","279.82","11.25","5.9","5.34","7.64","4.0","3.64","3.6","1.9","1.7","451.72","235.11","216.61","376.55","195.94","180.62","75.17","39.18","35.99","1149.27","696.73","452.54","791.5","486.26","305.24","357.77","210.47","147.3","572.64","288.48","284.16","557.02","278.61","278.42","15.62","9.88","5.74","87.98","48.46","39.52","78.12","41.19","36.92","9.87","7.27","2.6","1136.72","660.62","1797.34"
"149","1961","10","Rajasthan","Dungarpur","406.94","204.34","202.6","385.53","193.25","192.29","21.41","11.1","10.31","244.78","123.68","121.1","242.62","122.44","120.18","2.16","1.25","0.91","18.68","9.5","9.18","17.25","8.81","8.45","1.43","0.7","0.73","42.47","35.36","7.11","33.45","28.96","4.5","9.02","6.41","2.62","191.49","103.21","88.28","190.95","102.87","88.08","0.54","0.34","0.2","4.24","2.18","2.06","4.1","2.16","1.93","0.15","0.02","0.13","191.9","195.73","387.63"
"149","1971","10","Rajasthan","Dungarpur","529.02","262.18","266.84","497.75","246.0","251.75","31.27","16.18","15.09","337.49","169.0","169.0","333.49","166.58","166.91","4.0","2.28","1.72","20.0","10.0","10.0","19.21","9.54","9.68","1.9","0.96","0.94","74.15","59.19","14.96","58.53","49.02","9.5","15.62","10.16","5.46","114.58","108.44","6.14","113.72","107.63","6.1","0.86","0.81","0.04","17.46","9.46","7.99","17.3","9.34","7.96","0.16","0.13","0.03","382.08","132.04","514.12"
"149","1981","10","Rajasthan","Dungarpur","682.85","333.95","348.89","638.72","310.72","328.0","44.13","23.23","20.9","440.03","215.68","224.35","432.88","211.42","221.45","7.15","4.25","2.9","30.83","15.11","15.72","27.27","13.32","13.95","3.56","1.79","1.77","126.44","98.64","27.8","101.45","82.82","18.63","24.99","15.82","9.17","133.34","122.63","10.71","132.31","121.66","10.65","1.03","0.97","0.06","14.99","6.46","8.53","14.89","6.39","8.5","0.1","0.07","0.03","379.48","148.33","527.81"
"149","1991","10","Rajasthan","Dungarpur","874.55","438.32","436.23","810.73","404.69","406.04","63.82","33.64","30.18","575.81","288.54","287.27","565.67","282.88","282.78","10.14","5.66","4.48","40.3","20.35","19.95","34.88","17.55","17.33","5.42","2.8","2.62","214.35","160.33","54.03","175.24","136.39","38.84","39.12","23.93","15.18","177.0","156.8","20.2","175.6","155.5","20.1","1.4","1.3","0.1","36.1","16.4","19.8","35.6","16.0","19.6","0.5","0.3","0.2","484.01","213.1","697.11"
"149","2001","10","Rajasthan","Dungarpur","1107.04","546.1","560.94","1026.89","504.67","522.22","80.14","41.43","38.72","721.49","356.0","366.0","703.88","-1.0","-1.0","17.61","-1.0","-1.0","45.99","23.0","23.0","39.57","-1.0","-1.0","6.42","-1.0","-1.0","423.74","283.85","139.9","369.35","252.4","116.95","54.39","31.45","22.94","317.49","164.11","153.38","315.07","162.7","152.38","2.42","1.42","1.0","87.62","22.55","65.07","86.3","22.23","64.07","1.32","0.32","1.01","576.27","405.11","981.38"
"149","2011","10","Rajasthan","Dungarpur","1388.55","696.53","692.02","1299.81","651.05","648.76","88.74","45.49","43.26","983.44","491.63","491.81","967.09","483.34","483.75","16.35","8.3","8.06","52.27","26.54","25.72","44.31","22.52","21.79","7.96","4.02","3.94","681.59","415.82","265.77","615.85","379.57","236.28","65.74","36.25","29.49","227.85","159.3","68.55","226.38","158.34","68.04","1.47","0.97","0.5","184.33","63.59","120.74","183.21","63.2","120.02","1.12","0.4","0.72","747.04","412.18","1159.22"
"150","1961","10","Rajasthan","Ganganagar","1037.42","563.23","474.19","887.47","479.18","408.29","149.95","84.05","65.9","2.21","1.24","0.97","1.96","1.09","0.87","0.25","0.15","0.1","297.37","160.57","136.8","270.24","145.75","124.5","27.13","14.82","12.3","174.54","143.04","31.5","117.37","101.52","15.86","57.17","41.52","15.65","272.45","197.04","75.41","266.0","192.32","73.68","6.44","4.72","1.73","46.48","40.65","5.82","45.95","40.15","5.8","0.53","0.5","0.03","630.98","318.92","949.9"
"150","1971","10","Rajasthan","Ganganagar","1393.38","743.06","650.32","1169.45","620.09","549.36","223.93","122.97","100.96","1.12","1.0","1.0","0.67","0.39","0.28","0.45","0.27","0.18","335.0","179.0","156.0","295.51","157.58","137.93","39.53","21.41","18.12","283.05","217.88","65.17","183.64","150.75","32.88","99.42","67.13","32.29","245.18","233.06","12.12","238.63","226.64","12.0","6.55","6.42","0.13","69.68","65.72","3.96","67.11","63.27","3.83","2.57","2.45","0.12","991.85","314.86","1306.71"
"150","1981","10","Rajasthan","Ganganagar","2029.97","1083.13","946.83","1611.67","853.48","758.19","418.3","229.65","188.65","5.1","2.94","2.16","2.63","1.47","1.16","2.46","1.46","1.0","589.66","313.75","275.91","504.82","267.86","236.96","84.85","45.89","38.95","528.37","394.34","134.03","330.12","263.57","66.54","198.26","130.77","67.49","345.26","330.3","14.95","331.25","316.84","14.41","14.0","13.46","0.54","88.12","83.16","4.96","81.99","77.53","4.46","6.13","5.63","0.51","1358.6","433.38","1791.98"
"150","1991","10","Rajasthan","Ganganagar","2622.78","1397.13","1225.64","2070.67","1099.49","971.18","552.11","297.65","254.47","8.95","4.92","4.03","3.6","2.02","1.58","5.34","2.9","2.45","775.8","410.97","364.83","668.38","353.48","314.9","107.42","57.49","49.93","882.35","622.84","259.52","593.23","441.74","151.49","289.12","181.09","108.03","414.0","376.9","37.1","402.0","365.2","36.7","12.1","11.7","0.3","144.5","128.0","16.5","133.0","117.2","15.9","11.5","10.8","0.7","1646.03","558.5","2204.53"
"150","2001","10","Rajasthan","Ganganagar","3305.88","1755.82","1550.05","2550.17","1349.6","1200.57","755.7","406.22","349.48","24.77","13.0","12.0","8.53","-1.0","-1.0","16.24","-1.0","-1.0","1000.02","526.0","474.0","857.63","-1.0","-1.0","142.39","-1.0","-1.0","1803.99","1119.0","684.99","1312.71","826.74","485.97","491.28","292.27","199.02","650.51","417.29","233.22","640.92","408.88","232.04","9.59","8.41","1.18","265.13","158.24","106.89","256.53","151.73","104.8","8.6","6.51","2.09","1959.32","915.64","2874.96"
"150","2011","10","Rajasthan","Ganganagar","3743.86","1974.52","1769.34","2857.97","1505.16","1352.81","885.89","469.37","416.53","27.77","14.74","13.03","8.71","4.69","4.01","19.06","10.04","9.02","1214.6","635.08","579.52","1034.27","540.67","493.6","180.33","94.42","85.91","2227.48","1335.19","892.3","1624.03","987.3","636.74","603.45","347.89","255.56","638.75","418.98","219.77","627.41","409.47","217.94","11.34","9.51","1.83","397.27","229.39","167.88","379.81","217.87","161.93","17.46","11.52","5.94","1995.93","1036.02","3031.95"
"151","1961","10","Rajasthan","Jaipur","1901.76","1006.13","895.62","1402.44","737.68","664.76","499.32","268.45","230.87","218.57","116.05","102.52","211.66","112.14","99.52","6.91","3.91","3.0","323.49","168.23","155.27","268.8","139.33","129.47","54.69","28.9","25.8","351.28","276.53","74.75","151.96","136.71","15.25","199.32","139.82","59.5","545.22","314.08","231.14","538.22","309.59","228.63","7.0","4.49","2.51","22.8","13.08","9.72","22.18","12.59","9.59","0.62","0.49","0.14","1024.21","568.02","1592.23"
"151","1971","10","Rajasthan","Jaipur","2477.87","1310.67","1167.2","1734.19","910.77","823.43","743.68","399.91","343.78","276.58","147.0","129.0","263.48","139.9","123.58","13.1","7.32","5.78","400.0","209.0","191.0","316.22","164.57","151.65","83.31","44.29","39.02","575.02","431.29","143.72","241.7","212.27","29.43","333.31","219.02","114.3","416.84","328.2","88.64","407.25","319.66","87.59","9.59","8.54","1.05","45.12","29.2","15.93","42.48","27.04","15.44","2.65","2.16","0.49","1728.53","461.96","2190.49"
"151","1981","10","Rajasthan","Jaipur","3420.57","1806.45","1614.12","2170.04","1136.08","1033.96","1250.53","670.37","580.16","380.2","201.35","178.85","345.79","182.06","163.73","34.41","19.29","15.12","556.19","291.05","265.15","398.93","207.57","191.36","157.26","83.48","73.78","1074.15","796.82","277.33","434.82","380.24","54.59","639.33","416.58","222.75","492.16","395.96","96.2","472.32","379.07","93.24","19.85","16.89","2.96","39.38","28.14","11.24","35.81","25.46","10.36","3.57","2.69","0.88","2297.31","531.54","2828.85"
"151","1991","10","Rajasthan","Jaipur","4722.55","2496.8","2225.75","2855.91","1500.44","1355.48","1866.64","996.36","870.28","531.65","282.23","249.43","467.6","246.67","220.93","64.05","35.56","28.5","766.4","403.52","362.88","527.53","276.51","251.02","238.88","127.01","111.86","1806.57","1298.91","507.66","771.13","646.46","124.67","1035.44","652.45","382.99","648.3","466.4","181.9","620.1","446.1","174.0","28.2","20.3","7.9","83.3","57.4","25.9","76.8","52.1","24.8","6.5","5.4","1.1","3107.52","731.6","3839.12"
"151","2001","10","Rajasthan","Jaipur","6569.18","3462.53","3106.64","3839.56","2009.63","1829.93","2729.62","1452.9","1276.71","766.05","404.0","362.0","663.99","-1.0","-1.0","102.07","-1.0","-1.0","1056.95","554.0","504.0","698.05","-1.0","-1.0","358.9","-1.0","-1.0","3739.29","2366.48","1372.81","1927.41","1288.83","638.57","1811.88","1077.65","734.23","1046.94","536.52","510.42","1007.07","514.17","492.9","39.87","22.35","17.52","119.28","44.38","74.9","111.4","40.76","70.64","7.89","3.62","4.27","4161.55","1166.22","5327.77"
"151","2011","10","Rajasthan","Jaipur","8260.59","4326.3","3934.29","4586.95","2394.82","2192.13","3673.64","1931.47","1742.17","961.31","505.19","456.12","813.69","426.61","387.08","147.63","78.59","69.04","1357.64","710.18","647.46","847.04","442.28","404.77","510.59","267.9","242.69","5239.02","3151.73","2087.29","2604.38","1656.07","948.32","2634.63","1495.66","1138.97","1135.33","579.12","556.21","1093.81","554.84","538.98","41.53","24.29","17.24","207.8","87.11","120.7","189.09","75.73","113.36","18.72","11.38","7.33","5111.2","1343.13","6454.33"
"152","1961","10","Rajasthan","Jaisalmer","140.34","77.87","62.47","126.69","70.59","56.1","13.65","7.28","6.37","4.57","2.52","2.04","4.31","2.39","1.93","0.26","0.14","0.12","18.94","10.17","8.77","18.05","9.7","8.35","0.89","0.47","0.42","11.38","10.16","1.23","7.06","6.65","0.41","4.32","3.5","0.82","34.74","24.09","10.65","34.38","23.88","10.5","0.36","0.21","0.15","0.35","0.2","0.15","0.34","0.19","0.15","0.01","0.01","0.0","72.2","35.09","107.29"
"152","1971","10","Rajasthan","Jaisalmer","166.39","91.43","74.95","142.06","77.46","64.6","24.33","13.98","10.35","6.88","4.0","2.0","6.18","3.34","2.85","0.7","0.39","0.31","23.0","12.0","11.0","20.63","10.8","9.82","1.99","1.12","0.87","21.78","18.86","2.92","11.85","11.08","0.77","9.93","7.79","2.15","32.93","31.42","1.51","32.45","30.94","1.5","0.49","0.48","0.01","4.45","3.96","0.49","4.09","3.63","0.46","0.36","0.33","0.03","113.92","37.38","151.3"
"152","1981","10","Rajasthan","Jaisalmer","243.08","134.2","108.88","210.16","115.34","94.82","32.93","18.87","14.06","10.68","5.73","4.95","9.85","5.25","4.61","0.83","0.49","0.34","35.28","18.81","16.48","32.03","16.9","15.12","3.26","1.9","1.36","38.4","32.68","5.72","22.16","20.68","1.49","16.24","12.0","4.23","45.63","43.38","2.25","44.77","42.59","2.18","0.86","0.79","0.06","2.6","2.15","0.45","2.39","1.94","0.45","0.21","0.21","0.01","154.82","48.23","203.05"
"152","1991","10","Rajasthan","Jaisalmer","344.52","190.69","153.83","290.92","160.3","130.62","53.6","30.39","23.21","16.7","8.99","7.71","14.85","7.96","6.9","1.84","1.03","0.82","50.14","27.01","23.13","44.78","23.95","20.84","5.36","3.06","2.29","82.76","68.99","13.77","53.43","48.57","4.86","29.33","20.42","8.91","46.9","42.0","4.9","46.4","41.5","4.9","0.5","0.5","0.0","8.4","7.2","1.2","8.0","6.8","1.1","0.5","0.4","0.0","217.56","55.3","272.86"
"152","2001","10","Rajasthan","Jaisalmer","508.0","278.97","229.03","430.53","235.06","195.47","77.47","43.92","33.55","27.83","15.0","13.0","24.47","-1.0","-1.0","3.37","-1.0","-1.0","74.09","40.0","34.0","66.01","-1.0","-1.0","8.08","-1.0","-1.0","204.26","146.96","57.3","156.51","115.32","41.19","47.76","31.64","16.12","99.55","59.12","40.42","99.02","58.69","40.33","0.53","0.44","0.09","17.19","8.88","8.31","16.88","8.66","8.22","0.31","0.22","0.09","296.56","116.73","413.29"
"152","2011","10","Rajasthan","Jaisalmer","669.92","361.71","308.21","580.89","312.45","268.45","89.03","49.26","39.76","42.43","22.5","19.93","37.27","19.76","17.52","5.16","2.74","2.42","99.13","52.78","46.36","89.39","47.56","41.83","9.75","5.22","4.53","308.65","210.42","98.24","249.29","173.35","75.94","59.36","37.06","22.3","132.47","76.31","56.15","131.93","75.95","55.98","0.53","0.36","0.17","43.87","21.38","22.5","42.6","20.54","22.06","1.27","0.83","0.44","381.02","176.34","557.36"
"153","1961","10","Rajasthan","Jalore","547.07","285.08","261.99","522.36","271.87","250.49","24.71","13.22","11.5","44.13","23.23","20.9","41.93","22.05","19.88","2.2","1.18","1.02","90.65","47.03","43.62","87.45","45.35","42.1","3.2","1.68","1.52","43.5","38.68","4.82","37.01","33.32","3.69","6.49","5.37","1.12","197.12","126.84","70.28","194.39","124.94","69.46","2.73","1.91","0.82","14.49","9.11","5.37","14.19","8.93","5.26","0.3","0.18","0.12","296.21","211.61","507.82"
"153","1971","10","Rajasthan","Jalore","667.64","345.72","321.92","638.11","330.0","308.11","29.53","15.72","13.81","52.19","28.0","25.0","49.8","26.33","23.47","2.39","1.28","1.11","109.0","57.0","52.0","104.22","54.21","50.01","4.46","2.33","2.13","67.26","57.24","10.03","57.2","49.53","7.68","10.06","7.71","2.35","141.33","130.93","10.4","139.7","129.36","10.34","1.63","1.57","0.06","30.85","21.78","9.07","30.4","21.36","9.04","0.45","0.42","0.04","457.29","172.18","629.47"
"153","1981","10","Rajasthan","Jalore","903.07","465.07","438.01","830.28","426.33","403.96","72.79","38.74","34.05","72.36","38.0","34.37","68.39","35.9","32.48","3.98","2.09","1.88","153.62","79.88","73.74","141.93","73.65","68.28","11.69","6.23","5.46","123.69","104.29","19.4","95.25","83.39","11.86","28.44","20.91","7.54","183.9","167.24","16.66","180.51","164.13","16.38","3.38","3.1","0.28","30.46","21.25","9.21","29.16","20.14","9.02","1.3","1.11","0.19","598.56","214.36","812.92"
"153","1991","10","Rajasthan","Jalore","1142.56","588.46","554.11","1059.36","544.23","515.12","83.21","44.23","38.98","96.32","51.1","45.23","91.7","48.61","43.09","4.62","2.49","2.13","203.24","106.93","96.31","187.69","98.63","89.07","15.55","8.31","7.24","214.38","180.28","34.1","178.52","154.61","23.91","35.86","25.66","10.19","251.2","198.3","52.9","247.2","195.0","52.2","4.0","3.3","0.7","49.8","31.1","18.8","48.2","29.8","18.4","1.6","1.3","0.3","671.27","301.0","972.27"
"153","2001","10","Rajasthan","Jalore","1448.49","736.03","712.46","1338.5","677.85","660.65","109.99","58.18","51.81","126.8","67.0","60.0","121.31","-1.0","-1.0","5.49","-1.0","-1.0","261.32","136.0","125.0","240.25","-1.0","-1.0","21.06","-1.0","-1.0","530.96","375.37","155.59","471.17","335.9","135.27","59.79","39.47","20.32","482.5","249.03","233.47","478.48","246.91","231.57","4.02","2.12","1.9","80.5","32.01","48.49","79.53","31.7","47.84","0.97","0.32","0.66","721.73","563.01","1284.74"
"153","2011","10","Rajasthan","Jalore","1828.73","936.63","892.1","1676.98","857.62","819.36","151.76","79.02","72.74","178.72","93.29","85.43","170.11","88.81","81.3","8.61","4.48","4.13","357.2","185.34","171.85","326.52","169.32","157.2","30.68","16.02","14.65","829.58","543.92","285.66","737.68","487.41","250.27","91.91","56.52","35.39","493.36","261.13","232.22","490.28","259.26","231.02","3.08","1.88","1.2","158.01","65.99","92.02","155.7","65.02","90.67","2.32","0.97","1.35","932.09","651.37","1583.46"
"154","1961","10","Rajasthan","Jhalawar","490.61","254.46","236.15","453.07","234.85","218.21","37.54","19.61","17.93","51.51","26.65","24.86","50.97","26.35","24.62","0.54","0.3","0.24","83.05","42.87","40.18","79.26","40.92","38.34","3.79","1.95","1.84","66.6","55.61","11.0","50.99","44.67","6.32","15.61","10.94","4.68","177.61","107.89","69.72","176.08","106.94","69.14","1.53","0.96","0.58","27.11","12.46","14.65","26.6","12.28","14.32","0.51","0.18","0.33","241.1","204.72","445.82"
"154","1971","10","Rajasthan","Jhalawar","621.68","323.82","297.86","562.88","292.78","270.1","58.8","31.04","27.76","64.04","33.0","31.0","62.87","32.76","30.11","1.17","0.66","0.51","102.0","53.0","49.0","96.95","50.55","46.4","5.02","2.68","2.33","105.94","86.09","19.85","78.47","67.61","10.86","27.48","18.48","8.99","128.12","121.76","6.36","126.31","120.19","6.12","1.81","1.57","0.24","33.37","20.72","12.64","32.38","20.11","12.27","0.99","0.61","0.37","423.37","161.49","584.86"
"154","1981","10","Rajasthan","Jhalawar","785.0","407.52","377.48","693.48","359.38","334.1","91.52","48.14","43.38","91.61","47.81","43.8","88.04","45.83","42.21","3.57","1.98","1.59","134.25","69.7","64.56","122.68","63.64","59.04","11.57","6.05","5.52","173.58","138.61","34.98","125.56","107.37","18.19","48.02","31.23","16.79","184.27","143.88","40.39","181.18","141.35","39.83","3.1","2.53","0.56","41.77","23.04","18.73","40.43","22.17","18.26","1.34","0.87","0.47","473.68","226.04","699.72"
"154","1991","10","Rajasthan","Jhalawar","956.97","498.93","458.04","806.01","419.65","386.36","150.96","79.28","71.68","113.83","59.71","54.12","107.77","56.42","51.35","6.06","3.29","2.77","164.87","86.43","78.43","142.93","74.95","67.98","21.93","11.48","10.45","254.22","194.67","59.55","170.62","141.84","28.78","83.6","52.83","30.77","230.7","171.9","58.8","225.4","167.5","57.9","5.3","4.4","0.9","70.2","36.0","34.2","67.2","34.0","33.2","3.0","2.1","1.0","538.88","300.9","839.78"
"154","2001","10","Rajasthan","Jhalawar","1180.34","612.36","567.99","1012.13","524.11","488.01","168.22","88.25","79.97","141.86","74.0","68.0","135.84","-1.0","-1.0","6.02","-1.0","-1.0","184.64","96.0","89.0","161.09","-1.0","-1.0","23.55","-1.0","-1.0","563.58","374.7","188.88","449.1","307.12","141.98","114.48","67.57","46.9","331.36","195.51","135.85","327.86","192.92","134.93","3.5","2.58","0.91","119.0","44.82","74.18","116.62","43.75","72.88","2.38","1.07","1.31","625.54","450.35","1075.89"
"154","2011","10","Rajasthan","Jhalawar","1411.13","725.14","685.99","1181.84","606.53","575.31","229.29","118.61","110.68","182.23","94.19","88.04","171.83","88.68","83.15","10.4","5.51","4.9","243.58","125.97","117.62","205.76","106.45","99.31","37.82","19.51","18.31","739.79","466.82","272.98","578.87","375.24","203.62","160.93","91.57","69.35","328.71","202.54","126.17","324.63","199.54","125.09","4.08","3.0","1.08","209.77","84.46","125.31","204.06","81.22","122.84","5.71","3.25","2.47","725.18","538.48","1263.66"
"155","1961","10","Rajasthan","Jhunjhunu","719.65","370.46","349.19","592.33","303.82","288.51","127.32","66.64","60.68","11.5","5.98","5.52","10.96","5.69","5.28","0.53","0.29","0.24","99.15","49.16","49.99","83.42","41.13","42.29","15.73","8.03","7.7","134.68","115.42","19.26","95.46","84.81","10.65","39.22","30.61","8.61","257.43","141.95","115.48","246.55","136.14","110.41","10.88","5.81","5.07","6.52","4.0","2.52","5.83","3.47","2.36","0.68","0.53","0.16","399.98","263.94","663.92"
"155","1971","10","Rajasthan","Jhunjhunu","921.64","474.41","447.23","759.65","389.27","370.39","161.98","85.14","76.84","16.45","8.0","8.0","15.73","8.02","7.71","0.72","0.4","0.32","130.0","66.0","64.0","107.64","54.72","52.92","22.42","11.57","10.85","203.93","170.7","33.24","148.34","129.07","19.27","55.6","41.63","13.97","151.84","136.33","15.51","145.37","130.39","14.98","6.47","5.94","0.53","16.02","13.4","2.62","14.28","11.73","2.56","1.74","1.68","0.06","694.22","167.86","862.08"
"155","1981","10","Rajasthan","Jhunjhunu","1211.58","619.31","592.27","960.32","487.75","472.56","251.27","131.56","119.71","23.08","11.86","11.22","21.36","10.88","10.48","1.72","0.98","0.74","180.68","92.25","88.43","143.73","72.91","70.82","36.95","19.35","17.61","346.68","279.13","67.54","247.42","207.26","40.16","99.25","71.87","27.38","185.46","149.45","36.02","176.97","141.84","35.13","8.5","7.61","0.89","14.49","12.86","1.63","12.24","10.72","1.51","2.25","2.14","0.11","795.41","199.95","995.36"
"155","1991","10","Rajasthan","Jhunjhunu","1582.42","819.45","762.97","1257.38","647.34","610.04","325.04","172.11","152.94","30.53","15.82","14.71","28.16","14.53","13.64","2.36","1.3","1.07","243.29","126.3","116.99","193.87","100.1","93.77","49.42","26.2","23.22","597.47","442.19","155.27","443.75","336.83","106.92","153.72","105.36","48.36","214.4","175.5","39.0","205.7","167.6","38.1","8.7","7.8","0.9","33.9","30.7","3.2","28.0","25.0","3.0","5.9","5.7","0.2","1053.52","248.3","1301.82"
"155","2001","10","Rajasthan","Jhunjhunu","1913.1","983.16","929.94","1518.17","775.47","742.71","394.93","207.69","187.24","36.79","19.0","18.0","33.49","-1.0","-1.0","3.3","-1.0","-1.0","309.24","160.0","149.0","249.15","-1.0","-1.0","60.09","-1.0","-1.0","1167.47","699.8","467.67","919.31","548.34","370.97","248.16","151.46","96.71","474.34","233.28","241.06","465.9","228.21","237.7","8.44","5.07","3.37","54.88","33.14","21.74","52.33","31.14","21.2","2.55","2.0","0.54","1152.78","529.22","1682.0"
"155","2011","10","Rajasthan","Jhunjhunu","2137.05","1095.9","1041.15","1647.97","842.72","805.25","489.08","253.18","235.9","41.63","21.38","20.25","36.86","18.9","17.96","4.77","2.48","2.29","360.71","185.88","174.83","285.74","147.02","138.72","74.97","38.86","36.11","1370.36","815.83","554.53","1046.55","625.67","420.88","323.81","190.16","133.65","521.69","252.6","269.1","507.67","245.12","262.55","14.02","7.47","6.55","68.88","41.29","27.59","64.57","38.1","26.47","4.31","3.19","1.12","1242.4","590.57","1832.97"
"156","1961","10","Rajasthan","Jodhpur","885.66","469.15","416.52","620.45","326.93","293.52","265.21","142.22","123.0","15.63","6.98","8.64","14.84","7.88","6.97","3.49","1.81","1.68","125.31","65.71","59.6","101.54","53.21","48.33","23.78","12.5","11.28","164.45","126.43","38.01","53.88","48.94","4.94","110.56","77.49","33.07","274.73","169.81","104.93","268.79","166.44","102.35","5.94","3.36","2.57","9.76","4.63","5.12","9.02","4.24","4.78","0.74","0.4","0.34","509.2","284.49","793.69"
"156","1971","10","Rajasthan","Jodhpur","1148.46","603.18","545.27","779.02","404.68","374.34","369.43","198.5","170.93","24.32","13.0","11.0","19.73","10.42","9.31","4.59","2.51","2.08","155.0","81.0","74.0","118.15","61.38","56.77","36.75","19.67","17.08","242.2","180.8","61.39","80.95","73.51","7.43","161.25","107.29","53.96","220.04","190.39","29.64","212.76","184.54","28.22","7.28","5.85","1.43","23.5","16.47","7.03","20.89","14.38","6.51","2.6","2.09","0.51","803.67","243.54","1047.21"
"156","1981","10","Rajasthan","Jodhpur","1667.79","873.53","794.26","1087.95","564.22","523.73","580.02","309.49","270.53","40.09","21.02","19.07","29.71","15.44","14.27","10.38","5.58","4.8","258.74","134.9","123.84","185.95","96.25","89.69","72.8","38.65","34.15","444.34","329.41","114.93","154.91","140.54","14.37","289.43","188.87","100.56","300.66","243.62","57.05","290.55","236.05","54.5","10.12","7.57","2.55","24.74","16.28","8.45","22.2","14.5","7.7","2.54","1.79","0.75","1103.41","325.4","1428.81"
"156","1991","10","Rajasthan","Jodhpur","2153.48","1138.54","1014.95","1388.93","725.81","663.12","764.55","412.73","351.83","60.82","32.09","28.73","43.29","22.64","20.66","17.53","9.45","8.07","328.92","173.4","155.52","235.67","123.64","112.03","93.25","49.76","43.49","703.65","520.17","183.48","285.91","251.82","34.09","417.74","268.35","149.39","352.5","263.0","89.5","342.1","255.5","86.6","10.5","7.5","2.9","45.1","29.3","15.7","39.8","25.4","14.4","5.2","3.9","1.3","1367.71","397.6","1765.31"
"156","2001","10","Rajasthan","Jodhpur","2880.78","1509.56","1371.21","1908.52","993.2","915.31","972.26","516.36","455.9","79.54","41.0","38.0","61.42","-1.0","-1.0","18.12","-1.0","-1.0","456.36","239.0","218.0","333.2","-1.0","-1.0","123.16","-1.0","-1.0","1340.1","905.26","434.84","705.17","524.23","180.94","634.93","381.03","253.9","546.94","289.46","257.48","536.63","283.54","253.09","10.32","5.92","4.39","109.33","48.02","61.32","104.4","45.47","58.93","4.94","2.55","2.39","1781.5","656.27","2437.77"
"156","2011","10","Rajasthan","Jodhpur","3687.17","1923.93","1763.24","2422.55","1260.33","1162.22","1264.61","663.6","601.01","118.92","61.97","56.96","90.83","47.25","43.58","28.1","14.72","13.38","608.02","315.2","292.83","447.04","232.09","214.95","160.99","83.11","77.88","2031.53","1265.75","765.78","1158.34","765.7","392.64","873.19","500.05","373.14","592.37","319.17","273.2","581.22","312.12","269.1","11.15","7.05","4.1","242.02","106.76","135.26","232.73","100.53","132.2","9.29","6.22","3.06","2197.42","834.39","3031.81"
"157","1961","10","Rajasthan","Kota","848.69","447.48","401.21","688.61","360.65","327.96","160.08","86.83","73.25","124.55","65.63","58.92","121.18","63.67","57.51","3.38","1.96","1.41","153.75","79.78","73.97","134.55","69.81","64.74","19.19","9.97","9.23","161.63","130.29","31.35","94.6","82.48","12.13","67.03","47.81","19.22","215.75","135.22","80.52","213.88","133.72","80.17","1.86","1.51","0.36","41.56","24.88","16.68","40.79","24.53","16.26","0.78","0.35","0.43","457.63","257.31","714.94"
"157","1971","10","Rajasthan","Kota","1143.33","606.65","536.68","868.3","456.25","412.05","275.03","150.4","124.63","166.3","88.0","78.0","160.56","84.47","76.09","5.74","3.39","2.36","207.0","109.0","98.0","166.81","87.32","79.49","40.12","21.43","18.69","287.11","223.47","63.64","156.36","134.44","21.91","130.75","89.03","41.73","168.26","158.86","9.4","164.77","155.6","9.16","3.49","3.26","0.23","54.59","40.66","13.93","53.17","39.58","13.59","1.42","1.08","0.34","790.43","222.85","1013.28"
"157","1981","10","Rajasthan","Kota","1559.78","826.31","733.48","1061.69","557.41","504.28","498.09","268.9","229.19","231.32","121.87","109.45","216.83","113.59","103.24","14.49","8.28","6.21","293.42","154.76","138.66","218.91","115.14","103.77","74.51","39.62","34.89","507.34","379.8","127.54","242.1","204.73","37.37","265.24","175.07","90.16","194.31","176.08","18.23","188.08","170.33","17.74","6.23","5.74","0.49","69.7","49.41","20.29","66.24","46.74","19.5","3.46","2.67","0.79","1029.72","264.01","1293.73"
"157","1991","10","Rajasthan","Kota","2030.83","1076.18","954.65","1291.0","681.13","609.86","739.84","395.05","344.78","288.37","152.69","135.68","265.86","140.08","125.78","22.5","12.6","9.9","400.46","212.29","188.17","269.78","142.96","126.81","130.69","69.33","61.36","776.87","552.98","223.89","356.76","288.54","68.22","420.11","264.44","155.68","260.5","219.5","41.0","251.1","211.2","39.9","9.4","8.3","1.1","104.0","62.2","41.8","97.0","57.3","39.7","7.0","4.9","2.0","1295.55","364.5","1660.05"
"157","2001","10","Rajasthan","Kota","2591.15","1363.39","1227.76","1580.04","828.12","751.92","1011.11","535.27","475.84","368.84","194.0","175.0","329.05","-1.0","-1.0","39.79","-1.0","-1.0","481.63","253.0","229.0","307.11","-1.0","-1.0","174.51","-1.0","-1.0","1490.25","939.83","550.42","803.24","532.41","270.83","687.01","407.42","279.59","370.55","237.03","133.52","358.04","227.26","130.78","12.5","9.77","2.74","196.24","80.26","115.98","187.76","76.03","111.73","8.48","4.23","4.25","1612.44","566.79","2179.23"
"157","2011","10","Rajasthan","Kota","3173.77","1655.11","1518.66","1742.95","903.56","839.39","1430.81","751.55","679.27","460.68","239.52","221.15","391.06","202.19","188.86","69.62","37.33","32.3","626.59","326.13","300.47","349.06","181.27","167.79","277.54","144.86","132.67","1991.66","1198.01","793.65","977.8","615.67","362.13","1013.85","582.34","431.52","356.8","236.83","119.98","340.11","223.7","116.41","16.69","13.13","3.56","320.03","139.63","180.4","297.96","127.99","169.97","22.08","11.64","10.44","1872.37","676.83","2549.2"
"158","1961","10","Rajasthan","Nagaur","934.95","480.59","454.36","814.29","417.76","396.53","120.66","62.82","57.83","2.88","1.48","1.4","2.67","1.37","1.31","0.21","0.12","0.09","163.17","83.76","79.41","151.55","77.72","73.83","11.62","6.04","5.58","123.95","101.6","22.34","86.28","73.86","12.42","37.67","27.75","9.92","377.49","216.77","160.72","371.71","212.99","158.72","5.78","3.78","2.0","14.41","7.31","7.1","13.41","6.7","6.71","1.0","0.61","0.38","477.3","391.9","869.2"
"158","1971","10","Rajasthan","Nagaur","1259.45","647.51","611.94","1104.53","565.95","538.58","154.92","81.57","73.35","2.03","1.0","1.0","1.88","0.96","0.92","0.15","0.08","0.07","221.0","114.0","107.0","204.34","105.23","99.11","16.32","8.63","7.69","186.53","153.08","33.45","133.96","114.96","19.0","52.57","38.12","14.46","327.85","248.33","79.52","322.74","243.9","78.84","5.11","4.43","0.68","32.23","22.03","10.2","30.16","20.41","9.75","2.07","1.62","0.45","833.32","360.08","1193.4"
"158","1981","10","Rajasthan","Nagaur","1628.67","831.99","796.68","1391.59","708.08","683.51","237.08","123.9","113.18","2.98","1.63","1.35","2.79","1.5","1.29","0.2","0.13","0.06","312.34","160.25","152.09","282.93","144.84","138.09","29.4","15.41","13.99","315.59","258.97","56.62","230.76","197.91","32.85","84.84","61.07","23.77","387.52","282.06","105.46","377.42","274.17","103.24","10.1","7.89","2.21","30.38","19.62","10.76","28.44","18.05","10.39","1.95","1.58","0.37","1012.84","417.9","1430.74"
"158","1991","10","Rajasthan","Nagaur","2144.81","1104.58","1040.23","1802.17","924.45","877.73","342.64","180.13","162.51","4.8","2.64","2.16","4.23","2.31","1.93","0.56","0.33","0.23","423.27","219.5","203.77","379.92","196.62","183.31","43.35","22.88","20.47","542.19","431.94","110.26","403.1","334.76","68.35","139.09","97.18","41.91","490.9","327.2","163.7","477.4","317.2","160.2","13.5","10.0","3.5","58.1","37.8","20.3","53.9","34.5","19.4","4.2","3.3","0.9","1292.44","549.0","1841.44"
"158","2001","10","Rajasthan","Nagaur","2773.89","1421.46","1352.44","2296.74","1172.89","1123.85","477.16","248.57","228.59","6.5","4.0","3.0","5.55","-1.0","-1.0","0.95","-1.0","-1.0","545.23","281.0","264.0","488.15","-1.0","-1.0","57.08","-1.0","-1.0","1312.64","866.46","446.19","1040.91","696.97","343.94","271.73","169.49","102.24","696.51","356.62","339.89","682.64","349.25","333.39","13.87","7.37","6.5","119.16","53.93","65.23","115.04","52.08","62.96","4.12","1.86","2.27","1645.54","815.67","2461.21"
"158","2011","10","Rajasthan","Nagaur","3307.74","1696.33","1611.42","2670.54","1368.77","1301.77","637.2","327.55","309.65","10.42","5.48","4.94","9.06","4.73","4.34","1.36","0.75","0.61","699.91","360.45","339.46","613.53","316.05","297.48","86.38","44.4","41.98","1758.62","1102.75","655.87","1375.42","875.24","500.18","383.2","227.51","155.69","734.61","378.93","355.69","721.68","370.61","351.07","12.93","8.32","4.61","263.4","123.63","139.77","248.06","113.93","134.13","15.34","9.7","5.65","1881.86","998.01","2879.87"
"159","1961","10","Rajasthan","Pali","805.68","414.62","391.07","728.95","374.17","354.78","76.74","40.45","36.29","38.22","20.15","18.07","37.37","19.7","17.67","0.85","0.45","0.39","144.15","74.23","69.92","134.18","69.09","65.09","9.97","5.14","4.83","109.95","90.72","19.23","85.74","72.65","13.09","24.21","18.07","6.14","220.26","136.02","84.24","213.8","132.21","81.59","6.45","3.81","2.65","32.43","18.83","13.61","30.92","18.04","12.88","1.51","0.79","0.73","444.34","252.69","697.03"
"159","1971","10","Rajasthan","Pali","964.85","493.26","471.6","856.44","435.6","420.85","108.41","57.66","50.75","45.54","24.0","22.0","43.61","22.87","20.74","1.93","1.06","0.88","146.0","75.0","71.0","132.1","67.75","64.35","13.68","7.31","6.38","165.03","132.11","32.92","124.47","102.63","21.84","40.57","29.48","11.09","156.46","135.73","20.73","152.34","131.89","20.45","4.12","3.83","0.29","63.68","37.77","25.91","61.52","36.02","25.5","2.16","1.75","0.41","657.49","220.14","877.63"
"159","1981","10","Rajasthan","Pali","1274.5","654.78","619.72","1039.74","530.32","509.42","234.77","124.46","110.3","69.69","36.42","33.27","64.52","33.68","30.84","5.17","2.74","2.43","225.91","117.2","108.71","191.84","99.17","92.66","34.08","18.03","16.05","278.7","224.01","54.69","186.74","157.22","29.51","91.96","66.79","25.18","211.1","170.71","40.39","200.05","160.96","39.09","11.05","9.76","1.3","64.98","35.82","29.16","59.97","32.26","27.72","5.01","3.57","1.44","800.54","276.08","1076.62"
"159","1991","10","Rajasthan","Pali","1486.43","759.82","726.62","1163.09","589.85","573.23","323.35","169.96","153.39","80.27","42.24","38.02","73.17","38.48","34.68","7.1","3.76","3.34","269.74","140.93","128.81","217.9","113.7","104.2","51.84","27.23","24.61","429.61","329.72","99.89","281.44","228.07","53.37","148.17","101.65","46.52","231.5","173.6","57.9","217.2","162.7","54.5","14.3","10.9","3.4","81.9","44.8","37.1","75.3","40.5","34.8","6.6","4.3","2.3","919.52","313.4","1232.92"
"159","2001","10","Rajasthan","Pali","1819.2","917.32","901.88","1428.47","713.23","715.25","390.73","204.1","186.63","105.81","55.0","51.0","95.14","-1.0","-1.0","10.68","-1.0","-1.0","323.45","166.0","157.0","263.43","-1.0","-1.0","60.02","-1.0","-1.0","817.33","544.75","272.59","585.16","398.89","186.28","232.17","145.86","86.31","262.2","155.42","106.79","252.41","149.44","102.97","9.79","5.98","3.81","145.91","45.42","100.5","139.49","42.94","96.54","6.43","2.47","3.95","1095.37","408.11","1503.48"
"159","2011","10","Rajasthan","Pali","2037.57","1025.42","1012.15","1577.57","787.56","790.01","460.01","237.86","222.14","144.58","74.37","70.21","131.46","67.47","63.99","13.12","6.9","6.22","398.1","203.33","194.77","321.26","163.6","157.66","76.83","39.73","37.11","1085.69","667.38","418.31","783.79","488.9","294.89","301.91","178.48","123.42","243.49","151.27","92.22","234.06","145.24","88.82","9.44","6.03","3.41","237.28","93.14","144.14","227.18","88.2","138.98","10.1","4.94","5.16","1195.25","480.77","1676.02"
"160","1961","10","Rajasthan","Swami Madhopur","943.57","504.53","439.04","847.45","452.58","394.86","96.13","51.95","44.18","209.93","111.78","98.15","206.7","109.98","96.72","3.24","1.8","1.44","210.95","110.3","100.65","191.88","100.28","91.6","19.07","10.02","9.05","119.6","106.2","13.4","91.41","83.39","8.02","28.19","22.81","5.38","374.84","222.14","152.71","369.55","218.77","150.78","5.29","3.37","1.92","22.98","10.78","12.2","22.23","10.47","11.76","0.75","0.31","0.44","453.55","397.82","851.37"
"160","1971","10","Rajasthan","Swami Madhopur","1192.52","638.71","553.81","1057.03","565.65","491.38","135.49","73.06","62.43","270.7","145.0","125.0","266.57","142.88","123.68","4.13","2.36","1.76","252.0","133.0","119.0","225.84","119.2","106.64","26.73","14.21","12.53","191.53","164.17","27.36","143.74","128.28","15.46","47.79","35.89","11.91","271.46","239.68","31.77","265.59","234.46","31.14","5.87","5.23","0.64","34.58","22.74","11.84","33.05","21.5","11.55","1.53","1.24","0.29","808.42","306.04","1114.46"
"160","1981","10","Rajasthan","Swami Madhopur","1535.87","822.86","713.01","1329.78","712.17","617.61","206.09","110.69","95.4","348.13","186.58","161.55","341.82","182.79","159.03","6.31","3.79","2.52","328.15","174.46","153.69","286.98","152.64","134.35","41.16","21.82","19.35","356.81","298.66","58.15","265.95","233.98","31.97","90.86","64.67","26.19","309.22","278.39","30.83","302.28","272.35","29.93","6.93","6.04","0.9","23.48","16.9","6.58","22.07","15.86","6.21","1.41","1.04","0.37","1011.54","332.7","1344.24"
"160","1991","10","Rajasthan","Swami Madhopur","1963.25","1058.79","904.46","1671.97","902.72","769.25","291.27","156.07","135.21","443.47","239.07","204.4","433.93","233.43","200.5","9.54","5.64","3.9","429.27","231.02","198.25","371.08","199.91","171.17","58.19","31.11","27.08","562.63","458.51","104.12","421.88","362.88","59.0","140.75","95.63","45.12","391.9","318.1","73.8","383.2","310.9","72.2","8.7","7.2","1.6","49.5","31.5","17.9","46.0","28.8","17.2","3.5","2.8","0.7","1209.22","441.4","1650.62"
"160","2001","10","Rajasthan","Swami Madhopur","2321.66","1239.55","1082.11","1937.28","1035.24","902.04","384.38","204.31","180.07","511.71","274.0","238.0","495.64","-1.0","-1.0","16.06","-1.0","-1.0","503.35","269.0","236.0","431.38","-1.0","-1.0","71.97","-1.0","-1.0","1142.71","789.99","352.73","911.7","644.25","267.45","231.02","145.74","85.28","594.74","316.45","278.29","585.52","310.84","274.69","9.21","5.61","3.6","89.91","30.96","58.95","86.19","29.2","56.99","3.73","1.77","1.96","1374.45","684.65","2059.1"
"160","2011","10","Rajasthan","Swami Madhopur","2793.8","1487.67","1306.13","2309.22","1232.78","1076.45","484.58","254.89","229.68","610.81","328.95","281.86","587.04","315.84","271.2","23.77","13.1","10.66","633.26","335.58","297.68","540.43","287.01","253.43","92.83","48.57","44.25","1547.6","1018.08","529.51","1231.05","828.06","402.99","316.55","190.02","126.52","648.66","347.69","300.97","638.07","341.14","296.93","10.59","6.55","4.04","204.17","78.95","125.21","196.23","75.02","121.21","7.95","3.94","4.01","1587.0","852.83","2439.83"
"161","1961","10","Rajasthan","Sikar","820.29","417.76","402.52","676.59","345.76","330.83","143.7","72.0","71.69","20.57","10.85","9.72","19.48","10.26","9.22","1.09","0.6","0.5","114.95","58.01","56.94","99.2","50.13","49.08","15.75","7.88","7.86","128.86","109.86","19.0","89.63","80.12","9.51","39.22","29.74","9.48","293.64","163.83","129.81","282.93","158.64","124.29","10.7","5.18","5.52","6.49","3.81","2.69","6.22","3.64","2.58","0.28","0.17","0.11","437.5","300.13","737.63"
"161","1971","10","Rajasthan","Sikar","1039.6","528.71","510.89","862.06","438.35","423.71","177.55","90.36","87.19","26.11","14.0","12.0","24.66","12.84","11.82","1.45","0.79","0.66","135.0","68.0","67.0","116.79","58.74","58.05","18.54","9.44","9.11","201.15","168.03","33.12","142.98","125.86","17.12","58.17","42.16","16.0","188.87","165.15","23.72","184.33","161.04","23.29","4.54","4.11","0.43","14.68","11.89","2.79","13.14","10.58","2.56","1.54","1.31","0.23","761.89","203.55","965.44"
"161","1981","10","Rajasthan","Sikar","1377.25","701.78","675.47","1098.31","558.89","539.42","278.94","142.89","136.05","36.55","19.08","17.47","34.09","17.78","16.32","2.46","1.31","1.16","189.43","96.76","92.68","157.24","80.08","77.16","32.2","16.67","15.52","350.18","288.85","61.33","246.34","213.93","32.41","103.84","74.93","28.91","209.62","184.42","25.2","202.67","178.39","24.27","6.95","6.03","0.92","14.92","13.09","1.83","13.81","12.05","1.76","1.11","1.04","0.07","952.52","224.54","1177.06"
"161","1991","10","Rajasthan","Sikar","1842.91","947.23","895.68","1455.39","745.77","709.62","387.52","201.46","186.06","48.89","25.62","23.27","44.92","23.44","21.48","3.97","2.18","1.78","258.1","133.68","124.42","213.95","110.65","103.3","44.15","23.03","21.12","610.51","470.77","139.74","442.16","356.38","85.79","168.35","114.4","53.95","265.1","213.9","51.2","255.8","206.1","49.7","9.2","7.7","1.5","32.3","27.8","4.5","29.3","25.0","4.3","3.0","2.8","0.2","1259.58","297.4","1556.98"
"161","2001","10","Rajasthan","Sikar","2287.23","1172.13","1115.1","1815.26","926.82","888.44","471.97","245.31","226.66","62.51","32.0","30.0","57.83","-1.0","-1.0","4.68","-1.0","-1.0","339.82","176.0","164.0","284.14","-1.0","-1.0","55.69","-1.0","-1.0","1339.19","814.82","524.38","1046.96","637.59","409.37","292.23","177.22","115.0","536.44","255.16","281.27","526.0","249.87","276.13","10.44","5.29","5.14","51.5","27.36","24.14","50.01","26.25","23.76","1.49","1.11","0.38","1399.87","587.94","1987.81"
"161","2011","10","Rajasthan","Sikar","2677.33","1374.99","1302.34","2043.43","1047.47","995.96","633.91","327.52","306.39","75.35","39.1","36.25","66.83","34.68","32.15","8.52","4.42","4.1","418.81","216.52","202.28","339.52","175.32","164.2","79.28","41.2","38.08","1652.12","995.28","656.84","1240.84","754.78","486.05","411.28","240.49","170.79","501.31","257.62","243.69","490.64","251.2","239.44","10.67","6.43","4.25","87.89","50.61","37.28","82.41","46.41","36.0","5.48","4.2","1.28","1670.83","589.2","2260.03"
"162","1961","10","Rajasthan","Sirohi","352.3","180.85","171.45","294.56","150.28","144.28","57.75","30.58","27.17","74.09","38.38","35.7","69.83","36.14","33.69","4.26","2.25","2.01","67.11","34.79","32.32","59.27","30.7","28.57","7.84","4.1","3.75","49.07","38.42","10.65","27.17","22.08","5.09","21.91","16.34","5.57","70.32","49.79","20.53","68.85","48.73","20.13","1.47","1.06","0.4","13.79","9.05","4.74","13.14","8.6","4.55","0.65","0.45","0.2","211.93","84.11","296.04"
"162","1971","10","Rajasthan","Sirohi","423.26","216.16","207.1","347.57","176.51","171.06","75.69","39.65","36.04","91.05","47.0","44.0","85.74","44.27","41.47","5.31","2.81","2.49","71.0","37.0","34.0","62.66","32.71","29.95","7.95","4.18","3.78","71.1","54.2","16.9","37.52","30.93","6.59","33.58","23.27","10.31","55.72","52.79","2.94","54.14","51.26","2.89","1.58","1.53","0.05","26.1","18.41","7.69","24.99","17.56","7.43","1.11","0.84","0.26","297.34","81.82","379.16"
"162","1981","10","Rajasthan","Sirohi","542.05","276.18","265.87","445.05","224.61","220.44","97.0","51.57","45.43","125.25","64.36","60.88","117.06","59.94","57.12","8.19","4.43","3.76","101.58","52.55","49.03","84.63","43.54","41.09","16.95","9.01","7.94","108.78","82.41","26.37","59.93","49.26","10.67","48.85","33.15","15.69","68.18","61.98","6.2","66.84","60.77","6.07","1.34","1.21","0.13","25.65","15.71","9.94","24.84","15.14","9.7","0.81","0.57","0.24","351.6","93.83","445.43"
"162","1991","10","Rajasthan","Sirohi","654.03","335.52","318.51","526.45","267.94","258.51","127.58","67.58","60.0","153.01","78.93","74.08","142.83","73.52","69.3","10.18","5.4","4.78","125.86","66.01","59.85","101.97","53.32","48.65","23.9","12.69","11.21","167.37","123.81","43.56","96.53","77.42","19.11","70.83","46.39","24.45","82.1","68.9","13.2","80.2","67.3","12.9","1.8","1.6","0.2","43.0","24.1","18.9","41.0","22.6","18.4","1.9","1.4","0.5","402.95","125.1","528.05"
"162","2001","10","Rajasthan","Sirohi","850.76","437.53","413.22","700.01","356.85","343.16","150.74","80.68","70.06","210.76","108.0","103.0","197.19","-1.0","-1.0","13.58","-1.0","-1.0","162.98","85.0","78.0","134.63","-1.0","-1.0","28.36","-1.0","-1.0","372.05","247.46","124.6","272.28","186.11","86.16","99.78","61.34","38.43","111.53","69.15","42.38","110.58","68.44","42.13","0.96","0.7","0.25","62.06","20.06","42.0","61.29","19.75","41.55","0.77","0.32","0.46","507.2","173.6","680.8"
"162","2011","10","Rajasthan","Sirohi","1036.35","534.23","502.12","827.69","424.25","403.44","208.65","109.98","98.68","292.47","148.97","143.5","272.92","138.71","134.2","19.55","10.25","9.3","201.86","104.9","96.96","160.94","83.56","77.38","40.92","21.34","19.59","476.81","309.9","166.91","333.01","224.11","108.9","143.8","85.79","58.01","124.08","80.57","43.51","121.67","78.73","42.94","2.41","1.84","0.58","97.82","39.39","58.43","95.14","38.0","57.14","2.68","1.4","1.29","616.52","221.9","838.42"
"163","1961","10","Rajasthan","Tonk","497.73","260.59","237.14","424.34","222.15","202.19","73.39","38.44","34.95","57.7","30.77","26.93","56.66","30.2","26.45","1.04","0.56","0.48","105.75","54.72","51.03","93.02","48.16","44.87","12.73","6.57","6.17","56.62","47.45","9.17","36.82","32.41","4.41","19.81","15.04","4.77","198.41","111.16","87.25","194.06","107.94","86.12","4.35","3.22","1.13","10.12","5.46","4.66","9.58","5.21","4.37","0.54","0.25","0.29","233.45","208.54","441.99"
"163","1971","10","Rajasthan","Tonk","625.49","327.58","297.91","516.35","270.13","246.21","109.15","57.44","51.7","71.18","38.0","33.0","70.68","37.55","33.13","0.5","0.32","0.19","123.0","63.0","60.0","105.77","54.27","51.5","17.4","9.1","8.31","95.91","77.99","17.93","60.29","52.05","8.24","35.62","25.94","9.68","147.43","123.9","23.53","141.69","119.16","22.52","5.75","4.74","1.0","16.71","10.03","6.68","14.94","8.93","6.01","1.77","1.1","0.67","413.84","164.14","577.98"
"163","1981","10","Rajasthan","Tonk","783.64","406.53","377.11","639.79","331.03","308.76","143.84","75.5","68.34","92.48","48.61","43.87","91.52","47.96","43.56","0.96","0.65","0.31","161.69","83.5","78.18","136.22","70.27","65.95","25.46","13.23","12.23","161.14","129.92","31.23","105.65","90.96","14.69","55.49","38.96","16.53","165.08","130.86","34.22","159.41","126.04","33.37","5.68","4.82","0.85","20.42","11.38","9.04","18.71","10.16","8.55","1.71","1.23","0.48","461.47","185.5","646.97"
"163","1991","10","Rajasthan","Tonk","975.01","506.93","468.08","784.59","407.43","377.16","190.42","99.5","90.92","115.95","61.09","54.86","113.97","59.88","54.09","1.98","1.21","0.76","196.94","102.36","94.57","163.72","85.11","78.61","33.22","17.26","15.96","263.42","206.23","57.19","178.11","149.42","28.68","85.31","56.8","28.51","209.6","144.0","65.6","202.9","138.8","64.1","6.7","5.2","1.5","42.2","22.3","20.0","39.1","20.1","19.0","3.1","2.1","1.0","570.03","251.8","821.83"
"163","2001","10","Rajasthan","Tonk","1211.34","625.72","585.62","958.23","495.6","462.63","253.11","130.12","123.0","145.89","76.0","70.0","143.2","-1.0","-1.0","2.69","-1.0","-1.0","233.08","121.0","112.0","193.32","-1.0","-1.0","39.77","-1.0","-1.0","519.81","364.6","155.22","373.45","276.65","96.8","146.36","87.94","58.42","310.3","161.3","149.0","301.95","156.44","145.51","8.35","4.86","3.49","56.79","18.73","38.06","54.16","17.39","36.77","2.63","1.34","1.29","678.99","367.09","1046.08"
"163","2011","10","Rajasthan","Tonk","1421.33","728.14","693.19","1103.6","568.05","535.56","317.72","160.09","157.63","178.21","92.68","85.53","173.95","90.45","83.5","4.26","2.23","2.03","287.9","148.11","139.79","235.98","121.39","114.59","51.93","26.72","25.21","749.66","478.33","271.33","546.7","364.53","182.17","202.96","113.8","89.16","326.08","172.87","153.21","318.26","168.04","150.22","7.83","4.84","2.99","113.43","42.33","71.09","107.67","39.36","68.31","5.76","2.97","2.79","772.17","439.51","1211.68"
"164","1961","10","Rajasthan","Udaipur","1464.28","755.35","708.93","1304.28","669.55","634.73","160.0","85.8","74.2","441.71","225.31","216.41","435.99","222.05","213.94","5.72","3.26","2.46","127.46","65.6","61.86","113.42","58.23","55.19","14.04","7.37","6.67","199.08","162.3","36.78","123.93","109.77","14.16","75.15","52.53","22.61","615.56","350.33","265.23","611.15","347.64","263.51","4.41","2.68","1.73","13.41","6.9","6.51","12.78","6.56","6.22","0.63","0.34","0.29","690.72","628.98","1319.7"
"164","1971","10","Rajasthan","Udaipur","1808.58","921.22","887.36","1584.62","801.14","783.47","223.96","120.07","103.89","607.11","308.0","299.0","601.06","304.91","296.15","6.05","3.47","2.58","140.0","72.0","68.0","122.84","62.9","59.95","17.13","8.91","8.23","312.4","245.4","67.0","199.85","171.16","28.69","112.55","74.23","38.31","405.26","363.34","41.92","378.8","338.38","40.42","26.45","24.96","1.49","38.45","23.61","14.84","33.92","19.45","14.47","4.54","4.17","0.37","1227.2","443.71","1670.91"
"164","1981","10","Rajasthan","Udaipur","2356.96","1191.91","1165.05","2001.84","1003.57","998.27","355.12","188.34","166.78","809.16","406.63","402.52","792.92","397.62","395.3","16.23","9.02","7.22","193.47","98.42","95.04","158.07","80.06","78.01","35.39","18.36","17.03","518.86","393.51","125.35","316.05","264.04","52.01","202.81","129.47","73.34","462.95","407.99","54.96","454.8","400.92","53.87","8.16","7.07","1.09","40.05","23.59","16.46","38.31","22.41","15.9","1.75","1.18","0.56","1423.54","503.0","1926.54"
"164","1991","10","Rajasthan","Udaipur","2889.3","1470.03","1419.27","2395.28","1208.78","1186.5","494.02","261.25","232.77","1063.07","539.81","523.26","1035.57","524.56","511.01","27.5","15.25","12.25","240.26","123.4","116.86","187.85","96.13","91.72","52.42","27.28","25.14","808.53","588.78","219.75","499.96","400.62","99.34","308.57","188.16","120.41","567.5","452.2","115.3","557.3","444.9","112.4","10.2","7.3","2.9","97.5","53.8","43.6","94.3","51.8","42.5","3.2","2.0","1.1","1638.73","665.0","2303.73"
"164","2001","10","Rajasthan","Udaipur","3618.48","1827.75","1790.73","2999.66","1503.45","1496.21","618.82","324.3","294.52","1389.63","701.0","689.0","1353.92","-1.0","-1.0","35.71","-1.0","-1.0","280.76","143.0","138.0","217.07","-1.0","-1.0","63.68","-1.0","-1.0","1725.51","1106.38","619.13","1265.98","843.78","422.21","459.53","262.61","196.92","747.3","409.82","337.48","740.76","405.68","335.08","6.54","4.14","2.4","173.75","59.27","114.48","171.63","58.26","113.37","2.12","1.01","1.11","2117.6","921.05","3038.65"
"164","2011","10","Rajasthan","Udaipur","4511.41","2292.59","2218.81","3695.46","1870.67","1824.81","815.95","421.94","394.01","1867.74","945.7","922.04","1813.02","917.2","895.82","54.72","28.51","26.21","356.64","181.98","174.65","260.83","132.59","128.23","95.8","49.39","46.42","2334.27","1439.31","894.96","1711.12","1093.64","617.49","623.15","345.69","277.47","847.81","481.96","365.85","836.17","475.27","360.9","11.64","6.68","4.95","441.51","165.34","276.15","432.17","161.02","271.16","9.33","4.34","5.0","2435.97","1289.32","3725.29"
"165","1961","9","Punjab","Gurdaspur","987.99","530.11","457.89","788.6","418.23","370.37","199.39","111.88","87.51","0.0","0.0","0.0","0.0","0.0","0.0","0.0","0.0","0.0","193.51","103.07","90.43","170.45","90.43","80.02","23.06","12.64","10.41","249.54","178.19","71.36","154.58","114.24","40.34","94.96","63.95","31.02","118.05","115.67","2.38","116.34","113.99","2.35","1.71","1.68","0.03","23.09","22.37","0.72","22.88","22.15","0.72","0.21","0.21","0.0","696.74","141.14","837.88"
"165","1971","9","Punjab","Gurdaspur","1219.96","641.51","578.46","971.83","509.83","462.0","248.13","131.68","116.46","-1.0","-1.0","-1.0","-1.0","-1.0","-1.0","-1.0","-1.0","-1.0","267.11","141.42","125.68","225.17","118.9","106.27","41.94","22.52","19.41","415.0","264.0","151.0","288.29","187.95","100.33","126.45","76.12","50.34","125.0","125.17","0.15","122.85","122.7","0.15","2.47","2.47","0.01","60.87","60.33","0.53","59.02","58.51","0.51","1.85","1.82","0.02","965.0","185.87","1150.87"
"165","1981","9","Punjab","Gurdaspur","1513.44","793.48","719.95","1185.17","621.04","564.13","328.27","172.45","155.82","0.0","0.0","0.0","0.0","0.0","0.0","0.0","0.0","0.0","358.54","189.83","168.71","298.01","157.49","140.53","60.53","32.35","28.18","658.21","399.07","259.15","474.26","292.44","181.82","183.95","106.63","77.32","131.66","131.2","0.46","129.11","128.7","0.41","2.55","2.5","0.05","93.3","90.75","2.55","89.29","86.87","2.42","4.01","3.88","0.12","1111.34","224.96","1336.3"
"165","1991","9","Punjab","Gurdaspur","1756.73","923.34","833.39","1370.32","719.48","650.84","386.41","203.87","182.55","0.0","0.0","0.0","0.0","0.0","0.0","0.0","0.0","0.0","433.83","229.81","204.02","347.34","183.91","163.43","86.48","45.9","40.58","907.67","535.24","372.43","666.86","397.81","269.04","240.82","137.43","103.39","145.4","143.9","1.5","140.9","139.6","1.3","4.4","4.3","0.2","126.6","124.3","2.3","120.2","118.0","2.2","6.5","6.4","0.1","1390.79","272.0","1662.79"
"165","2001","9","Punjab","Gurdaspur","2096.89","1110.41","986.48","1563.07","824.63","738.44","533.82","285.78","248.04","0.0","0.0","0.0","0.0","0.0","0.0","0.0","0.0","0.0","520.69","273.44","247.25","410.17","215.27","194.89","110.52","58.17","52.36","1354.83","770.45","584.38","959.47","549.09","410.38","395.36","221.36","174.0","142.77","130.65","12.12","138.83","126.86","11.97","3.94","3.79","0.15","101.96","82.81","19.15","97.35","78.89","18.46","4.61","3.93","0.68","1396.33","244.73","1641.06"
"165","2011","9","Punjab","Gurdaspur","2298.32","1212.62","1085.71","1639.0","855.78","783.22","659.32","356.83","302.49","0.0","0.0","0.0","0.0","0.0","0.0","0.0","0.0","0.0","580.58","304.89","275.68","435.93","228.54","207.39","144.65","76.35","68.29","1634.72","907.66","727.06","1116.54","616.85","499.69","518.18","290.81","227.37","147.91","133.73","14.18","143.26","129.62","13.64","4.65","4.11","0.54","100.68","87.82","12.86","93.81","81.84","11.98","6.87","5.98","0.89","1541.19","248.59","1789.78"
"166","1961","9","Punjab","Amritsar","1534.92","827.82","707.1","1070.89","570.44","500.45","464.02","257.38","206.65","0.0","0.0","0.0","0.0","0.0","0.0","0.0","0.0","0.0","305.16","161.7","143.46","255.78","134.74","121.04","49.38","26.96","22.42","456.14","304.73","151.41","219.57","156.26","63.31","236.57","148.47","88.1","167.17","164.92","2.25","163.98","161.78","2.2","3.19","3.14","0.05","43.52","42.27","1.25","41.9","40.68","1.22","1.63","1.59","0.03","1076.92","210.69","1287.61"
"166","1971","9","Punjab","Amritsar","1822.61","976.36","846.25","1291.66","687.63","604.02","530.95","288.73","242.22","-1.0","-1.0","-1.0","-1.0","-1.0","-1.0","-1.0","-1.0","-1.0","418.74","224.79","193.96","350.07","187.37","162.7","68.67","37.42","31.26","637.0","396.0","241.0","341.26","220.88","120.38","295.31","175.08","120.23","187.79","187.48","0.31","184.2","183.89","0.31","3.59","3.58","0.0","107.01","105.63","1.38","103.08","101.76","1.32","3.93","3.87","0.05","1445.39","294.8","1740.19"
"166","1981","9","Punjab","Amritsar","2188.49","1169.89","1018.6","1466.86","781.99","684.87","721.63","387.89","333.74","0.0","0.0","0.0","0.0","0.0","0.0","0.0","0.0","0.0","573.39","308.35","265.04","452.19","242.6","209.59","121.2","65.76","55.45","898.31","547.87","350.44","489.72","311.09","178.63","408.59","236.78","171.81","204.13","203.38","0.75","196.82","196.38","0.43","7.31","6.99","0.32","144.25","137.99","6.27","134.17","128.35","5.82","10.08","9.64","0.45","1539.75","348.38","1888.13"
"166","1991","9","Punjab","Amritsar","2504.56","1337.5","1167.06","1650.73","882.33","768.4","853.83","455.18","398.66","0.0","0.0","0.0","0.0","0.0","0.0","0.0","0.0","0.0","701.44","376.0","325.45","539.47","289.25","250.22","161.97","86.74","75.23","1209.78","722.86","486.92","678.24","420.99","257.25","531.53","301.87","229.67","224.0","222.3","1.7","215.5","213.9","1.6","8.5","8.4","0.0","191.0","184.1","6.9","170.9","164.7","6.1","20.1","19.4","0.7","1973.34","415.0","2388.34"
"166","2001","9","Punjab","Amritsar","3074.21","1640.02","1434.18","1844.65","978.76","865.89","1229.56","661.26","568.3","0.0","0.0","0.0","0.0","0.0","0.0","0.0","0.0","0.0","885.17","466.09","419.08","627.16","329.05","298.12","258.01","137.04","120.97","1808.81","1038.14","770.67","959.89","564.53","395.36","848.92","473.61","375.31","240.81","209.31","31.49","231.11","200.08","31.03","9.7","9.23","0.47","190.62","138.02","52.59","177.88","127.61","50.27","12.74","10.42","2.32","1962.01","431.42","2393.43"
"166","2011","9","Punjab","Amritsar","3610.29","1907.78","1702.51","2133.88","1121.59","1012.29","1476.41","786.19","690.22","0.0","0.0","0.0","0.0","0.0","0.0","0.0","0.0","0.0","1148.33","604.7","543.64","804.54","423.07","381.47","343.79","181.62","162.17","2350.93","1309.41","1041.53","1259.56","709.21","550.36","1091.37","600.21","491.17","240.47","217.57","22.91","229.96","208.8","21.15","10.51","8.76","1.75","202.82","160.45","42.37","185.72","146.27","39.46","17.1","14.18","2.91","2311.73","443.29","2755.02"
"167","1961","9","Punjab","Kapurthala","343.78","182.3","161.48","264.56","139.55","125.01","79.22","42.75","36.47","0.0","0.0","0.0","0.0","0.0","0.0","0.0","0.0","0.0","72.76","38.59","34.17","61.75","32.71","29.04","11.01","5.88","5.13","100.92","68.48","32.45","61.04","43.73","17.32","39.88","24.75","15.13","49.08","47.85","1.23","47.43","46.26","1.17","1.65","1.59","0.06","4.84","4.77","0.07","4.63","4.56","0.07","0.21","0.21","0.0","245.29","53.92","299.21"
"167","1971","9","Punjab","Kapurthala","427.05","224.92","202.13","331.52","173.44","158.07","95.53","51.47","44.06","-1.0","-1.0","-1.0","-1.0","-1.0","-1.0","-1.0","-1.0","-1.0","106.2","56.69","49.51","88.35","47.0","41.35","17.85","9.69","8.16","149.0","94.0","55.0","99.63","64.37","35.26","49.17","29.27","19.9","54.28","54.24","0.04","52.84","52.81","0.03","1.44","1.42","0.02","17.92","17.8","0.12","17.29","17.18","0.11","0.63","0.63","0.01","337.22","72.2","409.42"
"167","1981","9","Punjab","Kapurthala","545.25","287.29","257.96","381.83","198.95","182.88","163.42","88.34","75.08","0.0","0.0","0.0","0.0","0.0","0.0","0.0","0.0","0.0","147.15","77.9","69.25","117.35","61.83","55.52","29.81","16.07","13.73","244.02","145.85","98.17","153.69","92.98","60.7","90.87","52.86","38.01","55.01","54.78","0.23","51.32","51.09","0.22","3.7","3.68","0.01","28.26","26.88","1.38","25.99","24.91","1.08","2.27","1.97","0.3","389.48","83.27","472.75"
"167","1991","9","Punjab","Kapurthala","646.65","341.03","305.62","480.04","251.3","228.74","166.61","89.73","76.87","0.0","0.0","0.0","0.0","0.0","0.0","0.0","0.0","0.0","190.48","100.93","89.55","152.21","80.53","71.68","38.27","20.4","17.87","344.01","200.34","143.67","236.9","138.69","98.2","107.11","61.65","45.46","60.8","59.4","1.4","59.0","57.7","1.3","1.8","1.8","0.1","40.8","37.8","2.9","37.6","34.8","2.8","3.1","3.0","0.1","513.96","101.6","615.56"
"167","2001","9","Punjab","Kapurthala","752.29","398.88","353.41","507.15","265.89","241.26","245.14","132.99","112.15","0.0","0.0","0.0","0.0","0.0","0.0","0.0","0.0","0.0","225.79","119.16","106.62","173.3","91.25","82.05","52.49","27.92","24.57","486.66","273.56","213.1","312.87","175.37","137.5","173.79","98.18","75.61","59.5","53.78","5.72","55.55","50.28","5.27","3.95","3.5","0.45","35.36","27.62","7.74","31.89","24.67","7.22","3.47","2.95","0.53","489.55","94.86","584.4"
"167","2011","9","Punjab","Kapurthala","815.17","426.31","388.86","532.71","275.93","256.77","282.46","150.38","132.08","0.0","0.0","0.0","0.0","0.0","0.0","0.0","0.0","0.0","276.71","143.9","132.81","212.01","110.17","101.85","64.69","33.73","30.96","576.57","316.25","260.31","360.78","196.92","163.86","215.79","119.34","96.46","55.25","50.98","4.27","52.59","48.58","4.0","2.67","2.4","0.27","42.39","33.24","9.14","38.61","30.38","8.23","3.77","2.86","0.91","531.0","97.64","628.64"
"168","1961","9","Punjab","Jalandhar","1227.37","655.49","571.87","877.38","462.49","414.89","349.99","193.01","156.98","0.0","0.0","0.0","0.0","0.0","0.0","0.0","0.0","0.0","363.11","193.66","169.44","299.16","159.1","140.06","63.95","34.56","29.39","413.01","277.07","135.94","229.3","159.97","69.34","183.71","117.1","66.61","122.73","117.49","5.25","119.67","114.55","5.12","3.06","2.93","0.12","26.7","26.28","0.41","25.65","25.28","0.36","1.05","1.0","0.05","875.29","149.43","1024.72"
"168","1971","9","Punjab","Jalandhar","1446.31","766.27","680.04","1008.75","532.66","476.08","437.56","233.61","203.96","-1.0","-1.0","-1.0","-1.0","-1.0","-1.0","-1.0","-1.0","-1.0","477.85","256.41","221.44","379.45","203.54","175.91","98.4","52.87","45.53","596.77","370.6","226.17","353.14","226.74","126.4","243.63","143.86","99.77","127.39","126.69","0.7","123.67","122.97","0.69","3.73","3.72","0.01","67.76","66.98","0.78","63.1","62.39","0.71","4.66","4.59","0.07","1175.55","195.15","1370.7"
"168","1981","9","Punjab","Jalandhar","1734.57","916.38","818.2","1121.98","589.04","532.95","612.59","327.34","285.25","0.0","0.0","0.0","0.0","0.0","0.0","0.0","0.0","0.0","629.3","334.61","294.69","467.66","247.86","219.8","161.64","86.75","74.89","853.02","505.64","347.38","493.76","298.65","196.11","358.26","206.99","151.27","125.52","124.88","0.65","120.37","119.76","0.61","5.15","5.12","0.04","101.22","94.83","6.39","93.89","87.77","6.12","7.33","7.07","0.26","1249.1","226.74","1475.84"
"168","1991","9","Punjab","Jalandhar","2026.79","1067.09","959.69","1297.99","680.52","617.47","728.8","386.57","342.23","0.0","0.0","0.0","0.0","0.0","0.0","0.0","0.0","0.0","792.1","420.61","371.49","578.45","306.85","271.6","213.64","113.76","99.89","1178.54","677.94","500.6","704.97","411.44","293.53","473.56","266.5","207.07","134.5","133.3","1.2","129.3","128.3","1.0","5.2","5.0","0.2","131.9","125.0","6.9","119.8","113.4","6.4","12.1","11.6","0.5","1644.0","266.4","1910.4"
"168","2001","9","Punjab","Jalandhar","2311.36","1224.76","1086.6","1335.01","700.21","634.8","976.35","524.55","451.8","0.0","0.0","0.0","0.0","0.0","0.0","0.0","0.0","0.0","884.73","465.22","419.53","600.36","315.0","285.36","284.38","150.23","134.16","1594.12","891.38","702.74","879.94","495.24","384.7","714.19","396.14","318.05","129.38","115.46","13.92","124.31","110.71","13.6","5.07","4.75","0.33","91.09","70.02","21.07","83.0","63.21","19.79","8.09","6.81","1.28","1473.66","220.47","1694.13"
"168","2011","9","Punjab","Jalandhar","2567.1","1336.32","1230.78","1329.42","680.14","649.29","1237.68","656.17","581.5","0.0","0.0","0.0","0.0","0.0","0.0","0.0","0.0","0.0","1013.21","523.27","489.94","645.2","330.65","314.56","368.01","192.63","175.38","1890.0","1028.47","861.53","938.95","507.92","431.03","951.04","520.54","430.51","111.69","101.93","9.75","104.32","95.75","8.58","7.35","6.19","1.17","80.46","62.67","17.79","71.62","55.77","15.85","8.85","6.9","1.95","1667.99","192.15","1860.14"
"169","1961","9","Punjab","Hoshiarpur","1233.49","649.34","584.15","1087.19","566.48","520.72","146.3","82.87","63.43","0.0","0.0","0.0","0.0","0.0","0.0","0.0","0.0","0.0","299.31","161.02","138.29","281.1","150.45","130.65","18.21","10.57","7.65","355.68","256.06","99.62","279.12","206.04","73.08","76.56","50.02","26.54","226.21","180.71","45.49","223.49","178.25","45.25","2.71","2.47","0.25","14.49","13.91","0.57","14.06","13.5","0.56","0.43","0.42","0.01","836.82","240.69","1077.51"
"169","1971","9","Punjab","Hoshiarpur","1035.9","537.78","498.12","908.66","469.66","439.0","127.24","68.13","59.11","-1.0","-1.0","-1.0","-1.0","-1.0","-1.0","-1.0","-1.0","-1.0","303.52","161.86","141.67","282.75","150.63","132.13","20.77","11.23","9.54","416.35","264.76","151.59","341.65","220.1","121.55","74.7","44.66","30.04","119.2","118.8","0.4","117.12","116.73","0.39","2.08","2.07","0.01","48.32","47.82","0.49","46.87","46.42","0.44","1.45","1.4","0.05","809.37","167.52","976.89"
"169","1981","9","Punjab","Hoshiarpur","1243.81","649.57","594.24","1064.19","553.56","510.63","179.62","96.01","83.61","0.0","0.0","0.0","0.0","0.0","0.0","0.0","0.0","0.0","383.52","202.62","180.91","343.63","181.28","162.36","39.89","21.34","18.55","623.08","378.32","244.77","513.92","313.76","200.17","109.16","64.56","44.6","118.15","117.08","1.07","115.4","114.37","1.03","2.75","2.71","0.04","70.2","66.22","3.98","66.15","62.32","3.83","4.05","3.91","0.15","915.6","188.35","1103.95"
"169","1991","9","Punjab","Hoshiarpur","1455.03","758.13","696.9","1232.89","640.57","592.32","222.14","117.56","104.58","0.0","0.0","0.0","0.0","0.0","0.0","0.0","0.0","0.0","484.88","255.95","228.93","428.68","226.18","202.5","56.2","29.77","26.43","870.74","507.06","363.68","721.26","422.65","298.61","149.48","84.41","65.07","123.3","121.3","2.0","120.2","118.2","2.0","3.1","3.1","0.0","95.4","91.0","4.5","89.1","84.8","4.3","6.3","6.1","0.2","1150.02","218.7","1368.72"
"169","2001","9","Punjab","Hoshiarpur","1706.83","883.32","823.51","1384.62","712.85","671.78","322.21","170.48","151.74","0.0","0.0","0.0","0.0","0.0","0.0","0.0","0.0","0.0","600.23","311.33","288.9","514.88","266.6","248.28","85.35","44.72","40.63","1211.96","665.48","546.48","964.46","529.7","434.77","247.5","135.78","111.72","145.02","116.85","28.17","141.37","113.65","27.72","3.65","3.2","0.45","97.35","66.81","30.55","94.11","64.25","29.86","3.24","2.55","0.69","1090.64","242.37","1333.01"
"169","2011","9","Punjab","Hoshiarpur","1825.43","931.24","894.19","1441.55","731.24","710.31","383.88","200.01","183.87","0.0","0.0","0.0","0.0","0.0","0.0","0.0","0.0","0.0","659.01","336.21","322.81","548.07","278.61","269.46","110.96","57.6","53.35","1370.7","731.2","639.5","1070.62","570.19","500.42","300.08","161.01","139.07","106.39","96.73","9.65","103.23","93.89","9.34","3.16","2.84","0.33","83.19","65.96","17.23","78.44","62.03","16.4","4.75","3.93","0.83","1245.91","189.58","1435.49"
"170","1971","9","Punjab","Roopnagar / Ropar","542.06","291.24","250.82","459.56","246.57","212.99","82.5","44.67","37.83","-1.0","-1.0","-1.0","-1.0","-1.0","-1.0","-1.0","-1.0","-1.0","123.23","67.78","55.44","110.12","60.54","49.58","13.11","7.24","5.86","203.32","135.52","67.8","156.42","107.03","49.39","46.9","28.5","18.41","70.6","70.34","0.27","69.63","69.37","0.26","0.97","0.97","0.0","23.9","23.49","0.41","23.0","22.6","0.41","0.9","0.89","0.0","415.55","94.5","510.05"
"170","1981","9","Punjab","Roopnagar / Ropar","716.66","385.09","331.58","562.02","301.23","260.79","154.64","83.86","70.78","0.0","0.0","0.0","0.0","0.0","0.0","0.0","0.0","0.0","174.73","94.88","79.85","147.93","80.27","67.66","26.8","14.61","12.19","344.54","215.41","129.13","246.08","157.15","88.93","98.46","58.26","40.2","72.62","71.69","0.93","71.03","70.12","0.91","1.59","1.57","0.02","33.83","32.74","1.09","31.96","30.94","1.02","1.87","1.79","0.08","510.1","106.45","616.55"
"170","1991","9","Punjab","Roopnagar / Ropar","915.6","489.67","425.93","683.29","365.45","317.84","232.32","124.23","108.09","0.0","0.0","0.0","0.0","0.0","0.0","0.0","0.0","0.0","224.98","121.13","103.85","185.87","100.21","85.66","39.11","20.92","18.19","523.54","314.65","208.89","364.02","223.63","140.39","159.52","91.02","68.51","77.7","76.1","1.5","75.8","74.4","1.4","1.8","1.7","0.1","42.8","41.9","0.8","40.7","39.9","0.7","2.1","2.0","0.1","721.74","120.5","842.24"
"170","2001","9","Punjab","Roopnagar / Ropar","1110.0","593.64","516.36","749.66","401.09","348.57","360.34","192.55","167.79","0.0","0.0","0.0","0.0","0.0","0.0","0.0","0.0","0.0","237.2","125.92","111.29","187.62","99.67","87.95","49.6","26.25","23.35","763.33","436.43","326.9","486.46","282.36","204.09","276.88","154.07","122.81","94.22","73.46","20.75","91.76","71.21","20.54","2.46","2.25","0.21","35.06","29.26","5.8","33.49","27.79","5.71","1.57","1.48","0.09","727.42","129.28","856.7"
"170","2011","9","Punjab","Roopnagar / Ropar","1181.95","622.12","559.83","731.83","384.58","347.25","450.12","237.54","212.58","0.0","0.0","0.0","0.0","0.0","0.0","0.0","0.0","0.0","289.03","151.52","137.5","204.96","107.52","97.45","84.07","44.02","40.05","871.02","483.5","387.52","521.71","292.65","229.07","349.32","190.87","158.45","66.08","56.85","9.23","62.85","54.04","8.81","3.23","2.81","0.42","32.42","26.84","5.58","29.44","24.32","5.12","2.99","2.52","0.46","770.27","98.5","868.77"
"171","1961","9","Punjab","Ludhiana","1022.52","551.3","471.22","707.78","380.47","327.31","314.74","170.83","143.91","0.0","0.0","0.0","0.0","0.0","0.0","0.0","0.0","0.0","228.59","122.79","105.79","198.87","106.49","92.38","29.72","16.31","13.42","371.25","242.24","129.01","201.96","137.91","64.05","169.29","104.33","64.97","106.77","101.96","4.81","104.7","99.97","4.73","2.07","1.99","0.08","23.02","22.83","0.19","22.32","22.15","0.18","0.7","0.69","0.01","727.5","129.79","857.29"
"171","1971","9","Punjab","Ludhiana","1410.17","760.19","649.98","916.14","489.23","426.91","494.03","270.96","223.07","-1.0","-1.0","-1.0","-1.0","-1.0","-1.0","-1.0","-1.0","-1.0","337.32","183.43","153.89","285.27","154.82","130.45","52.05","28.61","23.44","598.85","368.65","230.2","320.39","201.14","119.25","278.46","167.51","110.96","140.48","140.36","0.11","137.8","137.7","0.1","2.68","2.66","0.02","78.89","77.78","1.11","75.39","74.31","1.08","3.51","3.48","0.03","1126.02","219.37","1345.39"
"171","1981","9","Punjab","Ludhiana","1818.91","978.28","840.64","1054.77","561.23","493.54","764.14","417.05","347.09","0.0","0.0","0.0","0.0","0.0","0.0","0.0","0.0","0.0","458.01","246.67","211.34","351.16","188.45","162.71","106.85","58.22","48.63","920.45","549.34","371.11","460.86","279.79","181.07","459.58","269.54","190.04","145.21","144.65","0.56","138.07","137.58","0.49","7.14","7.07","0.07","97.15","93.76","3.39","87.85","84.74","3.11","9.29","9.02","0.28","1266.14","242.36","1508.5"
"171","1991","9","Punjab","Ludhiana","2471.59","1340.04","1131.56","1228.81","654.06","574.76","1242.78","685.98","556.8","0.0","0.0","0.0","0.0","0.0","0.0","0.0","0.0","0.0","611.4","329.01","282.39","434.04","233.04","201.0","177.36","95.97","81.39","1403.64","821.67","581.97","653.61","386.79","266.82","750.03","434.88","315.15","154.5","154.1","0.5","145.8","145.4","0.4","8.7","8.7","0.1","128.7","126.3","2.5","104.8","102.7","2.2","23.9","23.6","0.3","2076.51","283.2","2359.71"
"171","2001","9","Punjab","Ludhiana","3111.32","1705.07","1406.25","1397.79","745.02","652.77","1713.52","960.05","753.47","0.0","0.0","0.0","0.0","0.0","0.0","0.0","0.0","0.0","782.72","417.06","365.65","510.81","270.37","240.44","271.9","146.69","125.21","2095.56","1202.6","892.97","893.96","509.38","384.58","1201.61","693.22","508.39","141.01","133.17","7.84","133.24","125.77","7.47","7.77","7.4","0.37","96.52","83.18","13.35","84.24","72.32","11.92","12.28","10.86","1.43","1930.76","237.53","2168.29"
"171","2011","9","Punjab","Ludhiana","3588.76","1915.94","1672.83","1491.23","786.45","704.78","2097.53","1129.48","968.05","0.0","0.0","0.0","0.0","0.0","0.0","0.0","0.0","0.0","952.23","503.12","449.11","582.66","306.41","276.24","369.58","196.71","172.87","2624.13","1464.16","1159.98","1045.32","581.44","463.88","1578.81","882.72","696.09","147.38","135.02","12.35","136.69","126.48","10.22","10.69","8.55","2.14","101.86","84.47","17.38","87.94","73.48","14.47","13.91","10.99","2.92","2271.73","249.24","2520.97"
"172","1961","9","Punjab","Ferozpur","1619.12","876.37","742.74","1294.16","696.7","597.46","324.96","179.67","145.29","0.0","0.0","0.0","0.0","0.0","0.0","0.0","0.0","0.0","314.54","172.47","142.07","266.57","146.44","120.14","47.97","26.04","21.93","365.19","266.5","98.69","217.32","166.82","50.5","147.87","99.68","48.19","294.78","247.99","46.79","287.1","240.99","46.1","7.69","7.0","0.69","73.04","66.25","6.79","70.86","64.14","6.71","2.19","2.11","0.08","1064.1","367.83","1431.93"
"172","1971","9","Punjab","Ferozpur","1899.99","1013.56","886.43","1522.08","811.75","710.33","377.91","201.81","176.09","-1.0","-1.0","-1.0","-1.0","-1.0","-1.0","-1.0","-1.0","-1.0","434.4","234.28","200.12","372.35","200.67","171.68","62.05","33.61","28.44","524.73","345.57","179.17","339.86","232.29","107.57","184.87","113.28","71.59","277.17","276.5","0.67","268.9","268.27","0.63","8.27","8.23","0.04","136.11","134.17","1.94","129.23","127.39","1.84","6.88","6.78","0.1","1416.49","413.28","1829.77"
"172","1981","9","Punjab","Ferozpur","2370.44","1258.9","1111.54","1818.55","966.29","852.26","552.63","292.61","259.28","0.0","0.0","0.0","0.0","0.0","0.0","0.0","0.0","0.0","609.94","327.24","282.7","496.21","266.6","229.61","113.73","60.63","53.09","778.92","496.7","282.22","499.36","330.66","168.7","279.56","166.04","113.52","312.05","309.08","2.97","301.45","298.51","2.94","10.61","10.57","0.03","186.32","178.05","7.53","175.46","167.19","8.27","11.02","10.86","0.16","1650.54","498.37","2148.91"
"172","1991","9","Punjab","Ferozpur","2888.67","1529.32","1359.34","2178.79","1153.16","1025.63","709.88","376.17","333.71","0.0","0.0","0.0","0.0","0.0","0.0","0.0","0.0","0.0","786.99","420.56","366.42","632.86","338.76","294.1","154.12","81.81","72.31","1161.9","715.76","446.14","765.11","485.61","279.49","396.8","230.15","166.64","346.8","339.7","7.1","334.0","327.1","7.0","13.0","12.7","0.2","257.7","238.8","18.9","239.3","221.2","18.1","18.3","17.6","0.8","2170.74","604.5","2775.24"
"172","2001","9","Punjab","Ferozpur","3384.21","1796.67","1587.54","2517.14","1332.86","1184.28","867.07","463.81","403.26","0.0","0.0","0.0","0.0","0.0","0.0","0.0","0.0","0.0","973.94","515.17","458.76","772.75","409.59","363.16","201.19","105.59","95.62","1804.03","1059.38","744.65","1232.58","734.37","498.21","571.44","325.01","246.43","398.05","338.23","59.82","385.48","326.45","59.03","12.57","11.78","0.79","339.04","243.42","95.62","324.72","231.21","93.51","14.32","12.21","2.11","2085.75","737.09","2822.84"
"172","2011","9","Punjab","Ferozpur","3890.29","2054.52","1835.78","2822.34","1485.63","1336.7","1067.96","568.88","499.08","0.0","0.0","0.0","0.0","0.0","0.0","0.0","0.0","0.0","1584.85","829.86","754.99","1282.3","671.0","611.29","302.55","158.86","143.71","2362.69","1346.96","1015.73","1620.01","930.47","689.55","742.68","416.49","326.18","362.94","325.55","37.38","348.71","312.45","36.26","14.23","13.1","1.13","411.1","302.85","108.24","394.32","288.97","105.35","16.78","13.89","2.89","2455.71","774.04","3229.75"
"174","1961","9","Punjab","Bhatinda","1055.18","574.55","480.63","831.7","452.73","378.97","223.48","121.82","101.66","0.0","0.0","0.0","0.0","0.0","0.0","0.0","0.0","0.0","265.53","141.73","123.8","224.29","119.21","105.07","41.24","22.52","18.73","199.66","153.96","45.7","117.59","97.18","20.4","82.07","56.78","25.29","203.7","176.88","26.82","192.66","167.01","25.65","11.04","9.87","1.17","44.09","40.48","3.61","41.78","38.36","3.42","2.31","2.12","0.19","694.43","247.78","942.21"
"174","1971","9","Punjab","Bhatinda","1313.68","706.77","606.91","1051.28","566.27","485.01","262.4","140.49","121.91","-1.0","-1.0","-1.0","-1.0","-1.0","-1.0","-1.0","-1.0","-1.0","354.58","191.7","162.88","303.46","163.94","139.52","51.12","27.76","23.36","307.02","212.45","94.56","189.28","138.27","51.02","117.73","74.19","43.55","214.49","214.13","0.36","205.4","205.07","0.33","9.09","9.06","0.03","90.06","89.26","0.81","84.7","83.94","0.76","5.37","5.32","0.05","963.57","304.55","1268.12"
"174","1981","9","Punjab","Bhatinda","1677.97","898.2","779.77","1292.91","691.65","601.26","385.32","206.54","178.52","0.0","0.0","0.0","0.0","0.0","0.0","0.0","0.0","0.0","470.76","253.15","217.61","391.16","210.29","180.89","79.6","42.87","36.73","486.93","317.17","169.76","303.78","205.45","98.34","183.15","111.73","71.42","232.76","231.82","0.94","222.62","221.73","0.89","10.13","10.08","0.05","122.64","117.95","4.43","115.14","110.91","4.23","7.75","7.54","0.2","1162.76","355.4","1518.16"
"174","1991","9","Punjab","Bhatinda","2009.99","1068.97","941.02","1544.5","821.1","723.4","465.49","247.87","217.62","0.0","0.0","0.0","0.0","0.0","0.0","0.0","0.0","0.0","609.97","325.85","284.13","503.24","268.89","234.35","106.74","56.95","49.79","747.11","462.72","284.39","491.17","312.43","178.74","255.94","150.29","105.65","263.6","260.2","3.5","253.3","250.0","3.2","10.3","10.1","0.3","167.7","157.2","10.5","156.8","146.9","10.0","10.9","10.3","0.6","1501.0","431.3","1932.3"
"174","2001","9","Punjab","Bhatinda","2445.89","1306.22","1139.67","1805.32","963.53","841.79","640.57","342.7","297.87","0.0","0.0","0.0","0.0","0.0","0.0","0.0","0.0","0.0","765.75","404.95","360.8","609.77","322.66","287.12","155.98","82.28","73.7","1260.84","742.18","518.66","842.31","502.6","339.71","418.53","239.58","178.95","319.2","268.39","50.81","306.86","256.96","49.9","12.34","11.43","0.91","232.07","163.11","68.97","221.32","154.35","66.98","10.75","8.76","1.99","1435.43","551.27","1986.7"
"174","2011","9","Punjab","Bhatinda","2812.22","1497.26","1314.95","1968.31","1045.92","922.37","843.91","451.34","392.57","0.0","0.0","0.0","0.0","0.0","0.0","0.0","0.0","0.0","965.53","508.31","457.23","740.18","389.98","350.21","225.35","118.32","107.02","1667.28","957.13","710.15","1080.2","624.58","455.62","587.08","332.54","254.53","307.67","268.7","38.97","294.39","256.59","37.79","13.29","12.11","1.18","283.09","204.01","79.09","267.56","191.43","76.12","15.53","12.56","2.97","1695.54","590.76","2286.3"
"175","1961","9","Punjab","Sangrur","1424.69","774.47","650.22","1183.69","643.98","539.72","240.99","130.49","110.5","0.0","0.0","0.0","0.0","0.0","0.0","0.0","0.0","0.0","284.6","155.31","129.29","254.58","139.02","115.55","30.02","16.29","13.73","234.88","181.25","53.62","151.63","124.2","27.43","83.25","57.05","26.19","311.02","251.14","59.88","294.75","237.89","56.86","16.27","13.25","3.02","53.63","50.19","3.44","50.82","47.57","3.25","2.81","2.62","0.19","913.09","364.65","1277.74"
"175","1971","9","Punjab","Sangrur","1142.85","619.07","523.79","909.94","494.75","415.19","232.91","124.32","108.6","-1.0","-1.0","-1.0","-1.0","-1.0","-1.0","-1.0","-1.0","-1.0","271.32","147.64","123.68","234.2","127.7","106.5","37.12","19.94","17.18","272.23","184.46","87.77","181.03","127.46","53.57","91.2","57.01","34.2","182.87","182.64","0.23","171.53","171.44","0.09","11.24","11.19","0.05","72.36","72.09","0.27","66.16","66.02","0.15","6.2","6.07","0.12","840.46","255.23","1095.69"
"175","1981","9","Punjab","Sangrur","1410.25","758.06","652.19","1088.61","587.17","501.44","321.64","170.89","150.75","0.0","0.0","0.0","0.0","0.0","0.0","0.0","0.0","0.0","359.26","194.03","165.23","303.41","164.13","139.27","55.85","29.9","25.95","417.47","269.56","147.91","280.4","185.81","94.59","137.08","83.76","53.32","205.72","204.39","1.33","192.67","191.58","1.09","13.06","12.82","0.24","109.35","105.78","3.58","98.32","95.11","3.21","11.04","10.67","0.37","966.37","315.07","1281.44"
"175","1991","9","Punjab","Sangrur","1710.12","914.36","795.76","1292.13","692.16","599.96","417.99","222.2","195.8","0.0","0.0","0.0","0.0","0.0","0.0","0.0","0.0","0.0","458.86","246.36","212.5","380.28","204.53","175.75","78.58","41.83","36.75","658.92","407.48","251.44","448.97","283.44","165.53","209.94","124.04","85.91","218.8","216.9","1.9","206.0","204.2","1.8","12.8","12.7","0.1","137.5","133.6","3.9","120.8","117.4","3.4","16.7","16.1","0.5","1292.83","356.3","1649.13"
"175","2001","9","Punjab","Sangrur","2041.64","1093.37","948.28","1444.7","772.93","671.77","596.95","320.44","276.51","0.0","0.0","0.0","0.0","0.0","0.0","0.0","0.0","0.0","564.67","300.57","264.12","443.8","236.56","207.24","120.88","64.0","56.88","1074.47","627.5","446.97","707.69","416.29","291.41","366.78","211.22","155.57","245.67","217.42","28.25","226.85","200.37","26.49","18.81","17.05","1.76","142.39","112.25","30.14","126.98","99.7","27.28","15.41","12.54","2.86","1211.06","388.05","1599.12"
"175","2011","9","Punjab","Sangrur","2298.71","1221.21","1077.5","1577.21","837.46","739.75","721.5","383.75","337.74","0.0","0.0","0.0","0.0","0.0","0.0","0.0","0.0","0.0","669.01","353.95","315.06","507.19","268.9","238.28","161.83","85.06","76.78","1395.99","791.51","604.48","916.34","521.98","394.35","479.67","269.53","210.12","221.07","208.76","12.32","204.91","193.34","11.57","16.16","15.42","0.75","133.97","114.35","19.62","118.83","101.3","17.53","15.15","13.06","2.08","1503.44","355.04","1858.48"
"176","1961","9","Punjab","Patiala","1048.78","573.24","475.54","790.08","431.38","358.71","258.7","141.87","116.83","0.0","0.0","0.0","0.0","0.0","0.0","0.0","0.0","0.0","206.24","111.56","94.68","186.85","100.87","85.98","19.39","10.69","8.7","260.22","184.49","75.73","136.07","104.8","31.27","124.15","79.69","44.47","149.25","146.87","2.39","144.5","142.36","2.15","4.75","4.51","0.24","35.82","34.92","0.9","34.67","33.86","0.81","1.15","1.06","0.09","725.12","185.07","910.19"
"176","1971","9","Punjab","Patiala","1212.4","654.65","557.75","894.41","482.52","411.9","317.99","172.13","145.86","-1.0","-1.0","-1.0","-1.0","-1.0","-1.0","-1.0","-1.0","-1.0","253.95","137.55","116.4","224.85","121.75","103.1","29.1","15.8","13.3","379.07","245.61","133.46","209.2","143.98","65.22","169.87","101.63","68.24","159.65","158.98","0.67","155.49","154.87","0.62","4.17","4.11","0.05","74.04","71.28","2.76","70.38","67.69","2.7","3.66","3.6","0.06","930.1","233.69","1163.79"
"176","1981","9","Punjab","Patiala","1568.9","841.92","726.98","1104.6","592.5","512.11","464.3","249.42","214.88","0.0","0.0","0.0","0.0","0.0","0.0","0.0","0.0","0.0","347.1","186.62","160.48","297.66","159.98","137.68","49.44","26.64","22.81","634.6","389.58","245.02","357.86","233.12","124.74","276.74","156.46","120.28","164.7","164.07","0.63","158.81","158.23","0.58","5.9","5.84","0.06","105.32","102.07","3.25","96.12","93.49","2.63","9.2","8.58","0.61","1099.75","270.02","1369.77"
"176","1991","9","Punjab","Patiala","1896.24","1008.58","887.67","1329.27","709.31","619.96","566.97","299.26","267.71","0.0","0.0","0.0","0.0","0.0","0.0","0.0","0.0","0.0","447.61","239.47","208.14","379.99","203.65","176.35","67.61","35.82","31.79","926.28","553.52","372.76","567.54","351.14","216.4","358.74","202.38","156.36","167.8","166.8","0.9","162.4","161.5","0.9","5.4","5.3","0.1","132.7","128.1","4.6","123.0","118.9","4.2","9.7","9.3","0.4","1499.65","300.5","1800.15"
"176","2001","9","Punjab","Patiala","2254.66","1211.0","1043.66","1494.62","802.88","691.75","760.04","408.13","351.91","0.0","0.0","0.0","0.0","0.0","0.0","0.0","0.0","0.0","438.7","166.34","272.37","318.51","102.74","215.78","120.19","63.6","56.59","1399.19","808.22","590.97","847.4","497.73","349.67","551.79","310.49","241.3","183.72","166.88","16.84","176.02","160.02","16.0","7.7","6.86","0.85","137.53","103.07","34.46","129.06","96.35","32.71","8.47","6.72","1.75","1359.22","321.25","1680.47"
"176","2011","9","Punjab","Patiala","2855.13","1514.17","1340.96","1676.72","888.73","788.0","1178.41","625.44","552.98","0.0","0.0","0.0","0.0","0.0","0.0","0.0","0.0","0.0","721.7","380.14","341.56","533.97","281.49","252.48","187.73","98.66","89.07","1963.12","1099.82","863.31","1067.65","606.62","461.03","895.48","493.2","402.28","167.69","157.53","10.17","159.13","150.1","9.03","8.56","7.44","1.12","116.49","96.79","19.71","108.44","90.4","18.04","8.06","6.4","1.66","1851.48","284.18","2135.66"
"177","1961","4","Haryana","Hissar","1540.51","827.66","712.85","1299.47","696.9","602.57","241.04","130.76","110.28","0.0","0.0","0.0","0.0","0.0","0.0","0.0","0.0","0.0","305.0","162.0","142.0","275.7","146.84","128.86","29.08","15.59","13.5","267.98","215.1","52.88","171.93","148.29","23.64","96.05","66.81","29.24","471.7","304.59","167.11","464.38","298.71","165.67","7.32","5.87","1.44","41.63","33.56","8.07","40.79","32.81","7.98","0.84","0.76","0.09","894.35","513.32","1407.68"
"177","1971","4","Haryana","Hissar","2117.52","1132.01","985.51","1777.64","946.93","830.71","339.88","185.08","154.8","0.0","0.0","0.0","0.0","0.0","0.0","0.0","0.0","0.0","463.67","248.37","215.29","416.02","222.59","193.43","47.65","25.78","21.87","487.46","373.95","113.51","327.57","270.12","57.45","159.89","103.83","56.06","328.08","312.47","15.62","321.6","306.16","15.44","6.49","6.31","0.17","101.78","94.21","7.57","98.38","91.07","7.31","3.4","3.14","0.26","1620.39","429.86","2050.25"
"177","1981","4","Haryana","Hissar","2856.84","1522.51","1334.33","2319.06","1231.05","1088.01","537.78","291.46","246.32","0.0","0.0","0.0","0.0","0.0","0.0","0.0","0.0","0.0","626.76","335.1","291.66","535.14","285.72","249.44","91.6","49.39","42.22","875.04","646.16","228.87","592.66","468.64","124.01","283.1","178.22","104.87","439.93","395.52","44.41","428.92","384.79","44.14","11.0","10.74","0.27","146.14","130.86","15.29","138.33","123.5","14.82","7.81","7.35","0.46","2014.56","586.07","2600.63"
"177","1991","4","Haryana","Hissar","3557.37","1900.96","1656.42","2837.06","1515.64","1321.42","720.31","385.31","335.0","0.0","0.0","0.0","0.0","0.0","0.0","0.0","0.0","0.0","822.33","440.22","382.13","689.63","369.41","320.23","132.7","70.81","61.9","1411.29","964.23","447.07","999.62","714.9","284.71","411.67","249.3","162.36","506.1","429.8","76.3","492.2","416.7","75.5","13.9","13.1","0.7","236.4","201.1","35.3","220.7","186.8","33.9","15.8","14.3","1.4","2745.18","742.5","3487.68"
"177","2001","4","Haryana","Hissar","4465.02","2385.67","2079.35","3440.2","1834.83","1605.37","1024.82","550.84","473.99","0.0","0.0","0.0","0.0","0.0","0.0","0.0","0.0","0.0","1055.14","561.45","493.69","853.7","454.49","399.2","201.46","106.95","94.48","2414.47","1512.96","901.51","1735.05","1114.84","620.21","679.42","398.13","281.3","859.8","518.29","341.51","843.18","505.1","338.08","16.63","13.19","3.43","346.72","193.85","152.87","329.99","183.69","146.3","16.73","10.16","6.57","2528.28","1206.52","3734.8"
"177","2011","4","Haryana","Hissar","5141.59","2724.84","2416.75","3861.12","2043.44","1817.68","1280.47","681.41","599.06","0.0","0.0","0.0","0.0","0.0","0.0","0.0","0.0","0.0","1322.75","697.73","625.03","1049.02","554.19","494.82","273.74","143.54","130.19","3214.4","1911.28","1303.11","2305.48","1393.18","912.3","908.92","518.1","390.81","762.53","512.28","250.26","744.87","497.91","246.96","17.67","14.38","3.29","462.94","297.89","165.05","435.33","276.54","158.79","27.61","21.36","6.26","3136.55","1225.47","4362.02"
"180","1961","4","Haryana","Gurgaon","1240.71","659.43","581.27","1035.11","549.51","485.6","205.6","109.92","95.68","0.0","0.0","0.0","0.0","0.0","0.0","0.0","0.0","0.0","196.0","102.0","95.0","174.29","90.11","84.19","21.89","11.56","10.33","254.2","205.51","48.69","163.92","144.16","19.76","90.27","61.35","28.93","320.2","201.68","118.52","314.68","197.37","117.31","5.52","4.31","1.21","22.66","15.53","7.13","21.74","14.79","6.95","0.93","0.75","0.18","753.05","342.86","1095.91"
"180","1971","4","Haryana","Gurgaon","1699.47","909.86","789.61","1383.43","736.7","646.73","316.04","173.15","142.89","0.0","0.0","0.0","0.0","0.0","0.0","0.0","0.0","0.0","276.16","147.08","129.08","240.75","127.62","113.14","35.41","19.46","15.95","471.18","360.34","110.84","306.71","254.66","52.05","164.47","105.67","58.79","212.57","205.42","7.15","207.94","200.9","7.05","4.63","4.52","0.1","47.46","42.04","5.42","45.13","40.02","5.11","2.34","2.02","0.32","1428.02","260.03","1688.05"
"180","1981","4","Haryana","Gurgaon","1850.46","1004.02","846.44","1272.68","681.76","590.92","577.78","322.27","255.52","0.0","0.0","0.0","0.0","0.0","0.0","0.0","0.0","0.0","277.38","150.56","126.82","202.32","108.79","93.53","75.06","41.77","33.3","691.56","509.05","182.51","362.33","296.22","66.1","329.23","212.83","116.41","209.27","194.58","14.7","199.97","185.78","14.19","9.3","8.8","0.5","52.1","45.94","6.16","48.07","42.25","5.82","4.02","3.69","0.34","1319.8","261.37","1581.17"
"180","1991","4","Haryana","Gurgaon","2623.33","1420.84","1202.49","1673.12","901.82","771.29","950.21","519.03","431.2","0.0","0.0","0.0","0.0","0.0","0.0","0.0","0.0","0.0","392.92","213.18","179.75","266.06","143.45","122.61","126.87","69.73","57.14","1173.77","806.52","367.25","595.3","449.49","145.8","578.47","357.03","221.45","239.3","208.6","30.8","230.4","200.2","30.2","8.9","8.4","0.5","93.0","76.6","16.4","84.5","69.0","15.5","8.6","7.6","1.0","2145.49","332.3","2477.79"
"180","2001","4","Haryana","Gurgaon","3850.95","2076.99","1773.95","2261.45","1210.0","1051.45","1589.5","867.0","722.5","0.0","0.0","0.0","0.0","0.0","0.0","0.0","0.0","0.0","498.61","267.82","230.8","323.79","173.11","150.67","174.82","94.71","80.12","2132.69","1362.71","769.98","1046.76","713.58","333.18","1085.93","649.12","436.81","395.24","229.07","166.18","383.16","220.22","162.94","12.08","8.85","3.24","140.6","61.49","79.11","131.57","56.72","74.86","9.03","4.77","4.26","2832.0","535.84","3367.84"
"180","2011","4","Haryana","Gurgaon","5456.13","2908.46","2547.67","2614.38","1384.56","1229.83","2841.76","1523.91","1317.86","0.0","0.0","0.0","0.0","0.0","0.0","0.0","0.0","0.0","700.11","371.31","328.8","367.7","194.69","173.01","332.4","176.62","155.78","3438.56","2061.75","1376.81","1377.85","885.46","492.4","2060.71","1176.29","884.42","279.51","211.54","67.95","261.8","197.16","64.65","17.7","14.39","3.32","172.36","116.27","56.07","144.52","94.15","50.37","27.84","22.12","5.71","3732.67","451.87","4184.54"
"181","1961","4","Haryana","Jind","0.0","0.0","0.0","0.0","0.0","0.0","0.0","0.0","0.0","0.0","0.0","0.0","0.0","0.0","0.0","0.0","0.0","0.0","85.0","46.0","40.0","0.0","0.0","0.0","0.0","0.0","0.0","0.0","0.0","0.0","0.0","0.0","0.0","0.0","0.0","0.0","0.0","0.0","0.0","0.0","0.0","0.0","0.0","0.0","0.0","0.0","0.0","0.0","0.0","0.0","0.0","0.0","0.0","0.0","0.0","0.0","0.0"
"181","1971","4","Haryana","Jind","638.4","342.86","295.54","553.7","296.96","256.74","84.7","45.9","38.8","0.0","0.0","0.0","0.0","0.0","0.0","0.0","0.0","0.0","122.15","65.44","56.71","112.65","60.24","52.41","9.5","5.2","4.3","119.4","97.64","21.76","82.37","73.14","9.23","37.03","24.5","12.53","97.66","93.38","4.28","94.56","90.31","4.25","3.11","3.07","0.03","27.88","25.81","2.07","27.01","24.96","2.05","0.87","0.84","0.02","471.37","125.54","596.91"
"181","1981","4","Haryana","Jind","938.07","505.94","432.14","808.62","436.26","372.36","129.46","69.68","59.78","0.0","0.0","0.0","0.0","0.0","0.0","0.0","0.0","0.0","180.61","97.84","82.77","165.02","89.35","75.67","15.59","8.49","7.1","245.56","192.68","52.88","181.33","151.42","29.91","64.23","41.26","22.97","157.23","139.9","17.33","152.39","135.47","16.92","4.85","4.44","0.41","45.8","40.77","5.04","43.48","38.54","4.94","2.32","2.23","0.1","663.72","203.03","866.75"
"181","1991","4","Haryana","Jind","1110.82","603.75","507.07","923.57","503.13","420.44","187.26","100.63","86.63","0.0","0.0","0.0","0.0","0.0","0.0","0.0","0.0","0.0","220.09","120.01","100.07","195.91","106.99","88.92","24.17","13.03","11.15","416.86","294.66","122.19","311.43","229.49","81.94","105.42","65.17","40.26","160.9","144.6","16.3","155.3","139.3","16.0","5.6","5.3","0.3","67.3","59.4","7.9","63.8","56.3","7.5","3.4","3.1","0.3","863.63","228.2","1091.83"
"181","2001","4","Haryana","Jind","1359.94","733.85","626.09","1084.95","585.72","499.23","274.99","148.13","126.87","0.0","0.0","0.0","0.0","0.0","0.0","0.0","0.0","0.0","272.47","147.05","125.42","229.97","124.34","105.63","42.5","22.71","19.79","717.29","457.82","259.47","536.75","350.48","186.27","180.54","107.34","73.2","290.05","171.66","118.39","282.86","166.63","116.23","7.19","5.03","2.16","100.89","54.24","46.64","97.42","51.98","45.44","3.47","2.26","1.2","771.03","390.93","1161.96"
"181","2011","4","Haryana","Jind","1527.52","815.79","711.74","1179.46","630.79","548.67","348.06","185.0","163.07","0.0","0.0","0.0","0.0","0.0","0.0","0.0","0.0","0.0","326.9","174.61","152.3","265.32","142.01","123.32","61.59","32.6","28.97","949.14","571.49","377.65","705.06","430.72","274.34","244.08","140.77","103.31","253.43","169.49","83.94","246.86","164.08","82.78","6.57","5.41","1.16","117.49","73.86","43.63","110.05","67.82","42.23","7.45","6.05","1.4","936.8","370.92","1307.72"
"182","1961","4","Haryana","Mahendragarh / Narnaul","547.85","283.95","263.9","494.88","255.71","239.17","52.97","28.24","24.73","0.0","0.0","0.0","0.0","0.0","0.0","0.0","0.0","0.0","82.0","41.0","41.0","75.04","37.42","37.63","7.15","3.76","3.39","98.63","86.7","11.93","79.77","72.58","7.19","18.87","14.12","4.74","168.66","103.59","65.07","164.79","101.17","63.63","3.87","2.43","1.44","4.28","3.12","1.16","4.19","3.05","1.14","0.09","0.07","0.02","334.16","172.94","507.1"
"182","1971","4","Haryana","Mahendragarh / Narnaul","681.63","354.3","327.33","610.92","316.54","294.38","70.7","37.75","32.95","0.0","0.0","0.0","0.0","0.0","0.0","0.0","0.0","0.0","103.45","53.72","49.73","94.08","48.72","45.36","9.37","5.01","4.36","170.98","141.03","29.95","140.62","119.91","20.72","30.35","21.13","9.23","108.19","99.04","9.15","105.92","96.86","9.06","2.27","2.18","0.09","20.43","17.39","3.05","19.63","16.63","3.01","0.8","0.76","0.04","506.41","128.62","635.03"
"182","1981","4","Haryana","Mahendragarh / Narnaul","1226.21","637.46","588.75","1058.11","547.77","510.33","168.39","89.96","78.41","0.0","0.0","0.0","0.0","0.0","0.0","0.0","0.0","0.0","206.61","107.48","99.13","183.49","95.03","88.45","23.12","12.44","10.68","458.38","343.25","115.12","366.69","284.17","82.52","91.98","59.38","32.6","160.64","147.06","13.58","156.51","143.18","13.32","4.14","3.87","0.27","27.27","24.02","3.26","26.34","23.15","3.19","0.94","0.87","0.07","924.71","187.91","1112.62"
"182","1991","4","Haryana","Mahendragarh / Narnaul","1554.66","814.26","740.4","1330.19","694.79","635.39","224.47","119.47","105.0","0.0","0.0","0.0","0.0","0.0","0.0","0.0","0.0","0.0","272.78","143.18","129.59","237.23","124.25","112.97","35.54","18.91","16.63","747.1","508.8","238.31","612.59","425.4","187.19","134.52","83.4","51.11","190.3","165.3","25.0","185.3","160.6","24.7","4.8","4.6","0.3","46.0","38.4","7.5","43.4","36.1","7.4","2.6","2.3","0.1","1288.59","236.3","1524.89"
"182","2001","4","Haryana","Mahendragarh / Narnaul","1890.46","992.89","897.57","1584.18","828.64","755.54","306.27","164.25","142.02","0.0","0.0","0.0","0.0","0.0","0.0","0.0","0.0","0.0","339.23","178.97","160.27","288.71","152.05","136.66","50.52","26.92","23.62","1149.55","714.52","435.02","938.27","589.0","349.27","211.28","125.52","85.76","416.13","218.02","198.12","408.41","213.42","194.99","7.72","4.6","3.12","98.04","41.12","56.93","94.82","39.5","55.32","3.22","1.62","1.61","1071.65","514.18","1585.82"
"182","2011","4","Haryana","Mahendragarh / Narnaul","2179.37","1150.68","1028.69","1750.23","922.51","827.74","429.12","228.17","200.96","0.0","0.0","0.0","0.0","0.0","0.0","0.0","0.0","0.0","414.12","218.2","195.92","338.39","178.53","159.85","75.73","39.66","36.09","1494.67","893.6","601.07","1181.16","713.76","467.4","313.51","179.85","133.65","322.18","199.6","122.58","315.05","194.34","120.72","7.11","5.25","1.86","92.97","54.15","38.82","87.64","50.04","37.61","5.33","4.12","1.21","1366.29","415.15","1781.44"
"183","1961","4","Haryana","Ambala","1373.48","758.13","615.35","933.88","506.87","427.01","439.59","251.26","188.34","0.0","0.0","0.0","0.0","0.0","0.0","0.0","0.0","0.0","185.0","100.0","85.0","245.62","132.59","113.03","40.68","23.3","17.38","412.02","291.89","120.13","178.36","139.23","39.13","233.67","152.66","81.0","180.9","160.56","20.34","177.24","157.09","20.15","3.67","3.47","0.2","27.16","26.53","0.64","26.17","25.6","0.57","0.99","0.92","0.07","924.93","208.06","1132.99"
"183","1971","4","Haryana","Ambala","1086.59","580.69","505.91","741.86","396.69","345.17","344.74","184.0","160.74","0.0","0.0","0.0","0.0","0.0","0.0","0.0","0.0","0.0","246.0","133.0","113.0","212.41","114.45","97.96","33.56","18.5","15.06","382.81","249.75","133.07","189.86","135.45","54.41","192.95","114.3","78.65","96.99","96.23","0.76","94.05","93.61","0.45","2.93","2.63","0.31","47.79","47.11","0.68","46.16","45.52","0.63","1.63","1.59","0.04","895.66","144.78","1040.44"
"183","1981","4","Haryana","Ambala","1409.46","753.31","656.16","945.69","507.05","438.64","463.78","246.26","217.52","0.0","0.0","0.0","0.0","0.0","0.0","0.0","0.0","0.0","331.06","178.54","152.52","277.86","149.69","128.18","53.2","28.85","24.34","628.95","399.47","229.48","338.69","232.09","106.6","290.26","167.38","122.88","116.2","115.34","0.85","113.5","112.67","0.83","2.7","2.68","0.02","67.42","65.54","1.87","65.68","63.9","1.77","1.74","1.64","0.1","1000.3","183.62","1183.92"
"183","1991","4","Haryana","Ambala","1935.76","1028.96","906.81","1264.83","675.05","589.8","673.92","353.91","320.01","0.0","0.0","0.0","0.0","0.0","0.0","0.0","0.0","0.0","461.94","247.25","214.67","377.84","202.53","175.31","84.1","44.72","39.38","1029.25","622.57","406.68","580.69","370.77","209.92","448.56","251.81","196.76","126.6","125.9","0.7","122.8","122.2","0.6","3.8","3.7","0.1","105.7","103.0","2.7","100.9","98.4","2.4","4.8","4.7","0.1","1629.81","232.3","1862.11"
"183","2001","4","Haryana","Ambala","2465.24","1327.17","1138.07","1506.98","810.09","696.9","958.26","517.08","441.17","0.0","0.0","0.0","0.0","0.0","0.0","0.0","0.0","0.0","582.67","310.86","271.81","458.41","244.72","213.69","124.26","66.14","58.12","1594.76","932.47","662.29","881.76","530.23","351.54","712.99","402.24","310.75","139.03","124.88","14.15","135.17","121.37","13.8","3.86","3.51","0.36","103.51","84.87","18.64","99.79","81.72","18.06","3.73","3.15","0.58","1625.55","242.54","1868.09"
"183","2011","4","Haryana","Ambala","2903.85","1545.1","1358.75","1617.02","858.81","758.2","1286.83","686.29","600.54","0.0","0.0","0.0","0.0","0.0","0.0","0.0","0.0","0.0","704.82","373.94","330.87","493.21","262.25","230.98","211.6","111.7","99.9","2055.81","1165.94","889.86","1067.88","617.04","450.84","987.91","548.91","439.02","141.07","127.02","14.05","134.8","121.55","13.24","6.28","5.48","0.79","143.37","124.23","19.14","130.09","112.7","17.39","13.29","11.54","1.75","1930.99","284.44","2215.43"
"184","1961","4","Haryana","Karnal","1490.43","804.77","685.66","1234.84","667.78","567.06","255.59","136.99","118.6","0.0","0.0","0.0","0.0","0.0","0.0","0.0","0.0","0.0","267.0","142.0","124.0","247.68","132.31","115.37","18.84","10.06","8.77","273.0","206.87","66.13","158.78","132.8","25.98","114.22","74.07","40.15","293.57","240.44","53.13","286.56","234.23","52.33","7.01","6.21","0.8","49.47","44.08","5.39","47.03","42.06","4.97","2.44","2.02","0.42","981.35","343.03","1324.38"
"184","1971","4","Haryana","Karnal","1975.38","1062.92","912.46","1638.12","881.57","756.55","337.27","181.35","155.91","0.0","0.0","0.0","0.0","0.0","0.0","0.0","0.0","0.0","373.32","200.94","172.38","342.87","184.25","158.61","30.45","16.68","13.77","492.32","357.41","134.91","316.15","249.51","66.65","176.17","107.9","68.26","255.03","252.68","2.34","248.42","246.16","2.26","6.61","6.52","0.08","115.54","109.84","5.7","109.57","104.57","5.01","5.97","5.28","0.7","1590.61","370.57","1961.18"
"184","1981","4","Haryana","Karnal","2452.86","1320.05","1132.81","1920.5","1034.61","885.9","532.34","285.44","246.91","0.0","0.0","0.0","0.0","0.0","0.0","0.0","0.0","0.0","466.74","251.54","215.2","409.04","220.31","188.72","57.71","31.23","26.48","852.51","590.45","262.06","552.81","409.81","143.0","299.69","180.64","119.06","287.5","281.32","6.18","278.48","272.46","6.03","9.02","8.87","0.16","164.93","150.69","14.25","155.82","142.87","12.96","9.11","7.83","1.28","1744.25","452.43","2196.68"
"184","1991","4","Haryana","Karnal","3034.21","1629.45","1404.76","2311.52","1244.31","1067.2","722.68","385.14","337.56","0.0","0.0","0.0","0.0","0.0","0.0","0.0","0.0","0.0","597.68","322.36","275.33","511.38","276.13","235.25","86.31","46.22","40.09","1314.62","856.31","458.31","879.94","602.28","277.66","434.67","254.03","180.66","303.0","291.0","11.9","293.0","281.4","11.6","10.0","9.6","0.4","221.8","201.0","21.0","207.9","188.0","20.0","14.1","12.9","1.1","2420.98","524.8","2945.78"
"184","2001","4","Haryana","Karnal","3845.72","2074.34","1771.38","2749.2","1479.14","1270.07","1096.51","595.2","501.31","0.0","0.0","0.0","0.0","0.0","0.0","0.0","0.0","0.0","756.79","406.58","350.23","609.9","327.45","282.46","146.91","79.14","67.78","2203.19","1340.67","862.52","1458.41","908.08","550.33","744.77","432.59","312.19","409.24","308.25","100.99","397.81","298.06","99.75","11.43","10.18","1.24","302.44","181.52","120.92","292.61","174.83","117.78","9.83","6.69","3.14","2394.02","711.67","3105.69"
"184","2011","4","Haryana","Karnal","4556.35","2423.77","2132.58","3073.69","1633.43","1440.26","1482.66","790.34","692.32","0.0","0.0","0.0","0.0","0.0","0.0","0.0","0.0","0.0","963.9","510.51","453.4","729.65","386.61","343.06","234.25","123.91","110.35","2941.65","1715.83","1225.85","1886.37","1118.21","768.18","1055.28","597.62","457.65","358.3","303.27","55.02","343.99","290.47","53.53","14.31","12.82","1.49","352.2","248.13","104.09","328.22","229.18","99.06","23.98","18.95","5.04","2984.6","710.5","3695.1"
"186","1961","4","Haryana","Rohtak","1420.39","751.23","669.17","1225.88","647.22","578.67","194.51","104.01","90.5","0.0","0.0","0.0","0.0","0.0","0.0","0.0","0.0","0.0","244.0","127.0","117.0","226.45","117.43","109.02","17.51","9.69","7.82","302.94","243.19","59.75","214.92","184.19","30.72","88.03","59.0","29.03","347.02","199.79","147.23","340.75","195.27","145.49","6.27","4.52","1.75","47.36","29.69","17.68","46.59","29.08","17.51","0.77","0.61","0.17","866.82","394.38","1261.2"
"186","1971","4","Haryana","Rohtak","1772.17","934.52","837.65","1492.16","784.47","707.69","280.01","150.04","129.97","0.0","0.0","0.0","0.0","0.0","0.0","0.0","0.0","0.0","312.0","165.0","147.0","279.85","147.97","131.88","31.37","17.01","14.36","537.23","397.93","139.3","391.06","306.32","84.74","146.17","91.61","54.56","204.12","194.72","9.4","199.04","190.05","8.98","5.08","4.67","0.42","68.12","60.26","7.86","65.76","58.23","7.53","2.36","2.03","0.33","1461.43","272.24","1733.67"
"186","1981","4","Haryana","Rohtak","2188.72","1166.64","1022.07","1770.58","942.46","828.12","418.14","224.18","193.97","0.0","0.0","0.0","0.0","0.0","0.0","0.0","0.0","0.0","374.86","201.04","173.82","320.06","171.22","148.85","54.81","29.82","24.98","916.9","648.61","268.3","667.65","495.3","172.36","249.25","153.31","95.95","266.12","224.18","41.93","259.07","217.72","41.36","7.04","6.47","0.57","86.67","70.45","16.22","82.58","66.86","15.72","4.08","3.59","0.49","1591.36","352.79","1944.15"
"186","1991","4","Haryana","Rohtak","2644.51","1429.26","1215.24","2068.62","1122.59","946.03","575.88","306.67","269.21","0.0","0.0","0.0","0.0","0.0","0.0","0.0","0.0","0.0","483.19","261.63","221.57","397.23","215.54","181.71","85.96","46.11","39.86","1356.14","897.05","459.09","995.38","681.81","313.57","360.77","215.24","145.53","303.4","250.5","53.1","295.2","242.8","52.5","8.3","7.8","0.6","126.6","102.4","24.3","115.8","92.6","23.3","10.8","9.8","1.0","2142.35","430.0","2572.35"
"186","2001","4","Haryana","Rohtak","3205.67","1736.75","1468.92","2341.89","1269.21","1072.68","863.78","467.54","396.24","0.0","0.0","0.0","0.0","0.0","0.0","0.0","0.0","0.0","586.21","315.89","270.32","446.46","240.93","205.55","139.75","74.95","64.77","2013.11","1237.3","775.81","1405.5","883.17","522.33","607.61","354.13","253.48","536.59","303.32","233.27","525.05","295.3","229.76","11.54","8.03","3.51","183.95","95.32","88.63","176.09","90.76","85.33","7.87","4.57","3.3","1879.48","720.55","2600.03"
"186","2011","4","Haryana","Rohtak","3586.65","1926.11","1660.55","2413.45","1300.46","1112.98","1173.21","625.65","547.58","0.0","0.0","0.0","0.0","0.0","0.0","0.0","0.0","0.0","681.02","363.37","317.65","476.81","255.01","221.79","204.2","108.34","95.85","2504.79","1474.2","1030.6","1634.65","981.74","652.9","870.17","492.46","377.71","363.81","265.92","97.89","351.22","255.74","95.49","12.59","10.19","2.41","186.82","126.74","60.08","170.11","113.5","56.62","16.71","13.22","3.47","2347.07","550.63","2897.7"
"189","1961","12","Uttar Pradesh","Saharanpur","1615.48","885.11","730.37","1243.39","676.75","566.64","372.09","208.36","163.73","0.0","0.0","0.0","0.0","0.0","0.0","0.0","0.0","0.0","379.66","203.21","176.45","351.41","187.83","163.58","28.26","15.38","12.88","323.75","249.13","74.62","170.73","144.99","25.73","153.02","104.14","48.89","197.55","193.93","3.62","193.39","189.83","3.57","4.15","4.1","0.05","197.55","193.93","3.62","193.39","189.83","3.57","4.15","4.1","0.05","1068.57","395.09","1463.66"
"189","1971","12","Uttar Pradesh","Saharanpur","2059.47","1129.68","929.79","1575.79","860.17","715.62","483.68","269.51","214.17","2.05","1.13","0.92","1.86","1.02","0.84","0.19","0.11","0.08","479.04","260.76","218.28","439.43","238.72","200.71","39.61","22.04","17.57","476.3","357.19","119.11","260.69","215.62","45.07","215.61","141.57","74.04","223.81","221.59","2.22","218.71","216.54","2.17","5.09","5.04","0.05","164.07","159.98","4.1","158.14","154.16","3.99","5.93","5.82","0.11","1442.57","387.88","1830.45"
"189","1981","12","Uttar Pradesh","Saharanpur","2673.56","1459.42","1214.14","1949.44","1062.47","886.97","724.12","396.95","327.17","0.45","0.31","0.13","0.44","0.3","0.13","0.01","0.01","0.0","588.8","322.81","265.99","525.76","287.88","237.88","63.04","34.93","28.11","790.31","571.01","219.3","441.02","349.47","91.55","349.28","221.54","127.75","271.54","269.41","2.13","262.1","260.08","2.02","9.44","9.33","0.11","224.11","218.37","5.74","210.3","204.88","5.42","13.81","13.49","0.32","1882.22","495.65","2377.87"
"189","1991","12","Uttar Pradesh","Saharanpur","3433.52","1856.3","1577.21","2495.73","1351.58","1144.14","937.79","504.73","433.07","2.27","1.27","1.0","2.04","1.15","0.9","0.22","0.12","0.1","762.21","414.05","348.16","666.42","362.37","304.04","95.79","51.68","44.12","1208.92","830.61","378.32","716.37","533.54","182.83","492.55","297.06","195.49","307.7","302.3","5.4","297.4","292.1","5.3","10.3","10.1","0.1","295.2","280.7","14.4","278.7","264.7","14.0","16.5","16.2","0.4","2440.52","602.9","3043.42"
"189","2001","12","Uttar Pradesh","Saharanpur","4292.37","2298.27","1994.1","3101.96","1658.96","1443.0","1190.41","639.31","551.1","0.5","0.28","0.22","0.46","0.24","0.22","0.04","0.04","0.0","629.35","338.44","290.91","562.09","302.65","259.43","67.27","35.79","31.48","2237.9","1387.96","849.94","1496.49","957.27","539.22","741.41","430.69","310.72","319.71","299.42","20.29","310.71","290.66","20.05","9.0","8.76","0.24","286.38","249.15","37.23","273.86","237.78","36.08","12.52","11.37","1.15","3600.37","606.09","4206.46"
"189","2011","12","Uttar Pradesh","Saharanpur","5356.8","2839.41","2517.41","3597.19","1903.58","1693.59","1759.62","935.81","823.8","7.3","3.91","3.4","5.4","2.88","2.51","1.9","1.02","0.89","1175.72","625.01","550.71","934.69","497.4","437.3","241.03","127.62","113.42","3255.46","1911.52","1343.93","2072.67","1242.11","830.55","1182.8","669.41","513.39","315.23","292.82","22.42","302.23","280.76","21.46","13.0","12.05","0.94","376.17","324.16","52.01","351.3","302.46","48.86","24.87","21.7","3.16","3741.34","691.4","4432.74"
"190","1961","12","Uttar Pradesh","Muzaffarnagar","1444.92","785.03","659.89","1253.79","679.56","574.23","191.13","105.48","85.66","0.0","0.0","0.0","0.0","0.0","0.0","0.0","0.0","0.0","245.2","131.54","113.66","226.76","121.63","105.14","18.44","9.91","8.53","240.95","195.12","45.84","175.14","149.57","25.58","65.81","45.55","20.26","210.99","203.63","7.36","206.79","199.52","7.27","4.21","4.12","0.09","210.99","203.63","7.36","206.79","199.52","7.27","4.21","4.12","0.09","955.49","421.99","1377.48"
"190","1971","12","Uttar Pradesh","Muzaffarnagar","1801.43","982.51","818.91","1551.47","847.14","704.33","249.96","135.38","114.58","1.55","0.86","0.69","1.01","0.56","0.45","0.53","0.3","0.24","298.04","163.3","134.73","275.12","150.69","124.43","22.92","12.61","10.31","392.33","300.17","92.16","295.52","237.73","57.79","96.81","62.44","34.37","229.39","222.45","6.94","224.29","217.46","6.83","5.1","4.99","0.11","149.89","140.6","9.29","143.46","134.34","9.12","6.42","6.26","0.16","1284.62","379.28","1663.9"
"190","1981","12","Uttar Pradesh","Muzaffarnagar","2274.49","1234.21","1040.27","1780.5","969.27","811.23","493.99","264.94","229.04","0.21","0.08","0.14","0.15","0.04","0.11","0.06","0.03","0.03","336.66","187.05","149.62","294.05","163.66","130.39","42.62","23.38","19.23","684.64","502.57","182.07","478.51","367.82","110.68","206.13","134.75","71.39","272.81","269.37","3.44","256.8","253.49","3.31","16.01","15.88","0.13","182.03","175.98","6.06","159.7","154.45","5.25","22.33","21.53","0.81","1619.05","454.84","2073.89"
"190","1991","12","Uttar Pradesh","Muzaffarnagar","2842.54","1528.63","1313.91","2143.31","1157.39","985.93","699.23","371.25","327.98","0.05","0.04","0.02","0.05","0.03","0.01","0.01","0.0","0.0","399.08","216.74","182.34","335.65","182.61","153.04","63.43","34.13","29.3","996.06","693.35","302.71","692.46","504.7","187.75","303.6","188.65","114.95","316.4","296.7","19.7","293.9","275.5","18.5","22.5","21.2","1.3","262.2","229.0","33.1","228.0","198.1","29.8","34.2","30.9","3.3","1990.54","578.6","2569.14"
"190","2001","12","Uttar Pradesh","Muzaffarnagar","3541.95","1891.94","1650.02","2638.12","1412.89","1225.23","903.83","479.04","424.79","0.09","0.04","0.05","0.05","0.02","0.02","0.04","0.02","0.02","478.32","257.14","221.19","404.6","217.6","187.0","73.73","39.54","34.19","1780.38","1125.13","655.25","1278.28","827.75","450.52","502.1","297.37","204.73","396.84","320.5","76.34","374.13","300.8","73.33","22.71","19.7","3.01","294.96","214.44","80.52","268.56","192.34","76.22","26.4","22.09","4.31","2641.95","691.79","3333.75"
"190","2011","12","Uttar Pradesh","Muzaffarnagar","4143.51","2193.43","1950.08","2952.2","1565.0","1387.2","1191.31","628.43","562.88","0.32","0.18","0.14","0.25","0.14","0.11","0.07","0.04","0.03","561.25","298.59","262.66","458.49","244.13","214.36","102.76","54.45","48.3","2417.34","1448.53","968.81","1695.39","1032.55","662.85","721.95","415.98","305.96","336.05","298.63","37.42","314.75","278.98","35.77","21.3","19.65","1.65","323.64","266.21","57.44","289.23","236.73","52.49","34.41","29.47","4.94","2851.87","659.69","3511.56"
"191","1961","12","Uttar Pradesh","Meerut","2712.96","1472.01","1240.95","2154.17","1162.47","991.69","558.79","309.53","249.26","0.0","0.0","0.0","0.0","0.0","0.0","0.0","0.0","0.0","480.13","255.58","224.55","416.36","220.66","195.7","63.77","34.93","28.84","608.72","484.63","124.09","370.79","323.9","46.9","237.93","160.73","77.19","363.99","335.44","28.55","357.51","329.21","28.3","6.49","6.24","0.25","363.99","335.44","28.55","357.51","329.21","28.3","6.49","6.24","0.25","1811.34","727.99","2539.33"
"191","1971","12","Uttar Pradesh","Meerut","3363.65","1834.52","1529.13","2546.2","1384.85","1161.35","817.45","449.66","367.78","2.24","1.28","0.96","0.69","0.41","0.28","1.54","0.87","0.67","599.33","322.93","276.4","497.59","267.0","230.59","101.74","55.93","45.81","933.74","709.05","224.69","570.65","470.53","100.12","363.09","238.52","124.58","354.64","351.27","3.36","345.63","342.36","3.27","9.01","8.91","0.09","140.59","136.06","4.53","132.18","128.2","3.98","8.41","7.85","0.56","2436.28","495.23","2931.51"
"191","1981","12","Uttar Pradesh","Meerut","4204.89","2291.53","1913.35","2850.24","1555.69","1294.55","1354.65","735.84","618.81","0.22","0.13","0.09","0.15","0.1","0.06","0.07","0.04","0.04","747.29","414.48","332.82","558.76","312.69","246.08","188.53","101.8","86.73","1481.26","1086.16","395.1","853.02","675.65","177.37","628.24","410.51","217.73","411.15","405.5","5.65","384.18","379.03","5.14","26.97","26.46","0.51","194.43","186.62","7.82","171.79","165.25","6.54","22.65","21.37","1.27","3024.21","605.58","3629.79"
"191","1991","12","Uttar Pradesh","Meerut","5556.98","3013.17","2543.82","3306.78","1800.19","1506.6","2250.2","1212.98","1037.22","0.2","0.14","0.08","0.05","0.04","0.01","0.15","0.09","0.06","950.9","516.7","434.2","611.49","333.3","278.19","339.42","183.4","156.02","2344.03","1601.37","742.66","1233.72","905.94","327.79","1110.32","695.43","414.88","467.9","446.2","21.7","426.5","406.7","19.9","41.1","39.4","1.8","287.0","263.2","23.8","246.0","224.8","21.1","41.1","38.3","2.6","4003.9","754.9","4758.8"
"191","2001","12","Uttar Pradesh","Meerut","7661.05","4117.87","3543.18","4216.12","2268.79","1947.33","3444.93","1849.08","1595.85","0.77","0.39","0.36","0.3","0.17","0.15","0.45","0.23","0.23","1296.54","698.36","598.18","771.86","416.38","355.47","524.7","281.99","242.71","4332.87","2702.47","1630.4","2227.79","1450.61","777.18","2105.08","1251.86","853.22","572.16","476.21","95.95","532.39","441.48","90.91","39.77","34.73","5.04","263.81","188.87","74.94","236.05","167.36","68.69","27.76","21.5","6.26","5769.03","835.97","6605.0"
"191","2011","12","Uttar Pradesh","Meerut","9683.96","5161.46","4522.48","4423.0","2359.64","2063.37","5260.96","2801.83","2459.12","8.23","4.41","3.81","0.85","0.47","0.38","7.38","3.95","3.43","1545.07","826.11","718.97","798.51","426.96","371.58","746.57","399.15","347.4","6251.5","3676.81","2574.71","2677.44","1632.52","1044.93","3574.07","2044.29","1529.79","501.39","425.76","75.61","451.04","384.08","66.96","50.34","41.7","8.65","363.07","280.72","82.37","291.85","222.26","69.61","71.22","58.46","12.76","6546.79","864.46","7411.25"
"192","1961","12","Uttar Pradesh","Buland Shahar","1737.4","924.15","813.25","1517.52","806.29","711.23","219.88","117.87","102.02","0.0","0.0","0.0","0.0","0.0","0.0","0.0","0.0","0.0","353.42","182.61","170.81","324.82","167.34","157.48","28.6","15.27","13.33","302.43","255.72","46.7","233.81","207.78","26.03","68.62","47.94","20.68","316.96","292.42","24.55","309.79","285.68","24.11","7.18","6.74","0.44","316.96","292.42","24.55","309.79","285.68","24.11","7.18","6.74","0.44","1174.06","633.93","1807.98"
"192","1971","12","Uttar Pradesh","Buland Shahar","2074.82","1112.39","962.42","1798.17","964.41","833.76","276.65","147.98","128.67","0.99","0.57","0.42","0.04","0.03","0.02","0.94","0.54","0.4","425.88","228.9","196.98","391.81","210.51","181.29","34.07","18.39","15.68","452.54","369.96","82.59","356.95","305.51","51.44","95.59","64.44","31.15","306.23","302.49","3.74","298.2","294.6","3.6","8.03","7.89","0.14","92.09","89.13","2.96","86.26","83.6","2.66","5.83","5.53","0.29","1521.59","398.32","1919.91"
"192","1981","12","Uttar Pradesh","Buland Shahar","2763.76","1487.07","1276.69","2169.34","1168.35","1000.99","594.43","318.72","275.71","0.04","0.02","0.02","0.02","0.01","0.01","0.02","0.0","0.01","585.57","320.84","264.71","501.37","275.61","225.76","84.2","45.23","38.96","830.29","645.28","185.01","598.7","492.89","105.82","231.58","152.39","79.2","351.87","346.61","5.26","335.51","330.55","4.96","16.35","16.06","0.29","125.28","120.77","4.51","114.79","110.88","3.91","10.49","9.9","0.61","2034.83","477.15","2511.98"
"192","1991","12","Uttar Pradesh","Buland Shahar","3444.72","1860.33","1584.4","2577.31","1395.01","1182.3","867.42","465.32","402.1","0.16","0.09","0.05","0.07","0.05","0.01","0.09","0.04","0.05","710.47","384.3","326.17","585.28","316.83","268.45","125.19","67.47","57.71","1274.03","939.3","334.74","883.1","687.86","195.24","390.93","251.44","139.5","390.0","374.8","15.2","369.3","354.6","14.7","20.8","20.2","0.6","186.9","174.9","11.9","168.4","157.9","10.6","18.4","17.1","1.4","2524.8","576.9","3101.7"
"192","2001","12","Uttar Pradesh","Buland Shahar","3909.07","2084.96","1824.11","2739.32","1461.52","1277.79","1169.75","623.44","546.31","0.32","0.17","0.15","0.12","0.07","0.06","0.2","0.12","0.09","762.44","408.69","353.76","601.8","322.29","279.52","160.64","86.4","74.25","2022.77","1321.52","701.24","1340.01","910.59","429.43","682.76","410.94","271.82","473.4","357.86","115.53","457.19","344.46","112.73","16.2","13.4","2.8","218.77","138.86","79.91","203.5","129.1","74.4","15.27","9.76","5.51","2878.09","692.16","3570.25"
"192","2011","12","Uttar Pradesh","Buland Shahar","4891.72","2588.65","2303.07","3114.18","1647.41","1466.77","1777.54","941.24","836.3","1.56","0.84","0.72","0.21","0.12","0.09","1.35","0.72","0.62","943.31","500.94","442.36","698.37","370.72","327.64","244.94","130.22","114.72","2965.83","1798.35","1167.47","1813.71","1133.85","679.86","1152.11","664.5","487.6","383.42","319.43","63.99","364.28","302.98","61.3","19.14","16.45","2.69","279.1","201.9","77.18","250.53","179.18","71.35","28.56","22.72","5.84","3258.74","662.52","3921.26"
"194","1961","12","Uttar Pradesh","Aligarh","1765.28","948.57","816.71","1478.58","792.88","685.7","286.7","155.69","131.01","0.0","0.0","0.0","0.0","0.0","0.0","0.0","0.0","0.0","368.22","195.04","173.18","325.62","172.72","152.89","42.6","22.31","20.29","394.9","346.73","48.17","241.49","209.13","32.36","153.41","137.59","15.81","274.59","266.53","8.06","271.84","263.84","8.0","2.75","2.7","0.06","274.59","266.53","8.06","271.84","263.84","8.0","2.75","2.7","0.06","1210.14","549.18","1759.32"
"194","1971","12","Uttar Pradesh","Aligarh","2113.75","1149.47","964.28","1740.65","946.36","794.29","373.09","203.11","169.99","0.42","0.25","0.18","0.28","0.15","0.13","0.14","0.09","0.05","450.51","242.99","207.52","393.97","212.09","181.88","56.54","30.91","25.64","519.45","406.04","113.42","366.54","305.74","60.8","152.92","100.3","52.62","287.13","282.03","5.1","283.19","278.18","5.01","3.94","3.85","0.09","110.39","107.71","2.68","105.9","103.34","2.56","4.5","4.38","0.12","1534.88","397.52","1932.4"
"194","1981","12","Uttar Pradesh","Aligarh","2574.93","1398.98","1175.95","1982.78","1080.93","901.86","592.14","318.05","274.09","0.02","0.02","0.01","0.01","0.01","-1.0","0.01","0.01","0.01","579.35","315.43","263.93","474.92","258.73","216.19","104.44","56.7","47.74","807.12","616.1","191.02","551.1","450.64","100.46","256.03","165.46","90.57","329.35","325.0","4.35","318.11","313.89","4.22","11.24","11.11","0.13","129.49","127.09","2.4","121.25","119.05","2.2","8.24","8.05","0.2","1886.36","458.84","2345.2"
"194","1991","12","Uttar Pradesh","Aligarh","3295.98","1788.88","1507.1","2467.48","1345.18","1122.3","828.5","443.7","384.8","0.13","0.08","0.05","0.07","0.05","0.03","0.06","0.03","0.02","758.31","413.23","345.08","611.93","334.44","277.49","146.38","78.79","67.59","1179.9","858.26","321.64","800.87","622.27","178.6","379.03","235.99","143.05","370.4","355.1","15.3","359.2","344.2","15.1","11.2","10.9","0.2","207.7","195.7","12.0","193.8","182.4","11.4","13.9","13.3","0.6","2393.98","578.1","2972.08"
"194","2001","12","Uttar Pradesh","Aligarh","4323.76","2325.51","1998.25","3195.35","1722.77","1472.58","1128.41","602.74","525.67","0.3","0.17","0.13","0.14","0.08","0.06","0.16","0.1","0.07","971.01","522.04","448.97","775.32","417.62","357.7","195.69","104.43","91.26","2152.88","1421.19","731.69","1538.54","1053.21","485.33","614.34","367.98","246.36","428.48","373.66","54.83","419.33","365.21","54.12","9.15","8.45","0.71","282.55","217.76","64.8","270.23","207.15","63.07","12.33","10.61","1.72","3331.76","711.04","4042.8"
"194","2011","12","Uttar Pradesh","Aligarh","5238.6","2788.13","2450.47","3688.72","1968.73","1719.98","1549.88","819.38","730.5","0.9","0.48","0.42","0.5","0.27","0.25","0.4","0.21","0.17","1142.8","609.65","533.15","883.07","471.69","411.36","259.75","137.96","121.79","3035.14","1862.54","1172.61","2120.97","1337.44","783.53","914.17","525.1","389.08","405.73","356.17","49.57","391.94","344.45","47.49","13.79","11.72","2.07","421.92","331.06","90.86","390.51","304.18","86.33","31.41","26.89","4.53","3580.12","827.65","4407.77"
"195","1961","12","Uttar Pradesh","Mathura","1071.28","582.89","488.39","891.65","484.65","407.0","179.63","98.24","81.38","0.0","0.0","0.0","0.0","0.0","0.0","0.0","0.0","0.0","206.33","109.65","96.68","189.99","101.05","88.94","16.34","8.6","7.74","230.02","191.42","38.6","153.41","137.59","15.81","76.62","53.83","22.79","207.64","179.63","28.01","206.2","178.31","27.89","1.44","1.32","0.12","207.64","179.63","28.01","206.2","178.31","27.89","1.44","1.32","0.12","697.39","415.28","1112.66"
"195","1971","12","Uttar Pradesh","Mathura","1292.98","709.11","583.87","1079.97","593.29","486.68","213.02","115.82","97.19","0.8","0.42","0.38","0.0","0.0","0.0","0.8","0.42","0.38","247.94","137.94","110.0","226.78","126.39","100.39","21.16","11.54","9.62","318.05","259.71","58.34","220.17","194.56","25.61","97.88","65.15","32.74","196.85","192.59","4.26","194.44","190.24","4.2","2.41","2.35","0.06","53.93","51.09","2.84","52.57","49.81","2.77","1.36","1.28","0.07","935.61","250.78","1186.39"
"195","1981","12","Uttar Pradesh","Mathura","1560.45","861.18","699.27","1231.74","682.58","549.16","328.71","178.6","150.11","0.09","0.05","0.04","0.01","0.01","0.0","0.08","0.04","0.04","306.45","169.39","137.07","263.82","146.11","117.71","42.63","23.27","19.36","477.98","387.67","90.31","329.0","287.81","41.19","148.99","99.86","49.13","222.91","219.46","3.45","214.03","210.71","3.31","8.89","8.75","0.14","64.77","62.77","2.03","61.1","59.2","1.91","3.67","3.54","0.13","1122.99","287.68","1410.67"
"195","1991","12","Uttar Pradesh","Mathura","1931.19","1063.49","867.7","1475.94","818.75","657.19","455.25","244.74","210.51","0.17","0.1","0.07","0.02","0.02","0.0","0.15","0.08","0.07","390.72","215.37","175.36","323.91","179.3","144.62","66.81","36.07","30.74","686.86","530.95","155.91","473.0","393.67","79.32","213.86","137.28","76.58","243.6","232.1","11.5","233.2","222.2","11.0","10.4","9.9","0.5","101.8","94.7","7.2","95.0","88.4","6.6","6.8","6.3","0.6","1394.19","345.4","1739.59"
"195","2001","12","Uttar Pradesh","Mathura","2069.58","1123.98","945.59","1487.19","809.66","677.54","582.39","314.33","268.06","0.23","0.11","0.12","0.14","0.07","0.07","0.1","0.05","0.05","406.6","219.51","187.09","327.15","176.98","150.17","79.45","42.54","36.91","1043.38","709.55","333.83","694.76","496.97","197.8","348.61","212.58","136.03","306.21","215.09","91.12","294.48","206.32","88.17","11.73","8.78","2.96","135.71","73.81","61.9","130.69","70.7","59.98","5.02","3.11","1.91","1531.58","441.92","1973.5"
"195","2011","12","Uttar Pradesh","Mathura","2547.18","1367.13","1180.06","1791.19","962.03","829.16","755.99","405.1","350.9","1.52","0.83","0.69","0.31","0.16","0.15","1.21","0.66","0.54","506.58","271.3","235.29","400.92","214.92","186.0","105.66","56.38","49.29","1507.75","943.35","564.4","1021.67","658.49","363.18","486.08","284.86","201.22","235.89","186.39","49.5","225.13","177.17","47.96","10.76","9.22","1.54","179.25","114.05","65.2","166.11","103.82","62.28","13.14","10.23","2.92","1706.25","415.14","2121.39"
"196","1961","12","Uttar Pradesh","Agra","1862.14","1012.06","850.09","1194.16","645.16","549.0","667.98","366.89","301.09","0.0","0.0","0.0","0.0","0.0","0.0","0.0","0.0","0.0","416.54","225.18","191.36","299.79","161.03","138.76","116.75","64.15","52.6","447.26","345.04","102.22","197.93","172.43","25.51","249.33","172.61","76.71","253.92","246.4","7.52","250.6","243.18","7.42","3.32","3.23","0.09","253.92","246.4","7.52","250.6","243.18","7.42","3.32","3.23","0.09","1291.87","507.83","1799.71"
"196","1971","12","Uttar Pradesh","Agra","2319.24","1266.67","1052.57","1470.32","804.78","665.55","848.92","461.9","387.02","2.18","1.41","0.77","0.0","0.0","0.0","2.18","1.41","0.77","479.32","261.01","218.3","314.35","172.29","142.06","164.97","88.73","76.24","653.07","482.29","170.78","303.16","254.52","48.64","349.91","227.77","122.14","264.28","261.4","2.87","259.82","257.04","2.79","4.45","4.37","0.09","65.02","63.18","1.84","61.96","60.2","1.76","3.06","2.98","0.09","1682.05","329.3","2011.35"
"196","1981","12","Uttar Pradesh","Agra","2852.94","1560.7","1292.24","1766.03","974.79","791.24","1086.91","585.91","501.0","1.71","0.9","0.81","0.16","0.08","0.08","1.55","0.81","0.74","630.23","347.84","282.39","399.39","221.99","177.41","230.84","125.86","104.98","954.26","696.9","257.36","469.26","390.51","78.75","484.99","306.38","178.61","306.03","303.65","2.38","299.55","297.27","2.28","6.49","6.39","0.1","74.95","73.21","1.73","71.65","70.01","1.64","3.3","3.21","0.09","2063.51","380.98","2444.49"
"196","1991","12","Uttar Pradesh","Agra","3272.26","1786.49","1485.77","2022.61","1113.54","909.06","1249.66","672.93","576.72","0.31","0.17","0.13","0.19","0.12","0.06","0.12","0.06","0.06","738.82","404.33","334.5","437.19","241.23","195.97","301.64","163.11","138.53","1250.31","892.59","357.72","647.93","516.73","131.2","602.38","375.87","226.52","335.4","328.7","6.8","323.9","317.7","6.2","11.5","11.1","0.5","104.1","99.3","4.8","97.4","92.9","4.4","6.8","6.4","0.4","2376.82","439.5","2816.32"
"196","2001","12","Uttar Pradesh","Agra","4306.85","2325.54","1981.31","2538.35","1378.25","1160.09","1768.51","947.29","821.22","0.93","0.48","0.44","0.48","0.25","0.23","0.45","0.23","0.21","919.99","498.6","421.39","536.62","290.48","246.15","383.37","208.13","175.24","2326.66","1524.97","801.69","1218.5","839.37","379.14","1108.16","685.61","422.55","326.72","306.69","20.02","319.58","299.95","19.63","7.13","6.74","0.39","156.12","128.02","28.11","149.92","122.96","26.96","6.2","5.06","1.14","3338.15","482.84","3820.99"
"196","2011","12","Uttar Pradesh","Agra","5268.17","2817.85","2450.32","2960.7","1588.42","1372.28","2307.48","1229.43","1078.05","8.13","4.29","3.84","1.15","0.59","0.57","6.98","3.7","3.28","1152.45","617.76","534.68","618.46","331.23","287.22","534.0","286.53","247.47","3197.93","1924.78","1273.15","1746.63","1094.09","652.54","1451.29","830.69","620.6","348.23","305.59","42.65","328.04","289.36","38.67","20.21","16.23","3.98","285.53","224.51","61.03","252.76","197.76","55.0","32.78","26.75","6.03","3619.41","633.76","4253.17"
"197","1961","12","Uttar Pradesh","Mainpuri","1180.89","634.95","545.94","1093.74","587.09","506.64","87.16","47.86","39.3","0.0","0.0","0.0","0.0","0.0","0.0","0.0","0.0","0.0","211.23","114.76","96.48","199.67","108.51","91.16","11.57","6.25","5.32","233.16","187.83","45.33","198.25","163.56","34.69","34.9","24.27","10.64","275.21","266.65","8.56","272.93","264.47","8.47","2.28","2.18","0.1","275.21","266.65","8.56","272.93","264.47","8.47","2.28","2.18","0.1","798.47","550.43","1348.9"
"197","1971","12","Uttar Pradesh","Mainpuri","1442.52","784.26","658.27","1320.45","717.79","602.66","122.07","66.46","55.61","0.0","0.0","0.0","0.0","0.0","0.0","0.0","0.0","0.0","256.31","141.19","115.13","240.19","132.24","107.96","16.12","8.95","7.17","361.55","278.93","82.62","305.96","242.94","63.02","55.58","35.99","19.6","284.66","282.45","2.21","281.55","279.39","2.16","3.11","3.06","0.05","45.07","44.36","0.72","43.63","42.92","0.7","1.45","1.44","0.01","1044.12","329.73","1373.85"
"197","1981","12","Uttar Pradesh","Mainpuri","1726.2","944.11","782.09","1534.94","840.89","694.06","191.26","103.22","88.04","0.05","0.05","0.0","0.05","0.05","0.0","-1.0","0.0","-1.0","317.41","175.14","142.27","289.5","159.78","129.72","27.9","15.36","12.54","574.75","430.15","144.6","476.52","366.8","109.72","89.23","63.35","34.88","330.52","328.92","1.6","324.0","322.45","1.55","6.52","6.47","0.05","50.36","49.92","0.44","47.92","47.51","0.41","2.44","2.41","0.03","1256.58","380.88","1637.46"
"197","1991","12","Uttar Pradesh","Mainpuri","1317.0","718.0","599.0","1143.0","626.0","517.0","174.0","93.0","81.0","0.09","0.06","0.03","0.07","0.04","0.03","0.02","0.02","0.01","449.12","247.4","201.71","374.92","207.12","167.79","74.2","40.28","33.92","526.0","370.0","156.0","435.0","315.0","120.0","92.0","56.0","36.0","365.6","361.2","4.3","357.8","353.6","4.1","7.7","7.7","0.1","82.3","80.3","2.0","77.5","75.7","1.9","4.7","4.6","0.2","682.44","447.9","1130.34"
"197","2001","12","Uttar Pradesh","Mainpuri","1592.88","858.53","734.34","1362.75","736.69","626.06","230.13","121.84","108.29","0.84","0.1","0.09","0.19","0.1","0.09","0.65","0.34","0.31","563.84","305.26","258.58","457.56","248.14","209.41","106.29","57.12","49.17","865.05","550.49","314.56","719.89","466.64","253.24","145.17","83.85","61.32","272.83","250.41","22.42","267.74","245.52","22.22","5.09","4.89","0.21","71.04","62.17","8.88","68.47","59.75","8.72","2.58","2.42","0.16","927.58","343.87","1271.45"
"197","2011","12","Uttar Pradesh","Mainpuri","3517.32","1872.53","1644.78","2678.98","1431.0","1247.97","838.33","441.51","396.82","2.18","1.15","1.03","0.55","0.3","0.25","1.62","0.85","0.77","680.98","363.68","317.3","539.4","288.58","250.83","141.58","75.1","66.47","2208.28","1314.23","894.04","1676.65","1013.75","662.9","531.62","300.48","231.14","392.73","349.2","43.53","381.96","339.7","42.27","10.76","9.5","1.25","236.32","197.69","38.63","217.7","181.84","35.87","18.61","15.85","2.77","2453.87","629.05","3082.92"
"198","1961","12","Uttar Pradesh","Etah","1299.67","696.92","602.75","1174.56","629.86","544.7","125.11","67.06","58.05","0.0","0.0","0.0","0.0","0.0","0.0","0.0","0.0","0.0","216.05","115.79","100.25","199.97","107.05","92.92","16.08","8.74","7.34","215.35","175.39","39.95","172.93","146.27","26.66","42.41","29.12","13.3","299.78","291.92","7.86","296.45","288.68","7.77","3.33","3.23","0.1","299.78","291.92","7.86","296.45","288.68","7.77","3.33","3.23","0.1","873.63","599.56","1473.19"
"198","1971","12","Uttar Pradesh","Etah","1568.25","852.16","716.09","1414.24","769.38","644.86","154.01","82.78","71.23","0.22","0.13","0.09","0.22","0.13","0.09","0.0","0.0","0.0","261.57","143.01","118.56","241.57","132.07","109.5","20.0","10.93","9.06","332.71","261.46","71.25","271.82","222.09","49.73","60.89","39.37","21.52","316.11","312.54","3.57","311.99","308.49","3.5","4.12","4.05","0.07","55.55","54.71","0.84","53.27","52.45","0.81","2.28","2.26","0.03","1122.13","371.66","1493.79"
"198","1981","12","Uttar Pradesh","Etah","1858.69","1017.21","841.48","1570.73","863.57","707.15","287.97","153.64","134.33","0.08","0.06","0.03","0.08","0.05","0.02","0.01","0.0","0.0","317.42","175.58","141.85","278.73","154.43","124.3","38.7","21.15","17.55","503.71","393.51","110.2","389.15","320.0","69.15","114.57","73.51","41.06","365.77","363.53","2.24","354.5","352.36","2.14","11.27","11.17","0.1","64.11","63.42","0.7","55.47","54.83","0.64","8.65","8.59","0.06","1331.54","429.88","1761.42"
"198","1991","12","Uttar Pradesh","Etah","2245.0","1230.56","1014.44","1869.74","1030.21","839.53","375.26","200.35","174.91","0.07","0.04","0.03","0.06","0.04","0.02","0.01","0.01","0.01","388.79","215.22","173.57","336.84","186.92","149.92","51.95","28.3","23.65","713.63","531.57","182.06","547.87","428.07","119.8","165.76","103.51","62.26","415.0","407.2","7.8","402.4","394.7","7.6","12.7","12.5","0.2","91.2","88.4","2.8","80.2","77.7","2.5","11.0","10.7","0.3","1605.0","506.2","2111.2"
"198","2001","12","Uttar Pradesh","Etah","4138.46","2238.93","1899.53","3245.0","1763.97","1481.03","893.46","474.96","418.5","0.03","0.39","0.35","0.03","0.01","0.01","0.01","0.0","0.0","478.67","259.63","219.04","410.82","223.26","187.56","67.85","36.36","31.48","1992.57","1311.51","681.06","1497.36","1017.96","479.4","495.21","293.56","201.65","553.5","515.38","38.13","543.24","505.42","37.82","10.26","9.96","0.31","209.3","180.47","28.83","199.04","170.62","28.41","10.26","9.85","0.42","3478.46","762.8","4241.26"
"198","2011","12","Uttar Pradesh","Etah","3211.2","1711.51","1499.69","2654.85","1418.15","1236.71","556.35","293.36","262.99","0.29","0.17","0.12","0.15","0.09","0.06","0.14","0.08","0.06","535.31","286.44","248.87","468.55","250.8","217.74","66.76","35.64","31.13","1780.05","1099.84","680.21","1443.25","907.15","536.1","336.81","192.7","144.11","471.49","405.74","65.75","460.74","395.61","65.13","10.75","10.13","0.62","238.87","193.48","45.4","219.22","175.41","43.8","19.66","18.06","1.59","2192.45","710.36","2902.81"
"199","1961","12","Uttar Pradesh","Bareilly","1478.49","806.22","672.27","1152.17","628.94","523.23","326.32","177.28","149.04","0.0","0.0","0.0","0.0","0.0","0.0","0.0","0.0","0.0","186.32","102.97","83.35","169.1","93.87","75.22","17.22","9.09","8.13","224.11","170.14","53.97","103.28","90.85","12.43","120.83","79.29","41.54","312.58","306.44","6.14","308.53","302.53","6.0","4.05","3.91","0.14","312.58","306.44","6.14","308.53","302.53","6.0","4.05","3.91","0.14","983.83","625.16","1608.99"
"199","1971","12","Uttar Pradesh","Bareilly","1779.63","987.05","801.58","1383.01","763.07","619.95","396.62","214.98","181.64","0.45","0.25","0.2","0.19","0.1","0.08","0.27","0.15","0.12","205.26","114.02","91.24","182.1","101.25","80.86","23.16","12.78","10.38","313.86","235.31","78.55","161.88","138.21","23.67","151.98","97.1","54.88","339.78","338.09","1.69","333.9","332.29","1.61","5.88","5.8","0.08","56.84","56.27","0.57","53.04","52.52","0.51","3.8","3.75","0.06","1239.36","396.62","1635.98"
"199","1981","12","Uttar Pradesh","Bareilly","2273.03","1242.08","1030.95","1614.0","887.89","726.12","659.03","354.19","304.84","0.06","0.04","0.02","0.02","0.02","0.0","0.04","0.02","0.02","283.81","157.34","126.46","239.37","133.17","106.2","44.44","24.18","20.26","501.07","373.97","127.1","248.2","214.2","34.0","252.87","159.77","93.1","384.93","383.45","1.48","368.26","366.94","1.32","16.67","16.52","0.16","77.83","77.27","0.56","64.98","64.52","0.45","12.86","12.74","0.11","1613.43","462.76","2076.19"
"199","1991","12","Uttar Pradesh","Bareilly","2834.62","1541.09","1293.53","1905.15","1045.46","859.69","929.47","495.62","433.84","0.43","0.24","0.18","0.28","0.16","0.12","0.15","0.08","0.06","358.93","197.66","161.27","293.88","162.6","131.29","65.05","35.07","29.99","735.68","535.54","200.14","367.9","304.16","63.73","367.78","231.37","136.41","432.6","429.0","3.5","407.8","404.5","3.3","24.8","24.5","0.2","117.2","114.7","2.4","92.7","90.5","2.2","24.5","24.2","0.3","2020.62","549.8","2570.42"
"199","2001","12","Uttar Pradesh","Bareilly","3598.7","1922.83","1675.87","2425.83","1303.13","1122.7","1172.87","619.7","553.17","0.38","0.21","0.17","0.05","0.03","0.01","0.33","0.17","0.16","457.77","246.09","211.68","368.67","198.98","169.69","89.1","47.11","41.99","1389.35","917.67","471.68","818.02","581.19","236.83","571.33","336.47","234.85","439.15","391.02","48.13","421.62","374.34","47.28","17.54","16.68","0.85","206.88","176.98","29.91","183.63","154.92","28.72","23.25","22.06","1.19","2735.7","646.04","3381.74"
"199","2011","12","Uttar Pradesh","Bareilly","4448.36","2357.67","2090.69","2879.95","1530.36","1349.59","1568.41","827.31","741.1","3.23","1.66","1.56","0.37","0.2","0.17","2.86","1.47","1.39","557.15","295.96","261.19","442.42","235.42","207.01","114.73","60.55","54.18","2191.76","1342.7","849.06","1332.61","846.77","485.84","859.15","495.93","363.22","365.99","332.38","33.61","345.1","313.72","31.38","20.89","18.66","2.23","326.38","289.67","36.71","280.03","247.59","32.44","46.35","42.08","4.27","3046.39","692.37","3738.76"
"200","1961","12","Uttar Pradesh","Budaun","1411.66","768.58","643.07","1292.5","704.28","588.22","119.16","64.3","54.86","0.0","0.0","0.0","0.0","0.0","0.0","0.0","0.0","0.0","228.4","125.37","103.03","219.94","120.66","99.28","8.46","4.71","3.75","136.02","109.25","26.77","101.97","87.37","14.6","34.05","21.88","12.17","384.81","376.67","8.14","378.93","370.9","8.03","5.88","5.77","0.11","384.81","376.67","8.14","378.93","370.9","8.03","5.88","5.77","0.11","924.96","769.61","1694.57"
"200","1971","12","Uttar Pradesh","Budaun","1644.99","906.87","738.12","1491.16","824.39","666.77","153.83","82.48","71.35","0.37","0.2","0.17","0.17","0.09","0.08","0.2","0.11","0.09","264.32","146.85","117.47","252.24","140.29","111.95","12.08","6.56","5.52","206.4","163.76","42.63","159.62","133.76","25.86","46.78","30.01","16.77","415.86","412.73","3.13","407.71","404.71","3.0","8.15","8.01","0.14","44.1","43.37","0.73","40.16","39.49","0.67","3.94","3.88","0.06","1126.88","459.96","1586.84"
"200","1981","12","Uttar Pradesh","Budaun","1971.95","1090.37","881.57","1653.72","919.68","734.04","318.22","170.7","147.53","0.01","0.01","0.0","0.01","0.01","0.0","-1.0","0.0","0.0","331.86","184.62","147.24","298.31","166.26","132.06","33.55","18.36","15.19","317.42","250.96","66.47","222.2","188.47","33.74","95.22","62.49","32.73","482.57","479.72","2.85","459.19","456.52","2.67","23.38","23.2","0.18","50.34","49.6","0.74","38.64","38.05","0.59","11.69","11.55","0.14","1347.74","532.91","1880.65"
"200","1991","12","Uttar Pradesh","Budaun","2448.34","1352.74","1095.59","2017.03","1122.95","894.08","431.31","229.79","201.51","0.03","0.02","0.0","0.03","0.02","0.0","-1.0","-1.0","-1.0","424.57","235.87","188.7","375.55","209.37","166.19","49.02","26.51","22.51","476.48","367.15","109.33","330.16","273.86","56.3","146.32","93.29","53.03","549.7","541.6","8.1","522.9","515.1","7.8","26.8","26.5","0.3","85.8","83.0","2.8","65.9","63.5","2.5","19.9","19.5","0.3","1700.34","635.5","2335.84"
"200","2001","12","Uttar Pradesh","Budaun","3069.25","1667.5","1401.75","2511.99","1372.46","1139.53","557.25","295.04","262.21","0.11","0.05","0.05","0.08","0.04","0.04","0.02","0.01","0.01","524.68","284.72","239.96","461.6","251.07","210.53","63.08","33.65","29.43","948.48","665.86","282.62","701.75","517.43","184.32","246.73","148.43","98.3","550.6","508.15","42.44","531.39","489.6","41.79","19.21","18.55","0.66","168.23","148.5","19.74","145.47","126.51","18.97","22.76","21.99","0.77","2300.25","718.83","3019.08"
"200","2011","12","Uttar Pradesh","Budaun","3681.9","1967.76","1714.14","3037.3","1630.38","1406.93","644.6","337.38","307.21","0.06","0.03","0.03","0.01","0.0","0.01","0.05","0.03","0.02","622.53","332.92","289.61","553.49","296.6","256.88","69.04","36.32","32.72","1547.48","986.5","560.98","1224.51","799.89","424.61","322.97","186.61","136.36","575.9","516.7","59.2","554.61","496.59","58.02","21.3","20.12","1.18","258.76","222.16","36.6","225.17","191.26","33.91","33.59","30.9","2.68","2574.55","834.66","3409.21"
"201","1961","12","Uttar Pradesh","Moradabad","1973.53","1058.39","915.14","1535.83","825.62","710.21","437.7","232.77","204.92","0.0","0.0","0.0","0.0","0.0","0.0","0.0","0.0","0.0","317.29","169.83","147.46","289.38","154.86","134.52","27.91","14.97","12.94","270.48","209.25","61.23","138.0","118.44","19.56","132.48","90.81","41.67","414.84","396.99","17.86","406.3","388.77","17.54","8.54","8.22","0.32","414.84","396.99","17.86","406.3","388.77","17.54","8.54","8.22","0.32","1323.67","829.69","2153.36"
"201","1971","12","Uttar Pradesh","Moradabad","2431.59","1322.23","1109.36","1854.65","1011.85","842.8","576.94","310.38","266.56","2.3","1.26","1.04","0.39","0.2","0.19","1.91","1.06","0.85","383.42","209.22","174.2","343.4","187.04","156.36","40.02","22.19","17.84","413.99","310.19","103.8","214.84","182.93","31.91","199.15","127.26","71.89","450.59","442.15","8.43","437.41","429.16","8.25","13.18","13.0","0.18","72.49","70.63","1.87","65.5","63.77","1.73","6.99","6.86","0.14","1718.52","523.08","2241.6"
"201","1981","12","Uttar Pradesh","Moradabad","3149.41","1709.15","1440.25","2300.74","1255.33","1045.41","848.67","453.83","394.84","0.62","0.35","0.27","0.16","0.09","0.07","0.46","0.27","0.2","538.02","278.41","259.61","474.07","242.71","231.36","63.94","35.69","28.25","624.3","466.84","157.45","350.57","296.54","54.03","273.73","170.3","103.42","532.18","528.91","3.27","508.53","505.54","2.99","23.65","23.37","0.28","92.04","91.04","1.0","78.85","78.1","0.75","13.2","12.95","0.25","2243.48","624.22","2867.7"
"201","1991","12","Uttar Pradesh","Moradabad","4121.04","2224.86","1896.18","2981.57","1618.4","1363.17","1139.47","606.46","533.01","0.41","0.22","0.19","0.2","0.1","0.1","0.21","0.12","0.09","665.08","362.56","302.52","570.31","310.96","259.35","94.78","51.6","43.18","998.93","730.16","268.77","563.81","462.4","101.41","435.13","267.76","167.36","610.1","593.6","16.6","583.0","567.4","15.6","27.1","26.2","0.9","171.5","166.1","5.5","149.9","145.4","4.5","21.6","20.7","1.0","2962.04","781.6","3743.64"
"201","2001","12","Uttar Pradesh","Moradabad","5248.82","2784.24","2464.58","3715.91","1973.3","1742.61","1532.91","810.94","721.97","0.32","0.17","0.15","0.0","0.0","-1.0","0.32","0.17","0.15","863.11","462.2","400.91","718.13","384.47","333.66","144.99","77.73","67.25","1975.84","1311.13","664.71","1252.85","885.59","367.25","722.99","425.53","297.46","670.8","558.6","112.2","647.47","537.18","110.29","23.33","21.43","1.91","284.31","234.82","49.49","259.97","212.58","47.4","24.34","22.24","2.1","3871.82","955.11","4826.94"
"201","2011","12","Uttar Pradesh","Moradabad","6612.23","3466.64","3145.59","4579.89","2404.56","2175.33","2032.33","1062.07","970.26","0.85","0.47","0.39","0.2","0.12","0.09","0.64","0.35","0.3","1049.41","551.9","497.5","858.98","451.59","407.39","190.43","100.32","90.11","3246.96","1957.98","1288.98","2136.35","1336.27","800.07","1110.61","621.7","488.92","586.31","498.67","87.64","564.63","479.17","85.47","21.69","19.51","2.18","470.26","384.47","85.8","423.94","343.11","80.83","46.32","41.35","4.97","4595.33","1056.57","5651.9"
"202","1961","12","Uttar Pradesh","Shahjahanpur","1130.26","618.9","511.36","972.66","534.64","438.02","157.6","84.26","73.34","0.0","0.0","0.0","0.0","0.0","0.0","0.0","0.0","0.0","182.51","99.54","82.97","174.16","94.88","79.28","8.35","4.65","3.69","149.67","119.86","29.82","102.22","88.36","13.86","47.46","31.5","15.95","290.69","284.11","6.58","287.5","281.01","6.5","3.19","3.11","0.09","290.69","284.11","6.58","287.5","281.01","6.5","3.19","3.11","0.09","722.5","581.39","1303.89"
"202","1971","12","Uttar Pradesh","Shahjahanpur","1283.32","712.99","570.34","1087.38","607.89","479.49","195.94","105.09","90.85","1.46","0.8","0.66","0.76","0.44","0.32","0.69","0.36","0.33","209.66","117.37","92.29","197.26","110.57","86.69","12.37","6.8","5.57","218.29","172.0","46.29","151.98","128.37","23.62","66.31","43.64","22.67","297.82","292.49","5.33","293.37","288.1","5.27","4.44","4.39","0.05","56.11","53.08","3.04","51.82","48.83","2.99","4.29","4.25","0.04","865.39","353.93","1219.32"
"202","1981","12","Uttar Pradesh","Shahjahanpur","1647.66","909.03","738.63","1328.33","737.49","590.83","319.34","171.54","147.8","0.04","0.03","0.01","0.04","0.03","0.01","-1.0","-1.0","-1.0","294.37","163.62","130.76","267.04","148.66","118.38","27.34","14.96","12.38","353.31","273.62","79.69","234.52","197.06","37.45","118.79","76.56","42.23","355.52","354.03","1.49","346.36","344.95","1.41","9.16","9.08","0.08","57.55","56.56","0.99","49.02","48.12","0.9","8.53","8.44","0.09","1133.24","413.07","1546.31"
"202","1991","12","Uttar Pradesh","Shahjahanpur","1987.4","1094.36","893.03","1574.76","874.87","699.89","412.63","219.49","193.14","0.39","0.21","0.18","0.2","0.1","0.1","0.19","0.12","0.07","358.05","199.13","158.92","319.2","178.37","140.83","38.85","20.76","18.09","512.41","381.47","130.94","342.94","275.49","67.45","169.47","105.99","63.49","398.9","395.1","3.8","389.1","385.4","3.7","9.8","9.7","0.1","88.9","85.9","3.0","78.0","75.2","2.8","10.9","10.8","0.2","1372.4","487.8","1860.2"
"202","2001","12","Uttar Pradesh","Shahjahanpur","2549.46","1387.42","1162.03","2022.66","1102.71","919.96","526.79","284.72","242.08","0.1","0.05","0.05","0.04","0.02","0.02","0.06","0.03","0.03","451.49","245.81","205.68","405.23","221.07","184.16","46.26","24.74","21.52","1011.42","685.11","326.31","773.51","534.63","238.88","237.91","150.47","87.44","364.28","354.37","9.91","357.9","348.19","9.71","6.38","6.18","0.19","166.75","152.84","13.91","155.97","142.4","13.57","10.78","10.44","0.34","1934.46","531.03","2465.49"
"202","2011","12","Uttar Pradesh","Shahjahanpur","3006.54","1606.4","1400.14","2412.45","1293.71","1118.73","594.09","312.69","281.4","0.51","0.26","0.25","0.25","0.12","0.13","0.26","0.14","0.12","532.67","285.28","247.39","479.35","257.18","222.17","53.32","28.1","25.22","1490.93","915.14","575.79","1156.82","725.36","431.46","334.11","189.78","144.33","344.97","323.93","21.04","337.42","316.82","20.61","7.55","7.12","0.43","275.19","246.22","28.97","252.28","224.61","27.68","22.91","21.61","1.3","2114.32","620.16","2734.48"
"203","1961","12","Uttar Pradesh","Pilibhit","616.23","334.6","281.63","531.89","289.06","242.83","84.34","45.54","38.79","0.0","0.0","0.0","0.0","0.0","0.0","0.0","0.0","0.0","80.21","43.21","37.0","74.92","40.38","34.54","5.29","2.83","2.46","82.6","66.78","15.82","55.62","48.61","7.01","26.98","18.18","8.8","136.44","133.95","2.49","134.32","131.93","2.39","2.12","2.02","0.1","136.44","133.95","2.49","134.32","131.93","2.39","2.12","2.02","0.1","404.54","272.88","677.41"
"203","1971","12","Uttar Pradesh","Pilibhit","751.95","411.23","340.72","649.32","355.72","293.6","102.62","55.51","47.12","0.47","0.26","0.21","0.22","0.12","0.1","0.24","0.13","0.11","111.1","60.92","50.18","103.96","57.13","46.83","7.14","3.79","3.35","123.59","98.34","25.25","87.43","74.91","12.52","36.16","23.43","12.73","163.42","162.17","1.25","160.58","159.39","1.19","2.84","2.78","0.06","32.28","31.51","0.78","30.12","29.39","0.73","2.17","2.12","0.05","514.01","195.7","709.71"
"203","1981","12","Uttar Pradesh","Pilibhit","1008.31","546.12","462.19","844.72","458.26","386.47","163.59","87.86","75.73","0.27","0.14","0.14","0.27","0.13","0.13","0.01","0.0","0.0","172.41","89.76","82.65","160.44","83.24","77.2","11.97","6.52","5.45","206.11","163.02","43.09","145.31","123.8","21.51","60.8","39.21","21.59","202.53","201.68","0.86","197.49","196.7","0.79","5.04","4.98","0.07","41.0","39.91","1.09","38.1","37.05","1.04","2.9","2.85","0.05","705.64","243.53","949.17"
"203","1991","12","Uttar Pradesh","Pilibhit","1283.1","692.36","590.74","1046.25","565.69","480.56","236.86","126.68","110.18","1.32","0.72","0.61","1.31","0.71","0.6","0.01","0.01","0.01","205.45","111.53","93.92","186.21","101.1","85.11","19.24","10.43","8.81","323.31","244.87","78.43","228.08","184.34","43.73","95.23","60.53","34.7","229.9","226.9","3.0","222.2","219.3","2.9","7.7","7.6","0.1","64.1","60.7","3.4","56.5","53.3","3.2","7.6","7.3","0.3","912.1","294.0","1206.1"
"203","2001","12","Uttar Pradesh","Pilibhit","1643.79","876.01","767.78","1349.78","719.99","629.79","294.01","156.01","137.99","1.79","0.94","0.86","1.65","0.86","0.79","0.14","0.08","0.06","250.5","133.83","116.67","227.18","121.41","105.77","23.32","12.42","10.9","674.91","454.72","220.19","521.87","362.88","158.99","153.03","91.84","61.2","211.52","201.97","9.55","206.13","196.77","9.36","5.39","5.2","0.19","119.32","105.61","13.7","113.35","100.0","13.35","5.97","5.61","0.35","1283.79","330.83","1614.62"
"203","2011","12","Uttar Pradesh","Pilibhit","2031.01","1072.0","959.01","1679.59","886.79","792.8","351.42","185.21","166.2","1.71","0.89","0.82","1.5","0.78","0.71","0.22","0.11","0.11","333.56","176.44","157.12","304.27","161.07","143.2","29.29","15.37","13.92","1061.1","654.29","406.81","861.55","538.79","322.76","199.55","115.5","84.04","216.48","199.52","16.95","210.12","193.64","16.47","6.36","5.88","0.48","224.19","196.63","27.57","210.46","183.94","26.53","13.73","12.69","1.04","1412.4","440.67","1853.07"
"204","1961","12","Uttar Pradesh","Rampur","701.54","374.95","326.59","555.56","296.26","259.29","145.98","78.68","67.3","0.0","0.0","0.0","0.0","0.0","0.0","0.0","0.0","0.0","76.12","40.54","35.59","72.16","38.29","33.87","3.96","2.25","1.71","84.7","67.21","17.49","44.34","39.33","5.01","40.36","27.87","12.48","155.35","151.58","3.77","152.97","149.43","3.54","2.38","2.16","0.23","155.35","151.58","3.77","152.97","149.43","3.54","2.38","2.16","0.23","466.55","310.71","777.26"
"204","1971","12","Uttar Pradesh","Rampur","901.65","490.39","411.26","725.22","396.2","329.02","176.43","94.19","82.24","0.92","0.54","0.37","0.11","0.07","0.05","0.81","0.48","0.33","104.2","56.77","47.43","100.01","54.49","45.52","4.19","2.29","1.9","117.21","88.02","29.19","64.11","53.34","10.76","53.1","34.68","18.42","186.72","185.45","1.27","183.41","182.18","1.22","3.31","3.27","0.04","25.59","25.14","0.45","24.5","24.07","0.43","1.09","1.06","0.02","626.2","212.31","838.51"
"204","1981","12","Uttar Pradesh","Rampur","1178.62","639.36","539.26","863.51","472.0","391.52","315.11","167.37","147.74","0.05","0.04","0.01","0.02","0.02","0.0","0.03","0.02","0.01","153.89","84.32","69.57","141.15","77.27","63.88","12.73","7.05","5.69","192.56","144.67","47.89","100.11","84.8","15.32","92.45","59.87","32.57","221.9","221.01","0.88","209.61","208.87","0.75","12.28","12.15","0.14","36.57","35.94","0.63","30.73","30.2","0.53","5.84","5.74","0.1","828.68","258.47","1087.15"
"204","1991","12","Uttar Pradesh","Rampur","1502.14","808.42","693.72","1109.43","600.97","508.46","392.72","207.45","185.26","0.05","0.04","0.01","0.02","0.01","0.0","0.04","0.03","0.01","195.14","106.21","88.94","178.57","97.25","81.33","16.57","8.96","7.61","297.59","215.68","81.91","163.78","132.71","31.07","133.81","82.97","50.84","251.3","247.2","4.1","237.9","234.3","3.7","13.4","12.9","0.5","68.2","63.9","4.2","58.3","54.6","3.7","9.8","9.3","0.5","1054.14","319.5","1373.64"
"204","2001","12","Uttar Pradesh","Rampur","1922.45","1021.5","900.95","1442.39","769.63","672.76","480.06","251.88","228.19","0.36","0.24","0.12","0.17","0.09","0.08","0.19","0.15","0.04","257.37","137.7","119.66","232.56","124.42","108.14","24.81","13.29","11.52","597.71","398.5","199.21","387.56","275.36","112.2","210.15","123.15","87.01","226.23","212.63","13.6","215.83","202.72","13.11","10.4","9.91","0.49","134.63","121.04","13.59","122.31","109.26","13.04","12.32","11.78","0.54","1465.45","360.86","1826.31"
"204","2011","12","Uttar Pradesh","Rampur","2335.82","1223.89","1111.93","1747.17","916.88","830.29","588.65","307.01","281.64","0.36","0.21","0.15","0.12","0.07","0.06","0.24","0.14","0.1","307.94","162.84","145.09","277.84","146.89","130.95","30.1","15.96","14.14","1043.67","630.41","413.26","758.98","470.61","288.37","284.69","159.8","124.89","214.19","190.31","23.88","204.59","181.26","23.33","9.59","9.05","0.54","230.24","195.57","34.67","208.38","175.74","32.64","21.85","19.83","2.02","1598.56","444.43","2042.99"
"205","1961","12","Uttar Pradesh","Bijnor","1190.99","634.47","556.52","995.08","531.14","463.94","195.91","103.33","92.58","0.0","0.0","0.0","0.0","0.0","0.0","0.0","0.0","0.0","241.07","125.93","115.14","227.83","119.05","108.78","13.24","6.89","6.35","210.46","165.79","44.68","152.0","126.82","25.18","58.46","38.97","19.49","176.14","168.68","7.46","171.79","164.52","7.27","4.35","4.16","0.19","176.14","168.68","7.46","171.79","164.52","7.27","4.35","4.16","0.19","801.74","352.27","1154.01"
"205","1971","12","Uttar Pradesh","Bijnor","1507.91","812.21","695.7","1238.13","669.04","569.09","269.78","143.17","126.61","3.17","1.6","1.58","2.75","1.44","1.31","0.42","0.16","0.26","301.92","162.38","139.54","283.85","152.63","131.22","18.07","9.75","8.32","308.11","232.32","75.79","225.83","178.79","47.05","82.28","53.53","28.75","192.93","190.12","2.81","185.22","182.47","2.75","7.72","7.65","0.06","98.39","96.57","1.83","91.74","89.95","1.79","6.65","6.61","0.04","1071.14","291.32","1362.46"
"205","1981","12","Uttar Pradesh","Bijnor","1939.26","1040.81","898.45","1458.45","786.05","672.41","480.81","254.77","226.04","3.65","1.97","1.68","3.58","1.93","1.65","0.07","0.04","0.03","393.95","211.09","182.86","361.27","194.28","166.99","32.67","16.8","15.87","518.05","385.43","132.62","359.43","282.97","76.46","158.62","102.46","56.16","229.23","226.94","2.28","212.2","210.12","2.08","17.02","16.82","0.2","126.73","125.06","1.67","110.7","109.27","1.42","16.03","15.78","0.25","1388.8","355.96","1744.76"
"205","1991","12","Uttar Pradesh","Bijnor","2454.52","1311.71","1142.81","1839.17","986.1","853.07","615.35","325.61","289.74","1.88","1.01","0.86","1.87","1.01","0.86","0.01","0.01","0.0","507.35","273.6","233.75","462.23","249.33","212.89","45.13","24.27","20.86","781.51","546.21","235.3","556.22","407.28","148.94","225.29","138.93","86.36","246.0","240.9","5.2","228.5","223.5","5.0","17.5","17.4","0.2","201.7","196.3","5.4","179.4","174.4","4.9","22.3","21.8","0.4","1777.52","447.7","2225.22"
"205","2001","12","Uttar Pradesh","Bijnor","3130.59","1651.28","1479.31","2369.0","1251.23","1117.77","761.59","400.05","361.54","2.43","1.28","1.15","2.4","1.27","1.13","0.02","0.01","0.02","655.81","348.65","307.16","598.83","318.45","280.38","56.97","30.2","26.78","1503.8","938.33","565.47","1113.29","713.22","400.06","390.52","225.11","165.41","260.73","232.16","28.57","247.79","219.74","28.05","12.94","12.42","0.53","248.53","218.06","30.48","228.46","198.91","29.55","20.08","19.15","0.93","2422.59","509.27","2931.85"
"205","2011","12","Uttar Pradesh","Bijnor","3682.71","1921.22","1761.5","2757.4","1438.41","1318.99","925.31","482.8","442.51","3.06","1.59","1.47","2.97","1.55","1.43","0.08","0.04","0.05","787.44","413.87","373.57","716.44","376.42","340.02","71.0","37.45","33.55","2135.39","1241.47","893.92","1596.17","942.94","653.24","539.22","298.54","240.68","232.16","206.26","25.9","222.19","197.04","25.14","9.97","9.21","0.76","311.49","267.22","44.27","284.54","242.71","41.83","26.95","24.5","2.45","2594.68","543.65","3138.33"
"206","1961","12","Uttar Pradesh","Farrukhabad","1295.07","704.39","590.68","1151.99","627.31","524.68","143.08","77.08","66.0","0.0","0.0","0.0","0.0","0.0","0.0","0.0","0.0","0.0","217.23","120.96","96.26","200.65","111.87","88.78","16.58","9.09","7.49","277.02","215.47","61.55","222.01","178.92","43.08","55.02","36.55","18.47","307.54","299.6","7.94","304.62","296.74","7.88","2.92","2.86","0.06","307.54","299.6","7.94","304.62","296.74","7.88","2.92","2.86","0.06","861.8","615.07","1476.88"
"206","1971","12","Uttar Pradesh","Farrukhabad","1558.72","856.73","701.99","1388.18","764.49","623.7","170.54","92.25","78.29","0.29","0.16","0.13","0.27","0.15","0.13","0.01","0.01","0.01","261.77","145.49","116.28","244.98","136.36","108.62","16.79","9.13","7.66","389.22","294.55","94.68","316.83","247.95","68.88","72.4","46.6","25.8","312.55","310.59","1.95","308.88","307.01","1.87","3.67","3.58","0.08","39.68","38.96","0.72","36.83","36.18","0.66","2.85","2.79","0.06","1098.78","352.23","1451.01"
"206","1981","12","Uttar Pradesh","Farrukhabad","1949.14","1068.0","881.14","1634.27","897.7","736.57","314.87","170.3","144.58","0.18","0.1","0.08","0.18","0.1","0.08","-1.0","-1.0","-1.0","339.09","185.83","153.26","293.44","162.86","130.58","45.65","22.97","22.68","624.14","456.01","168.13","484.49","366.16","118.33","139.64","89.85","49.8","382.9","381.31","1.59","373.74","372.26","1.49","9.16","9.05","0.11","56.83","55.93","0.9","48.38","47.66","0.72","8.45","8.27","0.18","1383.79","439.73","1823.52"
"206","1991","12","Uttar Pradesh","Farrukhabad","2440.27","1329.57","1110.69","1985.65","1086.73","898.91","454.62","242.84","211.78","0.77","0.45","0.32","0.18","0.15","0.04","0.59","0.3","0.28","429.24","236.62","192.62","368.17","203.51","164.66","61.07","33.12","27.96","918.69","638.96","279.73","709.51","510.45","199.06","209.18","128.5","80.68","449.3","444.7","4.6","434.9","430.6","4.3","14.4","14.2","0.3","89.5","85.4","4.0","75.2","71.7","3.5","14.3","13.7","0.6","1730.27","538.8","2269.07"
"206","2001","12","Uttar Pradesh","Farrukhabad","2962.46","1589.47","1373.0","2389.65","1284.77","1104.88","572.82","304.7","268.12","0.96","0.5","0.45","0.1","0.05","0.05","0.86","0.45","0.4","514.12","279.31","234.81","440.63","239.82","200.81","73.5","39.49","34.01","1521.64","957.68","563.96","1182.93","760.26","422.67","338.71","197.42","141.29","481.95","438.1","43.85","470.63","427.07","43.56","11.33","11.04","0.29","155.24","135.71","19.54","142.43","123.55","18.89","12.81","12.16","0.65","2234.46","637.2","2871.66"
"206","2011","12","Uttar Pradesh","Farrukhabad","3541.82","1888.02","1653.8","2844.8","1519.55","1325.25","697.03","368.47","328.56","0.25","0.13","0.12","0.17","0.09","0.09","0.08","0.05","0.03","622.69","334.46","288.23","534.24","287.09","247.16","88.45","47.38","41.07","2109.77","1258.43","851.34","1673.77","1011.57","662.2","435.99","246.86","189.14","484.44","440.55","43.89","468.8","425.68","43.12","15.64","14.86","0.78","265.2","232.24","32.95","239.63","208.71","30.92","25.57","23.53","2.03","2424.88","749.64","3174.52"
"207","1961","12","Uttar Pradesh","Etawah","1182.2","639.97","542.23","1074.93","581.69","493.25","107.27","58.29","48.98","0.0","0.0","0.0","0.0","0.0","0.0","0.0","0.0","0.0","303.67","162.81","140.86","288.69","154.41","134.27","14.98","8.4","6.59","271.14","216.71","54.44","227.01","186.85","40.16","44.14","29.86","14.28","280.75","271.28","9.48","279.31","269.88","9.44","1.44","1.4","0.04","280.75","271.28","9.48","279.31","269.88","9.44","1.44","1.4","0.04","797.18","561.51","1358.69"
"207","1971","12","Uttar Pradesh","Etawah","1445.2","789.97","655.23","1303.49","713.46","590.03","141.71","76.51","65.2","0.4","0.22","0.18","0.37","0.21","0.16","0.04","0.01","0.02","354.33","194.98","159.35","335.64","184.62","151.02","18.69","10.36","8.33","416.19","308.22","107.97","351.45","267.41","84.04","64.74","40.82","23.92","268.34","266.36","1.98","266.09","264.17","1.92","2.25","2.19","0.06","51.19","48.38","2.81","49.94","47.18","2.76","1.25","1.2","0.05","1052.45","319.53","1371.98"
"207","1981","12","Uttar Pradesh","Etawah","1742.65","951.66","791.0","1485.0","813.56","671.44","257.65","138.09","119.56","0.04","0.03","0.01","0.04","0.03","0.01","-1.0","-1.0","-1.0","442.78","242.65","200.13","403.6","221.31","182.3","39.17","21.34","17.83","649.87","463.36","186.5","517.29","379.74","137.55","132.58","83.62","48.95","301.17","298.69","2.48","294.29","291.89","2.4","6.88","6.8","0.08","58.46","56.57","1.89","54.38","52.65","1.74","4.08","3.93","0.15","1282.11","359.63","1641.74"
"207","1991","12","Uttar Pradesh","Etawah","2124.66","1160.23","964.43","1790.95","981.82","809.13","333.7","178.41","155.3","0.08","0.08","0.01","0.06","0.06","0.0","0.02","0.01","0.01","531.86","294.9","236.96","481.14","267.4","213.74","50.72","27.5","23.22","916.24","622.01","294.23","734.96","512.9","222.06","181.28","109.11","72.17","343.6","339.6","4.0","334.2","330.4","3.8","9.4","9.3","0.1","100.0","94.9","5.1","93.7","88.9","4.8","6.3","6.0","0.3","1543.66","443.6","1987.26"
"207","2001","12","Uttar Pradesh","Etawah","2519.53","1357.44","1162.09","2041.65","1103.56","938.09","477.88","253.88","223.99","0.09","0.06","0.02","0.06","0.04","0.02","0.03","0.02","0.0","640.26","348.27","291.99","565.38","308.06","257.33","74.88","40.21","34.66","1478.04","913.13","564.91","1154.28","727.68","426.6","323.76","185.45","138.3","359.21","317.73","41.48","349.37","308.8","40.57","9.84","8.93","0.91","174.42","133.49","40.93","167.54","127.39","40.14","6.88","6.1","0.78","1935.53","533.62","2469.15"
"207","2011","12","Uttar Pradesh","Etawah","2961.36","1585.9","1375.46","2360.83","1269.23","1091.6","600.52","316.67","283.86","0.32","0.18","0.14","0.15","0.09","0.06","0.17","0.09","0.08","779.9","420.14","359.76","679.23","366.56","312.67","100.67","53.58","47.09","1992.84","1169.78","823.06","1554.12","926.82","627.32","438.71","242.97","195.75","337.56","295.45","42.12","325.04","284.09","40.95","12.52","11.35","1.17","309.76","245.62","64.13","291.22","229.53","61.69","18.54","16.09","2.45","2013.26","647.32","2660.58"
"208","1961","12","Uttar Pradesh","Kanpur","2381.35","1314.67","1066.68","1405.06","753.23","651.83","976.29","561.44","414.85","0.0","0.0","0.0","0.0","0.0","0.0","0.0","0.0","0.0","479.33","260.5","218.83","329.26","174.04","155.22","150.07","86.46","63.61","749.78","546.64","203.13","294.18","237.19","57.0","455.59","309.46","146.14","353.61","323.02","30.59","344.93","315.01","29.91","8.69","8.01","0.68","49.62","40.64","8.98","47.31","38.58","8.72","2.32","2.06","0.26","1575.98","403.23","1979.21"
"208","1971","12","Uttar Pradesh","Kanpur","2992.54","1650.88","1341.66","1712.43","924.3","788.13","1280.11","726.57","553.53","0.63","0.34","0.28","0.1","0.06","0.04","0.53","0.29","0.25","591.83","325.42","266.41","410.02","221.67","188.35","181.81","103.75","78.06","1098.8","759.76","339.04","447.53","336.53","111.0","651.27","423.23","228.04","340.04","330.15","9.9","331.96","322.2","9.76","8.08","7.94","0.14","113.43","98.44","14.98","107.87","93.37","14.5","5.56","5.07","0.48","2116.06","453.47","2569.53"
"208","1981","12","Uttar Pradesh","Kanpur","3742.22","2044.38","1697.85","2008.73","1084.54","924.2","1733.49","959.84","773.65","2.28","1.38","0.9","1.97","1.19","0.78","0.31","0.19","0.13","739.55","403.95","335.59","490.75","266.12","224.63","248.79","137.83","110.96","1634.09","1091.64","542.45","684.69","492.17","192.52","949.39","599.46","349.93","397.13","386.8","10.33","383.32","373.42","9.89","13.81","13.38","0.43","130.99","113.14","17.85","120.39","103.45","16.94","10.6","9.69","0.91","2677.22","528.12","3205.34"
"208","1991","12","Uttar Pradesh","Kanpur","4556.0","2486.0","2071.0","2397.27","1301.7","1095.57","2159.0","1184.0","976.0","1.75","1.09","0.91","0.91","0.49","0.43","0.83","0.46","0.37","865.82","473.62","392.2","617.51","337.87","279.63","248.31","135.74","112.57","2284.74","1466.83","817.9","966.19","661.85","304.35","1318.55","804.99","513.56","879.7","842.6","37.2","850.0","814.1","35.9","29.7","28.6","1.2","364.8","312.3","52.7","337.2","286.9","50.2","27.8","25.3","2.4","3293.0","1244.5","4537.5"
"208","2001","12","Uttar Pradesh","Kanpur","5721.53","3067.52","2654.01","2841.94","1527.0","1314.94","2879.59","1540.53","1339.06","2.43","1.27","1.17","0.84","0.44","0.41","1.59","0.83","0.76","1074.23","580.54","493.69","740.55","401.23","339.32","333.68","179.31","154.37","3674.65","2130.08","1544.57","1597.54","998.32","599.22","2077.1","1131.76","945.34","476.05","400.27","75.78","464.82","390.2","74.62","11.22","10.06","1.16","293.69","198.27","95.42","283.47","190.2","93.27","10.22","8.07","2.15","4304.53","769.74","5074.26"
"208","2011","12","Uttar Pradesh","Kanpur","6377.45","3423.07","2954.39","3188.38","1708.77","1479.61","3189.07","1714.3","1474.78","4.55","2.51","2.05","1.25","0.65","0.6","3.31","1.86","1.45","1277.29","687.8","589.5","869.69","468.01","401.68","407.6","219.79","187.82","4413.26","2522.14","1891.12","2059.54","1219.52","840.03","2353.73","1302.62","1051.1","423.54","360.3","63.24","401.25","342.25","59.0","22.28","18.04","4.23","492.86","364.98","127.88","454.34","333.27","121.07","38.52","31.71","6.83","4176.36","916.4","5092.76"
"209","1961","12","Uttar Pradesh","Fatehpur","1072.94","560.47","512.47","1030.18","537.45","492.73","42.76","23.02","19.74","0.0","0.0","0.0","0.0","0.0","0.0","0.0","0.0","0.0","240.55","123.26","117.29","234.57","120.17","114.4","5.98","3.09","2.89","178.87","151.95","26.92","162.75","140.92","21.83","16.12","11.03","5.09","324.21","230.4","93.81","323.28","229.57","93.71","0.93","0.83","0.1","57.23","34.15","23.08","57.06","34.06","23.01","0.17","0.1","0.07","602.54","381.44","983.99"
"209","1971","12","Uttar Pradesh","Fatehpur","1276.75","670.03","606.72","1204.87","631.59","573.27","71.89","38.43","33.45","0.15","0.08","0.07","0.12","0.06","0.06","0.03","0.02","0.02","301.75","155.72","146.03","292.07","150.64","141.43","9.68","5.08","4.6","264.71","212.22","52.49","237.49","194.09","43.4","27.22","18.13","9.08","259.07","228.8","30.27","255.75","225.54","30.21","3.32","3.26","0.06","115.83","78.97","36.86","113.07","76.6","36.47","2.76","2.37","0.39","849.75","374.9","1224.65"
"209","1981","12","Uttar Pradesh","Fatehpur","1572.42","829.39","743.03","1431.13","754.01","677.12","141.29","75.38","65.91","0.01","0.01","0.0","0.01","0.01","0.0","-1.0","-1.0","-1.0","373.08","194.48","178.6","351.45","183.04","168.41","21.63","11.44","10.19","408.44","315.73","92.71","349.52","277.65","71.87","58.92","38.08","20.84","292.27","267.06","25.21","286.26","261.33","24.92","6.01","5.73","0.29","106.51","79.74","26.77","102.2","76.16","26.05","4.3","3.58","0.73","1050.34","398.78","1449.12"
"209","1991","12","Uttar Pradesh","Fatehpur","1899.24","1009.37","889.87","1711.23","909.04","802.19","188.01","100.33","87.68","0.31","0.17","0.14","0.31","0.17","0.14","-1.0","-1.0","-1.0","469.45","248.6","220.85","440.84","233.29","207.55","28.61","15.31","13.3","680.91","487.78","193.13","587.41","428.73","158.69","93.5","59.06","34.44","341.4","294.5","46.9","334.4","287.9","46.5","7.0","6.6","0.4","155.2","109.0","46.1","148.1","103.4","44.8","7.0","5.7","1.3","1287.24","496.6","1783.84"
"209","2001","12","Uttar Pradesh","Fatehpur","2305.85","1218.89","1086.96","2068.57","1093.86","974.71","237.28","125.03","112.25","0.47","0.24","0.23","0.38","0.2","0.18","0.09","0.04","0.05","578.07","304.46","273.61","544.0","286.39","257.61","34.07","18.08","15.99","1125.36","731.77","393.59","979.25","646.38","332.87","146.1","85.39","60.72","398.03","288.23","109.8","392.1","283.44","108.66","5.93","4.79","1.15","284.96","159.57","125.39","279.44","155.85","123.59","5.51","3.72","1.8","1711.85","682.99","2394.84"
"209","2011","12","Uttar Pradesh","Fatehpur","2632.73","1384.72","1248.01","2310.74","1215.69","1095.05","321.99","169.03","152.96","0.34","0.19","0.15","0.3","0.17","0.14","0.04","0.02","0.01","651.48","342.89","308.59","604.24","317.96","286.28","47.24","24.93","22.31","1512.17","911.0","601.16","1298.74","790.48","508.27","213.42","120.53","92.9","328.76","241.76","87.0","321.75","235.79","85.96","7.01","5.97","1.04","425.37","247.97","177.4","412.07","238.86","173.21","13.29","9.11","4.19","1568.8","754.13","2322.93"
"210","1961","12","Uttar Pradesh","Allahabad","2438.38","1263.98","1174.4","1994.41","1014.96","979.46","443.96","249.02","194.94","0.0","0.0","0.0","0.0","0.0","0.0","0.0","0.0","0.0","586.24","296.17","290.08","517.3","258.93","258.36","68.95","37.23","31.71","476.89","384.88","92.01","265.72","241.21","24.51","211.17","143.67","67.5","624.88","392.08","232.8","622.1","389.8","232.3","2.78","2.27","0.51","192.08","96.0","96.08","190.27","94.84","95.43","1.81","1.16","0.65","1345.81","816.96","2162.76"
"210","1971","12","Uttar Pradesh","Allahabad","2938.04","1544.43","1393.61","2395.0","1241.03","1153.97","543.04","303.4","239.64","0.68","0.38","0.3","0.44","0.24","0.2","0.24","0.14","0.1","725.24","374.61","350.63","647.03","331.93","315.1","78.21","42.68","35.52","700.05","554.58","145.47","418.75","369.08","49.67","281.3","185.5","95.8","430.08","371.92","58.17","426.71","368.87","57.85","3.37","3.05","0.32","274.9","168.45","106.45","269.14","164.16","104.98","5.76","4.29","1.47","1988.56","704.98","2693.54"
"210","1981","12","Uttar Pradesh","Allahabad","3797.03","2008.77","1788.26","3023.45","1584.1","1439.35","773.59","424.68","348.91","0.26","0.15","0.11","0.01","0.01","-1.0","0.25","0.14","0.11","931.08","484.59","446.48","815.93","422.71","393.22","115.14","61.88","53.26","1062.93","833.88","229.05","635.58","558.87","76.72","427.35","275.02","152.34","520.36","466.94","53.42","510.87","458.09","52.78","9.49","8.85","0.64","256.86","177.51","79.35","247.92","170.32","77.6","8.94","7.19","1.75","2648.55","777.22","3425.77"
"210","1991","12","Uttar Pradesh","Allahabad","4921.31","2624.83","2296.48","3898.95","2063.53","1835.41","1022.37","561.3","461.07","2.2","1.25","0.95","1.99","1.13","0.86","0.21","0.13","0.09","1203.85","635.31","568.53","1071.65","564.04","507.6","132.2","71.27","60.93","1664.1","1241.49","422.61","1061.76","865.22","196.54","602.34","376.27","226.07","671.7","536.9","134.8","660.0","526.3","133.7","11.7","10.6","1.1","402.7","254.3","148.4","390.5","244.7","145.7","12.3","9.6","2.7","3368.31","1074.4","4442.71"
"210","2001","12","Uttar Pradesh","Allahabad","6236.45","3309.55","2926.9","4930.87","2591.73","2339.13","1305.58","717.81","587.77","4.36","2.39","1.98","3.75","2.01","1.73","0.62","0.38","0.24","1531.95","805.47","726.48","1357.66","710.57","647.09","174.29","94.9","79.39","3072.47","2033.72","1038.76","2148.75","1485.38","663.37","923.72","548.33","375.39","718.23","488.08","230.16","709.82","481.62","228.2","8.42","6.46","1.96","625.04","311.84","313.2","610.24","303.49","306.75","14.8","8.35","6.45","4804.45","1343.27","6147.72"
"210","2011","12","Uttar Pradesh","Allahabad","7553.99","3970.3","3583.69","5956.66","3114.3","2842.37","1597.33","856.0","741.34","8.15","4.37","3.78","4.96","2.61","2.35","3.18","1.76","1.42","1865.25","978.38","886.87","1640.67","858.66","782.02","224.58","119.73","104.86","4479.15","2706.62","1772.54","3323.96","2051.26","1272.7","1155.19","655.36","499.83","615.38","421.65","193.73","601.65","411.29","190.36","13.75","10.37","3.38","862.56","487.2","375.35","830.52","465.99","364.53","32.04","21.21","10.83","4802.99","1477.94","6280.93"
"211","1961","12","Uttar Pradesh","Jhansi","1087.48","573.7","513.78","828.31","432.66","395.66","259.17","141.05","118.12","0.0","0.0","0.0","0.0","0.0","0.0","0.0","0.0","0.0","287.0","148.82","138.17","237.17","122.61","114.56","49.83","26.21","23.62","217.58","174.93","42.65","111.7","98.74","12.96","105.88","76.19","29.69","270.58","193.75","76.83","265.46","189.74","75.71","5.12","4.0","1.12","32.47","19.32","13.15","31.92","18.89","13.03","0.54","0.43","0.12","641.45","303.04","944.49"
"211","1971","12","Uttar Pradesh","Jhansi","1307.28","698.61","608.67","986.02","527.62","458.4","321.26","170.99","150.27","0.07","0.03","0.04","0.0","0.0","0.0","0.07","0.03","0.04","336.34","179.06","157.27","272.31","144.8","127.51","64.03","34.27","29.76","326.05","249.81","76.24","175.97","149.89","26.08","150.08","99.92","50.16","217.2","209.73","7.47","210.49","203.41","7.08","6.71","6.32","0.39","66.05","47.88","18.18","62.44","45.04","17.4","3.61","2.84","0.77","914.87","283.25","1198.12"
"211","1981","12","Uttar Pradesh","Jhansi","1714.68","919.28","795.39","1206.33","650.27","556.06","508.35","269.02","239.35","0.06","0.03","0.04","0.05","0.03","0.02","0.01","0.0","0.01","466.78","251.57","215.21","359.15","194.4","164.74","107.64","57.17","50.47","544.59","405.0","139.6","288.37","238.64","49.74","256.23","166.36","89.86","280.25","268.64","11.62","267.57","254.08","10.49","15.68","14.56","1.12","57.16","43.71","13.45","52.02","39.41","12.61","5.14","4.3","0.85","1143.0","337.41","1480.41"
"211","1991","12","Uttar Pradesh","Jhansi","2181.74","1171.12","1010.63","1509.84","814.02","695.82","671.91","357.09","314.8","0.54","0.3","0.24","0.39","0.22","0.17","0.15","0.08","0.08","600.72","322.75","277.97","451.18","242.68","208.49","149.54","80.06","69.48","786.35","562.03","224.32","418.78","332.65","86.14","367.57","229.38","138.19","374.6","331.8","42.8","354.4","313.6","40.9","20.1","18.2","1.9","92.5","60.5","32.0","82.9","53.1","29.8","9.6","7.5","2.2","1504.74","467.1","1971.84"
"211","2001","12","Uttar Pradesh","Jhansi","2724.16","1453.05","1271.12","1864.78","994.34","870.44","859.38","458.71","400.68","1.07","0.57","0.5","0.68","0.36","0.32","0.39","0.21","0.19","733.55","390.23","343.33","553.21","294.48","258.73","180.35","95.75","84.6","1374.23","902.33","471.9","797.79","560.06","237.73","576.44","342.27","234.17","526.45","360.69","165.76","508.48","345.91","162.57","17.97","14.78","3.19","207.71","84.47","123.25","194.65","76.85","117.8","13.07","7.62","5.45","1968.16","734.16","2702.32"
"211","2011","12","Uttar Pradesh","Jhansi","3220.19","1698.45","1521.75","2211.33","1165.11","1046.23","1008.86","533.34","475.53","75.48","38.9","36.58","71.75","36.94","34.81","3.74","1.98","1.77","803.03","423.72","379.31","589.36","310.86","278.5","213.67","112.85","100.82","1945.7","1181.3","764.42","1220.42","766.59","453.83","725.28","414.69","310.59","496.46","358.76","137.7","476.59","342.51","134.08","19.88","16.24","3.63","379.42","199.24","180.2","342.13","173.13","169.0","37.3","26.11","11.19","1901.93","875.88","2777.81"
"213","1961","12","Uttar Pradesh","Jalaun","663.17","351.7","311.46","578.49","305.71","272.79","84.67","46.0","38.68","0.0","0.0","0.0","0.0","0.0","0.0","0.0","0.0","0.0","184.54","96.57","87.97","166.08","86.62","79.46","18.46","9.95","8.51","151.15","125.14","26.01","117.98","100.9","17.08","33.17","24.24","8.93","171.03","134.22","36.82","168.39","131.96","36.43","2.64","2.25","0.39","25.04","18.27","6.77","24.89","18.13","6.76","0.15","0.14","0.0","410.04","196.07","606.1"
"213","1971","12","Uttar Pradesh","Jalaun","812.91","437.03","375.88","701.11","376.01","325.1","111.8","61.01","50.78","0.0","0.0","0.0","0.0","0.0","0.0","0.0","0.0","0.0","224.63","121.09","103.54","201.42","108.32","93.09","23.22","12.77","10.45","221.04","175.96","45.08","173.24","142.6","30.64","47.8","33.36","14.43","140.63","136.28","4.35","137.06","132.83","4.23","3.57","3.45","0.12","48.39","40.67","7.72","47.0","39.41","7.59","1.39","1.26","0.13","580.08","189.02","769.1"
"213","1981","12","Uttar Pradesh","Jalaun","986.24","537.02","449.22","789.79","430.3","359.49","196.45","106.72","89.73","0.0","0.0","0.0","0.0","0.0","0.0","0.0","0.0","0.0","267.52","146.82","120.69","224.46","123.23","101.23","43.05","23.59","19.46","354.51","269.35","85.16","259.98","205.81","54.17","94.53","63.53","30.99","164.19","157.66","6.53","155.6","149.25","6.35","8.59","8.42","0.18","56.47","48.03","8.44","52.06","44.11","7.96","4.41","3.92","0.48","682.87","220.66","903.53"
"213","1991","12","Uttar Pradesh","Jalaun","1219.38","666.87","552.51","950.18","521.28","428.9","269.2","145.58","123.61","-1.0","-1.0","-1.0","-1.0","-1.0","-1.0","-1.0","-1.0","-1.0","333.47","184.38","149.09","274.18","151.92","122.26","59.29","32.46","26.84","498.27","359.37","138.9","358.3","269.44","88.86","139.97","89.93","50.04","199.1","185.7","13.4","188.1","175.0","13.1","11.0","10.7","0.4","83.4","66.6","16.8","76.3","60.3","16.0","7.1","6.3","0.8","858.38","282.5","1140.88"
"213","2001","12","Uttar Pradesh","Jalaun","1455.86","788.26","667.6","1115.38","605.73","509.65","340.48","182.54","157.94","0.14","0.07","0.07","0.01","0.01","0.01","0.13","0.06","0.07","393.31","214.87","178.44","319.14","174.8","144.34","74.17","40.07","34.1","809.99","526.77","283.21","594.45","397.4","197.05","215.54","129.37","86.17","222.61","180.49","42.12","212.75","171.34","41.41","9.87","9.15","0.71","173.38","99.62","73.76","165.92","94.08","71.83","7.46","5.53","1.93","1099.86","395.99","1495.85"
"213","2011","12","Uttar Pradesh","Jalaun","1689.97","906.09","783.88","1271.07","683.66","587.42","418.9","222.44","196.46","0.83","0.43","0.4","0.6","0.31","0.29","0.23","0.12","0.11","468.18","252.59","215.59","375.13","202.85","172.27","93.05","49.74","43.32","1075.2","653.43","421.77","789.97","489.08","300.89","285.23","164.36","120.88","196.61","165.65","30.97","185.25","154.94","30.31","11.37","10.71","0.66","243.04","165.04","78.0","226.31","151.7","74.61","16.72","13.34","3.38","1069.21","439.65","1508.86"
"214","1961","12","Uttar Pradesh","Hamirpur","794.45","412.92","381.53","727.9","377.47","350.43","66.55","35.45","31.1","0.0","0.0","0.0","0.0","0.0","0.0","0.0","0.0","0.0","204.71","103.26","101.45","191.2","96.27","94.93","13.51","7.0","6.52","128.99","109.84","19.15","107.43","93.97","13.46","21.56","15.87","5.69","226.05","149.76","76.29","222.82","146.8","76.02","3.23","2.96","0.27","53.53","32.17","21.36","52.6","31.45","21.16","0.93","0.72","0.21","424.46","279.58","704.03"
"214","1971","12","Uttar Pradesh","Hamirpur","988.24","525.45","462.79","890.3","472.66","417.65","97.94","52.79","45.14","0.0","0.0","0.0","0.0","0.0","0.0","0.0","0.0","0.0","252.51","132.41","120.1","234.73","122.86","111.88","17.78","9.55","8.23","198.83","163.7","35.13","161.03","137.38","24.45","37.0","26.32","10.68","168.6","157.9","10.71","163.83","153.46","10.37","4.78","4.44","0.34","106.59","71.89","34.7","103.1","69.04","34.06","3.49","2.85","0.64","644.89","275.19","920.08"
"214","1981","12","Uttar Pradesh","Hamirpur","1194.17","643.29","550.88","995.77","536.43","459.35","198.4","106.87","91.53","0.0","0.0","0.0","0.0","0.0","0.0","0.0","0.0","0.0","293.23","159.26","133.98","251.11","136.49","114.62","42.12","22.77","19.36","314.22","250.48","63.73","229.99","191.94","38.05","84.23","58.54","25.69","197.2","184.28","12.93","186.34","173.96","12.39","10.86","10.32","0.54","104.34","78.33","26.01","94.49","70.06","24.43","9.85","8.27","1.58","782.23","301.54","1083.77"
"214","1991","12","Uttar Pradesh","Hamirpur","1466.49","796.45","670.04","1211.85","659.02","552.82","254.65","137.42","117.22","0.06","0.04","0.03","0.05","0.03","0.02","0.01","0.01","0.01","364.99","199.18","165.81","311.77","170.16","141.61","53.21","29.02","24.2","466.26","355.17","111.09","347.66","276.0","71.66","118.61","79.18","39.43","247.4","220.6","26.8","233.1","207.7","25.4","14.3","12.9","1.4","151.0","103.4","47.6","137.6","93.1","44.4","13.4","10.3","3.1","978.49","398.4","1376.89"
"214","2001","12","Uttar Pradesh","Hamirpur","1751.21","942.71","808.5","1422.96","767.04","655.92","328.24","175.66","152.58","0.24","0.12","0.1","0.05","0.02","0.02","0.19","0.11","0.08","420.51","227.1","193.42","352.68","190.58","162.1","67.84","36.51","31.32","811.31","546.53","264.78","616.78","426.15","190.63","194.53","120.38","74.15","308.68","220.94","87.74","294.76","209.46","85.3","13.92","11.48","2.44","239.67","114.65","125.02","228.01","107.85","120.16","11.66","6.8","4.86","1276.21","548.35","1824.55"
"214","2011","12","Uttar Pradesh","Hamirpur","1980.25","1059.9","920.35","1585.02","849.38","735.63","395.23","210.51","184.71","1.12","0.62","0.51","0.3","0.16","0.13","0.83","0.45","0.38","462.1","247.66","214.44","387.47","207.79","179.68","74.63","39.87","34.76","1141.41","710.41","430.99","881.5","557.19","324.3","259.91","153.22","106.69","244.55","189.08","55.48","232.83","179.18","53.65","11.72","9.9","1.83","311.87","180.5","131.37","291.58","166.52","125.06","20.3","13.98","6.31","1186.91","556.42","1743.33"
"215","1961","12","Uttar Pradesh","Banda","953.73","500.57","453.16","890.27","466.31","423.96","63.46","34.27","29.2","0.0","0.0","0.0","0.0","0.0","0.0","0.0","0.0","0.0","211.97","109.03","102.94","204.44","105.13","99.31","7.53","3.9","3.63","141.75","126.28","15.47","118.49","109.26","9.24","23.26","17.02","6.24","281.07","200.34","80.73","278.91","198.55","80.36","2.16","1.79","0.37","84.83","49.47","35.36","84.41","49.17","35.25","0.42","0.3","0.12","514.7","365.9","880.6"
"215","1971","12","Uttar Pradesh","Banda","1182.95","631.26","551.69","1084.8","577.47","507.33","98.15","53.79","44.36","0.22","0.12","0.11","0.21","0.11","0.1","0.01","0.01","0.01","272.88","143.36","129.53","259.43","136.09","123.34","13.45","7.27","6.18","217.29","185.64","31.65","177.68","157.96","19.72","39.61","27.68","11.93","233.19","207.85","25.34","230.18","204.94","25.24","3.02","2.91","0.1","128.61","85.52","43.09","125.62","83.02","42.6","2.99","2.5","0.49","778.37","361.8","1140.17"
"215","1981","12","Uttar Pradesh","Banda","1533.99","822.82","711.17","1352.0","723.7","629.21","181.09","99.12","81.96","0.02","0.01","0.01","0.01","0.0","0.0","0.01","0.01","0.01","362.5","194.79","167.7","332.37","178.38","153.99","30.13","16.42","13.71","357.37","296.15","61.23","278.09","241.19","36.9","79.58","54.96","24.33","303.79","265.27","38.52","295.45","257.26","38.2","8.34","8.02","0.32","130.96","91.44","39.52","123.56","85.47","38.09","7.4","5.97","1.43","961.14","434.75","1395.89"
"215","1991","12","Uttar Pradesh","Banda","1862.14","1011.23","850.91","1622.72","880.46","742.25","239.42","130.77","108.66","0.04","0.03","0.01","0.04","0.03","0.01","0.0","0.0","0.0","432.88","234.44","198.44","392.75","212.5","180.25","40.13","21.94","18.19","528.26","418.61","109.66","411.25","340.54","70.72","117.01","78.07","38.94","397.6","316.1","81.5","386.1","305.6","80.5","11.5","10.5","0.9","177.4","115.8","61.6","167.9","108.8","59.1","9.6","7.0","2.5","1561.14","575.0","2136.14"
"215","2001","12","Uttar Pradesh","Banda","2300.85","1234.25","1066.6","1980.33","1061.75","918.58","320.52","172.5","148.02","0.05","0.03","0.03","0.03","0.01","0.02","0.02","0.01","0.01","522.07","279.35","242.71","468.79","250.86","217.93","53.28","28.49","24.78","1084.24","727.47","356.77","882.78","604.49","278.29","201.46","122.98","78.48","470.91","306.56","164.35","462.16","298.8","163.36","8.76","7.76","1.0","282.89","138.88","144.01","276.48","134.79","141.69","6.4","4.08","2.32","1664.85","753.8","2418.64"
"215","2011","12","Uttar Pradesh","Banda","2791.14","1493.6","1297.54","2419.06","1296.03","1123.01","372.09","197.56","174.53","0.53","0.28","0.25","0.42","0.22","0.2","0.11","0.06","0.05","654.52","349.56","304.95","590.96","315.99","274.97","63.56","33.58","29.98","1534.01","960.97","573.04","1278.82","812.66","466.16","255.18","148.3","106.88","411.85","293.63","118.22","401.44","284.92","116.52","10.41","8.7","1.7","424.16","245.37","178.79","410.67","236.25","174.42","13.48","9.11","4.37","1695.25","836.01","2531.26"
"216","1961","12","Uttar Pradesh","Varanasi","2362.18","1211.59","1150.59","1809.03","905.88","903.15","553.15","305.71","247.44","0.0","0.0","0.0","0.0","0.0","0.0","0.0","0.0","0.0","410.43","205.39","205.04","358.2","178.37","179.84","52.23","27.03","25.21","557.14","446.28","110.86","332.53","286.4","46.13","224.62","159.88","64.73","364.81","266.29","98.52","361.13","263.44","97.69","3.69","2.86","0.83","152.39","83.74","68.65","151.82","83.36","68.46","0.57","0.37","0.19","1488.25","517.2","2005.45"
"216","1971","12","Uttar Pradesh","Varanasi","2829.75","1475.42","1354.33","2137.12","1095.78","1041.34","692.63","379.64","312.99","0.28","0.15","0.13","0.13","0.07","0.06","0.15","0.08","0.07","497.5","259.07","238.42","436.16","225.34","210.82","61.33","33.73","27.6","766.73","592.04","174.69","461.84","386.02","75.82","304.88","206.02","98.86","285.22","260.29","24.93","280.92","256.2","24.72","4.3","4.09","0.21","213.26","141.97","71.3","208.6","138.05","70.55","4.66","3.92","0.74","2024.97","498.48","2523.45"
"216","1981","12","Uttar Pradesh","Varanasi","3701.01","1943.47","1757.53","2706.18","1404.36","1301.83","994.82","539.12","455.71","0.17","0.1","0.07","0.01","0.01","-1.0","0.16","0.09","0.07","670.46","349.98","320.47","577.29","299.67","277.62","93.16","50.31","42.85","1178.74","893.1","285.64","717.76","586.87","130.89","460.98","306.24","154.75","363.92","336.79","27.13","356.31","329.43","26.89","7.6","7.37","0.24","173.66","125.21","48.46","167.97","120.19","47.78","5.69","5.02","0.68","2633.19","537.58","3170.77"
"216","1991","12","Uttar Pradesh","Varanasi","4860.58","2563.85","2296.73","3538.33","1853.25","1685.09","1322.25","710.6","611.65","0.16","0.12","0.01","0.09","0.07","0.01","0.07","0.04","0.03","881.91","465.83","416.09","756.59","398.42","358.18","125.32","67.41","57.91","1815.9","1299.82","516.08","1150.59","877.81","272.78","665.31","422.01","243.31","455.5","383.1","72.3","446.9","375.5","71.3","8.6","7.6","1.0","259.7","163.7","96.0","252.9","158.1","94.9","6.7","5.6","1.1","3459.58","715.2","4174.78"
"216","2001","12","Uttar Pradesh","Varanasi","6139.76","3207.95","2931.81","4525.18","2349.06","2176.12","1614.58","858.9","755.68","1.25","0.67","0.57","0.66","0.37","0.29","0.6","0.3","0.3","1127.47","591.19","536.27","978.1","511.26","466.84","149.37","79.94","69.44","3185.56","2101.51","1084.05","2202.3","1452.51","749.79","983.26","649.0","334.26","450.73","323.47","127.26","445.39","319.01","126.37","5.35","4.46","0.89","357.2","179.33","177.87","351.1","175.18","175.92","6.1","4.14","1.95","4756.76","807.93","5564.69"
"216","2011","12","Uttar Pradesh","Varanasi","7207.81","3746.87","3460.94","5138.9","2653.75","2485.15","2068.9","1093.12","975.79","72.22","37.55","34.67","58.59","30.31","28.28","13.63","7.24","6.39","1286.85","674.26","612.6","1094.11","571.83","522.28","192.74","102.43","90.31","4488.66","2635.35","1853.3","3083.12","1841.97","1241.16","1405.54","793.38","612.16","418.33","304.68","113.65","399.55","290.48","109.07","18.78","14.22","4.58","535.24","328.26","206.98","507.92","309.04","198.87","27.33","19.22","8.11","4863.95","953.57","5817.52"
"217","1961","12","Uttar Pradesh","Mirzpur","1249.65","644.31","605.34","1105.93","566.13","539.8","143.73","78.18","65.55","0.0","0.0","0.0","0.0","0.0","0.0","0.0","0.0","0.0","426.4","216.66","209.74","405.03","205.35","199.68","21.37","11.3","10.06","211.66","178.54","33.12","158.67","139.19","19.48","52.99","39.35","13.64","281.94","187.74","94.2","279.65","185.88","93.77","2.29","1.87","0.43","149.02","75.62","73.41","148.53","75.34","73.19","0.5","0.27","0.22","671.23","430.97","1102.2"
"217","1971","12","Uttar Pradesh","Mirzpur","1542.56","808.41","734.15","1357.14","703.78","653.37","185.42","104.64","80.78","1.84","0.95","0.89","1.31","0.67","0.63","0.53","0.27","0.26","517.46","266.67","250.79","493.08","252.98","240.11","24.37","13.69","10.68","297.66","241.71","55.95","222.03","186.95","35.08","75.63","54.76","20.87","214.32","193.72","20.59","211.23","190.77","20.45","3.09","2.95","0.14","224.56","134.2","90.35","220.43","131.09","89.34","4.13","3.12","1.02","1001.6","438.88","1440.48"
"217","1981","12","Uttar Pradesh","Mirzpur","2039.15","1079.85","959.3","1771.48","930.58","840.9","267.67","149.27","118.39","0.15","0.07","0.08","0.09","0.05","0.04","0.06","0.02","0.04","663.77","346.01","317.77","631.94","328.3","303.65","31.83","17.71","14.12","480.81","378.98","101.84","356.66","292.48","64.18","124.15","86.5","37.65","303.06","263.6","39.46","299.8","260.5","39.3","3.26","3.1","0.17","215.25","130.22","85.02","212.08","127.88","84.2","3.17","2.34","0.83","1302.06","518.31","1820.37"
"217","1991","12","Uttar Pradesh","Mirzpur","2732.18","1457.22","1274.96","2359.46","1252.51","1106.95","372.72","204.71","168.01","0.2","0.12","0.08","0.17","0.11","0.06","0.03","0.02","0.01","886.9","469.36","417.55","838.83","442.95","395.87","48.07","26.41","21.67","800.86","595.79","205.07","606.07","468.91","137.16","194.79","126.88","67.91","385.7","314.3","71.5","381.8","310.5","71.1","4.0","3.6","0.4","283.8","162.4","121.5","280.0","159.8","120.2","3.8","2.5","1.3","1788.18","669.5","2457.68"
"217","2001","12","Uttar Pradesh","Mirzpur","3578.32","1886.93","1691.39","3014.86","1582.28","1432.57","563.46","304.65","258.82","1.81","0.92","0.88","1.56","0.77","0.78","0.26","0.14","0.11","1179.66","617.17","562.49","1105.2","576.93","528.27","74.46","40.25","34.21","1540.65","1033.0","507.66","1168.43","808.68","359.75","372.23","224.32","147.91","399.33","296.88","102.45","396.16","294.13","102.03","3.17","2.75","0.42","448.97","224.77","224.2","445.04","222.66","222.38","3.93","2.11","1.82","2719.32","848.3","3567.62"
"217","2011","12","Uttar Pradesh","Mirzpur","4359.53","2283.64","2075.89","3697.62","1930.49","1767.14","661.91","353.16","308.74","405.15","208.31","196.84","394.11","202.49","191.61","11.04","5.81","5.24","1082.79","566.44","516.36","998.41","521.25","477.16","84.39","45.19","39.19","2414.39","1467.83","946.57","1954.46","1201.95","752.51","459.93","265.87","194.06","319.14","236.66","82.48","314.76","232.96","81.8","4.39","3.69","0.7","705.63","397.56","308.09","693.12","388.66","304.46","12.51","8.89","3.63","2747.13","1024.77","3771.9"
"218","1961","12","Uttar Pradesh","Jaunpur","1727.26","838.03","889.24","1635.84","789.57","846.27","91.43","48.46","42.97","0.0","0.0","0.0","0.0","0.0","0.0","0.0","0.0","0.0","365.45","171.97","193.48","357.0","167.67","189.33","8.45","4.29","4.16","297.28","250.73","46.56","263.85","226.23","37.62","33.44","24.5","8.94","492.53","318.48","174.05","487.72","315.23","172.49","4.81","3.25","1.56","94.81","48.33","46.48","94.19","47.98","46.21","0.62","0.35","0.27","1030.35","587.35","1617.7"
"218","1971","12","Uttar Pradesh","Jaunpur","2002.99","991.6","1011.39","1883.13","927.5","955.63","119.87","64.1","55.76","0.01","0.0","0.01","0.01","0.0","0.01","0.0","0.0","0.0","420.64","202.97","217.66","409.18","197.04","212.15","11.46","5.94","5.52","426.14","351.76","74.38","379.61","319.31","60.3","46.54","32.45","14.09","327.04","297.48","29.56","323.13","293.74","29.39","3.91","3.73","0.18","130.04","86.55","43.49","128.21","85.07","43.14","1.83","1.48","0.35","1466.99","457.08","1924.07"
"218","1981","12","Uttar Pradesh","Jaunpur","2532.73","1260.69","1272.04","2363.8","1171.32","1192.47","168.88","89.31","79.57","0.0","0.0","0.0","0.0","0.0","0.0","-1.0","0.0","0.0","543.06","266.42","276.64","527.39","258.32","269.06","15.68","8.1","7.58","666.21","527.69","138.52","592.01","478.3","113.72","74.2","49.39","24.8","421.3","384.91","36.38","417.3","381.16","36.14","4.0","3.75","0.25","83.73","58.54","25.19","81.84","57.0","24.84","1.89","1.54","0.35","1843.56","505.03","2348.59"
"218","1991","12","Uttar Pradesh","Jaunpur","3214.64","1612.16","1602.47","2993.3","1495.63","1497.67","221.34","116.53","104.81","0.1","0.05","0.05","0.1","0.05","0.05","-1.0","-1.0","-1.0","700.09","350.08","350.01","678.87","338.99","339.89","21.22","11.1","10.12","1060.63","778.06","282.57","953.03","710.18","242.85","107.6","67.88","39.72","512.8","438.0","74.8","508.7","434.2","74.4","4.1","3.8","0.3","112.8","73.5","39.4","110.5","71.5","39.0","2.3","1.9","0.4","2396.64","625.6","3022.24"
"218","2001","12","Uttar Pradesh","Jaunpur","3911.31","1935.58","1975.73","3622.17","1784.41","1837.76","289.14","151.17","137.97","0.38","0.2","0.18","0.37","0.2","0.18","0.0","0.0","0.0","857.88","426.59","431.29","830.94","412.46","418.48","26.94","14.13","12.81","1897.97","1194.31","703.66","1717.74","1089.34","628.4","180.23","104.97","75.26","627.38","400.87","226.51","623.74","398.06","225.68","3.64","2.81","0.83","258.88","122.78","136.1","256.36","120.98","135.39","2.51","1.8","0.71","3122.31","886.25","4008.56"
"218","2011","12","Uttar Pradesh","Jaunpur","4494.2","2220.47","2273.74","4147.62","2041.22","2106.41","346.58","179.25","167.33","4.74","2.36","2.37","4.49","2.24","2.25","0.25","0.13","0.12","990.35","494.23","496.12","959.7","478.32","481.39","30.64","15.91","14.73","2731.68","1565.39","1166.28","2491.04","1432.2","1058.85","240.63","133.2","107.44","540.76","352.19","188.57","535.99","348.33","187.66","4.77","3.86","0.91","436.79","249.59","187.21","428.8","243.31","185.49","7.99","6.28","1.71","3056.83","977.55","4034.38"
"219","1961","12","Uttar Pradesh","Ghazipur","1321.58","654.25","667.33","1276.42","630.51","645.92","45.15","23.74","21.41","0.0","0.0","0.0","0.0","0.0","0.0","0.0","0.0","0.0","238.27","115.26","123.01","233.84","113.05","120.78","4.43","2.2","2.23","237.56","189.26","48.3","217.75","175.55","42.2","19.81","13.71","6.1","328.39","226.49","101.9","327.09","225.29","101.8","1.3","1.2","0.1","85.06","45.87","39.19","84.98","45.81","39.17","0.09","0.06","0.03","797.3","413.46","1210.76"
"219","1971","12","Uttar Pradesh","Ghazipur","1550.36","781.6","768.77","1481.35","744.84","736.51","69.01","36.76","32.25","0.58","0.29","0.29","0.57","0.28","0.29","0.01","0.01","0.0","296.75","153.21","143.55","288.97","149.18","139.8","7.78","4.03","3.75","327.75","259.22","68.53","297.81","238.63","59.18","29.94","20.59","9.35","236.95","212.58","24.37","235.08","210.78","24.3","1.87","1.8","0.07","144.11","94.76","49.36","143.04","93.92","49.12","1.07","0.84","0.23","1078.36","381.06","1459.42"
"219","1981","12","Uttar Pradesh","Ghazipur","1944.67","978.16","966.51","1790.39","897.0","893.38","154.28","81.16","73.13","0.07","0.06","0.01","0.07","0.06","0.0","-1.0","0.0","0.0","400.35","200.01","200.34","382.8","190.77","192.03","17.55","9.24","8.31","537.2","405.47","131.74","464.73","357.18","107.55","72.47","48.28","24.19","285.46","262.63","22.83","279.75","257.36","22.39","5.71","5.27","0.44","104.56","73.99","30.57","101.54","71.57","29.97","3.02","2.42","0.6","1411.18","390.02","1801.2"
"219","1991","12","Uttar Pradesh","Ghazipur","2416.62","1234.62","1182.0","2238.32","1140.5","1097.82","178.3","94.12","84.19","0.4","0.26","0.15","0.34","0.22","0.12","0.07","0.04","0.03","497.1","254.02","243.08","478.54","244.21","234.33","18.56","9.8","8.76","821.58","594.4","227.18","728.27","535.07","193.2","93.31","59.34","33.98","347.1","302.6","44.5","342.8","298.7","44.2","4.2","4.0","0.3","169.4","112.0","57.4","166.8","109.9","56.9","2.6","2.1","0.5","1766.62","516.5","2283.12"
"219","2001","12","Uttar Pradesh","Ghazipur","3049.34","1544.5","1504.84","2816.35","1422.73","1393.62","232.99","121.77","111.22","0.28","0.15","0.13","0.25","0.13","0.12","0.03","0.02","0.01","649.51","330.03","319.48","624.33","316.79","307.54","25.18","13.24","11.95","1478.75","937.48","541.27","1335.07","852.92","482.15","143.68","84.56","59.13","425.34","297.26","128.08","421.94","294.41","127.53","3.4","2.85","0.55","268.47","137.79","130.68","265.55","135.6","129.94","2.92","2.18","0.74","2402.34","693.81","3096.15"
"219","2011","12","Uttar Pradesh","Ghazipur","3620.27","1855.08","1765.19","3345.91","1711.65","1634.26","274.36","143.42","130.94","28.71","14.66","14.05","27.22","13.87","13.35","1.49","0.79","0.7","726.64","375.02","351.63","700.01","361.05","338.96","26.63","13.96","12.66","2197.55","1293.55","904.0","2007.74","1186.47","821.27","189.81","107.08","82.73","368.94","260.64","108.31","365.5","257.75","107.75","3.44","2.88","0.56","435.93","258.37","177.56","429.17","253.48","175.69","6.76","4.9","1.87","2415.67","804.87","3220.54"
"220","1961","12","Uttar Pradesh","Ballia","1335.86","656.35","679.52","1285.62","628.53","657.09","50.24","27.82","22.42","0.0","0.0","0.0","0.0","0.0","0.0","0.0","0.0","0.0","173.46","84.21","89.25","169.1","82.07","87.03","4.36","2.14","2.22","258.76","205.59","53.17","236.28","189.28","47.0","22.47","16.31","6.16","269.39","215.71","53.68","268.59","214.94","53.66","0.8","0.78","0.02","92.87","46.2","46.66","92.79","46.13","46.66","0.08","0.07","0.0","849.73","362.26","1211.98"
"220","1971","12","Uttar Pradesh","Ballia","1585.9","799.49","786.41","1513.12","760.31","752.81","72.78","39.18","33.6","0.18","0.1","0.08","0.17","0.09","0.08","0.01","0.0","0.0","221.36","112.2","109.15","215.65","109.18","106.47","5.7","3.03","2.68","353.04","275.07","77.97","323.75","254.57","69.18","29.29","20.5","8.79","193.86","185.9","7.97","192.08","184.16","7.92","1.78","1.74","0.05","180.65","122.02","58.64","177.52","119.67","57.84","3.14","2.35","0.79","1145.89","374.51","1520.4"
"220","1981","12","Uttar Pradesh","Ballia","1945.38","979.96","965.42","1768.7","887.38","881.32","176.9","92.58","84.32","0.03","0.03","0.0","0.03","0.03","0.0","-1.0","0.0","0.0","300.55","150.9","149.65","282.99","141.81","141.19","17.56","9.09","8.47","548.13","410.14","137.99","468.17","357.74","110.44","79.96","52.41","27.55","242.17","228.73","13.44","235.34","222.21","13.13","6.83","6.52","0.31","158.66","111.75","46.92","151.63","106.15","45.48","7.03","5.6","1.43","1427.57","400.83","1828.4"
"220","1991","12","Uttar Pradesh","Ballia","2262.27","1162.31","1099.97","2038.19","1044.64","993.55","224.09","117.67","106.42","0.17","0.14","0.04","0.17","0.14","0.04","0.0","0.0","-1.0","332.22","171.53","160.69","313.66","161.76","151.9","18.56","9.78","8.78","791.79","562.14","229.64","681.49","492.95","188.54","110.3","69.19","41.11","258.1","235.0","23.1","250.2","227.5","22.7","7.9","7.5","0.4","219.6","151.9","67.7","208.8","143.2","65.6","10.8","8.7","2.1","1658.27","477.7","2135.97"
"220","2001","12","Uttar Pradesh","Ballia","2752.41","1409.87","1342.55","2481.68","1267.59","1214.09","270.73","142.27","128.46","0.27","0.14","0.14","0.25","0.12","0.13","0.03","0.02","0.01","454.65","233.72","220.93","427.23","219.23","208.0","27.41","14.49","12.92","1331.77","846.99","484.78","1173.0","753.2","419.8","158.77","93.79","64.98","238.17","200.78","37.39","231.65","194.87","36.78","6.52","5.91","0.61","324.8","193.19","131.6","314.08","186.39","127.69","10.71","6.8","3.92","2247.41","562.96","2810.38"
"220","2011","12","Uttar Pradesh","Ballia","3239.77","1672.9","1566.87","2935.67","1514.02","1421.65","304.11","158.88","145.23","110.11","56.82","53.3","99.18","51.05","48.13","10.94","5.77","5.17","494.7","257.62","237.07","466.72","242.91","223.82","27.98","14.72","13.26","1963.59","1160.96","802.63","1758.64","1045.03","713.6","204.96","115.93","89.03","206.23","163.73","42.5","200.87","158.88","42.0","5.35","4.85","0.5","384.43","257.4","127.03","370.19","246.43","123.76","14.25","10.97","3.27","2220.29","590.66","2810.95"
"221","1961","12","Uttar Pradesh","Gorakhpur","2565.18","1297.3","1267.89","2377.84","1191.05","1186.79","187.34","106.25","81.1","0.0","0.0","0.0","0.0","0.0","0.0","0.0","0.0","0.0","512.26","247.89","264.38","497.93","240.61","257.32","14.33","7.28","7.05","403.37","339.16","64.2","312.61","275.05","37.56","90.75","64.11","26.64","739.13","506.56","232.57","738.03","505.64","232.39","1.1","0.92","0.18","221.49","109.37","112.12","221.03","109.04","111.99","0.46","0.33","0.13","1432.17","960.62","2392.79"
"221","1971","12","Uttar Pradesh","Gorakhpur","3037.88","1579.49","1458.39","2797.94","1446.38","1351.56","239.94","133.11","106.83","1.72","0.9","0.82","1.67","0.88","0.8","0.04","0.02","0.02","648.15","330.71","317.44","628.72","320.07","308.65","19.43","10.64","8.79","589.18","479.75","109.43","462.45","396.14","66.31","126.73","83.61","43.12","463.77","427.97","35.8","462.73","426.96","35.77","1.04","1.01","0.04","382.71","258.33","124.38","380.93","256.72","124.2","1.78","1.6","0.18","2054.24","846.48","2900.72"
"221","1981","12","Uttar Pradesh","Gorakhpur","3795.7","1956.46","1839.24","3393.76","1738.58","1655.18","401.94","217.88","184.06","2.3","1.23","1.07","2.09","1.1","0.99","0.22","0.13","0.09","816.18","413.19","402.99","772.53","389.82","382.71","43.65","23.37","20.28","907.83","717.25","190.59","686.09","575.44","110.65","221.74","141.8","79.94","585.73","544.99","40.74","580.14","539.61","40.53","5.59","5.38","0.21","284.32","206.8","77.53","279.78","202.76","77.02","4.54","4.03","0.5","2642.38","870.05","3512.43"
"221","1991","12","Uttar Pradesh","Gorakhpur","4742.38","2471.41","2270.98","4084.19","2117.56","1966.63","658.2","353.84","304.36","3.18","1.73","1.46","2.83","1.51","1.32","0.35","0.22","0.15","1000.93","517.23","483.71","915.7","471.61","444.09","85.24","45.63","39.62","1438.37","1087.76","350.62","1076.54","860.48","216.07","361.84","227.29","134.55","690.0","597.5","92.6","679.0","587.2","91.7","11.1","10.2","0.9","408.2","276.9","131.2","394.6","265.7","128.8","13.6","11.2","2.3","3749.38","1098.2","4847.58"
"221","2001","12","Uttar Pradesh","Gorakhpur","5951.76","3052.56","2899.2","5100.79","2603.63","2497.15","850.97","448.93","402.05","3.46","1.81","1.65","3.03","1.59","1.45","0.43","0.23","0.2","1255.26","639.33","615.94","1147.19","582.37","564.84","108.07","56.96","51.1","2713.26","1801.81","911.44","2141.11","1467.81","673.3","572.14","334.0","238.14","681.97","496.55","185.41","675.3","491.12","184.18","6.66","5.43","1.23","788.41","422.97","365.44","779.18","416.33","362.85","9.23","6.63","2.6","4779.76","1470.37","6250.13"
"221","2011","12","Uttar Pradesh","Gorakhpur","7125.6","3659.53","3466.07","6154.74","3150.86","3003.89","970.86","508.68","462.18","34.61","17.62","16.98","29.54","15.02","14.52","5.07","2.6","2.47","1429.04","735.55","693.49","1325.12","680.78","644.34","103.92","54.78","49.15","4119.47","2475.56","1643.91","3413.81","2080.39","1333.41","705.67","395.17","310.5","485.51","376.47","109.04","476.36","368.94","107.42","9.15","7.54","1.61","987.42","638.93","348.48","966.04","621.94","344.11","21.37","17.0","4.37","4779.72","1472.93","6252.65"
"222","1961","12","Uttar Pradesh","Deoria","2375.08","1186.53","1188.55","2317.5","1154.68","1162.82","57.58","31.85","25.73","0.0","0.0","0.0","0.0","0.0","0.0","0.0","0.0","0.0","356.04","173.36","182.69","350.93","170.72","180.21","5.11","2.64","2.47","335.39","289.39","46.0","312.34","272.25","40.09","23.05","17.14","5.91","712.5","525.62","186.88","711.07","524.32","186.75","1.43","1.3","0.13","165.8","81.65","84.15","164.76","80.88","83.88","1.04","0.77","0.27","1408.18","878.3","2286.48"
"222","1971","12","Uttar Pradesh","Deoria","2815.1","1435.32","1379.78","2732.28","1389.77","1342.52","82.81","45.55","37.27","0.32","0.17","0.15","0.24","0.13","0.12","0.08","0.05","0.03","438.86","220.85","218.01","431.73","217.04","214.69","7.14","3.82","3.32","506.2","426.0","80.2","469.69","400.43","69.26","36.51","25.57","10.94","492.17","467.36","24.81","490.08","465.45","24.63","2.09","1.91","0.18","269.44","189.62","79.82","266.4","187.03","79.37","3.04","2.59","0.45","1963.69","761.61","2725.3"
"222","1981","12","Uttar Pradesh","Deoria","3496.56","1758.79","1737.78","3264.59","1635.14","1629.45","231.97","123.64","108.33","0.16","0.08","0.08","0.14","0.07","0.07","0.02","0.01","0.01","607.23","302.78","304.46","582.51","289.93","292.58","24.72","12.85","11.88","811.23","653.57","157.67","709.99","584.27","125.72","101.25","69.29","31.95","637.12","567.99","69.13","627.26","558.49","68.77","9.86","9.5","0.36","202.45","123.72","78.73","195.72","118.68","77.04","6.73","5.04","1.69","2278.86","839.57","3118.43"
"222","1991","12","Uttar Pradesh","Deoria","4440.02","2257.55","2182.47","4113.9","2084.43","2029.46","326.13","173.12","153.01","0.28","0.17","0.12","0.28","0.17","0.12","0.0","0.0","0.0","690.5","351.48","339.03","661.84","336.4","325.44","28.66","15.07","13.59","1299.9","977.65","322.26","1137.38","873.48","263.9","162.52","104.17","58.35","719.4","634.4","84.9","707.8","623.6","84.2","11.5","10.8","0.7","290.5","196.5","94.1","279.7","187.8","91.9","10.8","8.7","2.1","3218.02","1009.9","4227.92"
"222","2001","12","Uttar Pradesh","Deoria","5622.31","2838.13","2784.18","5219.67","2627.75","2591.92","402.64","210.38","192.26","0.95","0.47","0.48","0.91","0.45","0.47","0.05","0.03","0.01","1017.49","513.22","504.28","973.94","490.53","483.43","43.55","22.69","20.85","2462.0","1621.09","840.91","2212.35","1473.33","739.01","249.65","147.76","101.89","688.36","521.94","166.42","681.43","515.91","165.52","6.92","6.03","0.89","708.85","383.9","324.95","699.2","377.27","321.93","9.65","6.63","3.02","4582.31","1397.2","5979.51"
"222","2011","12","Uttar Pradesh","Deoria","6665.49","3355.5","3310.0","6180.58","3103.49","3077.09","484.91","252.01","232.91","190.16","95.22","94.95","179.8","89.76","90.04","10.37","5.46","4.91","1012.89","514.64","498.25","974.16","494.29","479.88","38.73","20.36","18.37","3830.06","2263.01","1567.05","3500.18","2077.14","1423.05","329.88","185.88","144.0","503.93","392.98","110.95","496.12","385.88","110.24","7.81","7.11","0.71","819.41","549.51","269.9","803.19","536.32","266.87","16.22","13.19","3.02","4672.27","1323.34","5995.61"
"223","1961","12","Uttar Pradesh","Basti","2627.06","1348.12","1278.94","2588.66","1326.41","1262.25","38.4","21.72","16.69","0.0","0.0","0.0","0.0","0.0","0.0","0.0","0.0","0.0","527.39","264.55","262.84","520.47","260.98","259.49","6.92","3.57","3.35","306.75","266.77","39.98","290.51","254.77","35.74","16.24","12.0","4.24","1011.35","663.16","348.19","1010.49","662.39","348.1","0.86","0.76","0.09","185.76","92.52","93.23","185.71","92.51","93.2","0.05","0.01","0.04","1318.36","1197.1","2515.47"
"223","1971","12","Uttar Pradesh","Basti","2983.86","1567.24","1416.62","2908.56","1525.11","1383.46","75.3","42.13","33.17","0.33","0.17","0.16","0.33","0.17","0.16","0.0","0.0","0.0","607.84","314.9","292.94","595.83","308.48","287.36","12.01","6.42","5.59","464.68","394.56","70.12","432.39","371.56","60.83","32.29","23.0","9.29","683.87","636.03","47.84","681.29","633.53","47.76","2.58","2.5","0.08","273.02","182.46","90.56","269.86","179.85","90.01","3.16","2.61","0.55","1933.76","956.89","2890.65"
"223","1981","12","Uttar Pradesh","Basti","3578.07","1855.95","1722.12","3406.16","1763.03","1643.13","171.91","92.91","78.99","0.09","0.04","0.05","0.09","0.04","0.05","-1.0","0.0","0.0","715.95","369.13","346.82","691.73","356.23","335.5","24.22","12.9","11.32","724.38","587.59","136.79","650.23","536.73","113.49","74.16","50.86","23.3","776.67","725.44","51.23","770.83","719.83","51.0","5.84","5.61","0.23","178.67","127.65","51.03","173.88","123.63","50.25","4.79","4.02","0.77","2372.3","955.34","3327.64"
"223","1991","12","Uttar Pradesh","Basti","4446.41","2322.59","2123.81","4211.08","2196.33","2014.73","235.34","126.26","109.08","0.24","0.18","0.07","0.24","0.17","0.07","0.0","0.0","0.0","864.83","452.48","412.35","834.38","436.46","397.92","30.45","16.02","14.43","1139.59","878.69","260.9","1027.29","806.13","221.16","112.3","72.57","39.73","932.3","827.3","105.1","923.5","819.1","104.4","8.9","8.2","0.7","267.5","185.0","82.5","261.2","179.7","81.4","6.3","5.3","1.1","3078.41","1199.8","4278.21"
"223","2001","12","Uttar Pradesh","Basti","5532.02","2847.57","2684.45","5237.89","2692.65","2545.23","294.13","154.92","139.22","0.78","0.41","0.36","0.77","0.4","0.36","0.01","0.01","0.0","1073.29","551.08","522.23","1035.85","531.33","504.54","37.44","19.75","17.7","2213.05","1477.44","735.61","2033.51","1371.12","662.39","179.54","106.32","73.22","1001.8","726.24","275.57","998.16","723.16","275.0","3.64","3.07","0.57","683.87","346.2","337.67","677.38","341.79","335.59","6.49","4.41","2.08","4261.02","1685.67","5946.69"
"223","2011","12","Uttar Pradesh","Basti","6738.94","3420.03","3318.92","6311.63","3197.6","3114.03","427.32","222.43","204.89","17.23","8.79","8.44","15.39","7.84","7.56","1.84","0.95","0.89","1291.76","658.93","632.83","1240.01","631.82","608.19","51.75","27.11","24.64","3577.66","2127.54","1450.12","3297.43","1968.59","1328.84","280.23","158.95","121.28","744.89","561.0","183.89","738.23","555.93","182.3","6.67","5.07","1.6","920.08","575.75","344.33","901.36","561.1","340.25","18.72","14.65","4.07","4536.89","1664.97","6201.86"
"224","1961","12","Uttar Pradesh","Azamgarh","2408.05","1185.01","1223.04","2292.88","1123.75","1169.13","115.17","61.26","53.91","0.0","0.0","0.0","0.0","0.0","0.0","0.0","0.0","0.0","589.08","280.19","308.89","580.04","275.51","304.53","9.04","4.69","4.36","391.99","313.25","78.74","348.13","282.25","65.89","43.86","31.01","12.85","604.77","446.81","157.96","603.16","445.44","157.72","1.61","1.38","0.23","157.06","73.38","83.68","156.74","73.15","83.59","0.32","0.23","0.09","1467.92","761.83","2229.75"
"224","1971","12","Uttar Pradesh","Azamgarh","2866.22","1432.28","1433.94","2717.32","1352.94","1364.38","148.9","79.34","69.56","1.59","0.82","0.78","1.59","0.82","0.78","0.0","0.0","0.0","695.67","337.72","357.95","684.17","331.69","352.47","11.51","6.03","5.48","549.45","434.24","115.21","489.22","393.24","95.98","60.23","41.0","19.23","453.3","419.2","34.09","451.57","417.63","33.95","1.72","1.58","0.15","233.91","149.57","84.34","232.07","148.2","83.88","1.84","1.38","0.46","2038.66","687.21","2725.87"
"224","1981","12","Uttar Pradesh","Azamgarh","3544.13","1753.83","1790.3","3218.06","1582.9","1635.16","326.07","170.92","155.15","0.14","0.07","0.07","0.14","0.07","0.07","-1.0","0.0","0.0","879.76","423.65","456.12","844.91","405.58","439.33","34.85","18.06","16.79","889.59","671.17","218.41","743.72","576.13","167.59","145.86","95.04","50.82","575.11","520.89","54.21","567.73","513.98","53.76","7.37","6.92","0.46","164.73","96.58","68.16","159.98","93.4","66.57","4.76","3.18","1.58","2399.07","739.84","3138.91"
"224","1991","12","Uttar Pradesh","Azamgarh","4599.67","2304.08","2295.59","4129.96","2059.75","2070.19","469.72","244.32","225.39","0.26","0.16","0.11","0.24","0.15","0.09","0.03","0.01","0.01","1126.58","555.27","571.31","1079.8","530.82","548.98","46.78","24.45","22.33","1466.14","1026.46","439.68","1243.77","890.26","353.5","222.38","136.2","86.18","692.5","603.7","88.8","683.8","596.0","87.8","8.6","7.7","0.9","238.0","150.7","87.3","232.2","146.3","86.0","5.7","4.4","1.3","3374.67","930.5","4305.17"
"224","2001","12","Uttar Pradesh","Azamgarh","5800.1","2881.97","2918.13","5140.52","2545.25","2595.27","659.59","336.72","322.87","1.13","0.56","0.57","0.99","0.49","0.5","0.14","0.07","0.07","1435.48","708.61","726.87","1365.5","672.22","693.28","69.98","36.4","33.59","2747.51","1678.95","1068.56","2413.85","1487.05","926.8","333.66","191.9","141.76","742.0","533.18","208.82","735.39","527.99","207.41","6.61","5.19","1.42","501.84","233.95","267.89","493.79","229.34","264.45","8.05","4.61","3.44","4633.1","1243.84","5876.94"
"224","2011","12","Uttar Pradesh","Azamgarh","6819.88","3399.71","3420.17","5927.27","2941.55","2985.73","892.61","458.17","434.44","32.25","16.15","16.09","29.58","14.79","14.8","2.66","1.37","1.3","1645.92","821.09","824.83","1546.11","768.96","777.14","99.81","52.13","47.69","4134.96","2332.49","1802.46","3546.89","2010.07","1536.84","588.06","322.44","265.64","570.86","427.24","143.61","562.73","420.69","142.04","8.13","6.56","1.57","664.4","396.67","267.72","646.56","384.28","262.28","17.83","12.4","5.45","4751.1","1235.26","5986.36"
"225","1961","12","Uttar Pradesh","Lucknow","1338.88","728.21","610.67","675.53","357.63","317.89","663.36","370.58","292.78","0.0","0.0","0.0","0.0","0.0","0.0","0.0","0.0","0.0","318.51","169.47","149.04","258.65","135.73","122.93","59.85","33.74","26.11","404.29","284.9","119.39","91.09","77.32","13.77","313.21","207.58","105.63","216.85","171.91","44.94","213.13","168.43","44.7","3.72","3.48","0.24","19.7","13.72","5.98","19.0","13.13","5.87","0.7","0.59","0.11","856.67","236.55","1093.22"
"225","1971","12","Uttar Pradesh","Lucknow","1630.88","888.82","742.06","795.2","427.19","368.01","835.68","461.63","374.05","0.14","0.08","0.06","0.0","0.0","0.0","0.14","0.08","0.06","390.87","210.8","180.06","312.67","167.72","144.96","78.19","43.08","35.11","567.52","383.04","184.47","129.54","106.23","23.32","437.98","276.82","161.16","186.23","179.63","6.6","181.71","175.32","6.39","4.52","4.31","0.21","38.27","32.37","5.9","34.74","29.23","5.5","3.53","3.13","0.4","1136.93","224.5","1361.43"
"225","1981","12","Uttar Pradesh","Lucknow","2014.57","1090.69","923.88","954.84","512.86","441.98","1059.74","577.84","481.9","0.29","0.17","0.12","0.03","0.01","0.02","0.26","0.16","0.1","480.49","258.08","222.41","373.82","199.39","174.43","106.67","58.69","47.98","812.43","537.95","274.48","215.9","171.94","43.96","596.53","366.01","230.52","218.74","210.88","7.86","212.24","204.55","7.69","6.5","6.34","0.16","43.47","37.51","5.96","36.71","31.2","5.51","6.76","6.31","0.45","1413.26","262.21","1675.47"
"225","1991","12","Uttar Pradesh","Lucknow","2762.8","1480.84","1281.96","1031.58","555.55","476.03","1731.22","925.29","805.93","1.12","0.62","0.5","0.18","0.11","0.07","0.94","0.52","0.43","604.41","323.09","281.32","419.61","224.37","195.24","184.8","98.72","86.08","1319.54","825.23","494.31","291.46","219.6","71.87","1028.08","605.63","422.45","235.5","215.5","20.0","220.3","201.2","19.1","15.3","14.4","0.9","68.9","55.2","13.7","53.9","41.7","12.2","15.0","13.5","1.5","1970.8","304.4","2275.2"
"225","2001","12","Uttar Pradesh","Lucknow","3681.42","1946.97","1734.44","1339.18","707.95","631.22","2342.24","1239.02","1103.22","2.87","1.53","1.34","0.45","0.25","0.21","2.42","1.28","1.14","776.5","410.23","366.28","531.97","280.43","251.54","244.53","129.8","114.74","2191.5","1283.04","908.46","596.92","388.22","208.7","1594.59","894.82","699.77","214.52","183.01","31.51","206.13","175.37","30.76","8.39","7.64","0.75","131.23","83.63","47.61","121.33","75.81","45.52","9.9","7.82","2.08","2781.42","345.75","3127.17"
"225","2011","12","Uttar Pradesh","Lucknow","4589.84","2394.48","2195.36","1550.84","813.75","737.09","3039.0","1580.72","1458.27","7.51","4.04","3.47","1.01","0.52","0.49","6.5","3.52","2.98","948.29","498.8","449.5","597.27","314.17","283.1","351.02","184.63","166.4","3127.26","1742.44","1384.82","900.86","533.66","367.2","2226.4","1208.78","1017.62","175.58","141.33","34.25","155.88","126.47","29.41","19.7","14.86","4.84","203.03","152.99","50.04","171.83","127.82","44.01","31.2","25.17","6.03","3047.03","378.61","3425.64"
"226","1961","12","Uttar Pradesh","Unnao","1226.92","648.56","578.36","1197.14","631.87","565.28","29.78","16.69","13.09","0.0","0.0","0.0","0.0","0.0","0.0","0.0","0.0","0.0","345.6","179.41","166.19","343.15","178.08","165.08","2.45","1.34","1.11","185.73","152.54","33.19","173.43","144.29","29.14","12.3","8.25","4.05","371.86","305.46","66.4","371.29","304.92","66.37","0.57","0.54","0.03","33.73","24.85","8.88","33.69","24.81","8.88","0.04","0.04","0.0","755.89","405.59","1161.48"
"226","1971","12","Uttar Pradesh","Unnao","1483.57","783.96","699.61","1445.4","762.85","682.55","38.17","21.11","17.06","0.32","0.19","0.13","0.32","0.19","0.13","0.0","0.0","0.0","444.78","233.14","211.64","441.34","231.27","210.07","3.44","1.87","1.57","288.83","227.83","61.0","269.99","215.64","54.35","18.84","12.19","6.65","327.24","313.95","13.29","326.7","313.44","13.26","0.54","0.51","0.02","62.86","50.54","12.32","62.48","50.2","12.28","0.38","0.34","0.03","1034.81","390.1","1424.91"
"226","1981","12","Uttar Pradesh","Unnao","1822.59","964.62","857.97","1606.27","849.23","757.04","216.32","115.39","100.93","2.24","1.15","1.09","2.23","1.15","1.09","0.01","0.01","0.0","547.96","287.53","260.44","518.06","271.69","246.38","29.9","15.84","14.06","460.69","354.82","105.87","371.14","295.92","75.22","89.54","58.9","30.65","401.13","384.31","16.82","386.97","370.45","16.52","14.16","13.86","0.3","51.45","42.14","9.31","44.81","35.81","9.0","6.64","6.34","0.3","1256.85","452.58","1709.43"
"226","1991","12","Uttar Pradesh","Unnao","2200.4","1174.86","1025.54","1901.1","1015.65","885.45","299.3","159.21","140.09","2.38","1.3","1.08","2.23","1.22","1.01","0.15","0.08","0.07","671.98","356.99","314.98","626.96","333.19","293.78","45.01","23.81","21.21","690.03","495.54","194.49","548.74","407.56","141.18","141.29","87.98","53.31","468.8","433.9","34.9","452.5","418.3","34.3","16.3","15.7","0.6","85.8","67.2","18.5","78.4","60.5","17.9","7.4","6.8","0.6","1522.4","554.6","2077.0"
"226","2001","12","Uttar Pradesh","Unnao","2700.43","1422.97","1277.46","2288.57","1205.89","1082.68","411.86","217.08","194.78","0.96","0.52","0.44","0.74","0.4","0.34","0.22","0.12","0.1","827.26","432.37","394.89","766.94","400.86","366.08","60.31","31.51","28.81","1247.64","799.47","448.17","1001.21","657.2","344.01","246.43","142.26","104.17","500.64","409.17","91.48","488.0","397.58","90.42","12.64","11.58","1.06","201.59","117.71","83.88","193.62","111.58","82.04","7.97","6.13","1.84","2015.43","702.23","2717.66"
"226","2011","12","Uttar Pradesh","Unnao","3108.37","1630.09","1478.28","2576.72","1351.9","1224.82","531.65","278.19","253.46","2.93","1.56","1.37","2.42","1.29","1.13","0.51","0.27","0.24","948.59","494.49","454.1","873.57","455.75","417.83","75.02","38.74","36.27","1773.58","1053.06","720.52","1423.12","858.15","564.97","350.47","194.91","155.56","450.12","359.32","90.81","437.56","348.26","89.3","12.56","11.05","1.51","332.66","227.67","104.99","314.7","212.97","101.73","17.96","14.7","3.27","1983.62","782.78","2766.4"
"227","1961","12","Uttar Pradesh","Rae-Bareily","1314.95","669.11","645.84","1275.1","647.78","627.33","39.85","21.34","18.51","0.0","0.0","0.0","0.0","0.0","0.0","0.0","0.0","0.0","387.11","193.97","193.14","381.42","190.98","190.43","5.69","2.99","2.71","173.38","148.89","24.49","159.04","138.82","20.22","14.34","10.08","4.26","416.59","287.31","129.28","415.52","286.31","129.21","1.07","1.0","0.07","88.19","46.78","41.41","88.12","46.73","41.39","0.07","0.05","0.02","724.76","504.77","1229.53"
"227","1971","12","Uttar Pradesh","Rae-Bareily","1510.74","773.86","736.88","1459.34","746.54","712.8","51.4","27.32","24.08","0.04","0.02","0.03","0.04","0.02","0.03","0.0","0.0","0.0","460.06","231.91","228.15","452.79","228.12","224.67","7.27","3.79","3.48","271.66","220.61","51.05","250.83","206.83","44.01","20.83","13.79","7.04","318.38","293.84","24.54","317.03","292.55","24.49","1.35","1.29","0.06","109.4","72.59","36.82","108.64","71.95","36.69","0.76","0.64","0.12","1025.56","427.78","1453.34"
"227","1981","12","Uttar Pradesh","Rae-Bareily","1886.94","972.06","914.88","1747.93","897.09","850.85","139.01","74.98","64.03","0.2","0.11","0.09","0.01","0.01","-1.0","0.19","0.1","0.09","557.65","282.73","274.92","535.85","270.97","264.88","21.8","11.76","10.04","435.46","339.66","95.8","375.54","300.17","75.37","59.92","39.49","20.43","394.72","356.47","38.25","390.33","352.27","38.06","4.39","4.2","0.19","102.28","68.95","33.33","99.4","66.31","33.08","2.89","2.64","0.25","1233.67","497.0","1730.67"
"227","1991","12","Uttar Pradesh","Rae-Bareily","2322.81","1203.15","1119.66","2112.9","1091.31","1021.59","209.91","111.84","98.07","1.48","0.78","0.7","1.41","0.75","0.66","0.07","0.03","0.04","693.57","355.49","338.08","660.17","337.67","322.5","33.41","17.82","15.59","704.71","516.36","188.35","600.48","451.34","149.14","104.23","65.02","39.21","437.6","381.1","56.4","431.6","375.5","56.1","5.9","5.6","0.3","155.1","99.4","55.7","150.7","95.7","55.0","4.4","3.6","0.7","1590.81","592.7","2183.51"
"227","2001","12","Uttar Pradesh","Rae-Bareily","2872.2","1473.69","1398.51","2598.46","1330.59","1267.87","273.75","143.1","130.65","1.8","0.93","0.88","1.68","0.87","0.81","0.12","0.06","0.06","856.75","435.16","421.59","815.32","413.47","401.84","41.43","21.69","19.75","1299.11","834.01","465.1","1123.6","733.29","390.31","175.52","100.73","74.79","441.6","342.33","99.27","437.88","339.11","98.78","3.72","3.23","0.49","358.89","182.16","176.73","354.81","179.37","175.44","4.08","2.79","1.29","2211.2","800.49","3011.69"
"227","2011","12","Uttar Pradesh","Rae-Bareily","3405.56","1752.54","1653.02","3097.56","1592.45","1505.12","308.0","160.09","147.9","1.76","0.88","0.88","1.43","0.71","0.72","0.33","0.17","0.16","1030.37","526.74","503.63","984.42","502.72","481.7","45.95","24.02","21.93","1965.84","1165.97","799.88","1750.03","1046.39","703.64","215.82","119.58","96.24","316.89","253.2","63.69","313.64","250.39","63.25","3.25","2.81","0.44","507.88","332.14","175.74","498.92","325.09","173.84","8.96","7.05","1.91","2200.85","824.77","3025.62"
"228","1961","12","Uttar Pradesh","Sitapur","1608.06","865.24","742.82","1485.31","796.47","688.84","122.75","68.77","53.98","0.0","0.0","0.0","0.0","0.0","0.0","0.0","0.0","0.0","494.88","261.96","232.92","484.71","256.0","228.71","10.17","5.96","4.21","213.0","181.2","31.8","169.56","149.7","19.85","43.45","31.5","11.95","459.1","427.46","31.64","452.04","420.86","31.18","7.05","6.6","0.46","32.42","29.39","3.03","31.84","28.9","2.95","0.57","0.49","0.08","1023.36","491.51","1514.87"
"228","1971","12","Uttar Pradesh","Sitapur","1885.75","1026.36","859.39","1743.61","948.8","794.81","142.14","77.56","64.58","0.21","0.14","0.08","0.13","0.09","0.04","0.08","0.05","0.04","606.82","327.28","279.55","596.59","321.45","275.13","10.24","5.83","4.41","303.23","247.22","56.01","244.12","208.01","36.11","59.11","39.21","19.9","498.84","492.59","6.25","494.25","488.09","6.17","4.58","4.5","0.09","49.5","46.23","3.27","47.1","43.89","3.21","2.4","2.34","0.06","1283.82","548.34","1832.16"
"228","1981","12","Uttar Pradesh","Sitapur","2337.28","1266.04","1071.24","2096.75","1136.33","960.42","240.53","129.71","110.82","0.03","0.02","0.01","0.03","0.02","0.01","0.0","0.0","-1.0","724.34","391.59","332.75","705.23","380.88","324.35","19.11","10.71","8.4","454.26","364.47","89.79","344.86","292.81","52.05","109.4","71.66","37.74","569.31","563.36","5.95","561.35","555.53","5.82","7.97","7.83","0.13","53.6","50.52","3.07","49.07","46.19","2.88","4.53","4.33","0.2","1609.9","622.91","2232.81"
"228","1991","12","Uttar Pradesh","Sitapur","2857.01","1558.91","1298.1","2513.34","1374.12","1139.22","343.67","184.79","158.88","0.28","0.15","0.13","0.25","0.14","0.12","0.03","0.02","0.01","920.42","502.15","418.27","885.44","482.65","402.78","34.98","19.5","15.48","723.45","549.75","173.7","566.41","451.8","114.61","157.04","97.95","59.09","649.8","631.3","18.5","638.2","619.9","18.3","11.6","11.5","0.2","105.2","94.4","10.8","97.6","87.1","10.5","7.6","7.3","0.3","1961.01","755.0","2716.01"
"228","2001","12","Uttar Pradesh","Sitapur","3616.51","1941.93","1674.58","3184.64","1714.97","1469.67","431.87","226.97","204.91","0.37","0.19","0.18","0.33","0.17","0.15","0.04","0.02","0.02","1153.63","619.5","534.13","1111.96","597.27","514.69","41.67","22.23","19.44","1440.47","968.39","472.08","1194.34","826.52","367.82","246.13","141.87","104.26","644.39","596.82","47.57","637.46","590.14","47.32","6.93","6.68","0.25","247.02","196.45","50.57","239.15","189.29","49.85","7.87","7.16","0.71","2692.51","891.41","3583.92"
"228","2011","12","Uttar Pradesh","Sitapur","4483.99","2375.26","2108.73","3953.21","2098.12","1855.09","530.78","277.14","253.64","1.6","0.83","0.77","1.26","0.67","0.59","0.35","0.17","0.18","1446.43","767.03","679.39","1393.58","738.96","654.62","52.85","28.08","24.78","2283.73","1397.7","886.03","1952.52","1214.33","738.19","331.22","183.38","147.84","571.1","510.83","60.27","561.99","502.41","59.58","9.11","8.42","0.69","473.55","386.43","87.13","456.72","371.59","85.13","16.84","14.84","2.0","3061.39","1044.65","4106.04"
"229","1961","12","Uttar Pradesh","Hardoi","1573.17","847.16","726.01","1458.89","785.1","673.78","114.29","62.06","52.23","0.0","0.0","0.0","0.0","0.0","0.0","0.0","0.0","0.0","487.01","259.79","227.22","475.89","253.36","222.53","11.12","6.43","4.69","242.76","201.43","41.32","203.72","173.76","29.96","39.04","27.67","11.37","447.58","416.39","31.2","440.78","409.84","30.94","6.8","6.54","0.26","29.51","27.43","2.08","28.64","26.59","2.05","0.87","0.84","0.03","1010.14","477.09","1487.23"
"229","1971","12","Uttar Pradesh","Hardoi","1850.49","1009.6","840.89","1704.3","930.71","773.6","146.19","78.9","67.3","0.54","0.28","0.26","0.49","0.26","0.23","0.05","0.02","0.03","586.62","319.94","266.67","572.51","311.91","260.6","14.1","8.03","6.07","347.49","280.83","66.66","291.67","242.68","48.99","55.83","38.15","17.68","444.65","439.04","5.61","437.06","431.61","5.45","7.59","7.43","0.16","64.6","61.15","3.45","60.76","57.41","3.35","3.84","3.74","0.1","1273.1","509.25","1782.35"
"229","1981","12","Uttar Pradesh","Hardoi","2274.93","1244.9","1030.03","2023.36","1109.3","914.06","251.57","135.6","115.97","0.01","0.01","0.0","0.01","0.01","0.0","-1.0","0.0","0.0","680.79","374.48","306.31","656.23","360.88","295.35","24.57","13.6","10.97","504.73","406.69","98.04","404.03","339.81","64.22","100.7","66.87","33.83","549.07","544.45","4.63","534.31","529.87","4.44","14.76","14.58","0.19","54.44","52.86","1.58","47.08","45.6","1.48","7.36","7.25","0.11","1582.35","603.51","2185.86"
"229","1991","12","Uttar Pradesh","Hardoi","2747.08","1510.83","1236.25","2424.47","1338.2","1086.27","322.61","172.63","149.98","0.03","0.03","0.01","0.03","0.03","0.01","-1.0","-1.0","-1.0","866.58","479.97","386.61","833.32","461.71","371.6","33.27","18.26","15.01","803.77","610.09","193.68","660.49","520.0","140.49","143.28","90.09","53.2","629.5","610.5","19.0","613.3","594.7","18.6","16.2","15.9","0.3","98.2","89.3","8.9","86.9","78.4","8.5","11.3","10.9","0.3","1894.08","727.7","2621.78"
"229","2001","12","Uttar Pradesh","Hardoi","3397.41","1843.4","1554.02","2990.38","1626.99","1363.4","407.03","216.41","190.62","0.2","0.11","0.1","0.1","0.05","0.04","0.11","0.05","0.06","1065.85","581.64","484.21","1020.83","557.2","463.63","45.02","24.44","20.58","1452.7","982.22","470.48","1225.52","847.63","377.89","227.18","134.6","92.59","653.2","592.66","60.55","640.79","580.71","60.08","12.42","11.95","0.47","209.84","168.4","41.44","199.32","158.45","40.86","10.53","9.95","0.58","2493.41","863.05","3356.46"
"229","2011","12","Uttar Pradesh","Hardoi","4092.85","2191.44","1901.4","3551.04","1906.15","1644.89","541.81","285.3","256.51","0.35","0.19","0.16","0.3","0.15","0.15","0.05","0.03","0.02","1274.51","685.22","589.28","1209.21","650.26","558.95","65.3","34.96","30.33","2221.6","1374.59","847.01","1883.59","1182.28","701.31","338.01","192.31","145.71","596.81","530.45","66.36","582.36","517.03","65.33","14.46","13.42","1.03","406.83","330.84","75.99","382.25","308.55","73.7","24.58","22.29","2.29","2773.9","1003.64","3777.54"
"230","1961","12","Uttar Pradesh","Kheri","1258.43","679.01","579.42","1188.84","640.55","548.29","69.6","38.46","31.14","0.0","0.0","0.0","0.0","0.0","0.0","0.0","0.0","0.0","335.35","177.56","157.78","329.35","174.18","155.17","6.0","3.39","2.61","151.04","127.47","23.57","123.73","108.6","15.13","27.31","18.86","8.44","353.45","340.84","12.61","351.45","338.89","12.56","2.0","1.95","0.05","36.47","32.26","4.22","36.27","32.06","4.2","0.21","0.19","0.01","802.78","389.92","1192.7"
"230","1971","12","Uttar Pradesh","Kheri","1479.43","809.09","670.35","1387.07","758.19","628.89","92.36","50.9","41.46","18.25","9.47","8.78","18.22","9.45","8.77","0.03","0.02","0.01","402.24","217.05","185.18","394.54","212.65","181.88","7.7","4.4","3.3","215.2","172.48","42.72","174.14","145.78","28.36","41.05","26.7","14.36","380.24","371.53","8.71","377.69","369.03","8.66","2.55","2.5","0.06","60.66","56.79","3.87","58.95","55.12","3.82","1.71","1.66","0.05","992.81","440.9","1433.71"
"230","1981","12","Uttar Pradesh","Kheri","1952.68","1057.61","895.07","1765.3","956.33","808.97","187.39","101.29","86.1","17.79","9.3","8.49","17.71","9.25","8.46","0.08","0.05","0.03","508.17","272.76","235.41","491.17","263.45","227.72","17.0","9.31","7.69","345.63","277.53","68.1","266.88","227.09","39.79","78.75","50.44","28.32","489.39","484.28","5.11","479.08","474.06","5.02","10.31","10.22","0.09","56.52","53.25","3.27","50.82","47.67","3.15","5.7","5.58","0.13","1340.4","545.91","1886.31"
"230","1991","12","Uttar Pradesh","Kheri","2419.23","1313.52","1105.72","2161.26","1175.01","986.25","257.98","138.51","119.47","28.86","14.96","13.9","28.56","14.77","13.8","0.29","0.19","0.1","650.81","352.48","298.33","626.3","339.12","287.18","24.51","13.35","11.16","578.8","435.92","142.88","459.97","362.81","97.17","118.83","73.12","45.71","554.2","543.1","11.1","541.4","530.5","10.9","12.8","12.7","0.2","103.9","93.7","10.3","95.4","85.5","9.9","8.5","8.1","0.4","1665.23","658.1","2323.33"
"230","2001","12","Uttar Pradesh","Kheri","3200.14","1706.83","1493.31","2855.11","1522.84","1332.27","345.03","184.0","161.04","37.95","19.35","18.6","37.55","19.11","18.44","0.4","0.24","0.15","820.36","437.09","383.27","787.89","419.63","368.27","32.47","17.47","15.0","1280.19","849.59","430.61","1079.47","733.05","346.43","200.72","116.54","84.18","552.26","514.88","37.38","542.36","505.17","37.19","9.91","9.71","0.2","244.38","197.6","46.79","236.41","190.17","46.24","7.97","7.43","0.55","2362.14","796.65","3158.78"
"230","2011","12","Uttar Pradesh","Kheri","4021.24","2123.19","1898.06","3560.21","1880.68","1679.53","461.04","242.51","218.53","53.38","26.98","26.39","52.45","26.46","25.99","0.93","0.52","0.41","1061.78","559.24","502.54","1019.39","536.71","482.67","42.4","22.53","19.87","2034.04","1237.16","796.89","1746.93","1076.15","670.78","287.11","161.01","126.11","529.22","479.26","49.96","518.26","468.96","49.3","10.96","10.31","0.66","422.14","350.56","71.59","405.21","335.47","69.73","16.94","15.08","1.85","2756.53","951.36","3707.89"
"231","1961","12","Uttar Pradesh","Faizabad","1633.36","824.0","809.36","1491.57","746.49","745.08","141.79","77.51","64.27","0.0","0.0","0.0","0.0","0.0","0.0","0.0","0.0","0.0","398.12","194.61","203.5","382.67","186.74","195.94","15.44","7.88","7.57","233.73","194.65","39.08","186.85","161.53","25.32","46.88","33.12","13.76","433.4","324.4","109.0","430.87","322.21","108.66","2.53","2.19","0.34","131.31","65.16","66.15","130.21","64.42","65.79","1.1","0.74","0.36","947.83","564.71","1512.54"
"231","1971","12","Uttar Pradesh","Faizabad","1926.63","998.23","928.4","1742.55","896.66","845.89","184.08","101.58","82.51","0.02","0.01","0.01","0.0","0.0","0.0","0.02","0.01","0.01","465.5","236.26","229.24","449.0","227.03","221.97","16.5","9.23","7.27","373.62","299.18","74.44","296.65","246.06","50.6","76.97","53.12","23.84","350.86","322.9","27.97","347.16","319.33","27.83","3.7","3.56","0.14","167.07","112.33","54.74","163.65","109.52","54.13","3.42","2.81","0.61","1313.67","517.93","1831.6"
"231","1981","12","Uttar Pradesh","Faizabad","2382.52","1231.76","1150.76","2121.32","1088.67","1032.65","261.2","143.09","118.11","0.09","0.04","0.05","0.08","0.03","0.05","0.0","0.0","-1.0","576.06","292.92","283.15","547.46","277.79","269.66","28.61","15.12","13.49","610.12","470.35","139.77","483.88","386.88","97.0","126.24","83.47","42.77","431.55","407.38","24.17","425.47","401.59","23.89","6.08","5.79","0.29","121.67","86.91","34.77","117.65","83.44","34.21","4.03","3.47","0.56","1680.56","553.22","2233.78"
"231","1991","12","Uttar Pradesh","Faizabad","2978.48","1548.37","1430.12","2631.26","1360.96","1270.3","347.22","187.41","159.82","0.0","0.0","0.0","0.0","0.0","0.0","0.0","0.0","0.0","689.63","354.91","334.72","657.04","337.94","319.1","32.59","16.97","15.62","953.68","690.47","263.21","776.21","578.36","197.85","177.47","112.11","65.36","513.1","460.3","52.9","506.4","454.0","52.4","6.7","6.3","0.5","189.7","131.1","58.6","184.1","126.2","57.9","5.6","4.9","0.7","2090.48","702.8","2793.28"
"231","2001","12","Uttar Pradesh","Faizabad","4113.29","2100.71","2012.58","3651.31","1854.9","1796.41","461.98","245.81","216.17","0.33","0.17","0.16","0.3","0.15","0.15","0.03","0.01","0.01","967.22","489.6","477.62","924.29","467.15","457.13","42.93","22.44","20.49","1961.28","1224.73","736.55","1666.97","1053.26","613.71","294.31","171.47","122.84","661.86","476.97","184.89","655.3","471.7","183.6","6.56","5.27","1.29","474.54","231.81","242.73","467.01","226.75","240.27","7.53","5.06","2.47","3143.29","1136.4","4279.68"
"231","2011","12","Uttar Pradesh","Faizabad","4868.89","2472.04","2396.85","4247.9","2147.02","2100.89","620.98","325.02","295.96","1.68","0.88","0.8","1.41","0.74","0.67","0.27","0.14","0.13","1146.18","579.52","566.65","1082.44","546.65","535.8","63.74","32.89","30.85","2937.84","1685.02","1252.82","2509.0","1446.13","1062.86","428.84","238.88","189.97","474.22","364.32","109.91","467.21","358.56","108.64","7.02","5.76","1.26","573.85","363.25","210.61","554.56","348.84","205.72","19.3","14.4","4.89","3250.28","1048.07","4298.35"
"232","1961","12","Uttar Pradesh","Gonda","2073.24","1072.82","1000.42","1971.98","1017.63","954.35","101.26","55.19","46.07","0.0","0.0","0.0","0.0","0.0","0.0","0.0","0.0","0.0","380.57","192.53","188.04","372.49","188.25","184.24","8.08","4.28","3.8","243.47","210.92","32.55","205.54","183.41","22.14","37.92","27.51","10.41","721.96","517.66","204.3","720.23","516.38","203.85","1.72","1.27","0.45","112.18","65.7","46.49","111.65","65.22","46.43","0.53","0.48","0.05","1127.12","834.14","1961.25"
"232","1971","12","Uttar Pradesh","Gonda","2302.97","1226.57","1076.4","2172.86","1155.51","1017.36","130.11","71.06","59.05","7.75","4.03","3.73","7.74","4.02","3.72","0.01","0.01","0.0","380.93","200.06","180.86","371.68","195.02","176.66","9.24","5.04","4.2","319.79","271.33","48.46","267.33","234.8","32.54","52.46","36.54","15.92","578.27","541.38","36.89","575.3","538.55","36.75","2.97","2.83","0.14","153.83","114.38","39.45","151.34","112.12","39.22","2.49","2.26","0.23","1496.34","732.1","2228.44"
"232","1981","12","Uttar Pradesh","Gonda","2834.56","1499.7","1334.86","2627.04","1388.01","1239.03","207.52","111.69","95.84","11.46","5.87","5.59","11.43","5.85","5.58","0.03","0.02","0.0","436.76","229.93","206.83","422.29","222.13","200.15","14.47","7.8","6.67","462.52","389.74","72.78","380.95","333.46","47.49","81.56","56.27","25.29","704.65","669.99","34.65","696.87","662.46","34.41","7.78","7.53","0.25","106.62","82.99","23.63","101.23","78.07","23.17","5.39","4.93","0.46","1907.39","811.27","2718.66"
"232","1991","12","Uttar Pradesh","Gonda","3573.08","1907.58","1665.5","3308.35","1765.72","1542.63","264.73","141.86","122.87","15.23","16.13","14.28","15.17","8.01","7.16","0.06","0.05","0.01","556.38","299.15","257.23","540.03","290.48","249.55","16.35","8.67","7.68","781.14","615.23","165.91","652.11","534.2","117.92","129.03","81.03","48.0","846.8","762.4","84.3","839.8","755.9","83.9","7.0","6.5","0.4","191.8","136.8","55.0","186.4","132.3","54.2","5.4","4.6","0.8","2393.08","1038.6","3431.68"
"232","2001","12","Uttar Pradesh","Gonda","4450.32","2345.02","2105.3","4118.89","2167.47","1951.42","331.43","177.55","153.89","19.53","10.23","9.3","19.42","10.17","9.25","0.12","0.07","0.05","660.24","349.53","310.72","639.26","338.28","300.99","20.98","11.25","9.73","1436.89","1011.43","425.46","1240.65","895.68","344.97","196.24","115.75","80.48","950.15","740.68","209.47","945.88","736.99","208.89","4.28","3.7","0.58","458.87","249.97","208.9","453.29","246.03","207.26","5.58","3.94","1.64","3251.32","1409.02","4660.35"
"232","2011","12","Uttar Pradesh","Gonda","5582.59","2901.87","2680.71","5191.16","2697.0","2494.16","391.42","204.87","186.55","25.76","13.14","12.62","25.38","12.95","12.44","0.38","0.19","0.19","809.18","422.59","386.6","784.38","409.64","374.75","24.8","12.95","11.86","2548.35","1579.12","969.22","2302.18","1441.46","860.72","246.18","137.66","108.52","716.95","568.17","148.79","712.31","564.23","148.07","4.66","3.93","0.72","760.3","506.88","253.42","745.07","494.02","251.06","15.22","12.86","2.36","3651.78","1477.25","5129.03"
"233","1961","12","Uttar Pradesh","Bahraich","1499.93","790.49","709.44","1420.34","747.48","672.86","79.59","43.01","36.58","0.0","0.0","0.0","0.0","0.0","0.0","0.0","0.0","0.0","265.06","136.63","128.43","261.18","134.57","126.61","3.88","2.06","1.82","176.05","156.76","19.28","149.93","138.17","11.76","26.11","18.59","7.52","525.12","410.36","114.76","522.84","408.28","114.56","2.28","2.08","0.2","65.27","41.07","24.21","65.11","40.95","24.16","0.16","0.11","0.05","833.63","590.39","1424.02"
"233","1971","12","Uttar Pradesh","Bahraich","1728.38","934.69","793.69","1625.9","879.47","746.43","102.48","55.22","47.26","1.68","0.87","0.81","1.67","0.87","0.8","0.01","0.01","0.01","302.85","162.68","140.17","298.33","160.22","138.12","4.51","2.46","2.05","205.72","173.41","32.31","169.34","149.17","20.17","36.38","24.24","12.14","480.04","459.55","20.5","476.07","455.66","20.41","3.98","3.89","0.09","87.6","72.23","15.38","85.64","70.35","15.3","1.96","1.88","0.08","1120.95","567.64","1688.59"
"233","1981","12","Uttar Pradesh","Bahraich","2216.25","1194.94","1021.3","2060.03","1111.81","948.22","156.21","83.13","73.08","6.34","3.27","3.07","6.29","3.24","3.05","0.05","0.03","0.02","366.41","197.81","168.6","358.87","193.69","165.18","7.54","4.12","3.43","344.99","290.98","54.02","283.19","250.5","32.69","61.81","40.48","21.33","577.75","564.46","13.29","572.1","558.98","13.13","5.65","5.49","0.16","69.07","60.58","8.49","65.81","57.44","8.37","3.26","3.14","0.12","1489.35","646.82","2136.17"
"233","1991","12","Uttar Pradesh","Bahraich","2763.75","1501.25","1262.5","2546.84","1385.5","1161.35","216.91","115.75","101.16","9.49","6.64","6.19","9.47","4.89","4.58","0.02","0.02","0.0","454.83","249.55","205.28","442.13","242.61","199.52","12.7","6.94","5.76","540.07","433.16","106.91","448.96","376.72","72.25","91.11","56.45","34.66","664.6","633.2","31.4","657.6","626.4","31.2","7.0","6.8","0.2","136.1","108.6","27.5","130.4","103.6","26.8","5.7","5.0","0.7","1852.75","800.7","2653.45"
"233","2001","12","Uttar Pradesh","Bahraich","3559.67","1910.71","1648.96","3288.27","1766.93","1521.34","271.4","143.78","127.62","13.32","6.64","6.67","13.29","6.63","6.66","0.03","0.02","0.01","559.1","302.05","257.06","545.69","294.89","250.81","13.42","7.16","6.26","1010.14","725.31","284.83","862.77","640.39","222.39","147.37","84.93","62.45","715.75","611.3","104.45","711.62","607.42","104.2","4.13","3.88","0.25","403.31","243.46","159.85","398.87","240.09","158.78","4.44","3.37","1.07","2587.67","1119.06","3706.73"
"233","2011","12","Uttar Pradesh","Bahraich","4605.09","2437.78","2167.31","4282.4","2268.8","2013.6","322.69","168.98","153.71","16.69","8.5","8.2","16.48","8.38","8.1","0.22","0.12","0.1","698.64","372.02","326.63","682.14","363.42","318.72","16.5","8.59","7.91","1821.68","1154.99","666.69","1632.66","1050.81","581.85","189.02","104.17","84.85","593.68","498.05","95.62","589.66","494.43","95.23","4.01","3.63","0.4","648.02","466.27","181.75","636.66","456.98","179.68","11.36","9.29","2.06","3049.18","1241.7","4290.88"
"234","1961","12","Uttar Pradesh","Sultanpur","1412.98","700.66","712.32","1386.9","686.09","700.81","26.08","14.57","11.51","0.0","0.0","0.0","0.0","0.0","0.0","0.0","0.0","0.0","336.16","163.63","172.52","333.34","162.2","171.14","2.82","1.43","1.39","183.04","158.93","24.11","171.47","150.69","20.78","11.58","8.24","3.34","363.7","275.36","88.34","363.5","275.19","88.31","0.2","0.17","0.03","139.32","73.14","66.18","139.23","73.09","66.14","0.09","0.05","0.04","826.71","503.02","1329.73"
"234","1971","12","Uttar Pradesh","Sultanpur","1642.1","834.65","807.45","1609.83","816.86","792.97","32.27","17.79","14.48","0.0","0.0","0.0","0.0","0.0","0.0","0.0","0.0","0.0","392.77","197.7","195.06","389.7","196.1","193.6","3.07","1.6","1.47","293.02","241.23","51.79","277.32","230.72","46.6","15.71","10.51","5.2","295.39","270.6","24.79","295.2","270.41","24.78","0.19","0.19","0.01","166.48","114.86","51.62","166.15","114.54","51.61","0.33","0.32","0.01","1129.17","461.87","1591.04"
"234","1981","12","Uttar Pradesh","Sultanpur","2042.78","1036.56","1006.22","1975.4","1000.16","975.24","67.38","36.4","30.98","0.0","0.0","0.0","0.0","0.0","0.0","-1.0","0.0","0.0","472.37","239.21","233.16","465.41","235.52","229.89","6.96","3.69","3.27","552.7","458.47","94.23","446.27","364.24","82.03","53.72","41.52","12.2","376.16","344.6","31.56","374.6","343.07","31.53","1.56","1.54","0.03","136.29","95.92","40.37","135.59","95.3","40.29","0.71","0.62","0.08","1425.82","512.45","1938.27"
"234","1991","12","Uttar Pradesh","Sultanpur","2558.97","1323.42","1235.55","2444.8","1261.65","1183.15","114.17","61.77","52.4","0.18","0.1","0.08","0.18","0.1","0.08","-1.0","-1.0","-1.0","572.09","296.32","275.77","560.67","290.28","270.4","11.42","6.05","5.37","794.27","587.64","206.63","731.36","547.21","184.16","62.9","40.43","22.47","441.7","397.8","43.9","439.4","395.6","43.8","2.3","2.2","0.1","192.0","137.7","54.3","190.5","136.5","54.0","1.5","1.2","0.3","1805.97","633.7","2439.67"
"234","2001","12","Uttar Pradesh","Sultanpur","3190.93","1611.94","1578.99","3038.68","1531.54","1507.13","152.25","80.39","71.86","0.47","0.24","0.23","0.46","0.23","0.23","0.01","0.0","0.0","715.3","362.64","352.66","700.1","354.62","345.48","15.19","8.02","7.17","1479.49","938.63","540.86","1375.72","878.99","496.73","103.77","59.63","44.14","410.35","320.56","89.78","408.5","319.0","89.5","1.85","1.56","0.29","358.14","202.14","156.0","356.73","201.11","155.62","1.41","1.03","0.38","2511.93","768.49","3280.41"
"234","2011","12","Uttar Pradesh","Sultanpur","3797.12","1914.59","1882.53","3597.2","1810.5","1786.71","199.92","104.09","95.83","0.7","0.36","0.34","0.68","0.35","0.33","0.02","0.01","0.01","851.59","431.44","420.15","832.55","421.56","410.99","19.04","9.88","9.16","2239.9","1300.25","939.65","2093.67","1219.2","874.48","146.23","81.05","65.18","338.89","262.41","76.48","336.25","260.19","76.06","2.64","2.22","0.42","501.63","318.12","183.52","497.59","314.92","182.67","4.05","3.2","0.85","2554.49","840.52","3395.01"
"235","1961","12","Uttar Pradesh","Pratapgarh","1252.2","607.17","645.03","1230.8","595.53","635.27","21.4","11.64","9.76","0.0","0.0","0.0","0.0","0.0","0.0","0.0","0.0","0.0","260.49","122.08","138.41","259.09","121.39","137.7","1.4","0.69","0.71","171.18","150.78","20.4","161.39","143.82","17.57","9.79","6.96","2.83","396.59","240.29","156.3","396.28","240.06","156.22","0.31","0.23","0.08","102.46","46.16","56.3","102.45","46.15","56.3","0.01","0.01","0.01","679.58","499.05","1178.63"
"235","1971","12","Uttar Pradesh","Pratapgarh","1424.8","703.66","721.14","1396.88","688.54","708.34","27.92","15.12","12.8","0.02","0.01","0.01","0.02","0.01","0.01","0.0","0.0","0.0","302.0","143.84","158.16","300.21","142.88","157.32","1.79","0.96","0.83","264.83","223.77","41.06","250.46","214.07","36.39","14.37","9.7","4.67","269.17","232.08","37.09","268.88","231.81","37.07","0.29","0.27","0.02","112.48","67.71","44.77","112.21","67.54","44.67","0.27","0.17","0.1","990.62","381.65","1372.27"
"235","1981","12","Uttar Pradesh","Pratapgarh","1801.05","897.71","903.34","1710.14","848.91","861.23","90.91","48.8","42.11","0.01","0.01","0.0","0.01","0.01","0.0","-1.0","0.0","0.0","388.38","189.42","198.95","378.76","184.42","194.35","9.61","5.01","4.6","428.86","349.26","79.61","388.55","321.27","67.28","40.31","27.99","12.32","332.33","291.91","40.42","327.86","287.62","40.24","4.47","4.3","0.18","96.43","63.72","32.71","94.35","61.93","32.42","2.08","1.79","0.29","1296.88","428.76","1725.64"
"235","1991","12","Uttar Pradesh","Pratapgarh","2210.7","1112.76","1097.95","2088.6","1047.81","1040.79","122.1","64.95","57.15","0.09","0.06","0.03","0.08","0.05","0.03","0.01","0.01","0.0","475.1","233.92","241.19","462.08","227.23","234.85","13.02","6.69","6.34","711.09","531.08","180.01","647.53","490.15","157.38","63.56","40.93","22.63","393.7","323.3","70.4","388.4","318.7","69.8","5.3","4.6","0.6","138.4","80.5","57.9","135.5","78.2","57.3","2.9","2.3","0.6","1567.7","532.1","2099.8"
"235","2001","12","Uttar Pradesh","Pratapgarh","2727.16","1375.61","1351.55","2582.84","1300.58","1282.26","144.31","75.03","69.28","0.16","0.08","0.08","0.16","0.08","0.08","0.0","0.0","0.0","601.04","295.36","305.68","584.71","287.0","297.72","16.33","8.36","7.97","1309.13","835.1","474.04","1215.86","780.69","435.17","93.27","54.41","38.86","425.55","290.65","134.9","422.09","287.83","134.26","3.46","2.82","0.64","301.63","137.15","164.48","297.17","134.12","163.05","4.46","3.03","1.42","2148.16","727.18","2875.33"
"235","2011","12","Uttar Pradesh","Pratapgarh","3209.14","1606.09","1603.06","3033.9","1515.58","1518.32","175.24","90.5","84.74","0.72","0.38","0.34","0.45","0.24","0.22","0.27","0.15","0.13","709.25","351.05","358.2","691.2","341.91","349.29","18.05","9.15","8.9","1931.56","1121.38","810.18","1809.63","1053.36","756.28","121.93","68.03","53.9","305.75","212.9","92.84","302.2","209.92","92.28","3.55","2.98","0.57","386.56","221.94","164.62","381.11","218.0","163.11","5.45","3.94","1.51","2142.54","692.31","2834.85"
"236","1961","12","Uttar Pradesh","Barabanki","1414.55","746.74","667.81","1344.3","708.94","635.36","70.25","37.8","32.45","0.0","0.0","0.0","0.0","0.0","0.0","0.0","0.0","0.0","394.52","205.25","189.27","389.21","202.38","186.83","5.3","2.87","2.44","170.28","146.12","24.16","148.99","131.39","17.61","21.29","14.73","6.55","462.15","362.55","99.6","458.95","359.86","99.1","3.19","2.69","0.51","56.21","34.29","21.93","55.82","34.04","21.79","0.39","0.25","0.14","797.07","518.36","1315.42"
"236","1971","12","Uttar Pradesh","Barabanki","1636.43","882.67","753.76","1542.37","831.52","710.85","94.05","51.14","42.91","0.0","0.0","0.0","0.0","0.0","0.0","0.0","0.0","0.0","456.67","244.84","211.83","448.94","240.58","208.36","7.73","4.26","3.47","226.17","186.66","39.51","195.2","165.92","29.28","30.97","20.75","10.23","403.43","377.26","26.17","399.96","373.96","26.0","3.47","3.3","0.17","87.8","67.87","19.93","85.45","65.71","19.74","2.35","2.16","0.19","1072.24","491.23","1563.47"
"236","1981","12","Uttar Pradesh","Barabanki","1992.07","1071.58","920.49","1814.14","976.01","838.13","177.93","95.58","82.36","0.16","0.1","0.06","0.15","0.08","0.06","0.01","0.01","0.0","551.42","296.14","255.28","536.45","287.96","248.49","14.97","8.18","6.79","375.9","309.5","66.4","313.79","267.07","46.72","62.12","42.43","19.68","496.31","469.54","26.77","485.7","459.31","26.39","10.61","10.24","0.38","71.99","55.62","16.37","67.48","51.36","16.12","4.51","4.26","0.25","1324.13","568.3","1892.43"
"236","1991","12","Uttar Pradesh","Barabanki","2423.14","1304.3","1118.83","2198.26","1185.23","1013.03","224.88","119.08","105.8","0.24","0.13","0.11","0.24","0.13","0.11","-1.0","-1.0","-1.0","654.69","353.29","301.4","635.79","343.09","292.71","18.89","10.2","8.69","597.61","459.62","137.99","508.24","403.24","105.0","89.38","56.38","33.0","555.0","506.3","48.6","545.1","497.0","48.1","9.8","9.3","0.5","130.9","93.6","37.3","122.7","86.5","36.2","8.2","7.1","1.2","1602.14","685.9","2288.04"
"236","2001","12","Uttar Pradesh","Barabanki","2673.39","1417.21","1256.18","2425.54","1286.57","1138.97","247.86","130.65","117.21","0.46","0.24","0.22","0.44","0.23","0.21","0.02","0.01","0.01","718.9","380.47","338.43","697.33","368.94","328.4","21.57","11.53","10.03","1052.14","693.4","358.75","922.43","617.42","305.01","129.71","75.97","53.74","508.4","416.28","92.12","502.25","410.87","91.38","6.15","5.41","0.74","271.05","155.2","115.85","262.58","149.05","113.53","8.46","6.15","2.32","1949.39","779.45","2728.84"
"236","2011","12","Uttar Pradesh","Barabanki","3260.7","1707.07","1553.63","2929.9","1533.46","1396.44","330.8","173.62","157.19","0.61","0.33","0.28","0.51","0.28","0.23","0.1","0.05","0.05","864.56","453.17","411.39","833.81","436.76","397.05","30.75","16.41","14.34","1692.46","1010.52","681.94","1493.62","899.3","594.32","198.83","111.22","87.62","458.48","366.14","92.34","450.51","359.24","91.27","7.97","6.9","1.07","421.97","278.55","143.42","404.5","265.35","139.15","17.47","13.2","4.28","2067.85","880.45","2948.3"
"237","1961","16","Uttarakhand","Nainital","574.32","334.2","240.12","462.14","269.63","192.52","112.18","64.57","47.61","0.0","0.0","0.0","0.0","0.0","0.0","0.0","0.0","0.0","98.79","56.54","42.26","86.16","49.39","36.77","12.64","7.15","5.49","157.19","122.71","34.49","108.06","88.78","19.28","49.13","33.93","15.21","137.84","88.06","49.78","136.46","86.8","49.66","1.39","1.27","0.12","31.82","27.42","4.41","31.59","27.22","4.38","0.23","0.2","0.03","296.55","169.67","466.22"
"237","1971","16","Uttarakhand","Nainital","790.12","438.45","351.67","614.34","339.48","274.86","175.78","98.97","76.81","52.56","27.65","24.91","52.3","27.5","24.79","0.26","0.15","0.11","141.22","78.16","63.06","122.56","67.7","54.87","18.66","10.46","8.2","256.85","182.82","74.03","168.33","126.64","41.69","88.52","56.18","32.34","123.13","103.65","19.49","120.82","101.45","19.38","2.31","2.2","0.11","49.0","42.69","6.31","45.46","39.51","5.95","3.54","3.17","0.36","525.16","172.13","697.29"
"237","1981","16","Uttarakhand","Nainital","1136.52","617.39","519.14","824.08","445.85","378.24","312.44","171.54","140.9","74.0","37.55","36.45","73.17","37.06","36.11","0.83","0.49","0.34","187.21","102.16","85.05","149.08","81.4","67.67","38.14","20.76","17.38","429.69","288.98","140.71","273.89","191.57","82.32","155.8","97.41","58.39","160.93","135.9","25.02","156.34","131.46","24.88","4.59","4.44","0.14","68.74","60.61","8.13","60.78","53.37","7.41","7.96","7.24","0.72","752.53","229.67","982.2"
"237","1991","16","Uttarakhand","Nainital","1540.17","823.8","716.38","1037.21","550.78","486.43","502.96","273.02","229.95","90.02","90.72","85.63","88.06","45.23","42.83","1.96","1.08","0.88","243.31","130.4","112.91","186.86","99.82","87.04","56.46","30.58","25.87","704.25","456.5","247.75","439.61","293.5","146.11","264.64","163.0","101.64","205.1","148.0","57.0","197.4","140.8","56.6","7.7","7.2","0.4","92.1","76.5","15.6","77.9","63.5","14.4","14.2","13.0","1.2","1042.17","297.2","1339.37"
"237","2001","16","Uttarakhand","Nainital","1997.46","1049.36","948.1","1324.53","690.8","633.73","672.93","358.55","314.38","115.18","58.51","56.67","112.77","57.13","55.64","2.41","1.37","1.04","310.96","164.56","146.42","235.0","124.18","110.82","75.97","40.37","35.6","1191.81","709.37","482.44","755.57","456.64","298.93","436.24","252.74","183.51","234.55","149.59","84.96","228.96","144.5","84.46","5.59","5.09","0.5","124.9","88.91","35.99","115.32","80.98","34.34","9.58","7.93","1.65","483.96","359.45","843.41"
"237","2011","16","Uttarakhand","Nainital","2603.51","1352.45","1251.06","1645.01","849.73","795.28","958.49","502.72","455.78","130.54","65.56","64.97","123.16","61.77","61.39","7.38","3.79","3.59","429.47","223.21","206.26","312.83","162.4","150.43","116.65","60.81","55.83","1734.34","984.31","750.03","1070.69","613.69","457.0","663.65","370.62","293.04","260.22","159.96","100.26","251.85","153.37","98.48","8.37","6.59","1.78","199.99","136.71","63.28","182.97","123.44","59.55","17.02","13.29","3.73","1635.86","460.21","2096.07"
"238","1961","16","Uttarakhand","Almorah","633.41","304.46","328.95","606.16","287.38","318.78","27.24","17.08","10.17","0.0","0.0","0.0","0.0","0.0","0.0","0.0","0.0","0.0","123.71","61.58","62.13","120.08","59.51","60.57","3.63","2.07","1.56","135.42","117.09","18.33","116.71","103.92","12.79","18.71","13.17","5.54","335.97","133.18","202.79","335.58","133.11","202.47","0.39","0.07","0.32","2.34","1.24","1.1","2.34","1.24","1.1","0.0","0.0","0.0","257.51","338.31","595.82"
"238","1971","16","Uttarakhand","Almorah","741.82","352.59","389.23","703.66","329.4","374.27","38.16","23.2","14.96","1.87","0.95","0.93","1.67","0.81","0.85","0.21","0.13","0.08","144.32","72.58","71.73","137.49","68.46","69.03","6.83","4.13","2.7","213.45","169.18","44.27","187.2","151.19","36.02","26.25","17.99","8.25","246.76","128.59","118.17","246.29","128.24","118.05","0.47","0.35","0.11","4.54","2.78","1.76","4.43","2.71","1.72","0.11","0.07","0.04","458.7","251.3","710.0"
"238","1981","16","Uttarakhand","Almorah","757.37","363.98","393.39","709.78","335.12","374.65","47.6","28.86","18.74","2.15","1.08","1.07","1.87","0.95","0.92","0.28","0.13","0.14","155.71","78.38","77.33","149.12","74.69","74.44","6.59","3.69","2.9","285.96","206.22","79.74","249.94","182.17","67.77","36.03","24.05","11.97","174.81","86.15","88.66","174.42","86.0","88.42","0.39","0.15","0.24","3.75","2.75","1.01","3.27","2.27","1.0","0.48","0.47","0.01","456.7","178.56","635.26"
"238","1991","16","Uttarakhand","Almorah","836.62","400.9","435.72","783.11","370.07","413.04","53.51","30.83","22.68","2.74","2.29","2.28","2.04","1.01","1.03","0.7","0.39","0.3","184.24","91.3","92.93","175.7","86.68","89.02","8.54","4.62","3.91","399.66","257.25","142.41","359.42","232.46","126.96","40.24","24.78","15.45","257.4","94.6","162.7","256.7","94.5","162.2","0.7","0.1","0.5","3.1","2.0","1.1","3.1","2.0","1.1","0.1","0.0","0.0","500.62","260.5","761.12"
"238","2001","16","Uttarakhand","Almorah","879.9","411.78","468.12","818.15","377.01","441.14","61.75","34.77","26.98","2.82","1.36","1.46","2.11","1.01","1.1","0.71","0.36","0.35","204.95","99.35","105.61","195.06","94.17","100.88","9.9","5.18","4.72","548.58","305.89","242.69","497.72","276.1","221.61","50.86","29.78","21.08","308.09","99.11","208.98","307.83","99.07","208.76","0.87","0.26","0.61","7.71","3.38","4.33","7.69","3.37","4.31","0.13","0.1","0.04","338.39","315.79","654.18"
"238","2011","16","Uttarakhand","Almorah","882.41","415.41","467.0","811.01","376.98","434.03","71.39","38.43","32.96","3.26","1.6","1.66","2.62","1.28","1.35","0.64","0.33","0.31","223.06","108.32","114.74","210.77","102.11","108.66","12.28","6.21","6.08","615.98","329.15","286.83","555.26","295.41","259.85","60.73","33.75","26.98","292.75","104.35","188.4","292.5","104.19","188.31","0.25","0.16","0.09","19.26","9.8","9.46","19.16","9.74","9.42","0.11","0.07","0.04","460.56","312.01","772.57"
"239","1961","16","Uttarakhand","Pithorgarh","263.58","128.29","135.29","263.58","128.29","135.29","0.0","0.0","0.0","0.0","0.0","0.0","0.0","0.0","0.0","0.0","0.0","0.0","58.62","29.94","28.68","58.62","29.94","28.68","0.0","0.0","0.0","61.55","53.61","7.94","61.55","53.61","7.94","0.0","0.0","0.0","137.81","55.22","82.59","137.81","55.22","82.59","0.0","0.0","0.0","1.23","0.64","0.58","1.23","0.64","0.58","0.0","0.0","0.0","105.8","139.04","244.84"
"239","1971","16","Uttarakhand","Pithorgarh","308.22","148.55","159.67","296.26","141.61","154.66","11.96","6.94","5.01","15.35","7.79","7.56","15.12","7.65","7.47","0.23","0.14","0.09","66.65","33.97","32.68","65.03","33.06","31.97","1.62","0.91","0.7","96.7","73.43","23.27","89.51","68.57","20.94","7.2","4.86","2.34","102.66","51.43","51.23","102.05","50.96","51.09","0.61","0.47","0.14","1.55","1.08","0.48","1.55","1.07","0.48","0.01","0.01","0.0","187.81","104.21","292.02"
"239","1981","16","Uttarakhand","Pithorgarh","489.27","243.0","246.37","462.25","227.16","235.09","27.0","15.74","11.28","17.34","8.76","8.58","15.22","7.68","7.54","2.12","1.08","1.04","95.15","48.6","46.55","91.14","46.39","44.75","4.0","2.21","1.8","191.2","141.18","50.02","172.72","128.98","43.75","18.47","12.2","6.27","146.49","71.16","75.34","145.58","70.63","74.95","0.91","0.52","0.38","1.21","0.93","0.28","1.14","0.88","0.27","0.07","0.06","0.01","263.42","147.7","411.12"
"239","1991","16","Uttarakhand","Pithorgarh","566.41","285.3","281.11","524.3","261.67","262.62","42.11","23.62","18.49","18.31","9.44","9.33","15.14","7.64","7.5","3.17","1.54","1.63","115.83","59.21","56.62","109.23","55.63","53.61","6.6","3.59","3.01","273.12","184.77","88.35","242.95","166.25","76.71","30.17","18.52","11.64","170.8","73.3","97.5","169.6","72.8","96.8","1.1","0.5","0.7","1.8","1.3","0.5","1.7","1.3","0.4","0.1","0.0","0.0","334.41","172.6","507.01"
"239","2001","16","Uttarakhand","Pithorgarh","686.61","338.51","348.1","597.75","290.76","307.0","88.86","47.75","41.11","20.02","9.81","10.22","15.5","7.64","7.87","4.52","2.17","2.34","144.55","72.79","71.76","131.64","66.0","65.64","12.91","6.79","6.12","431.43","252.62","178.8","364.53","214.5","150.03","66.89","38.13","28.77","197.53","72.11","125.42","195.93","71.58","124.35","0.99","0.3","0.69","4.14","2.3","1.84","3.99","2.19","1.8","0.04","0.01","0.03","263.58","201.67","465.25"
"239","2011","16","Uttarakhand","Pithorgarh","743.09","370.44","372.65","635.14","313.77","321.36","107.95","56.66","51.29","20.88","10.34","10.54","17.0","8.46","8.53","3.88","1.88","2.0","167.76","84.3","83.47","151.27","75.79","75.47","16.5","8.51","7.98","523.28","291.64","231.64","439.17","246.11","193.06","84.11","45.53","38.58","197.32","82.4","114.93","195.87","81.71","114.16","1.46","0.68","0.77","9.46","5.56","3.91","9.0","5.19","3.81","0.46","0.37","0.09","427.03","206.78","633.81"
"240","1961","16","Uttarakhand","Chamoli","253.14","120.09","133.05","253.14","120.09","133.05","0.0","0.0","0.0","0.0","0.0","0.0","0.0","0.0","0.0","0.0","0.0","0.0","43.0","21.13","21.87","43.0","21.13","21.87","0.0","0.0","0.0","55.18","49.77","5.41","55.18","49.77","5.41","0.0","0.0","0.0","146.81","58.97","87.84","146.81","58.97","87.84","0.0","0.0","0.0","0.38","0.19","0.19","0.38","0.19","0.19","0.0","0.0","0.0","87.9","147.19","235.09"
"240","1971","16","Uttarakhand","Chamoli","297.35","143.45","153.9","285.16","135.84","149.32","12.19","7.61","4.58","8.16","4.05","4.1","6.63","3.24","3.39","1.53","0.82","0.71","49.08","24.39","24.68","47.56","23.51","24.05","1.52","0.89","0.64","83.63","69.78","13.85","77.03","64.65","12.38","6.6","5.13","1.47","149.61","58.15","91.46","147.67","57.23","90.43","1.95","0.92","1.03","0.55","0.3","0.25","0.49","0.25","0.24","0.06","0.05","0.01","122.82","150.16","272.98"
"240","1981","16","Uttarakhand","Chamoli","364.35","178.34","186.0","335.17","160.36","174.81","29.17","17.98","11.2","9.16","4.48","4.69","6.58","3.14","3.45","2.58","1.34","1.24","62.89","31.97","30.92","58.02","29.13","28.9","4.86","2.84","2.02","136.48","102.37","34.11","117.85","88.85","29.0","18.63","13.53","5.11","131.92","52.98","78.94","129.6","51.98","77.62","2.32","1.0","1.31","0.55","0.36","0.18","0.49","0.32","0.17","0.06","0.04","0.02","181.9","132.47","314.37"
"240","1991","16","Uttarakhand","Chamoli","454.87","227.13","227.74","414.33","202.17","212.16","40.54","24.96","15.58","10.27","5.1","5.37","7.94","3.76","4.18","2.33","1.22","1.11","79.57","40.25","39.32","72.84","36.47","36.36","6.74","3.78","2.96","225.28","150.42","74.86","196.93","130.73","66.19","28.35","19.69","8.66","140.7","54.0","86.6","138.0","53.0","84.9","2.7","1.0","1.7","1.6","1.2","0.4","1.4","1.0","0.4","0.2","0.1","0.1","262.87","142.3","405.17"
"240","2001","16","Uttarakhand","Chamoli","596.66","290.46","306.2","544.35","260.0","284.35","52.31","30.46","21.85","10.67","5.19","5.48","7.89","3.78","4.11","2.78","1.42","1.37","107.85","53.96","53.89","99.04","49.12","49.92","8.82","4.84","3.98","382.26","219.84","162.42","341.2","194.41","146.79","41.06","25.43","15.63","179.54","63.09","116.45","176.87","62.36","114.51","2.67","0.73","1.94","2.75","1.38","1.37","2.56","1.24","1.32","0.2","0.14","0.05","205.63","182.29","387.92"
"240","2011","16","Uttarakhand","Chamoli","633.9","308.58","325.31","564.57","269.11","295.46","69.33","39.47","29.85","12.65","6.24","6.41","9.36","4.63","4.73","3.29","1.61","1.68","127.0","63.31","63.69","114.28","56.58","57.7","12.72","6.72","6.0","451.49","247.2","204.29","395.24","213.72","181.52","56.24","33.47","22.77","204.32","76.9","127.41","200.75","75.67","125.08","3.57","1.23","2.34","7.05","3.4","3.64","6.61","3.12","3.5","0.43","0.28","0.15","339.92","211.37","551.29"
"241","1961","16","Uttarakhand","Uttar Kashi","122.84","62.53","60.3","120.16","60.77","59.39","2.68","1.77","0.91","0.0","0.0","0.0","0.0","0.0","0.0","0.0","0.0","0.0","25.96","13.61","12.35","25.66","13.44","12.22","0.3","0.17","0.13","19.14","17.96","1.18","17.62","16.71","0.9","1.53","1.25","0.28","73.51","33.82","39.69","73.15","33.71","39.44","0.36","0.11","0.25","0.77","0.44","0.32","0.7","0.42","0.29","0.06","0.03","0.04","38.09","74.28","112.36"
"241","1971","16","Uttarakhand","Uttar Kashi","149.79","79.0","70.78","143.77","75.19","68.58","6.02","3.81","2.21","0.28","0.14","0.15","0.27","0.13","0.14","0.01","0.0","0.0","34.19","17.86","16.33","33.67","17.57","16.1","0.52","0.29","0.23","33.0","29.54","3.46","29.19","26.69","2.5","3.82","2.85","0.96","81.33","38.89","42.44","80.85","38.7","42.14","0.49","0.19","0.3","0.88","0.65","0.23","0.85","0.63","0.23","0.03","0.03","0.0","53.88","82.21","136.09"
"241","1981","16","Uttarakhand","Uttar Kashi","190.95","101.53","89.42","177.68","93.09","84.59","13.27","8.45","4.83","1.82","0.96","0.85","1.77","0.93","0.83","0.05","0.03","0.02","41.88","21.33","20.54","40.35","20.42","19.94","1.52","0.91","0.61","55.23","47.03","8.2","46.57","40.61","5.96","8.65","6.42","2.23","78.34","38.56","39.78","77.74","38.2","39.54","0.6","0.36","0.24","0.57","0.46","0.11","0.48","0.37","0.11","0.09","0.09","0.0","85.36","78.91","164.27"
"241","1991","16","Uttarakhand","Uttar Kashi","239.71","124.98","114.73","222.45","114.72","107.73","17.26","10.26","7.01","2.3","1.21","1.1","2.24","1.17","1.07","0.06","0.03","0.03","54.59","28.08","26.51","52.36","26.84","25.51","2.24","1.24","1.0","92.0","70.13","21.87","80.21","62.23","17.98","11.79","7.9","3.88","89.2","39.6","49.6","88.3","39.2","49.2","0.8","0.4","0.4","1.5","1.1","0.4","1.5","1.1","0.4","0.0","0.0","0.0","93.71","90.7","184.41"
"241","2001","16","Uttarakhand","Uttar Kashi","294.18","151.6","142.58","271.26","138.33","132.93","22.92","13.27","9.65","2.69","1.41","1.27","2.45","1.28","1.17","0.24","0.13","0.11","67.47","34.29","33.18","64.15","32.54","31.61","3.32","1.76","1.56","163.5","107.02","56.49","145.79","95.96","49.83","17.71","11.06","6.66","101.89","45.37","56.52","101.16","45.1","56.07","0.73","0.27","0.46","2.59","1.41","1.18","2.57","1.4","1.17","0.01","0.01","0.01","159.11","104.48","263.59"
"241","2011","16","Uttarakhand","Uttar Kashi","330.09","168.6","161.49","305.78","155.38","150.41","24.31","13.22","11.08","3.51","1.65","1.86","3.37","1.58","1.79","0.14","0.07","0.07","80.57","40.83","39.73","76.88","38.94","37.94","3.69","1.9","1.8","215.13","128.24","86.89","195.91","117.1","78.81","19.22","11.14","8.08","117.26","54.66","62.61","116.52","54.34","62.18","0.74","0.32","0.43","4.39","2.46","1.93","4.27","2.38","1.89","0.12","0.08","0.03","172.81","121.65","294.46"
"242","1961","16","Uttarakhand","Tehri Garhwal","347.74","157.91","189.83","340.14","153.06","187.08","7.6","4.85","2.75","0.0","0.0","0.0","0.0","0.0","0.0","0.0","0.0","0.0","47.12","22.99","24.13","46.48","22.63","23.85","0.64","0.36","0.27","55.61","51.82","3.8","50.7","48.17","2.53","4.92","3.64","1.27","208.05","79.78","128.28","207.99","79.74","128.26","0.06","0.04","0.02","0.67","0.37","0.3","0.67","0.37","0.3","0.0","0.0","0.0","123.56","208.73","332.29"
"242","1971","16","Uttarakhand","Tehri Garhwal","398.68","181.27","217.41","388.15","174.62","213.53","10.53","6.65","3.88","0.44","0.22","0.21","0.43","0.22","0.21","0.0","0.0","0.0","52.16","25.52","26.64","51.32","25.06","26.26","0.84","0.46","0.38","75.93","66.5","9.43","69.15","61.49","7.66","6.78","5.01","1.77","188.2","77.83","110.37","188.18","77.82","110.36","0.02","0.02","0.0","1.06","0.55","0.51","1.05","0.54","0.51","0.01","0.01","0.0","192.8","189.26","382.06"
"242","1981","16","Uttarakhand","Tehri Garhwal","497.71","238.33","259.38","477.16","225.12","252.05","20.55","13.21","7.34","0.07","0.05","0.02","0.06","0.04","0.02","0.01","0.01","0.0","63.54","31.82","31.72","61.71","30.8","30.92","1.83","1.03","0.8","138.81","114.38","24.43","125.03","104.46","20.58","13.78","9.92","3.86","189.3","78.78","110.51","189.15","78.71","110.45","0.15","0.08","0.07","0.63","0.52","0.11","0.62","0.51","0.11","0.02","0.01","0.0","244.67","189.93","434.6"
"242","1991","16","Uttarakhand","Tehri Garhwal","580.15","281.93","298.22","547.26","260.89","286.37","32.9","21.05","11.85","0.62","0.27","0.35","0.55","0.22","0.33","0.07","0.05","0.02","82.38","41.59","40.79","79.01","39.65","39.36","3.37","1.94","1.43","227.43","162.98","64.45","205.26","147.15","58.11","22.18","15.83","6.35","179.0","73.3","105.7","178.6","72.9","105.6","0.4","0.4","0.0","2.3","1.9","0.4","2.1","1.7","0.4","0.2","0.2","0.0","350.15","181.3","531.45"
"242","2001","16","Uttarakhand","Tehri Garhwal","604.61","294.84","309.77","546.13","259.08","287.06","58.48","35.76","22.71","0.69","0.52","0.17","0.27","0.17","0.1","0.42","0.35","0.07","87.33","43.67","43.66","82.04","40.7","41.35","5.28","2.97","2.31","340.88","209.81","131.07","295.99","180.58","115.41","44.89","29.22","15.67","185.42","63.33","122.09","185.32","63.29","122.03","0.1","0.04","0.06","3.19","1.8","1.39","3.18","1.8","1.39","0.01","0.01","0.0","340.03","188.61","528.64"
"242","2011","16","Uttarakhand","Tehri Garhwal","618.93","297.99","320.95","548.79","259.38","289.41","70.14","38.61","31.53","0.88","0.46","0.42","0.63","0.31","0.32","0.25","0.15","0.1","102.13","50.37","51.76","94.63","46.33","48.3","7.5","4.04","3.46","407.99","227.41","180.59","352.78","195.36","157.42","55.22","32.05","23.17","187.12","70.4","116.73","186.88","70.26","116.62","0.24","0.14","0.1","8.13","4.04","4.09","7.98","3.92","4.06","0.15","0.11","0.04","338.49","195.25","533.74"
"243","1961","16","Uttarakhand","Garhwal","482.33","222.89","259.44","454.83","204.89","249.94","27.5","18.01","9.49","0.0","0.0","0.0","0.0","0.0","0.0","0.0","0.0","0.0","51.55","25.55","26.0","48.58","23.83","24.75","2.97","1.72","1.25","112.55","96.68","15.87","96.94","84.31","12.63","15.61","12.37","3.24","243.75","84.0","159.75","242.39","83.59","158.81","1.36","0.41","0.94","1.33","0.78","0.55","1.29","0.76","0.53","0.04","0.01","0.03","198.39","245.08","443.47"
"243","1971","16","Uttarakhand","Garhwal","539.67","247.65","292.02","504.92","226.55","278.38","34.75","21.1","13.64","0.41","0.32","0.09","0.37","0.3","0.08","0.04","0.02","0.02","58.46","28.76","29.69","55.25","26.95","28.3","3.21","1.82","1.39","170.14","123.88","46.26","149.26","108.83","40.42","20.89","15.05","2.84","197.92","72.13","125.79","197.48","71.77","125.71","0.44","0.36","0.08","3.81","2.09","1.73","3.71","2.02","1.69","0.1","0.07","0.04","301.94","201.73","503.67"
"243","1981","16","Uttarakhand","Garhwal","637.88","305.07","332.81","575.21","267.81","307.4","62.67","37.26","25.41","1.1","0.64","0.46","0.98","0.55","0.43","0.12","0.09","0.03","74.9","36.84","38.07","67.6","32.72","34.88","7.3","4.11","3.19","261.92","171.63","90.29","221.25","143.93","77.32","40.66","27.7","12.96","165.04","65.35","99.68","164.82","65.17","99.65","0.22","0.19","0.03","1.89","1.57","0.32","1.83","1.51","0.32","0.06","0.06","0.0","360.65","166.93","527.58"
"243","1991","16","Uttarakhand","Garhwal","682.54","331.37","351.16","601.35","283.75","317.6","81.18","47.62","33.56","1.5","0.86","0.64","1.36","0.76","0.6","0.14","0.1","0.04","92.26","45.82","46.44","83.64","41.07","42.57","8.62","4.75","3.87","371.54","225.86","145.68","318.57","192.98","125.59","52.98","32.88","20.09","135.9","57.9","78.1","135.2","57.6","77.6","0.7","0.3","0.5","3.9","2.8","1.1","3.8","2.7","1.1","0.1","0.1","0.0","464.54","139.8","604.34"
"243","2001","16","Uttarakhand","Garhwal","696.85","331.14","365.71","606.63","281.58","325.05","90.22","49.56","40.67","1.59","0.89","0.71","1.35","0.74","0.6","0.25","0.14","0.1","106.65","52.53","54.13","96.72","47.2","49.52","9.94","5.33","4.61","466.44","255.96","210.48","395.94","215.25","180.69","70.51","40.71","29.8","181.34","60.12","121.23","180.9","59.99","120.91","0.44","0.13","0.32","4.19","2.39","1.8","4.12","2.33","1.79","0.08","0.06","0.01","427.21","185.54","612.74"
"243","2011","16","Uttarakhand","Garhwal","687.27","326.83","360.44","574.57","268.03","306.54","112.7","58.8","53.9","2.22","1.17","1.04","1.95","1.02","0.93","0.26","0.16","0.11","122.36","59.84","62.52","109.58","53.28","56.3","12.79","6.56","6.22","494.89","262.15","232.74","404.56","213.36","191.2","90.33","48.79","41.54","150.61","54.22","96.39","150.17","54.02","96.15","0.44","0.2","0.24","13.72","7.31","6.41","13.23","6.99","6.24","0.49","0.32","0.17","413.12","164.33","577.45"
"244","1961","16","Uttarakhand","Dehradun","429.01","242.99","186.03","231.18","127.75","103.43","197.84","115.24","82.6","0.0","0.0","0.0","0.0","0.0","0.0","0.0","0.0","0.0","45.09","25.14","19.95","28.72","15.95","12.77","16.36","9.19","7.18","166.23","116.29","49.94","52.65","41.37","11.28","113.59","74.92","38.67","60.28","42.81","17.47","59.34","42.02","17.32","0.94","0.79","0.15","60.28","42.81","17.47","59.34","42.02","17.32","0.94","0.79","0.15","256.71","120.56","377.27"
"244","1971","16","Uttarakhand","Dehradun","582.59","329.79","252.8","314.42","173.86","140.56","268.17","155.93","112.25","61.67","33.59","28.09","61.11","33.23","27.88","0.57","0.36","0.21","67.28","37.27","30.01","41.12","22.52","18.59","26.16","14.75","11.42","262.49","176.91","85.58","94.0","68.57","25.43","168.5","108.35","60.15","57.86","47.57","10.29","56.9","46.63","10.28","0.96","0.95","0.01","16.61","14.86","1.75","15.54","13.91","1.63","1.07","0.96","0.11","376.26","74.47","450.73"
"244","1981","16","Uttarakhand","Dehradun","761.67","420.47","341.2","389.53","211.76","177.77","372.14","208.71","163.43","76.09","41.07","35.01","75.18","40.46","34.72","0.9","0.61","0.29","90.88","49.94","40.94","49.4","27.16","22.24","41.48","22.78","18.7","400.52","257.1","143.42","151.31","104.21","47.1","249.21","152.89","96.32","69.29","54.97","14.32","68.06","53.86","14.2","1.23","1.11","0.12","19.68","17.79","1.9","17.79","16.05","1.73","1.9","1.73","0.16","501.16","88.97","590.13"
"244","1991","16","Uttarakhand","Dehradun","1025.68","556.43","469.25","510.2","274.11","236.09","515.48","282.32","233.16","84.08","44.51","39.57","81.01","42.69","38.32","3.07","1.82","1.25","137.46","74.25","63.21","77.29","41.86","35.43","60.18","32.39","27.79","597.39","367.11","230.27","239.97","154.96","85.01","357.42","212.16","145.26","74.6","49.3","25.3","72.6","47.6","25.1","2.0","1.7","0.3","31.6","26.1","5.4","28.8","23.6","5.1","2.8","2.5","0.3","692.68","106.2","798.88"
"244","2001","16","Uttarakhand","Dehradun","1279.08","675.55","603.53","601.97","314.3","287.67","677.12","361.25","315.87","99.33","51.92","47.41","94.91","49.44","45.48","4.42","2.49","1.93","173.45","91.93","81.52","92.03","48.84","43.19","81.42","43.08","38.33","881.48","506.62","374.86","365.55","214.96","150.59","515.92","291.66","224.26","74.61","45.54","29.07","73.43","44.61","28.81","1.18","0.93","0.26","28.04","19.98","8.06","26.47","18.79","7.68","1.58","1.19","0.38","881.67","102.65","984.32"
"244","2011","16","Uttarakhand","Dehradun","1696.69","892.2","804.5","754.75","392.89","361.86","941.94","499.31","442.63","111.66","58.26","53.4","101.48","52.83","48.65","10.19","5.44","4.75","228.9","120.43","108.47","119.12","62.55","56.58","109.78","57.88","51.9","1259.51","702.22","557.29","517.84","292.38","225.45","741.67","409.83","331.84","77.18","47.8","29.37","73.84","45.47","28.37","3.34","2.33","1.01","38.2","29.23","8.97","32.26","24.3","7.96","5.94","4.92","1.01","1113.93","115.38","1229.31"
"601","1961","17","Assam","Cachar","1378.48","722.49","655.99","1281.66","668.75","612.91","96.81","53.74","43.08","14.08","7.25","6.83","13.66","6.94","6.73","0.41","0.31","0.1","192.81","100.41","92.39","185.09","96.36","88.73","7.71","4.05","3.66","394.31","290.63","103.68","331.89","251.35","80.54","62.42","39.28","23.14","244.86","219.63","25.22","243.79","218.57","25.22","1.06","1.06","0.0","3.27","2.06","1.2","3.27","2.06","1.2","0.0","0.0","0.0","899.52","248.12","1147.64"
"601","1971","17","Assam","Cachar","1713.32","891.13","822.19","1577.63","818.71","758.92","135.69","72.42","63.28","15.28","7.94","7.34","15.23","7.91","7.32","0.05","0.04","0.02","208.87","107.74","101.12","199.28","102.82","96.46","9.59","4.92","4.67","518.95","359.41","159.55","433.23","309.27","123.96","85.72","50.13","35.59","228.4","224.75","3.65","225.96","222.32","3.64","2.44","2.43","0.01","96.16","91.88","4.27","94.88","90.62","4.26","1.28","1.26","0.02","1220.37","324.56","1544.93"
"601","1991","17","Assam","Cachar","2491.5","1286.96","1204.55","2277.75","1175.78","1101.97","213.74","111.18","102.58","18.71","9.47","9.23","18.4","9.28","9.11","0.32","0.2","0.13","353.33","183.51","169.82","328.1","170.59","157.51","25.24","12.92","12.31","1141.4","695.08","446.31","983.22","608.42","374.81","158.17","86.68","71.51","292.79","273.64","19.15","291.75","272.62","19.12","1.05","1.02","0.02","122.38","106.48","15.9","121.77","105.91","15.86","0.6","0.58","0.03","1724.01","415.17","2139.18"
"601","2001","17","Assam","Cachar","2995.8","1541.2","1454.6","2676.4","1377.5","1299.0","319.4","163.8","155.6","22.35","11.29","11.08","21.47","10.77","10.7","0.88","0.51","0.38","398.45","206.26","192.19","365.84","189.76","176.08","32.6","16.49","16.11","1638.0","949.0","689.1","1391.1","816.9","574.2","247.0","132.1","114.9","240.4","212.0","28.4","239.7","211.3","28.4","0.7","0.7","0.0","128.1","103.0","25.1","127.7","102.6","24.9","0.3","0.2","0.0","2046.86","368.5","2415.36"
"601","2011","17","Assam","Cachar","3624.61","1850.03","1774.56","3151.3","1611.34","1539.96","473.3","238.69","234.61","20.2","10.08","10.12","18.8","9.36","9.45","1.4","0.72","0.68","493.45","253.8","239.65","426.0","219.97","206.03","67.45","33.84","33.6","2376.8","1302.73","1074.07","1994.96","1104.56","890.4","381.83","198.18","183.67","280.38","251.0","29.38","278.31","249.3","29.02","2.08","1.71","0.36","166.94","127.92","39.03","165.06","126.4","38.66","1.87","1.52","0.36","2403.14","447.32","2850.46"
"602","1961","17","Assam","Darrang","1289.67","694.93","594.74","1239.38","663.84","575.54","50.29","31.09","19.2","140.3","73.08","67.22","139.71","72.75","66.95","0.59","0.33","0.26","62.79","32.73","30.06","59.12","30.67","28.45","3.67","2.06","1.61","295.46","220.2","75.27","270.86","202.91","67.95","24.6","17.29","7.32","412.9","255.95","156.95","411.98","255.13","156.85","0.93","0.82","0.11","21.15","17.82","3.33","21.08","17.75","3.33","0.06","0.06","0.0","683.28","434.05","1117.33"
"602","1971","17","Assam","Darrang","1736.19","919.64","816.55","1632.45","858.93","773.52","103.74","60.71","43.04","185.64","94.43","91.22","184.97","94.04","90.93","0.67","0.38","0.29","77.14","39.85","37.26","70.76","36.28","34.48","6.35","3.57","2.78","405.11","286.33","118.78","347.88","249.29","98.59","57.23","37.04","20.19","283.49","280.67","2.82","281.66","278.88","2.79","1.82","1.79","0.03","42.49","40.41","2.09","42.09","40.04","2.05","0.41","0.37","0.04","1230.7","325.98","1556.68"
"602","1991","17","Assam","Darrang","2723.15","1415.02","1308.13","2555.26","1323.63","1231.63","167.89","91.4","76.5","377.46","191.44","186.02","373.62","189.29","184.34","3.83","2.15","1.68","145.35","75.8","69.55","129.03","66.98","62.05","16.33","8.83","7.5","989.08","616.63","372.44","874.6","550.22","324.37","114.48","66.41","48.07","482.18","390.6","91.58","480.53","389.07","91.46","1.65","1.53","0.13","115.27","88.04","27.24","114.33","87.23","27.1","0.95","0.81","0.15","1628.12","597.45","2225.57"
"602","2001","17","Assam","Darrang","3185.8","1645.5","1540.4","2935.2","1507.3","1427.9","250.6","138.2","112.5","444.94","225.68","219.28","437.93","221.99","215.94","7.01","3.69","3.33","156.36","80.79","75.58","136.87","70.6","66.28","19.5","10.2","9.3","1515.6","902.6","613.0","1318.1","787.4","530.7","197.5","115.2","82.3","458.4","338.5","119.9","457.1","337.4","119.7","1.4","1.1","0.2","170.4","101.0","69.4","169.8","100.7","69.1","0.6","0.3","0.3","2023.12","628.8","2651.92"
"602","2011","17","Assam","Darrang","3684.28","1880.79","1803.49","3417.37","1743.89","1673.48","266.91","136.91","130.01","508.0","255.54","252.46","499.37","251.26","248.1","8.64","4.28","4.37","187.23","95.79","91.44","157.53","80.58","76.95","29.71","15.2","14.51","2065.54","1153.53","912.02","1852.84","1040.32","812.5","212.7","113.19","99.52","503.4","398.63","104.78","501.65","397.14","104.52","1.76","1.49","0.26","269.23","158.04","111.18","268.1","157.28","110.82","1.14","0.76","0.38","2243.8","772.63","3016.43"
"603","1961","17","Assam","Dibrugarh","0.0","0.0","0.0","0.0","0.0","0.0","0.0","0.0","0.0","0.0","0.0","0.0","0.0","0.0","0.0","0.0","0.0","0.0","0.0","0.0","0.0","0.0","0.0","0.0","0.0","0.0","0.0","0.0","0.0","0.0","0.0","0.0","0.0","0.0","0.0","0.0","0.0","0.0","0.0","0.0","0.0","0.0","0.0","0.0","0.0","0.0","0.0","0.0","0.0","0.0","0.0","0.0","0.0","0.0","0.0","0.0","0.0"
"603","1971","17","Assam","Dibrugarh","1038.12","550.55","487.58","950.71","499.84","450.86","87.42","50.7","36.71","-1.0","-1.0","-1.0","-1.0","-1.0","-1.0","-1.0","-1.0","-1.0","-1.0","-1.0","-1.0","-1.0","-1.0","-1.0","-1.0","-1.0","-1.0","355.41","246.51","108.9","273.82","194.58","79.24","81.59","51.93","29.66","153.7","147.98","5.71","152.48","146.79","5.69","1.22","1.19","0.02","16.29","14.82","1.47","15.91","14.46","1.45","0.38","0.36","0.02","-1.0","169.99","168.99"
"603","1991","17","Assam","Dibrugarh","1827.84","957.0","870.83","1601.68","831.71","769.97","226.15","125.28","100.88","134.41","68.17","66.24","126.32","63.85","62.46","8.1","4.32","3.78","67.07","35.68","31.39","47.18","24.82","22.36","19.89","10.86","9.03","816.1","502.14","313.95","661.11","411.06","250.05","154.97","91.08","63.9","300.31","201.81","98.48","298.17","200.28","97.89","2.13","1.54","0.6","37.24","26.1","11.15","36.32","25.31","11.02","0.92","0.79","0.14","1201.26","337.55","1538.81"
"603","2001","17","Assam","Dibrugarh","2335.2","1214.7","1120.5","1882.7","970.0","912.8","452.4","244.6","207.7","155.57","79.36","76.22","143.37","73.03","70.34","12.21","6.32","5.88","79.34","41.68","37.65","53.68","28.06","25.62","25.65","13.62","12.03","1286.4","761.7","524.8","938.8","564.8","373.9","347.6","196.9","150.7","283.8","164.8","119.0","282.7","164.0","118.7","1.2","0.9","0.3","66.5","34.2","32.2","66.1","33.9","32.2","0.4","0.3","0.1","1396.36","350.3","1746.66"
"603","2011","17","Assam","Dibrugarh","2654.27","1356.66","1297.6","2145.8","1091.7","1054.1","508.47","264.98","243.51","184.94","93.61","91.34","168.86","85.49","83.38","16.07","8.12","7.95","96.57","49.96","46.61","66.69","34.54","32.15","29.88","15.43","14.46","1682.85","944.81","738.04","1276.18","724.99","551.19","406.67","219.82","186.86","284.67","186.53","98.14","279.92","183.64","96.29","4.76","2.89","1.87","108.97","55.09","53.88","106.56","53.64","52.92","2.41","1.45","0.96","1536.51","393.64","1930.15"
"604","1961","17","Assam","Goalpara","1543.89","812.72","731.17","1441.75","753.51","688.24","102.14","59.22","42.93","226.49","116.64","109.84","224.47","115.43","109.05","2.01","1.22","0.8","78.13","41.15","36.98","65.69","34.51","31.18","12.44","6.64","5.8","325.17","246.5","78.68","275.58","213.38","62.19","49.6","33.11","16.48","433.47","317.21","116.26","431.99","315.86","116.13","1.48","1.35","0.13","38.52","33.28","5.24","38.23","33.02","5.22","0.29","0.27","0.02","930.58","471.99","1402.58"
"604","1971","17","Assam","Goalpara","2225.1","1154.45","1070.65","2052.81","1058.79","994.02","172.29","95.66","76.63","308.29","156.26","152.03","304.31","154.0","150.3","3.98","2.25","1.73","120.01","61.93","58.08","99.53","51.26","48.26","26.03","13.82","12.21","488.67","352.53","136.14","402.79","297.65","105.14","85.88","54.88","31.0","392.01","388.84","3.16","389.47","386.36","3.11","2.54","2.49","0.05","76.43","71.07","5.36","75.63","70.31","5.33","0.79","0.77","0.03","1626.22","468.44","2094.66"
"604","1991","17","Assam","Goalpara","3608.8","1855.27","1753.53","3270.14","1677.56","1592.59","338.65","177.71","160.95","618.36","313.63","304.73","607.23","307.83","299.39","11.15","5.8","5.34","217.76","113.44","104.34","165.1","85.99","79.11","52.67","27.44","25.22","1204.82","754.41","450.41","995.65","633.37","362.3","209.16","121.05","88.11","606.5","517.95","88.55","601.21","512.99","88.23","5.3","4.96","0.33","201.9","162.9","39.0","199.28","160.66","38.62","2.62","2.24","0.37","2423.4","808.4","3231.8"
"604","2001","17","Assam","Goalpara","4269.9","2192.7","2077.3","3836.9","1967.5","1869.4","433.0","225.2","207.8","580.01","291.87","288.13","561.58","282.45","279.14","18.43","9.42","9.0","226.61","117.34","109.26","169.67","87.98","81.69","56.96","29.36","27.58","1833.5","1083.3","750.2","1528.9","912.4","616.4","304.4","170.9","133.7","536.2","423.9","112.2","533.4","421.6","111.9","2.7","2.4","0.2","295.5","210.4","84.9","293.7","209.3","84.5","1.6","1.2","0.3","2897.6","831.7","3729.3"
"604","2011","17","Assam","Goalpara","5065.54","2584.73","2480.83","4523.7","2308.29","2215.42","541.85","276.44","265.41","714.1","357.44","356.66","683.91","342.7","341.21","30.19","14.75","15.44","262.98","135.37","127.62","195.39","100.87","94.51","67.59","34.49","33.11","2669.21","1474.05","1195.15","2275.26","1262.41","1012.85","393.96","211.67","182.28","652.38","528.62","123.77","646.96","523.88","123.08","5.41","4.74","0.7","385.91","245.75","140.16","380.66","242.27","138.38","5.26","3.47","1.79","3242.33","1038.29","4280.62"
"605","1961","17","Assam","Kamrup","2062.57","1109.61","952.96","1843.07","972.98","870.09","219.5","136.63","82.87","222.39","114.24","108.15","221.02","113.38","107.64","1.37","0.86","0.51","118.31","64.31","54.0","99.93","53.51","46.42","18.38","10.81","7.58","564.31","435.17","129.14","436.71","344.72","92.0","127.6","90.46","37.14","513.99","388.56","125.43","512.17","386.8","125.37","1.82","1.76","0.06","29.61","26.01","3.6","29.4","25.81","3.6","0.21","0.21","0.0","1227.99","543.6","1771.59"
"605","1971","17","Assam","Kamrup","2854.18","1510.15","1344.03","2519.03","1315.63","1203.4","335.16","194.52","140.63","298.09","151.26","146.83","295.0","149.49","145.51","3.1","1.78","1.32","164.76","86.27","78.49","138.73","72.45","66.28","26.03","13.82","12.21","836.84","592.68","244.16","663.74","480.9","182.84","173.1","111.77","61.32","462.05","456.42","5.62","458.31","452.7","5.61","3.74","3.73","0.01","58.51","56.18","2.34","57.7","55.38","2.32","0.81","0.8","0.01","2109.57","520.56","2630.13"
"605","1991","17","Assam","Kamrup","4402.12","2304.28","2097.84","3626.12","1874.94","1751.18","776.02","429.35","346.67","504.43","254.75","249.68","478.14","240.73","237.41","26.3","14.03","12.27","330.62","172.56","158.06","261.04","136.02","125.02","69.59","36.55","33.03","2010.03","1238.54","771.48","1473.16","917.98","555.18","536.86","320.57","216.3","549.13","510.86","38.28","543.61","505.65","37.95","5.52","5.21","0.33","157.63","132.91","24.72","154.33","130.0","24.33","3.3","2.91","0.39","2997.57","706.76","3704.33"
"605","2001","17","Assam","Kamrup","5318.3","2768.0","2550.3","4255.7","2193.8","2062.0","1062.6","574.1","488.5","576.24","290.84","285.4","542.35","273.33","269.01","33.9","17.51","16.39","350.64","181.02","169.62","276.06","142.47","133.58","74.58","38.56","36.02","3018.8","1765.3","1253.5","2205.8","1301.1","904.6","813.0","464.1","348.9","556.8","455.2","101.6","554.5","453.1","101.4","2.3","2.1","0.1","217.3","146.4","70.8","215.2","145.0","70.3","1.9","1.4","0.5","3575.07","774.1","4349.17"
"605","2011","17","Assam","Kamrup","6186.82","3170.39","3016.43","4765.09","2437.7","2327.4","1421.72","732.69","689.04","638.87","320.84","318.01","588.48","295.28","293.2","50.39","25.56","24.83","438.24","224.7","213.54","322.04","165.49","156.55","116.19","59.21","57.0","3998.18","2202.28","1795.89","2838.25","1582.73","1255.53","1159.93","619.54","540.38","623.67","526.15","97.52","615.19","519.03","96.17","8.48","7.13","1.35","345.04","211.83","133.23","336.13","204.69","131.43","8.92","7.13","1.79","3830.74","968.71","4799.45"
"606","1961","17","Assam","Karbi Anglong","0.0","0.0","0.0","0.0","0.0","0.0","0.0","0.0","0.0","0.0","0.0","0.0","0.0","0.0","0.0","0.0","0.0","0.0","0.0","0.0","0.0","0.0","0.0","0.0","0.0","0.0","0.0","0.0","0.0","0.0","0.0","0.0","0.0","0.0","0.0","0.0","0.0","0.0","0.0","0.0","0.0","0.0","0.0","0.0","0.0","0.0","0.0","0.0","0.0","0.0","0.0","0.0","0.0","0.0","0.0","0.0","0.0"
"606","1971","17","Assam","Karbi Anglong","379.31","202.35","176.96","369.11","195.82","173.29","10.2","6.53","3.67","210.04","108.62","101.42","208.55","107.73","100.83","1.49","0.89","0.6","9.82","5.22","4.6","9.65","5.1","4.55","0.17","0.12","0.05","72.24","55.46","16.78","65.96","51.01","14.94","6.29","4.45","1.84","92.18","83.9","8.28","91.97","83.7","8.27","0.21","0.19","0.01","7.96","7.26","0.7","7.94","7.24","0.7","0.02","0.02","0.0","261.13","100.14","361.27"
"606","1991","17","Assam","Karbi Anglong","662.72","347.61","315.12","592.26","308.54","283.71","70.47","39.06","31.4","341.72","175.29","166.43","319.21","163.34","155.87","22.51","11.95","10.56","27.99","14.88","13.11","25.91","13.69","12.22","2.08","1.19","0.89","237.79","153.47","84.32","195.57","127.55","68.02","42.22","25.92","16.3","190.6","125.92","64.68","186.73","122.69","64.04","3.88","3.23","0.65","16.47","10.52","5.95","15.51","9.83","5.68","0.96","0.68","0.27","379.19","207.07","586.26"
"606","2001","17","Assam","Karbi Anglong","813.3","422.3","391.1","721.4","373.3","348.1","91.9","49.0","43.0","452.96","230.93","222.03","417.15","212.39","204.76","35.81","18.54","17.28","29.52","15.51","14.01","26.98","14.14","12.83","2.54","1.37","1.17","382.6","232.7","149.9","318.4","195.7","122.7","64.1","36.9","27.2","195.3","124.8","70.5","192.0","122.4","69.6","3.3","2.4","0.9","46.0","20.5","25.4","45.1","20.0","25.1","0.9","0.5","0.4","482.83","241.3","724.13"
"606","2011","17","Assam","Karbi Anglong","956.31","490.17","466.15","843.35","431.92","411.42","112.97","58.24","54.72","538.74","272.46","266.28","491.86","249.02","242.83","46.88","23.44","23.44","44.96","23.44","21.53","39.94","20.8","19.14","5.03","2.64","2.39","557.21","314.25","242.96","470.11","267.21","202.9","87.1","47.04","40.07","223.02","150.83","72.19","218.78","147.55","71.24","4.24","3.29","0.95","60.95","24.77","36.18","59.21","23.87","35.34","1.75","0.9","0.84","572.87","283.97","856.84"
"607","1961","17","Assam","Lakhimpur","1563.84","853.88","709.96","1412.49","761.08","651.41","151.35","92.8","58.55","166.53","90.48","76.05","165.54","89.87","75.67","0.99","0.62","0.37","77.27","42.61","34.66","69.04","37.65","31.39","8.23","4.96","3.28","448.18","331.86","116.32","363.98","275.78","88.19","84.21","56.08","28.13","419.7","229.92","189.79","418.29","228.75","189.54","1.41","1.16","0.25","10.41","7.96","2.45","10.33","7.89","2.44","0.08","0.07","0.01","810.09","430.11","1240.2"
"607","1971","17","Assam","Lakhimpur","799.26","423.87","375.39","731.96","384.83","347.12","67.3","39.04","28.27","286.3","146.56","139.74","283.09","144.64","138.45","3.21","1.93","1.28","77.79","41.65","36.14","68.55","36.42","32.13","9.24","5.23","4.01","273.63","189.79","83.84","210.82","149.81","61.01","62.82","39.98","22.83","118.33","113.93","4.4","117.4","113.02","4.38","0.94","0.92","0.02","12.54","11.41","1.13","12.25","11.13","1.12","0.29","0.28","0.02","1505.38","130.87","1636.25"
"607","1991","17","Assam","Lakhimpur","1407.27","736.81","670.47","1233.15","640.35","592.8","174.12","96.45","77.66","387.47","198.0","189.47","383.21","195.54","187.67","4.26","2.47","1.8","90.66","47.02","43.64","87.95","45.55","42.4","2.71","1.47","1.25","628.32","386.61","241.72","509.0","316.48","192.52","119.32","70.13","49.19","231.21","155.38","75.82","229.56","154.2","75.36","1.64","1.18","0.46","28.68","20.09","8.58","27.97","19.48","8.48","0.71","0.61","0.1","692.94","259.89","952.83"
"607","2001","17","Assam","Lakhimpur","1460.9","750.3","710.6","1357.0","694.9","662.0","104.0","55.5","48.6","479.36","244.41","234.95","469.69","239.37","230.31","9.68","5.03","4.65","100.53","51.58","48.95","95.23","48.78","46.44","5.31","2.8","2.51","811.0","473.9","337.2","739.0","432.8","306.2","72.0","41.1","31.0","523.5","278.5","245.1","521.9","277.3","244.6","1.5","1.0","0.5","55.8","25.6","30.2","55.2","25.3","29.9","0.6","0.3","0.3","713.07","579.3","1292.37"
"607","2011","17","Assam","Lakhimpur","1728.27","880.92","847.34","1588.65","808.86","779.79","139.62","72.06","67.55","574.99","292.17","282.82","560.37","284.77","275.6","14.63","7.4","7.22","126.07","64.7","61.37","115.41","59.17","56.24","10.65","5.53","5.13","1106.52","613.31","493.2","1000.59","556.19","444.4","105.93","57.13","48.8","471.32","283.8","187.51","466.34","280.64","185.72","4.98","3.17","1.8","63.1","30.37","32.73","62.03","29.74","32.29","1.07","0.63","0.44","981.47","534.42","1515.89"
"608","1961","17","Assam","North Cachar Hil / Dima hasao","279.73","150.13","129.6","276.46","148.14","128.33","3.27","1.99","1.27","211.33","110.7","100.63","210.71","110.31","100.39","0.63","0.39","0.24","6.79","3.74","3.05","6.63","3.65","2.98","0.16","0.1","0.07","48.78","38.8","9.98","46.87","37.53","9.34","1.91","1.27","0.64","127.58","72.47","55.11","127.57","72.46","55.11","0.01","0.01","0.0","2.22","1.85","0.37","2.22","1.85","0.37","0.0","0.0","0.0","122.43","129.8","252.23"
"608","1971","17","Assam","North Cachar Hil / Dima hasao","76.05","41.31","34.73","70.85","38.23","32.62","5.2","3.09","2.11","52.58","26.99","25.59","-1.0","-1.0","-1.0","-1.0","-1.0","-1.0","-1.0","-1.0","-1.0","-1.0","-1.0","-1.0","-1.0","-1.0","-1.0","19.88","14.22","5.66","16.3","11.93","4.37","3.58","2.29","1.29","22.05","14.34","7.71","22.01","14.31","7.7","0.04","0.03","0.01","0.8","0.57","0.23","0.78","0.56","0.22","0.02","0.01","0.01","44.18","22.85","67.03"
"608","1991","17","Assam","North Cachar Hil / Dima hasao","150.8","81.2","69.61","116.32","61.87","54.45","34.49","19.33","15.16","98.83","51.06","47.77","87.22","44.8","42.41","11.62","6.26","5.36","3.92","2.31","1.61","2.6","1.57","1.03","1.32","0.74","0.58","70.24","44.17","26.07","46.33","29.69","16.64","23.91","14.47","9.44","33.33","20.4","12.93","32.57","19.9","12.67","0.76","0.51","0.26","1.25","0.98","0.26","1.15","0.9","0.24","0.1","0.08","0.02","87.39","34.58","121.97"
"608","2001","17","Assam","North Cachar Hil / Dima hasao","188.1","99.8","88.3","128.6","67.0","61.6","59.4","32.8","26.6","128.43","65.97","62.46","104.4","53.51","50.89","24.03","12.46","11.57","3.36","1.91","1.45","1.62","0.91","0.71","1.74","1.0","0.74","106.4","63.6","42.7","60.7","36.8","23.9","45.6","26.8","18.9","34.5","21.1","13.4","33.7","20.5","13.1","0.8","0.5","0.3","3.6","2.0","1.6","3.4","1.9","1.5","0.2","0.1","0.1","117.88","38.1","155.98"
"608","2011","17","Assam","North Cachar Hil / Dima hasao","214.1","110.8","103.3","151.61","77.82","73.8","62.49","32.99","29.5","151.84","76.52","75.32","123.06","62.21","60.85","28.78","14.31","14.47","4.34","2.34","2.0","1.89","1.07","0.82","2.45","1.27","1.18","140.87","78.56","62.31","90.01","50.66","39.35","50.86","27.9","22.96","44.48","26.98","17.5","43.2","26.14","17.06","1.28","0.85","0.44","4.82","2.5","2.32","4.46","2.28","2.17","0.36","0.22","0.14","129.07","49.3","178.37"
"609","1961","17","Assam","Nagaon","1210.76","645.69","565.07","1129.54","598.1","531.45","81.22","47.59","33.62","87.54","45.65","41.89","87.36","45.53","41.83","0.18","0.12","0.06","101.4","53.93","47.47","97.34","51.57","45.78","4.05","2.36","1.69","330.03","235.13","94.9","285.41","205.16","80.24","44.62","29.97","14.65","325.96","252.54","73.42","324.47","251.19","73.28","1.49","1.36","0.14","22.55","21.44","1.11","22.48","21.37","1.11","0.07","0.07","0.0","761.7","348.51","1110.22"
"609","1971","17","Assam","Nagaon","1680.9","884.94","795.96","1561.56","817.1","744.45","119.34","67.83","51.5","125.12","63.61","61.5","124.69","63.29","61.41","0.42","0.32","0.1","167.26","88.0","79.26","160.95","84.48","76.47","6.31","3.53","2.79","486.87","330.57","156.3","416.84","287.46","129.39","70.03","43.12","26.91","294.65","291.12","3.53","293.07","289.56","3.51","1.58","1.56","0.01","59.45","58.45","1.0","59.06","58.07","0.99","0.39","0.39","0.01","1225.05","354.1","1579.15"
"609","1991","17","Assam","Nagaon","2532.85","1310.99","1221.86","2294.14","1183.74","1110.41","238.71","127.26","111.45","168.33","84.85","83.48","162.48","81.78","80.69","5.86","3.06","2.8","277.83","144.05","133.77","254.68","131.9","122.78","23.15","12.15","11.0","1061.68","634.8","426.88","898.94","541.65","357.29","162.75","93.16","69.6","431.54","386.11","45.42","427.42","382.27","45.14","4.12","3.84","0.28","103.14","92.34","10.8","101.34","90.69","10.65","1.8","1.65","0.15","1638.42","534.68","2173.1"
"609","2001","17","Assam","Nagaon","3090.9","1589.9","1501.0","2774.6","1424.2","1350.3","316.3","165.7","150.6","210.12","106.08","104.04","204.24","103.08","101.16","5.89","3.0","2.89","315.56","162.59","152.97","283.71","146.04","137.67","31.85","16.55","15.3","1532.9","876.3","656.6","1297.1","745.6","551.5","235.8","130.7","105.2","416.5","343.6","72.8","413.0","340.5","72.5","3.4","3.2","0.3","200.2","153.0","47.2","198.7","151.7","46.9","1.5","1.3","0.3","2100.42","616.7","2717.12"
"609","2011","17","Assam","Nagaon","3781.19","1925.76","1855.43","3338.36","1700.11","1638.25","442.83","225.66","217.18","251.93","126.14","125.79","240.1","120.2","119.9","11.83","5.95","5.88","384.19","196.66","187.53","337.84","173.04","164.79","46.35","23.62","22.73","2250.62","1211.55","1039.07","1908.03","1030.12","877.91","342.59","181.43","161.16","503.73","427.84","75.9","497.66","422.32","75.34","6.07","5.53","0.56","272.15","190.98","81.19","267.5","187.46","80.04","4.67","3.52","1.15","2450.05","775.88","3225.93"
"610","1961","17","Assam","Sibsagar","1508.39","808.94","699.46","1431.69","761.76","669.93","76.71","47.18","29.53","96.0","49.21","46.79","95.44","48.86","46.58","0.56","0.35","0.21","94.01","49.68","44.33","88.15","46.51","41.64","5.85","3.17","2.69","517.62","364.32","153.31","471.23","333.08","138.15","46.39","31.23","15.16","440.59","244.08","196.51","439.53","243.29","196.23","1.07","0.79","0.28","13.2","10.27","2.93","13.08","10.16","2.92","0.12","0.1","0.01","792.46","453.79","1246.26"
"610","1971","17","Assam","Sibsagar","2122.72","1135.86","986.86","1869.84","987.25","882.59","252.88","148.61","104.27","125.31","63.98","61.33","124.8","63.65","61.15","0.51","0.34","0.18","86.12","45.0","41.13","78.79","41.13","37.67","7.33","3.87","3.46","673.24","436.9","236.34","601.29","391.18","210.1","71.96","45.72","26.24","237.3","227.47","9.83","236.2","226.42","9.78","1.1","1.05","0.04","29.49","27.03","2.47","29.34","26.88","2.47","0.15","0.15","0.0","1314.07","266.79","1580.86"
"610","1991","17","Assam","Sibsagar","2607.29","1362.89","1244.4","2359.72","1226.05","1133.68","247.56","136.83","110.73","224.73","114.91","109.82","221.52","112.92","108.59","3.21","1.98","1.23","144.87","75.37","69.51","128.56","66.73","61.83","16.32","8.63","7.69","1356.97","801.79","555.17","1180.97","699.79","481.2","175.99","102.02","73.97","441.54","287.91","153.63","439.31","286.2","153.12","2.22","1.71","0.51","61.02","42.23","18.8","60.24","41.56","18.68","0.79","0.66","0.12","1553.09","502.56","2055.65"
"610","2001","17","Assam","Sibsagar","2997.2","1552.8","1444.5","2647.6","1364.4","1283.1","349.6","188.3","161.4","258.58","131.72","126.87","252.4","128.35","124.03","6.19","3.36","2.84","165.59","85.0","80.6","144.05","73.8","70.24","21.55","11.19","10.35","1890.2","1080.3","809.7","1618.5","928.4","690.1","271.7","152.0","119.6","496.5","299.1","197.4","494.2","297.5","196.7","2.4","1.6","0.8","106.8","53.3","53.6","105.8","52.6","53.1","1.0","0.5","0.5","1763.72","603.3","2367.02"
"610","2011","17","Assam","Sibsagar","3310.2","1689.19","1621.01","2881.82","1467.39","1414.45","428.37","221.81","206.57","300.78","152.21","148.58","290.6","147.05","143.57","10.17","5.16","5.01","193.32","98.57","94.74","163.06","83.14","79.94","30.24","15.43","14.81","2330.2","1273.59","1056.62","1979.22","1087.01","892.21","350.99","186.58","164.41","474.58","319.4","155.19","470.89","316.63","154.27","3.68","2.77","0.92","168.24","81.98","86.25","164.4","79.55","84.86","3.84","2.44","1.4","1845.93","642.82","2488.75"
"626","1961","18","Himachal Pradesh","Bilashpur","158.81","81.36","77.44","151.05","76.77","74.29","7.75","4.6","3.16","4.21","2.21","2.01","4.18","2.19","2.0","0.03","0.02","0.01","38.33","19.63","18.7","36.72","18.72","18.0","1.62","0.92","0.7","30.9","25.8","5.1","27.36","23.26","4.1","3.54","2.54","1.0","66.39","33.98","32.41","66.0","33.77","32.23","0.39","0.21","0.18","0.84","0.58","0.26","0.84","0.57","0.26","0.01","0.0","0.0","75.84","67.23","143.07"
"626","1971","18","Himachal Pradesh","Bilashpur","194.79","97.76","97.03","185.29","92.41","92.88","9.5","5.35","4.15","5.24","2.67","2.56","5.23","2.67","2.56","0.01","0.01","0.0","47.66","23.96","23.7","45.91","23.01","22.9","1.75","0.95","0.8","61.08","41.15","19.93","55.56","37.58","17.98","5.52","3.57","1.95","59.36","33.11","26.25","58.91","32.87","26.04","0.45","0.23","0.22","2.35","1.33","1.02","2.32","1.31","1.01","0.03","0.02","0.01","115.82","61.71","177.53"
"626","1981","18","Himachal Pradesh","Bilashpur","247.37","123.57","123.8","235.78","117.15","118.63","11.58","6.42","5.17","6.6","3.47","3.13","6.57","3.45","3.12","0.03","0.03","0.01","64.28","32.53","31.76","61.96","31.23","30.73","2.32","1.3","1.02","110.56","67.53","43.03","102.61","62.65","39.96","7.95","4.88","3.07","58.87","37.53","21.34","58.34","37.26","21.08","0.53","0.27","0.26","1.11","0.86","0.25","1.1","0.85","0.25","0.01","0.01","0.0","144.33","59.98","204.31"
"626","1991","18","Himachal Pradesh","Bilashpur","295.39","147.56","147.83","278.65","138.44","140.21","16.74","9.11","7.62","7.98","4.11","3.87","7.8","4.0","3.8","0.18","0.11","0.08","76.28","38.55","37.73","72.87","36.72","36.16","3.41","1.83","1.58","166.66","95.89","70.77","154.36","88.7","65.67","12.3","7.2","5.1","62.06","40.26","21.8","61.28","39.81","21.46","0.79","0.45","0.34","1.24","1.11","0.12","1.19","1.07","0.12","0.04","0.04","0.0","163.63","63.3","226.93"
"626","2001","18","Himachal Pradesh","Bilashpur","340.74","171.07","169.66","318.79","159.32","159.47","21.95","-1.0","-1.0","9.18","4.74","4.44","8.92","4.61","4.31","0.26","0.13","0.13","86.58","44.04","42.54","82.34","41.8","40.54","4.24","2.24","2.0","-1.0","-1.0","-1.0","-1.0","-1.0","-1.0","-1.0","-1.0","-1.0","114.7","44.14","70.56","113.59","43.85","69.74","1.11","0.29","0.82","2.87","1.75","1.11","2.81","1.72","1.09","0.05","0.03","0.02","174.18","117.57","291.75"
"626","2011","18","Himachal Pradesh","Bilashpur","381.96","192.76","189.19","356.83","179.65","177.17","25.13","13.11","12.02","10.69","5.49","5.21","10.33","5.29","5.04","0.36","0.2","0.16","98.99","50.27","48.72","93.68","47.55","46.13","5.31","2.72","2.59","287.62","155.6","132.02","266.82","144.49","122.33","20.8","11.11","9.69","127.17","47.29","79.88","125.43","46.82","78.61","1.74","0.46","1.28","4.14","2.82","1.32","4.08","2.78","1.3","0.06","0.04","0.02","176.09","131.31","307.4"
"627","1961","18","Himachal Pradesh","Chamba","210.58","110.7","99.88","201.97","105.99","95.98","8.61","4.71","3.9","67.06","34.8","32.26","66.97","34.73","32.24","0.09","0.07","0.02","32.58","17.13","15.44","31.02","16.32","14.7","1.56","0.82","0.75","23.55","19.48","4.07","18.61","16.32","2.28","4.94","3.16","1.78","110.23","60.77","49.46","110.2","60.75","49.45","0.03","0.02","0.01","0.47","0.35","0.13","0.47","0.35","0.13","0.0","0.0","0.0","83.59","110.7","194.29"
"627","1971","18","Himachal Pradesh","Chamba","255.23","131.32","123.91","236.39","121.2","115.19","18.84","10.12","8.72","71.46","36.16","35.3","71.18","35.98","35.19","0.29","0.18","0.11","38.27","19.91","18.36","35.25","18.31","16.94","3.02","1.61","1.42","46.95","36.13","10.82","35.82","29.55","6.27","11.13","6.58","4.55","84.35","60.81","23.54","84.24","60.7","23.54","0.12","0.11","0.01","1.96","1.57","0.4","1.95","1.56","0.4","0.01","0.01","0.0","152.31","86.31","238.62"
"627","1981","18","Himachal Pradesh","Chamba","311.15","160.75","150.4","289.85","149.55","140.3","21.29","11.2","10.1","95.73","48.5","47.23","95.13","48.17","46.95","0.6","0.33","0.27","61.41","31.71","29.69","57.36","29.63","27.73","4.05","2.09","1.97","82.31","61.87","20.44","68.61","53.96","14.65","13.7","7.91","5.79","75.04","57.12","17.92","74.78","56.92","17.86","0.26","0.2","0.06","0.69","0.59","0.1","0.67","0.58","0.09","0.02","0.02","0.01","159.56","75.73","235.29"
"627","1991","18","Himachal Pradesh","Chamba","393.29","201.76","191.53","363.4","186.04","177.36","29.89","15.72","14.17","111.51","56.24","55.27","110.38","55.61","54.77","1.13","0.63","0.5","77.67","39.75","37.92","72.26","36.93","35.32","5.41","2.81","2.6","142.91","98.52","44.4","121.82","86.72","35.09","21.1","11.79","9.3","85.5","65.49","20.01","85.26","65.28","19.98","0.25","0.21","0.04","1.37","1.09","0.29","1.36","1.07","0.29","0.02","0.01","0.0","202.21","86.87","289.08"
"627","2001","18","Himachal Pradesh","Chamba","460.5","234.81","225.69","425.98","216.39","209.59","34.52","18.42","16.1","117.57","58.85","58.72","115.7","57.81","57.89","1.87","1.04","0.83","92.36","46.94","45.42","86.15","43.76","42.39","6.21","3.18","3.03","-1.0","-1.0","-1.0","-1.0","-1.0","-1.0","-1.0","-1.0","-1.0","168.59","75.6","92.99","168.31","75.5","92.82","0.28","0.11","0.17","1.45","0.9","0.55","1.45","0.9","0.55","0.0","0.0","0.0","230.44","170.03","400.47"
"627","2011","18","Himachal Pradesh","Chamba","519.08","261.32","257.76","482.97","241.96","241.01","36.11","19.36","16.75","135.5","67.9","67.6","132.91","66.59","66.32","2.59","1.31","1.28","111.69","56.15","55.54","105.64","53.14","52.49","6.06","3.01","3.05","323.84","186.06","137.78","293.68","169.27","124.41","30.16","16.79","13.37","196.67","86.5","110.16","196.35","86.38","109.97","0.31","0.13","0.19","9.19","5.24","3.96","9.06","5.13","3.93","0.13","0.1","0.03","225.05","205.86","430.91"
"629","1971","18","Himachal Pradesh","Kangra","1327.21","654.35","672.86","1278.56","628.28","650.28","48.65","26.07","22.58","0.0","0.0","0.0","0.0","0.0","0.0","0.0","0.0","0.0","233.48","117.1","116.38","228.29","114.29","113.99","5.19","2.81","2.38","477.91","299.21","178.69","451.96","283.49","168.47","25.95","15.73","10.23","233.03","171.49","61.54","231.36","170.03","61.34","1.67","1.46","0.21","24.72","18.21","6.5","24.13","17.69","6.44","0.59","0.52","0.07","962.63","257.75","1220.38"
"629","1981","18","Himachal Pradesh","Kangra","1625.93","795.71","830.22","1536.66","748.75","787.9","89.29","46.97","42.32","0.83","0.6","0.23","0.79","0.57","0.22","0.05","0.03","0.02","346.45","173.8","172.64","332.45","166.48","165.97","13.99","7.32","6.67","812.95","471.45","341.5","756.35","438.41","317.94","56.61","33.04","23.56","248.73","187.28","61.46","245.37","184.6","60.77","3.36","2.68","0.68","19.99","17.84","2.15","19.21","17.12","2.09","0.78","0.73","0.06","1078.77","268.72","1347.49"
"629","1991","18","Himachal Pradesh","Kangra","1921.47","942.93","978.54","1807.16","883.47","923.7","114.31","59.47","54.84","1.9","1.56","0.34","1.73","1.44","0.29","0.17","0.12","0.06","420.87","210.35","210.51","401.76","200.39","201.37","19.1","9.97","9.14","1162.62","642.44","520.18","1083.58","598.58","485.0","79.05","43.86","35.18","293.09","198.77","94.32","290.07","196.27","93.8","3.01","2.51","0.52","29.55","26.45","3.1","28.48","25.49","2.99","1.07","0.95","0.1","1236.83","322.64","1559.47"
"629","2001","18","Himachal Pradesh","Kangra","2198.51","1080.49","1118.02","2056.74","1005.67","1051.07","141.77","37.83","34.34","1.81","1.0","0.8","1.41","0.77","0.64","0.4","0.23","0.16","478.67","240.06","238.61","473.25","227.76","227.44","23.47","12.3","11.18","-1.0","-1.0","-1.0","-1.0","-1.0","-1.0","-1.0","-1.0","-1.0","594.2","229.85","364.35","592.86","229.1","363.76","3.75","1.7","2.06","53.32","32.12","21.2","53.05","31.98","21.07","0.81","0.58","0.22","1203.96","647.52","1851.48"
"629","2011","18","Himachal Pradesh","Kangra","2486.02","1231.35","1254.66","2323.39","1146.37","1177.03","162.62","84.99","77.65","96.2","47.73","48.49","91.48","45.27","46.24","4.72","2.47","2.26","544.14","272.03","272.11","516.39","257.77","258.64","27.75","14.26","13.47","1910.45","1000.28","910.17","1779.14","929.52","849.63","131.3","70.76","60.55","534.91","207.34","327.56","531.82","205.82","326.0","3.1","1.52","1.57","83.27","50.61","32.67","81.34","49.21","32.15","1.93","1.4","0.53","1353.58","618.18","1971.76"
"630","1961","18","Himachal Pradesh","Kinnaur","40.98","20.81","20.17","40.98","20.81","20.17","0.0","0.0","0.0","25.67","11.69","13.97","25.67","11.69","13.97","0.0","0.0","0.0","11.13","5.6","5.54","11.13","5.6","5.54","0.0","0.0","0.0","6.29","5.5","0.79","6.29","5.5","0.79","0.0","0.0","0.0","18.29","7.29","11.01","18.29","7.29","11.01","0.0","0.0","0.0","0.98","0.28","0.71","0.98","0.28","0.71","0.0","0.0","0.0","13.45","19.28","32.73"
"630","1971","18","Himachal Pradesh","Kinnaur","49.84","26.41","23.43","49.84","26.41","23.43","0.0","0.0","0.0","34.09","16.4","17.69","34.09","16.4","17.69","0.0","0.0","0.0","9.67","4.96","4.71","9.67","4.96","4.71","0.0","0.0","0.0","13.03","10.82","2.21","13.03","10.82","2.21","0.0","0.0","0.0","18.98","8.09","10.88","18.98","8.09","10.88","0.0","0.0","0.0","1.73","0.5","1.23","1.73","0.5","1.23","0.0","0.0","0.0","19.68","20.71","40.39"
"630","1981","18","Himachal Pradesh","Kinnaur","59.55","31.6","27.95","59.55","31.6","27.95","0.0","0.0","0.0","44.58","21.54","23.05","44.58","21.54","23.05","-1.0","-1.0","-1.0","6.33","3.35","2.98","6.33","3.35","2.98","-1.0","-1.0","-1.0","21.94","16.15","5.79","21.94","16.15","5.79","0.0","0.0","0.0","20.17","9.17","11.01","20.17","9.17","11.01","0.0","0.0","0.0","1.73","0.72","1.01","1.73","0.72","1.01","0.0","0.0","0.0","25.45","21.9","47.35"
"630","1991","18","Himachal Pradesh","Kinnaur","71.27","38.39","32.88","71.27","38.39","32.88","0.0","0.0","0.0","39.61","19.02","20.59","39.61","19.02","20.59","-1.0","-1.0","-1.0","19.15","9.88","9.27","19.15","9.88","9.27","-1.0","-1.0","-1.0","34.9","23.44","11.46","34.9","23.44","11.46","0.0","0.0","0.0","18.37","9.2","9.17","18.37","9.2","9.17","0.0","0.0","0.0","1.73","1.12","0.61","1.73","1.12","0.61","0.0","0.0","0.0","33.91","20.1","54.01"
"630","2001","18","Himachal Pradesh","Kinnaur","83.95","45.35","38.6","83.95","45.35","38.6","0.0","-1.0","-1.0","56.27","27.58","28.69","56.27","27.58","28.69","-1.0","-1.0","-1.0","7.63","3.97","3.65","137.89","3.97","3.65","-1.0","-1.0","-1.0","-1.0","-1.0","-1.0","-1.0","-1.0","-1.0","-1.0","-1.0","-1.0","31.08","13.99","17.09","31.08","13.99","17.09","0.0","0.0","0.0","1.03","0.74","0.29","1.03","0.74","0.29","0.0","0.0","0.0","30.52","32.11","62.63"
"630","2011","18","Himachal Pradesh","Kinnaur","84.12","46.25","37.87","84.12","46.25","37.87","0.0","0.0","0.0","48.75","23.61","25.14","48.75","23.61","25.14","0.0","0.0","0.0","14.75","7.43","7.32","14.75","7.43","7.32","0.0","0.0","0.0","60.7","36.7","24.0","60.7","36.7","24.0","0.0","0.0","0.0","33.0","15.42","17.57","33.0","15.42","17.57","0.0","0.0","0.0","2.54","1.6","0.94","2.54","1.6","0.94","0.0","0.0","0.0","27.85","35.54","63.39"
"631","1971","18","Himachal Pradesh","Kullu","192.37","100.2","92.17","181.61","93.86","87.76","10.76","6.34","4.41","0.0","0.0","0.0","0.0","0.0","0.0","0.0","0.0","0.0","48.36","24.92","23.45","47.06","24.22","22.84","1.3","0.7","0.6","45.89","36.11","9.78","39.26","31.73","7.53","6.64","4.38","2.25","75.93","45.2","30.73","75.79","45.08","30.71","0.15","0.13","0.02","2.71","1.76","0.95","2.68","1.74","0.94","0.03","0.02","0.01","98.81","78.64","177.45"
"631","1981","18","Himachal Pradesh","Kullu","238.73","124.45","114.29","221.81","114.57","107.24","16.92","9.88","7.05","7.4","3.91","3.49","6.04","3.13","2.91","1.36","0.78","0.59","67.83","35.15","32.69","65.37","33.83","31.54","2.47","1.32","1.15","80.75","59.08","21.67","68.9","51.54","17.37","11.85","7.54","4.31","86.7","51.28","35.43","86.4","51.08","35.32","0.3","0.2","0.11","1.87","1.36","0.51","1.83","1.34","0.5","0.04","0.03","0.01","113.89","88.57","202.46"
"631","1991","18","Himachal Pradesh","Kullu","302.43","157.53","144.9","281.42","145.75","135.67","21.01","11.78","9.24","10.91","5.58","5.33","9.07","4.59","4.48","1.85","0.99","0.86","87.49","45.16","42.33","84.44","43.54","40.9","3.05","1.62","1.43","135.89","90.38","45.5","120.25","81.0","39.26","15.63","9.39","6.25","100.29","59.4","40.89","99.73","58.99","40.74","0.56","0.41","0.15","2.9","2.21","0.69","2.75","2.09","0.66","0.15","0.12","0.03","157.48","103.19","260.67"
"631","2001","18","Himachal Pradesh","Kullu","379.87","197.04","182.83","349.77","180.16","169.61","30.09","-1.0","-1.0","11.35","5.66","5.69","9.34","4.64","4.7","2.01","1.02","0.99","107.9","55.35","52.55","54.43","52.96","50.46","4.48","2.39","2.09","-1.0","-1.0","-1.0","-1.0","-1.0","-1.0","-1.0","-1.0","-1.0","165.29","78.93","86.36","165.1","78.81","86.29","0.19","0.12","0.07","5.46","2.89","2.57","5.41","2.85","2.56","0.06","0.04","0.01","165.06","170.75","335.81"
"631","2011","18","Himachal Pradesh","Kullu","437.9","225.45","212.45","396.51","203.27","193.24","41.39","22.18","19.21","16.82","8.49","8.33","12.46","6.32","6.14","4.36","2.17","2.19","122.66","62.69","59.97","115.51","58.98","56.53","7.15","3.71","3.44","307.67","174.55","133.12","274.74","156.27","118.47","32.93","18.28","14.65","197.14","97.84","99.3","195.97","97.06","98.91","1.17","0.78","0.4","12.37","6.26","6.12","11.79","5.97","5.82","0.59","0.29","0.3","168.82","209.51","378.33"
"632","1971","18","Himachal Pradesh","Lahul & Spiti","23.54","12.98","10.56","23.54","12.98","10.56","0.0","0.0","0.0","17.95","8.68","9.27","17.95","8.68","9.27","0.0","0.0","0.0","0.24","0.15","0.09","0.24","0.15","0.09","0.0","0.0","0.0","6.37","5.29","1.08","6.37","5.29","1.08","0.0","0.0","0.0","8.66","3.5","5.17","8.66","3.5","5.17","0.0","0.0","0.0","0.28","0.1","0.18","0.28","0.1","0.18","0.0","0.0","0.0","8.3","8.94","17.24"
"632","1981","18","Himachal Pradesh","Lahul & Spiti","32.1","18.17","13.93","32.1","18.17","13.93","0.0","0.0","0.0","23.77","11.79","11.97","23.77","11.79","11.97","-1.0","-1.0","-1.0","0.72","0.52","0.21","0.72","0.52","0.21","-1.0","-1.0","-1.0","10.06","7.91","2.15","10.06","7.91","2.15","0.0","0.0","0.0","9.56","4.5","5.06","9.56","4.5","5.06","0.0","0.0","0.0","0.45","0.2","0.25","0.45","0.2","0.25","0.0","0.0","0.0","10.65","10.01","20.66"
"632","1991","18","Himachal Pradesh","Lahul & Spiti","31.29","17.22","14.07","31.29","17.22","14.07","0.0","0.0","0.0","24.09","11.91","12.18","24.09","11.91","12.18","-1.0","-1.0","-1.0","2.22","1.21","1.01","2.22","1.21","1.01","-1.0","-1.0","-1.0","15.32","10.77","4.55","15.32","10.77","4.55","0.0","0.0","0.0","8.76","4.21","4.55","8.76","4.21","4.55","0.0","0.0","0.0","0.87","0.39","0.48","0.87","0.39","0.48","0.0","0.0","0.0","10.97","9.63","20.6"
"632","2001","18","Himachal Pradesh","Lahul & Spiti","33.22","18.41","14.81","33.22","18.41","14.81","0.0","-1.0","-1.0","24.24","11.95","12.29","24.24","11.95","12.29","-1.0","-1.0","-1.0","2.61","1.39","1.22","54.18","1.39","1.22","-1.0","-1.0","-1.0","-1.0","-1.0","-1.0","-1.0","-1.0","-1.0","-1.0","-1.0","-1.0","11.21","4.73","6.47","11.21","4.73","6.47","0.0","0.0","0.0","0.33","0.17","0.16","0.33","0.17","0.16","0.0","0.0","0.0","12.14","11.54","23.68"
"632","2011","18","Himachal Pradesh","Lahul & Spiti","31.56","16.59","14.98","31.56","16.59","14.98","0.0","0.0","0.0","25.71","12.75","12.96","25.71","12.75","12.96","0.0","0.0","0.0","2.24","1.15","1.08","2.24","1.15","1.08","0.0","0.0","0.0","21.85","12.9","8.95","21.85","12.9","8.95","0.0","0.0","0.0","11.23","4.89","6.34","11.23","4.89","6.34","0.0","0.0","0.0","0.57","0.34","0.23","0.57","0.34","0.23","0.0","0.0","0.0","12.27","11.8","24.07"
"633","1961","18","Himachal Pradesh","Solan","358.97","189.05","169.92","347.21","181.55","165.66","11.76","7.5","4.26","3.38","1.9","1.48","3.21","1.78","1.43","0.17","0.12","0.05","109.25","56.72","52.54","107.15","55.45","51.7","2.1","1.27","0.84","69.42","57.54","11.88","62.53","52.65","9.87","6.9","4.89","2.01","188.08","88.95","99.13","187.62","88.67","98.95","0.46","0.28","0.18","4.95","3.82","1.14","4.93","3.81","1.13","0.02","0.01","0.01","130.32","193.03","323.35"
"633","1971","18","Himachal Pradesh","Solan","440.12","230.28","209.84","424.03","220.55","203.49","16.09","9.73","6.36","3.97","2.22","1.75","3.86","2.15","1.72","0.11","0.07","0.03","129.36","66.68","62.69","126.69","65.1","61.59","2.68","1.58","1.1","124.13","92.09","32.04","113.31","84.95","28.36","10.82","7.14","3.68","159.04","90.25","68.79","158.8","90.07","68.73","0.24","0.17","0.06","7.82","6.09","1.73","7.79","6.07","1.72","0.03","0.02","0.01","232.66","166.86","399.52"
"633","1981","18","Himachal Pradesh","Solan","303.28","157.21","146.07","270.66","138.89","131.77","32.62","18.33","14.3","1.72","0.97","0.75","1.63","0.91","0.72","0.09","0.06","0.03","96.38","49.51","46.88","89.57","45.74","43.83","6.81","3.77","3.05","124.55","82.33","42.21","103.27","69.44","33.83","21.28","12.9","8.38","68.56","47.96","20.6","68.27","47.7","20.58","0.29","0.26","0.03","2.49","2.19","0.3","2.46","2.16","0.3","0.03","0.03","0.0","175.5","71.05","246.55"
"633","1991","18","Himachal Pradesh","Solan","382.27","200.24","182.03","334.99","174.27","160.72","47.28","25.96","21.32","2.45","1.34","1.11","2.3","1.25","1.05","0.15","0.1","0.06","119.53","61.6","57.93","110.0","56.46","53.55","9.52","5.14","4.38","202.95","125.91","77.04","168.53","106.0","62.53","34.42","19.92","14.5","73.5","50.63","22.87","73.15","50.37","22.78","0.34","0.25","0.09","2.73","2.3","0.43","2.59","2.17","0.42","0.14","0.13","0.01","210.04","76.23","286.27"
"633","2001","18","Himachal Pradesh","Solan","499.38","269.45","229.93","408.21","213.32","194.88","91.18","-1.0","-1.0","3.54","1.95","1.59","3.18","1.72","1.46","0.36","0.23","0.13","140.64","73.02","67.63","63.17","65.61","61.79","13.25","7.41","5.84","-1.0","-1.0","-1.0","-1.0","-1.0","-1.0","-1.0","-1.0","-1.0","143.12","62.84","80.28","142.67","62.49","80.18","0.44","0.34","0.1","7.04","4.06","2.98","6.96","3.99","2.96","0.09","0.07","0.02","237.11","150.16","387.27"
"633","2011","18","Himachal Pradesh","Solan","580.32","308.75","271.57","478.17","249.74","228.44","102.15","59.02","43.13","25.65","13.35","12.29","24.08","12.47","11.61","1.57","0.88","0.69","164.54","85.48","79.05","148.8","76.9","71.9","15.74","8.58","7.16","428.58","244.37","184.21","346.07","195.21","150.86","82.5","49.16","33.34","141.27","64.91","76.35","140.43","64.3","76.12","0.84","0.61","0.23","10.28","6.16","4.13","9.94","5.88","4.06","0.34","0.28","0.06","281.58","151.55","433.13"
"634","1961","18","Himachal Pradesh","Mandi","384.26","192.69","191.57","362.72","180.76","181.97","21.54","11.93","9.61","5.04","2.61","2.43","5.0","2.57","2.42","0.05","0.04","0.01","113.75","57.38","56.37","109.79","55.31","54.48","3.96","2.07","1.89","70.62","57.6","13.02","58.54","49.96","8.59","12.08","7.65","4.43","195.53","89.89","105.63","193.91","89.04","104.87","1.62","0.85","0.77","2.1","0.98","1.12","2.02","0.93","1.09","0.08","0.04","0.03","160.97","197.63","358.59"
"634","1971","18","Himachal Pradesh","Mandi","515.18","262.35","252.83","466.98","233.47","233.51","48.21","28.88","19.33","5.74","2.99","2.76","5.61","2.92","2.69","0.13","0.07","0.06","134.53","68.53","66.0","127.26","64.45","62.81","7.27","4.08","3.18","156.47","112.57","43.9","125.96","92.23","33.73","30.51","20.34","10.17","149.16","88.12","61.04","148.11","87.5","60.62","1.05","0.63","0.42","3.83","2.1","1.73","3.76","2.05","1.71","0.07","0.05","0.02","311.24","152.99","464.23"
"634","1981","18","Himachal Pradesh","Mandi","644.83","322.5","322.33","597.57","296.27","301.3","47.26","26.22","21.03","8.02","4.16","3.86","7.71","3.99","3.72","0.32","0.17","0.14","181.67","91.64","90.03","173.15","87.03","86.12","8.52","4.61","3.91","259.27","170.78","88.49","226.18","150.93","75.25","33.1","19.85","13.24","185.54","104.64","80.91","184.71","104.01","80.7","0.83","0.62","0.21","2.11","1.6","0.5","1.98","1.5","0.47","0.13","0.1","0.03","346.67","187.65","534.32"
"634","1991","18","Himachal Pradesh","Mandi","776.37","385.75","390.63","720.6","355.91","364.69","55.77","29.83","25.94","9.42","4.79","4.63","8.99","4.54","4.45","0.43","0.25","0.17","225.0","112.94","112.06","213.93","107.17","106.77","11.07","5.78","5.29","406.73","245.79","160.95","364.28","221.6","142.68","42.45","24.19","18.27","214.44","114.45","99.99","213.41","113.74","99.67","1.03","0.72","0.32","4.13","2.92","1.21","4.06","2.87","1.19","0.07","0.05","0.02","421.42","218.57","639.99"
"634","2001","18","Himachal Pradesh","Mandi","900.99","447.27","453.72","840.03","415.1","424.93","60.96","-1.0","-1.0","10.56","5.31","5.26","10.15","5.06","5.09","0.42","0.25","0.16","261.23","131.08","130.15","189.95","124.8","124.34","12.09","6.28","5.81","-1.0","-1.0","-1.0","-1.0","-1.0","-1.0","-1.0","-1.0","-1.0","330.57","131.95","198.62","329.33","131.46","197.87","1.24","0.49","0.75","6.15","3.09","3.06","6.07","3.03","3.03","0.09","0.06","0.03","447.05","336.72","783.77"
"634","2011","18","Himachal Pradesh","Mandi","999.78","498.07","501.71","937.14","466.05","471.09","62.64","32.02","30.62","12.79","6.35","6.44","12.36","6.11","6.25","0.43","0.23","0.2","293.74","147.25","146.49","280.58","140.61","139.98","13.16","6.65","6.51","723.75","393.67","330.08","671.59","366.4","305.19","52.16","27.27","24.89","387.94","162.12","225.83","386.79","161.68","225.12","1.15","0.44","0.71","15.82","8.1","7.73","15.63","7.97","7.66","0.2","0.12","0.07","427.11","403.76","830.87"
"635","1971","18","Himachal Pradesh","Shimla","217.13","117.82","99.31","148.0","77.36","70.64","69.13","40.46","28.67","0.0","0.0","0.0","0.0","0.0","0.0","0.0","0.0","0.0","54.06","28.74","25.31","43.81","22.8","21.01","10.24","5.94","4.3","84.25","57.52","26.72","37.55","28.23","9.32","46.69","29.29","17.4","39.89","30.91","8.98","39.73","30.78","8.95","0.15","0.13","0.03","2.35","2.05","0.29","2.24","1.96","0.28","0.1","0.09","0.01","139.41","42.24","181.65"
"635","1981","18","Himachal Pradesh","Shimla","510.93","272.13","238.81","430.76","224.03","206.72","80.18","48.09","32.09","3.67","2.09","1.58","3.05","1.71","1.34","0.63","0.38","0.24","136.74","71.09","65.65","123.72","63.49","60.23","13.02","7.6","5.42","218.35","147.95","70.4","160.07","110.99","49.08","58.29","36.96","21.32","158.12","83.47","74.65","157.1","82.89","74.21","1.02","0.58","0.44","7.02","5.58","1.44","6.91","5.49","1.42","0.11","0.08","0.02","247.3","165.14","412.44"
"635","1991","18","Himachal Pradesh","Shimla","617.4","325.9","291.51","491.27","252.81","238.46","126.13","73.09","53.05","4.37","2.41","1.96","2.98","1.59","1.38","1.39","0.82","0.58","167.48","86.79","80.7","144.1","73.49","70.61","23.39","13.3","10.09","337.54","210.74","126.8","241.39","152.0","89.39","96.15","58.74","37.41","159.79","83.49","76.31","158.27","82.48","75.78","1.52","1.0","0.52","9.07","7.04","2.03","8.67","6.69","1.98","0.4","0.35","0.05","317.21","168.86","486.07"
"635","2001","18","Himachal Pradesh","Shimla","721.75","380.24","341.5","554.91","284.97","269.94","166.83","-1.0","-1.0","4.11","2.31","1.8","2.06","1.14","0.92","2.06","1.17","0.88","188.79","97.18","91.61","204.77","82.52","79.97","26.29","14.66","11.64","-1.0","-1.0","-1.0","-1.0","-1.0","-1.0","-1.0","-1.0","-1.0","238.8","111.19","127.6","237.58","110.52","127.07","1.21","0.68","0.54","9.32","5.62","3.7","9.06","5.4","3.66","0.26","0.22","0.04","352.28","248.11","600.39"
"635","2011","18","Himachal Pradesh","Shimla","814.01","425.04","388.97","612.66","314.3","298.36","201.35","110.74","90.61","8.76","4.55","4.2","5.4","2.8","2.6","3.36","1.76","1.6","215.78","110.83","104.95","179.24","91.18","88.06","36.54","19.65","16.89","612.64","342.85","269.8","440.71","246.46","194.25","171.93","96.38","75.55","249.79","125.54","124.25","245.04","123.58","121.46","4.74","1.96","2.79","26.11","15.19","10.92","24.87","14.39","10.48","1.25","0.81","0.44","383.08","275.9","658.98"
"636","1961","18","Himachal Pradesh","Sirmaur","197.55","108.09","89.46","183.28","99.86","83.42","14.27","8.23","6.04","2.83","1.51","1.32","2.81","1.5","1.32","0.02","0.01","0.0","64.87","34.97","29.9","61.97","33.38","28.6","2.9","1.59","1.31","30.89","25.22","5.67","23.07","19.98","3.09","7.82","5.24","2.58","92.08","53.39","38.68","91.86","53.25","38.61","0.21","0.14","0.07","1.98","1.56","0.42","1.96","1.54","0.42","0.02","0.02","0.0","81.49","94.06","175.55"
"636","1971","18","Himachal Pradesh","Sirmaur","245.03","133.5","111.53","224.32","122.12","102.19","20.72","11.38","9.34","3.16","1.69","1.47","3.14","1.68","1.46","0.02","0.01","0.01","73.95","39.74","34.21","69.9","37.54","32.36","4.05","2.2","1.85","56.39","43.11","13.29","46.29","36.88","9.42","10.1","6.23","3.87","74.37","56.88","17.49","74.17","56.68","17.49","0.21","0.2","0.01","5.84","4.6","1.24","5.78","4.54","1.24","0.06","0.06","0.0","140.94","80.21","221.15"
"636","1981","18","Himachal Pradesh","Sirmaur","306.95","163.84","143.11","280.12","149.34","130.78","26.83","14.5","12.34","4.94","2.7","2.25","4.91","2.67","2.23","0.04","0.03","0.01","92.16","48.7","43.45","86.8","45.86","40.94","5.36","2.84","2.52","97.55","69.23","28.32","80.48","59.16","21.31","17.08","10.07","7.01","90.24","64.77","25.47","89.96","64.53","25.43","0.28","0.24","0.04","2.63","2.37","0.26","2.57","2.31","0.26","0.06","0.06","0.0","164.7","92.87","257.57"
"636","1991","18","Himachal Pradesh","Sirmaur","379.7","200.19","179.5","341.62","179.88","161.75","38.07","20.32","17.76","6.11","3.28","2.84","6.01","3.21","2.8","0.1","0.07","0.04","114.61","59.83","54.78","106.58","55.62","50.96","8.03","4.2","3.82","159.89","104.13","55.76","133.78","89.24","44.54","26.11","14.89","11.22","109.51","69.73","39.78","108.96","69.28","39.68","0.55","0.45","0.1","5.09","4.26","0.83","4.94","4.11","0.83","0.15","0.15","0.0","202.8","114.6","317.4"
"636","2001","18","Himachal Pradesh","Sirmaur","458.35","241.11","217.24","410.77","215.54","195.22","47.59","-1.0","-1.0","5.96","3.19","2.77","5.79","3.1","2.7","0.17","0.09","0.08","135.77","70.31","65.46","143.62","65.59","61.09","9.09","4.73","4.37","-1.0","-1.0","-1.0","-1.0","-1.0","-1.0","-1.0","-1.0","-1.0","162.1","81.88","80.22","161.68","81.55","80.13","0.42","0.34","0.08","5.53","3.55","1.98","5.44","3.48","1.96","0.08","0.07","0.01","232.72","167.63","400.35"
"636","2011","18","Himachal Pradesh","Sirmaur","529.86","276.29","253.57","472.69","246.18","226.52","57.17","30.11","27.05","11.26","5.91","5.35","10.92","5.7","5.21","0.35","0.21","0.14","160.75","83.02","77.73","149.72","77.37","72.35","11.03","5.65","5.38","362.65","205.62","157.03","316.44","180.61","135.83","46.21","25.01","21.2","182.96","94.3","88.66","182.53","94.0","88.54","0.42","0.3","0.12","10.73","6.76","3.97","10.46","6.54","3.92","0.27","0.22","0.06","249.77","193.69","443.46"
"651","1961","19","Kerala","Alappuzha","1811.25","893.44","917.82","1500.82","739.25","761.57","310.43","154.19","156.24","0.58","0.3","0.28","0.39","0.2","0.19","0.2","0.1","0.09","166.67","83.35","83.32","152.2","76.02","76.19","14.46","7.33","7.13","1029.93","569.95","459.98","848.86","468.8","380.06","181.07","101.15","79.92","110.0","92.18","17.38","103.59","87.33","16.25","5.98","4.85","1.13","117.0","60.87","55.97","111.25","58.1","53.15","5.58","2.76","2.82","1200.83","227.0","1427.83"
"651","1971","19","Kerala","Alappuzha","2125.72","1048.08","1077.64","1766.03","870.01","896.02","359.7","178.08","181.62","0.44","0.22","0.21","0.41","0.21","0.2","0.03","0.02","0.01","200.77","100.07","100.7","183.49","91.42","92.07","17.28","8.65","8.63","1488.63","781.41","707.23","1236.29","647.24","589.05","251.99","133.81","118.18","95.55","92.66","2.89","90.8","88.15","2.64","4.76","4.51","0.25","182.09","109.87","72.22","168.87","101.78","67.1","13.21","8.09","5.13","1527.25","277.64","1804.89"
"651","1981","19","Kerala","Alappuzha","2350.15","1146.41","1203.74","1976.63","963.12","1013.51","373.51","183.29","190.23","3.27","1.64","1.64","2.54","1.25","1.29","0.74","0.39","0.35","235.42","116.73","118.7","217.33","107.77","109.56","18.1","8.96","9.14","1845.44","941.41","904.02","1551.0","789.94","761.07","294.43","151.48","142.96","66.61","62.17","4.44","64.71","60.44","4.27","1.9","1.73","0.17","162.46","95.87","66.6","153.49","90.3","63.18","8.98","5.56","3.41","1742.77","229.07","1971.84"
"651","1991","19","Kerala","Alappuzha","2001.22","975.89","1025.33","1391.61","677.35","714.26","609.61","298.53","311.08","2.8","-1.0","-1.0","1.41","-1.0","-1.0","1.39","-1.0","-1.0","190.36","-1.0","-1.0","-1.0","-1.0","-1.0","-1.0","-1.0","-1.0","1668.44","833.27","835.18","1164.19","578.66","585.53","504.25","254.61","249.65","48.01","43.88","4.13","42.95","39.41","3.53","5.06","4.46","0.6","145.64","89.63","56.01","125.19","77.21","47.98","20.46","12.43","8.03","1652.51","193.65","1846.16"
"651","2001","19","Kerala","Alappuzha","2105.35","1012.57","1092.78","1487.24","712.5","774.73","618.11","300.07","318.04","3.13","-1.0","-1.0","1.88","-1.0","-1.0","1.25","-1.0","-1.0","199.23","-1.0","-1.0","-1.0","-1.0","-1.0","-1.0","-1.0","-1.0","1768.26","869.44","898.82","1249.18","611.33","637.84","519.09","258.11","260.98","26.05","23.61","2.44","24.13","21.9","2.23","1.92","1.71","0.21","101.82","64.68","37.14","93.24","59.67","33.57","8.58","5.01","3.57","1385.81","127.87","1513.68"
"651","2011","19","Kerala","Alappuzha","2127.79","1013.14","1114.65","979.64","464.71","514.93","1148.15","548.43","599.72","6.57","3.18","3.4","2.96","1.44","1.52","3.61","1.74","1.88","201.21","97.18","104.03","111.93","53.94","57.99","89.28","43.24","46.04","1852.8","890.55","962.25","852.47","407.41","445.06","1000.33","483.14","517.19","25.24","20.68","4.56","20.63","17.1","3.53","4.61","3.58","1.02","71.71","42.92","28.79","53.98","32.0","21.99","17.72","10.92","6.8","1323.32","96.95","1420.27"
"652","1961","19","Kerala","Kannur","1780.29","874.67","905.63","1480.18","725.33","754.85","300.12","149.34","150.78","70.91","34.54","36.36","64.4","31.52","32.89","6.5","3.03","3.48","43.52","22.01","21.51","38.88","19.72","19.16","4.64","2.29","2.34","735.04","454.49","280.55","584.17","365.26","218.91","150.87","89.23","61.64","153.0","92.05","60.92","146.99","88.73","58.25","5.98","3.31","2.67","110.0","47.28","62.78","105.9","46.05","59.84","4.16","1.22","2.93","1150.58","263.0","1413.58"
"652","1971","19","Kerala","Kannur","2365.16","1172.34","1192.83","2040.26","1010.55","1029.71","324.9","161.79","163.11","90.46","45.07","45.4","83.6","41.69","41.91","6.86","3.38","3.48","57.74","29.42","28.32","53.3","27.18","26.12","4.44","2.25","2.19","1291.62","737.84","553.78","1096.12","627.91","468.22","195.49","109.93","85.56","130.46","112.4","18.05","126.11","109.01","17.1","4.34","3.39","0.95","240.49","133.21","107.28","229.82","127.91","101.9","10.68","5.3","5.38","1650.57","370.95","2021.52"
"652","1981","19","Kerala","Kannur","2998.27","1478.53","1519.74","2342.47","1156.51","1185.96","655.8","322.02","333.78","73.3","36.86","36.44","73.0","36.7","36.3","0.3","0.17","0.14","151.17","75.81","75.37","126.05","63.37","62.69","25.12","12.44","12.68","1956.49","1060.11","896.38","1463.72","803.91","659.81","492.77","256.2","236.57","110.81","95.73","15.08","108.17","93.84","14.33","2.64","1.89","0.75","232.33","132.03","100.3","220.44","125.47","94.97","11.89","6.56","5.33","2189.36","343.14","2532.5"
"652","1991","19","Kerala","Kannur","3559.56","1747.87","1811.69","2229.78","1104.35","1125.43","1329.78","643.53","686.25","87.94","-1.0","-1.0","44.19","-1.0","-1.0","43.77","-1.0","-1.0","182.98","-1.0","-1.0","-1.0","-1.0","-1.0","-1.0","-1.0","-1.0","2702.36","1390.95","1311.42","1636.14","856.53","779.6","1066.24","534.42","531.82","109.87","92.44","17.43","97.12","83.09","14.03","12.75","9.36","3.4","229.12","144.87","84.26","186.28","119.86","66.42","42.86","25.01","17.84","3082.15","338.99","3421.14"
"652","2001","19","Kerala","Kannur","3892.29","1880.23","2012.06","2430.97","1186.01","1244.96","1461.32","694.21","767.1","98.15","-1.0","-1.0","95.88","-1.0","-1.0","2.27","-1.0","-1.0","200.94","-1.0","-1.0","-1.0","-1.0","-1.0","-1.0","-1.0","-1.0","3090.78","1552.67","1538.11","1877.0","960.89","916.11","1213.79","591.78","622.0","86.3","66.82","19.48","78.19","61.14","17.05","8.11","5.68","2.43","178.88","110.0","68.89","149.22","92.7","56.52","29.66","17.29","12.37","2593.95","265.18","2859.13"
"652","2011","19","Kerala","Kannur","4117.78","1951.29","2166.49","1956.65","949.22","1007.44","2161.14","1002.07","1159.06","143.48","70.28","73.2","134.5","66.04","68.46","8.97","4.24","4.74","148.09","72.42","75.68","68.76","34.09","34.69","79.32","38.34","40.99","3402.91","1644.81","1758.12","1583.02","791.6","791.41","1819.9","853.21","966.69","78.83","61.56","17.27","69.32","54.79","14.54","9.51","6.79","2.73","157.49","95.34","62.16","120.42","73.7","46.72","37.08","21.64","15.44","2711.1","236.32","2947.42"
"653","1961","19","Kerala","Eranakulam","1859.91","931.25","928.67","1464.6","727.92","736.68","395.31","203.33","191.98","10.03","5.1","4.93","9.55","4.88","4.67","0.48","0.22","0.26","150.62","74.86","75.76","134.96","66.93","68.03","15.66","7.93","7.73","940.23","538.08","402.15","707.46","403.47","304.0","232.76","134.61","98.15","127.0","89.91","36.88","123.45","87.45","36.0","3.34","2.46","0.88","87.0","39.93","46.84","84.44","38.64","45.8","2.34","1.3","1.04","1242.63","214.0","1456.63"
"653","1971","19","Kerala","Eranakulam","2383.18","1201.95","1181.23","1726.29","865.87","860.42","656.89","336.08","320.81","11.65","6.06","5.59","11.38","5.87","5.51","0.97","0.19","0.78","193.05","96.66","96.4","162.63","81.25","81.38","30.43","15.41","15.02","1551.08","843.19","707.89","1095.87","594.0","501.87","455.2","249.19","206.01","100.02","95.19","4.83","96.32","91.69","4.63","3.7","3.5","0.2","148.68","87.41","61.27","141.96","82.82","59.14","6.72","4.59","2.13","1709.04","248.7","1957.74"
"653","1981","19","Kerala","Eranakulam","2729.62","1368.17","1361.45","1717.8","860.51","857.3","1011.82","507.67","504.16","11.29","5.78","5.52","9.51","4.88","4.63","1.79","0.89","0.89","243.08","121.39","121.69","183.74","91.55","92.19","59.34","29.84","29.5","2078.67","1096.26","982.41","1278.18","676.7","601.48","800.5","419.56","380.94","89.03","79.94","9.09","83.56","74.97","8.59","5.46","4.97","0.5","147.17","83.43","63.72","136.73","77.17","59.56","10.44","6.26","4.17","1955.32","236.2","2191.52"
"653","1991","19","Kerala","Eranakulam","3032.85","1517.82","1515.03","1649.5","826.79","822.71","1383.36","691.03","692.32","14.99","-1.0","-1.0","7.65","-1.0","-1.0","7.34","-1.0","-1.0","273.1","-1.0","-1.0","-1.0","-1.0","-1.0","-1.0","-1.0","-1.0","2474.37","1276.78","1197.59","1325.99","688.2","637.79","1148.38","588.58","559.8","96.32","86.87","9.45","83.62","75.52","8.11","12.7","11.35","1.34","155.17","99.51","55.66","130.77","82.82","47.95","24.4","16.69","7.72","2608.45","251.49","2859.94"
"653","2001","19","Kerala","Eranakulam","3324.1","1649.16","1674.94","1836.16","913.55","922.62","1487.94","735.62","752.32","20.24","-1.0","-1.0","16.7","-1.0","-1.0","3.55","-1.0","-1.0","295.39","-1.0","-1.0","-1.0","-1.0","-1.0","-1.0","-1.0","-1.0","2766.07","1404.91","1361.16","1508.88","771.81","737.07","1257.2","633.1","624.1","79.18","64.87","14.31","73.73","60.29","13.45","5.45","4.58","0.87","115.4","69.09","46.3","105.94","63.42","42.53","9.45","5.68","3.77","2117.08","194.58","2311.66"
"653","2011","19","Kerala","Eranakulam","3504.18","1730.12","1774.06","1259.42","623.96","635.46","2244.77","1106.16","1138.62","27.72","13.95","13.77","19.37","9.78","9.6","8.35","4.17","4.17","297.51","146.05","151.46","131.07","64.53","66.55","166.44","81.53","84.91","3040.28","1520.1","1520.18","1084.05","545.9","538.15","1956.23","974.2","982.03","70.6","56.79","13.81","61.61","49.49","12.12","8.99","7.3","1.69","100.53","61.92","38.62","81.13","48.62","32.51","19.4","13.31","6.1","2151.57","171.13","2322.7"
"655","1961","19","Kerala","Kottayam","1732.88","882.58","850.3","1567.41","798.45","768.96","165.47","84.13","81.34","21.39","10.8","10.59","21.19","10.7","10.48","0.21","0.1","0.1","157.88","80.06","77.82","150.3","76.16","74.15","7.58","3.9","3.68","980.27","550.81","429.46","869.91","490.93","378.98","110.36","59.88","50.48","113.0","99.48","13.92","109.79","96.39","13.4","3.61","3.09","0.52","85.0","54.69","30.48","82.41","52.89","29.52","2.76","1.81","0.96","1167.77","198.0","1365.77"
"655","1971","19","Kerala","Kottayam","2085.13","1054.97","1030.17","1871.99","947.14","924.85","213.14","107.83","105.32","23.17","11.79","11.39","23.05","11.71","11.35","0.12","0.08","0.04","182.07","92.04","90.04","170.96","86.39","84.57","11.11","5.65","5.47","1407.51","753.08","654.43","1249.08","669.39","579.69","158.43","83.69","74.74","149.77","146.9","2.87","145.04","142.3","2.74","4.73","4.6","0.13","160.11","114.3","45.81","152.26","108.41","43.85","7.85","5.89","1.96","1452.4","309.88","1762.28"
"655","1981","19","Kerala","Kottayam","2474.75","1244.46","1230.29","2279.95","1147.4","1132.55","194.81","97.07","97.74","46.2","23.35","22.84","45.66","23.1","22.57","0.53","0.26","0.28","225.92","113.45","112.47","214.15","107.53","106.62","11.77","5.91","5.85","1910.29","998.09","912.18","1751.36","916.66","834.71","158.91","81.44","77.49","142.45","134.98","7.48","139.99","132.64","7.35","2.47","2.34","0.13","185.06","129.51","55.56","179.13","125.19","53.94","5.93","4.32","1.61","1746.79","327.51","2074.3"
"655","1991","19","Kerala","Kottayam","2690.73","1349.56","1341.16","2329.1","1168.61","1160.5","361.62","180.95","180.68","58.22","-1.0","-1.0","29.31","-1.0","-1.0","28.9","-1.0","-1.0","261.42","-1.0","-1.0","-1.0","-1.0","-1.0","-1.0","-1.0","-1.0","2208.94","1133.22","1075.72","1903.72","977.93","925.79","305.22","155.29","149.94","144.82","135.83","8.99","138.62","130.02","8.6","6.2","5.81","0.4","194.41","143.84","50.57","180.09","132.27","47.81","14.33","11.58","2.76","2218.73","339.23","2557.96"
"655","2001","19","Kerala","Kottayam","2855.79","1417.56","1438.23","2510.21","1247.75","1262.46","345.57","169.8","175.77","59.12","-1.0","-1.0","58.07","-1.0","-1.0","1.05","-1.0","-1.0","277.77","-1.0","-1.0","-1.0","-1.0","-1.0","-1.0","-1.0","-1.0","2382.73","1205.5","1177.23","2087.57","1058.58","1028.99","295.15","146.92","148.24","132.89","114.6","18.29","129.99","111.95","18.03","2.9","2.65","0.25","190.6","129.17","61.43","185.43","125.16","60.27","5.16","4.0","1.16","1824.99","323.48","2148.47"
"655","2011","19","Kerala","Kottayam","2861.73","1410.54","1451.2","2254.7","1114.47","1140.23","607.03","296.07","310.96","66.63","33.37","33.26","63.89","32.04","31.86","2.73","1.33","1.4","270.3","133.42","136.88","234.03","115.64","118.39","36.27","17.79","18.48","2488.21","1239.09","1249.11","1949.35","975.16","974.18","538.86","263.93","274.93","130.73","105.2","25.53","126.59","101.56","25.03","4.14","3.64","0.5","179.61","109.86","69.75","170.19","102.8","67.39","9.42","7.04","2.37","1712.91","310.34","2023.25"
"656","1961","19","Kerala","Kozhikode","2617.19","1300.97","1316.22","2184.68","1083.56","1101.13","432.51","217.42","215.09","69.96","35.17","34.79","68.84","34.62","34.22","1.12","0.55","0.57","144.21","71.42","72.79","131.19","64.9","66.3","13.02","6.52","6.5","1063.3","665.39","397.91","844.35","533.78","310.57","218.95","131.61","87.34","128.0","103.1","24.75","125.31","101.17","24.14","2.53","1.93","0.6","113.0","63.01","50.01","110.73","61.99","48.74","2.29","1.02","1.27","1815.48","241.0","2056.48"
"656","1971","19","Kerala","Kozhikode","2106.25","1057.76","1048.49","1544.68","776.21","768.47","561.57","281.56","280.02","84.98","42.58","42.4","83.12","41.71","41.4","1.87","0.87","1.0","76.34","38.45","37.89","58.3","29.47","28.83","18.04","8.98","9.06","1196.08","691.09","504.99","842.46","493.14","349.33","353.62","197.96","155.66","81.13","76.93","4.2","77.41","73.45","3.96","3.72","3.48","0.24","145.6","103.38","42.22","136.69","96.44","40.25","8.91","6.94","1.97","1539.31","226.73","1766.04"
"656","1981","19","Kerala","Kozhikode","2604.5","1295.72","1308.78","1994.26","991.85","1002.42","610.23","303.87","306.36","65.85","32.78","33.06","65.73","32.71","33.02","0.12","0.08","0.04","175.42","87.34","88.07","148.69","74.12","74.57","26.73","13.22","13.51","1784.02","970.33","813.7","1331.11","729.58","601.53","452.91","240.75","212.17","52.82","48.34","4.48","51.85","47.41","4.44","0.97","0.92","0.04","118.85","79.21","39.64","112.48","73.69","38.79","6.37","5.52","0.85","1992.0","171.67","2163.67"
"656","1991","19","Kerala","Kozhikode","3055.75","1514.5","1541.26","2036.37","1010.46","1025.91","1019.38","504.02","515.36","79.96","-1.0","-1.0","39.86","-1.0","-1.0","40.08","-1.0","-1.0","202.67","-1.0","-1.0","-1.0","-1.0","-1.0","-1.0","-1.0","-1.0","2378.87","1232.1","1146.76","1563.43","813.81","749.61","815.45","418.29","397.16","64.01","58.24","5.77","57.84","52.43","5.42","6.17","5.82","0.35","131.1","96.62","34.48","114.24","81.81","32.45","16.85","14.81","2.04","2731.84","195.11","2926.95"
"656","2001","19","Kerala","Kozhikode","3388.55","1653.75","1734.79","2268.41","1108.68","1159.73","1120.14","545.08","575.06","94.16","-1.0","-1.0","91.6","-1.0","-1.0","2.56","-1.0","-1.0","222.61","-1.0","-1.0","-1.0","-1.0","-1.0","-1.0","-1.0","-1.0","2732.18","1383.15","1349.03","1804.84","920.01","884.83","927.33","463.14","464.19","60.74","51.92","8.82","57.67","49.16","8.52","3.06","2.76","0.3","127.29","92.5","34.78","119.17","85.46","33.7","8.12","7.04","1.08","2382.28","188.02","2570.3"
"656","2011","19","Kerala","Kozhikode","3616.31","1731.39","1884.92","1523.26","735.24","788.01","2093.05","996.15","1096.9","113.42","55.72","57.71","105.67","52.04","53.62","7.76","3.68","4.08","220.31","107.92","112.39","95.19","46.93","48.26","125.13","60.99","64.14","3034.04","1479.71","1554.33","1251.43","618.89","632.55","1782.62","860.82","921.79","60.75","49.24","11.51","53.57","43.37","10.2","7.18","5.86","1.32","130.1","86.56","43.54","101.79","65.67","36.11","28.31","20.89","7.42","2446.82","190.85","2637.67"
"657","1971","19","Kerala","Malappuram","1856.36","909.52","946.85","1731.51","848.03","883.48","124.85","61.49","63.37","8.88","4.38","4.5","8.61","4.24","4.37","0.28","0.14","0.13","140.83","69.25","71.57","135.29","66.55","68.74","5.54","2.7","2.84","885.84","501.94","383.9","820.24","465.31","354.93","65.6","36.63","28.97","94.28","88.5","5.78","92.38","86.72","5.67","1.9","1.79","0.11","194.38","130.39","63.99","190.28","127.55","62.73","4.1","2.83","1.26","1353.72","288.66","1642.38"
"657","1981","19","Kerala","Malappuram","2402.7","1170.78","1231.92","2224.93","1083.03","1141.9","177.77","87.75","90.03","7.96","3.87","4.08","7.94","3.86","4.08","0.02","0.01","0.01","208.02","102.46","105.56","197.28","97.17","100.11","10.74","5.29","5.45","1453.61","771.86","681.75","1342.42","712.6","629.82","111.19","59.26","51.93","68.56","63.93","4.63","66.75","62.21","4.54","1.81","1.72","0.09","194.69","133.4","61.29","189.46","129.4","60.06","5.23","4.0","1.23","1881.21","263.25","2144.46"
"657","1991","19","Kerala","Malappuram","3096.33","1508.28","1588.05","2813.88","1369.42","1444.46","282.45","138.86","143.59","10.56","-1.0","-1.0","5.21","-1.0","-1.0","5.34","-1.0","-1.0","255.73","-1.0","-1.0","-1.0","-1.0","-1.0","-1.0","-1.0","-1.0","2227.28","1123.79","1103.49","2018.79","1018.13","1000.65","208.5","105.66","102.84","88.29","82.44","5.85","83.78","78.12","5.67","4.51","4.32","0.19","227.71","173.26","54.45","215.52","163.09","52.43","12.19","10.17","2.02","2669.26","316.0","2985.26"
"657","2001","19","Kerala","Malappuram","3629.64","1759.48","1870.16","3273.66","1586.79","1686.87","355.98","172.69","183.3","12.27","-1.0","-1.0","12.04","-1.0","-1.0","0.22","-1.0","-1.0","285.44","-1.0","-1.0","-1.0","-1.0","-1.0","-1.0","-1.0","-1.0","2745.4","1363.65","1381.75","2465.94","1224.86","1241.07","279.46","138.78","140.68","57.14","51.88","5.27","54.46","49.35","5.11","2.68","2.53","0.15","155.77","121.95","33.82","148.77","116.26","32.52","6.99","5.69","1.3","2751.0","212.91","2963.91"
"657","2011","19","Kerala","Malappuram","4112.92","1960.33","2152.59","2295.71","1095.31","1200.4","1817.21","865.02","952.19","22.99","11.27","11.72","18.25","8.93","9.32","4.74","2.35","2.4","308.27","151.56","156.71","192.27","94.37","97.9","116.0","57.19","58.81","3311.32","1597.4","1713.91","1838.51","888.73","949.78","1472.81","708.67","764.13","57.57","51.52","6.05","43.54","38.36","5.18","14.03","13.16","0.87","117.41","96.15","21.25","87.58","70.14","17.45","29.82","26.01","3.81","3050.5","174.98","3225.48"
"658","1961","19","Kerala","Palakkad","1776.57","851.75","924.82","1604.72","767.25","837.47","171.85","84.5","87.36","20.43","10.32","10.11","20.27","10.23","10.04","0.16","0.1","0.07","211.8","103.45","108.35","201.84","98.45","103.4","9.95","5.0","4.95","604.98","358.85","246.13","529.07","313.89","215.18","75.91","44.96","30.95","141.0","98.08","42.43","137.17","95.82","41.35","3.33","2.26","1.08","218.0","95.04","122.53","211.3","92.75","118.55","6.27","2.29","3.98","1087.16","359.0","1446.16"
"658","1971","19","Kerala","Palakkad","1685.34","819.57","865.77","1471.26","713.64","757.62","214.08","105.93","108.15","25.59","12.87","12.72","24.62","12.37","12.25","0.98","0.5","0.48","210.77","103.78","106.98","196.32","96.62","99.7","14.44","7.16","7.28","782.88","445.12","337.75","653.08","373.03","280.04","129.8","72.09","57.71","95.03","79.92","15.12","91.6","77.08","14.52","3.44","2.84","0.59","291.02","140.37","150.65","278.21","134.58","143.63","12.81","5.79","7.02","1080.51","386.05","1466.56"
"658","1981","19","Kerala","Palakkad","2044.4","994.2","1050.2","1837.73","892.61","945.12","206.67","101.59","105.08","28.79","14.55","14.24","28.72","14.51","14.21","0.07","0.04","0.03","376.42","184.54","191.89","351.17","172.07","179.1","25.26","12.47","12.79","1185.73","644.36","541.37","1038.99","566.72","472.27","146.74","77.64","69.1","96.27","77.58","18.69","93.81","75.66","18.16","2.46","1.93","0.54","300.07","140.36","159.71","291.44","136.94","154.5","8.63","3.42","5.22","1380.08","396.34","1776.42"
"658","1991","19","Kerala","Palakkad","2382.24","1155.82","1226.41","2007.66","972.77","1034.89","374.58","183.06","191.52","35.47","-1.0","-1.0","17.93","-1.0","-1.0","17.54","-1.0","-1.0","378.55","-1.0","-1.0","-1.0","-1.0","-1.0","-1.0","-1.0","-1.0","1658.78","857.22","801.57","1376.76","712.09","664.67","282.02","145.13","136.89","97.29","78.91","18.38","91.64","74.27","17.38","5.65","4.65","1.0","348.3","173.74","174.56","323.32","161.5","161.82","24.98","12.24","12.74","1826.98","445.59","2272.57"
"658","2001","19","Kerala","Palakkad","2617.07","1265.79","1351.28","2260.61","1092.49","1168.13","356.46","173.31","183.15","39.67","-1.0","-1.0","39.24","-1.0","-1.0","0.43","-1.0","-1.0","432.58","-1.0","-1.0","-1.0","-1.0","-1.0","-1.0","-1.0","-1.0","1951.43","997.5","953.93","1666.1","853.04","813.06","285.33","144.46","140.86","85.79","65.85","19.94","81.82","63.08","18.74","3.97","2.77","1.2","318.99","157.21","161.78","304.81","151.15","153.66","14.18","6.06","8.12","1672.43","404.78","2077.21"
"658","2011","19","Kerala","Palakkad","2809.93","1359.48","1450.46","2133.12","1031.47","1101.66","676.81","328.01","348.8","48.97","24.31","24.66","47.02","23.32","23.71","1.95","1.0","0.95","403.83","197.45","206.38","322.95","157.89","165.06","80.88","39.56","41.32","2239.49","1122.6","1116.89","1678.9","843.86","835.04","560.6","278.75","281.85","67.81","52.81","15.0","63.66","49.54","14.11","4.15","3.27","0.88","249.95","129.35","120.6","229.7","118.88","110.82","20.25","10.47","9.78","1767.59","317.76","2085.35"
"659","1961","19","Kerala","Kollam","1941.23","972.66","968.57","1796.99","898.75","898.25","144.24","73.91","70.33","3.8","1.91","1.89","3.78","1.9","1.88","0.02","0.01","0.01","227.12","112.97","114.15","215.47","107.12","108.34","11.65","5.85","5.81","980.46","562.04","418.42","897.45","514.17","383.27","83.02","47.87","35.14","200.0","169.41","30.99","198.3","167.51","30.79","2.1","1.9","0.2","87.0","60.27","26.42","85.88","59.53","26.35","0.82","0.74","0.08","1309.88","287.0","1596.88"
"659","1971","19","Kerala","Kollam","2412.82","1205.72","1207.1","2222.92","1110.17","1112.75","189.9","95.55","94.36","3.74","1.9","1.84","3.73","1.9","1.83","0.07","0.04","0.03","280.63","139.71","140.93","266.96","132.96","134.0","13.68","6.75","6.93","1525.83","838.67","687.17","1398.15","769.77","628.38","127.68","68.9","58.79","184.65","182.19","2.46","182.92","180.48","2.44","1.73","1.71","0.02","135.42","101.42","34.0","132.75","98.96","33.79","2.67","2.46","0.21","1722.54","320.07","2042.61"
"659","1981","19","Kerala","Kollam","2813.65","1388.68","1424.97","2443.53","1205.26","1238.27","370.12","183.42","186.7","7.44","3.76","3.68","6.81","3.43","3.39","0.63","0.33","0.3","347.57","172.34","175.23","316.87","157.19","159.68","30.7","15.16","15.54","2085.09","1084.56","1000.53","1812.1","942.36","869.74","272.98","142.2","130.79","138.89","133.52","5.38","135.23","130.01","5.22","3.66","3.51","0.16","175.66","134.57","41.09","166.48","126.77","39.71","9.18","7.8","1.38","2128.79","314.55","2443.34"
"659","1991","19","Kerala","Kollam","3595.9","1758.99","1836.92","2994.83","1463.15","1531.68","601.07","295.84","305.23","10.8","-1.0","-1.0","5.4","-1.0","-1.0","5.4","-1.0","-1.0","463.76","-1.0","-1.0","-1.0","-1.0","-1.0","-1.0","-1.0","-1.0","2909.36","1460.47","1448.89","2424.85","1216.1","1208.77","484.51","244.37","240.13","191.36","180.63","10.72","179.43","169.35","10.08","11.93","11.29","0.65","241.56","193.78","47.77","221.35","176.84","44.51","20.21","16.93","3.28","2996.91","432.92","3429.83"
"659","2001","19","Kerala","Kollam","3815.7","1836.65","1979.04","3226.27","1548.98","1677.29","589.42","287.67","301.75","11.74","-1.0","-1.0","10.86","-1.0","-1.0","0.88","-1.0","-1.0","484.89","-1.0","-1.0","-1.0","-1.0","-1.0","-1.0","-1.0","-1.0","3160.23","1553.16","1607.07","2672.95","1310.95","1362.0","487.28","242.21","245.07","105.53","96.25","9.29","102.54","93.53","9.01","2.99","2.72","0.28","194.61","164.52","30.09","186.89","157.9","29.0","7.72","6.62","1.1","2624.61","300.14","2924.75"
"659","2011","19","Kerala","Kollam","3832.79","1808.69","2024.11","2514.02","1180.51","1333.51","1318.77","628.18","690.6","18.87","9.15","9.73","15.55","7.55","8.0","3.33","1.59","1.73","492.73","236.74","255.98","360.31","172.54","187.77","132.41","64.2","68.21","3302.82","1573.53","1729.3","2178.71","1031.41","1147.31","1124.11","542.12","581.99","98.1","85.98","12.14","90.02","78.99","11.04","8.08","6.99","1.1","147.65","119.03","28.62","126.88","101.83","25.05","20.76","17.2","3.57","2527.97","245.75","2773.72"
"660","1961","19","Kerala","Thrissur","1639.86","784.74","855.13","1454.21","694.82","759.39","185.65","89.92","95.74","5.88","2.91","2.96","5.65","2.81","2.84","0.23","0.11","0.13","171.02","84.24","86.79","159.99","78.87","81.12","11.03","5.36","5.67","794.78","433.03","361.75","685.93","375.16","310.77","108.85","57.87","50.98","90.0","64.94","25.34","86.6","62.28","24.32","3.67","2.66","1.02","83.0","34.98","48.05","80.3","33.89","46.42","2.73","1.09","1.63","1095.42","173.0","1268.42"
"660","1971","19","Kerala","Thrissur","2128.8","1022.77","1106.02","1878.95","901.91","977.05","249.85","120.87","128.98","9.38","4.6","4.78","9.06","4.45","4.61","0.32","0.15","0.17","216.24","106.44","109.8","202.46","99.7","102.77","13.77","6.74","7.03","1309.1","676.53","632.57","1135.65","588.13","547.52","173.45","88.4","85.05","85.14","75.85","9.28","81.12","72.14","8.98","4.02","3.71","0.31","203.39","105.61","97.78","195.09","101.14","93.95","8.3","4.47","3.83","1525.25","288.53","1813.78"
"660","1981","19","Kerala","Thrissur","2439.54","1161.68","1277.87","1924.76","912.98","1011.78","514.78","248.69","266.09","3.23","1.67","1.56","3.2","1.65","1.55","0.03","0.02","0.01","302.09","147.79","154.3","259.52","126.86","132.66","42.57","20.92","21.64","1795.18","898.05","897.13","1388.86","693.87","694.99","406.32","204.18","202.14","60.66","52.32","8.33","56.31","48.61","7.69","4.35","3.71","0.64","166.41","81.89","84.52","154.66","76.19","78.46","11.75","5.69","6.06","1794.21","227.07","2021.28"
"660","1991","19","Kerala","Thrissur","2737.31","1312.68","1424.63","2017.1","964.59","1052.5","720.22","348.09","372.13","4.05","-1.0","-1.0","1.99","-1.0","-1.0","2.06","-1.0","-1.0","334.52","-1.0","-1.0","-1.0","-1.0","-1.0","-1.0","-1.0","-1.0","2165.28","1069.25","1096.03","1576.66","778.12","798.54","588.62","291.13","297.49","74.06","63.36","10.7","67.05","57.41","9.64","7.01","5.95","1.06","183.59","103.33","80.25","165.64","92.44","73.21","17.95","10.9","7.05","2316.01","257.65","2573.66"
"660","2001","19","Kerala","Thrissur","2975.44","1422.05","1553.39","2135.93","1018.38","1117.55","839.51","403.67","435.84","4.83","-1.0","-1.0","4.33","-1.0","-1.0","0.49","-1.0","-1.0","354.23","-1.0","-1.0","-1.0","-1.0","-1.0","-1.0","-1.0","-1.0","2456.08","1200.25","1255.83","1745.19","852.67","892.52","710.89","347.58","363.31","52.13","42.71","9.42","47.2","38.52","8.68","4.93","4.19","0.74","109.15","61.95","47.19","99.36","56.07","43.29","9.79","5.89","3.9","2018.93","161.28","2180.21"
"660","2011","19","Kerala","Thrissur","3121.2","1480.76","1640.44","1024.79","488.3","536.49","2096.41","992.46","1103.95","9.43","4.36","5.07","5.86","2.72","3.14","3.57","1.64","1.93","324.35","156.48","167.87","121.84","58.62","63.22","202.51","97.87","104.65","2678.55","1282.26","1396.29","865.47","418.62","446.85","1813.08","863.64","949.44","41.79","32.62","9.17","26.99","21.0","5.99","14.8","11.62","3.18","73.94","45.32","28.62","43.21","25.82","17.39","30.74","19.5","11.23","2025.47","115.73","2141.2"
"661","1961","19","Kerala","Thiruvananthapuram","1744.53","869.88","874.65","1295.96","643.85","652.12","448.57","226.04","222.53","9.78","5.01","4.78","9.54","4.87","4.67","0.24","0.13","0.11","161.98","80.12","81.86","128.13","63.14","65.0","33.85","16.99","16.86","790.24","463.63","326.61","548.86","325.38","223.48","241.38","138.25","103.13","116.0","95.36","21.0","110.2","90.67","19.53","6.16","4.69","1.47","79.0","60.85","18.41","75.78","58.14","17.63","3.48","2.7","0.77","1203.64","195.0","1398.64"
"661","1971","19","Kerala","Thiruvananthapuram","2198.61","1095.18","1103.43","1627.04","808.84","818.2","571.57","286.34","285.23","11.06","5.52","5.54","10.91","5.44","5.47","0.15","0.09","0.07","213.74","105.11","108.63","170.95","83.72","87.23","42.79","21.39","21.4","1364.62","744.3","620.33","979.47","536.23","443.24","385.15","208.07","177.09","88.31","85.57","2.73","82.87","80.36","2.51","5.44","5.21","0.23","186.69","151.65","35.04","169.2","137.32","31.88","17.49","14.33","3.16","1570.32","275.0","1845.32"
"661","1981","19","Kerala","Thiruvananthapuram","2596.11","1279.15","1316.96","1940.35","954.17","986.19","655.76","324.99","330.78","14.15","6.98","7.16","13.39","6.6","6.79","0.76","0.39","0.37","284.28","139.04","145.24","225.21","109.88","115.33","59.07","29.16","29.91","1830.23","963.06","867.17","1335.67","705.1","630.58","494.56","257.97","236.59","61.14","57.06","4.09","57.87","54.06","3.81","3.27","3.0","0.28","234.67","188.51","46.16","215.2","172.91","42.29","19.47","15.61","3.86","1900.2","295.81","2196.01"
"661","1991","19","Kerala","Thiruvananthapuram","2946.65","1447.59","1499.06","1948.41","955.3","993.11","998.24","492.29","505.95","16.18","-1.0","-1.0","7.86","-1.0","-1.0","8.32","-1.0","-1.0","343.44","-1.0","-1.0","-1.0","-1.0","-1.0","-1.0","-1.0","-1.0","2292.77","1165.81","1126.96","1492.39","760.53","731.86","800.38","405.28","395.1","101.97","87.94","14.02","89.95","77.38","12.57","12.02","10.57","1.45","263.85","217.44","46.42","225.37","185.1","40.27","38.49","32.34","6.15","2385.71","365.82","2751.53"
"661","2001","19","Kerala","Thiruvananthapuram","3234.71","1571.42","1663.28","2142.02","1035.65","1106.37","1092.69","535.77","556.91","20.89","-1.0","-1.0","19.42","-1.0","-1.0","1.47","-1.0","-1.0","370.86","-1.0","-1.0","-1.0","-1.0","-1.0","-1.0","-1.0","-1.0","2572.54","1287.74","1284.81","1669.57","836.04","833.53","902.97","451.69","451.28","54.65","44.23","10.43","35.42","29.75","5.67","19.23","14.47","4.76","161.12","132.26","28.86","121.87","101.84","20.03","39.25","30.42","8.83","2186.42","215.77","2402.19"
"661","2011","19","Kerala","Thiruvananthapuram","3301.43","1581.68","1719.75","1529.83","724.86","804.97","1771.6","856.81","914.78","26.76","12.62","14.14","20.02","9.36","10.66","6.74","3.27","3.47","372.98","178.59","194.39","179.92","85.28","94.64","193.06","93.31","99.75","2785.41","1354.86","1430.55","1267.42","610.86","656.57","1517.99","744.0","773.99","38.84","30.51","8.33","31.11","24.68","6.43","7.73","5.83","1.9","94.47","71.56","22.91","68.13","50.84","17.29","26.34","20.72","5.63","2069.76","133.31","2203.07"
"701","1961","8","Orissa","Balasore","1415.92","717.34","698.58","1324.02","667.56","656.46","91.91","49.78","42.12","96.01","47.53","48.48","91.92","45.15","46.77","4.08","2.38","1.7","266.75","134.02","132.74","261.16","130.45","130.71","5.59","3.57","2.03","417.53","328.49","89.04","381.59","302.49","79.1","35.94","26.0","9.94","294.27","283.56","10.71","288.77","278.15","10.62","5.5","5.41","0.09","66.69","56.06","10.64","64.84","54.39","10.45","1.86","1.67","0.19","962.42","360.96","1323.38"
"701","1971","8","Orissa","Balasore","1830.5","928.34","902.16","1730.35","874.16","856.2","100.15","54.19","45.97","129.19","65.26","63.93","123.64","62.39","61.26","5.55","2.88","2.67","338.8","172.08","166.72","331.14","168.02","163.12","7.66","4.06","3.6","617.11","440.97","176.14","571.29","410.56","160.73","45.82","30.41","15.41","278.78","274.0","4.78","275.93","271.2","4.73","2.87","2.82","0.05","138.55","126.17","12.39","134.51","122.84","11.67","4.04","3.33","0.72","1336.68","417.33","1754.01"
"701","1981","8","Orissa","Balasore","2252.81","1139.36","1113.45","2066.85","1040.61","1026.23","185.96","98.74","87.22","154.15","77.79","76.36","144.51","72.82","71.69","9.65","4.97","4.67","404.2","204.75","199.45","386.93","195.74","191.19","17.27","9.01","8.26","847.6","532.91","314.69","755.29","473.28","282.01","92.3","59.62","32.68","327.88","321.26","6.62","319.09","312.68","6.42","8.78","8.58","0.2","157.08","131.72","25.36","148.79","124.99","23.8","8.29","6.73","1.56","1635.85","484.96","2120.81"
"701","1991","8","Orissa","Balasore","2802.42","1424.66","1377.76","2538.42","1285.65","1252.78","263.99","139.01","124.98","197.99","100.61","97.38","181.89","92.19","89.7","16.1","8.42","7.68","555.07","281.98","273.09","527.37","267.51","259.85","27.7","14.47","13.23","1356.7","850.6","506.1","1211.54","762.33","449.21","145.16","88.27","56.89","393.7","387.0","6.8","382.1","375.6","6.4","11.6","11.3","0.3","180.6","149.5","31.2","169.5","140.3","29.2","11.1","9.2","1.9","2007.42","574.3","2581.72"
"701","2001","8","Orissa","Balasore","3355.31","1713.1","1642.21","2994.16","1525.4","1468.77","361.14","187.7","173.44","253.59","129.03","124.56","-1.0","-1.0","-1.0","-1.0","-1.0","-1.0","668.14","340.2","327.96","-1.0","-1.0","-1.0","-1.0","-1.0","-1.0","2089.69","1223.65","866.04","1848.28","1085.79","762.49","241.41","137.86","103.55","370.94","340.9","30.04","360.58","331.36","29.22","10.36","9.54","0.82","324.7","245.79","78.91","311.78","235.86","75.91","12.92","9.92","3.0","2325.06","695.64","3020.69"
"701","2011","8","Orissa","Balasore","3826.87","1946.05","1880.82","3387.74","1721.73","1666.01","439.13","224.33","214.8","306.11","153.11","153.0","279.45","139.71","139.74","26.66","13.41","13.26","813.49","412.29","401.2","764.19","387.33","376.85","49.3","24.95","24.35","2715.37","1498.63","1216.74","2395.05","1325.6","1069.45","320.32","173.03","147.29","444.78","389.67","55.1","433.26","378.84","54.43","11.52","10.84","0.68","509.59","349.7","159.9","491.18","335.08","156.1","18.41","14.62","3.81","2425.56","954.37","3379.93"
"702","1961","8","Orissa","Bolangir","1068.69","534.22","534.47","1019.03","508.4","510.63","49.66","25.82","23.84","220.92","109.09","111.83","218.65","107.91","110.74","2.27","1.18","1.09","187.42","93.51","93.91","181.7","90.61","91.09","5.72","2.9","2.82","155.91","133.26","22.65","134.2","117.96","16.25","21.7","15.3","6.41","307.98","216.1","91.88","306.78","215.05","91.74","1.2","1.05","0.15","93.93","63.08","30.85","93.18","62.36","30.82","0.75","0.72","0.03","553.84","401.91","955.75"
"702","1971","8","Orissa","Bolangir","1263.66","633.97","629.69","1176.99","588.9","588.1","86.66","45.07","41.59","249.13","123.5","125.63","244.83","121.35","123.48","4.3","2.15","2.15","208.43","105.22","103.21","197.49","99.7","97.79","10.94","5.52","5.42","251.72","204.62","47.1","211.79","177.99","33.8","39.93","26.63","13.3","233.93","225.58","8.35","230.96","222.71","8.25","2.97","2.87","0.09","117.9","100.41","17.5","116.1","98.82","17.29","1.8","1.59","0.21","839.19","351.83","1191.02"
"702","1981","8","Orissa","Bolangir","1459.11","732.44","726.68","1325.89","663.42","662.47","133.23","69.02","64.21","280.38","138.5","141.88","273.83","135.21","138.62","6.55","3.28","3.27","228.26","115.11","113.15","210.98","106.51","104.47","17.28","8.6","8.68","374.02","291.83","82.19","309.28","249.58","59.7","64.74","42.25","22.49","259.71","245.43","14.27","256.13","242.06","14.07","3.58","3.38","0.2","157.02","110.99","46.02","152.22","107.16","45.06","4.79","3.83","0.96","949.48","416.72","1366.2"
"702","1991","8","Orissa","Bolangir","1707.75","862.47","845.28","1543.5","776.68","766.83","164.25","85.79","78.46","1057.12","529.86","527.27","988.33","494.52","493.82","68.79","35.34","33.45","766.34","387.3","379.04","663.33","334.39","328.93","103.01","52.91","50.1","567.72","412.94","154.78","473.3","354.36","118.94","94.42","58.58","35.85","292.0","271.2","20.8","288.1","267.6","20.5","3.8","3.6","0.2","190.1","126.5","63.6","184.1","122.2","61.8","6.1","4.3","1.8","996.75","482.1","1478.85"
"702","2001","8","Orissa","Bolangir","1876.42","948.77","927.65","1682.13","848.05","834.08","194.29","100.73","93.57","328.8","164.23","164.57","-1.0","-1.0","-1.0","-1.0","-1.0","-1.0","354.3","179.46","174.84","-1.0","-1.0","-1.0","-1.0","-1.0","-1.0","929.36","597.28","332.08","793.26","518.41","274.85","136.1","78.87","57.23","250.69","206.14","44.55","248.07","203.81","44.26","2.61","2.33","0.29","332.18","155.79","176.4","329.27","153.91","175.36","2.91","1.88","1.04","1079.69","582.87","1662.56"
"702","2011","8","Orissa","Bolangir","2259.18","1141.41","1117.77","2011.86","1014.4","997.46","247.32","127.01","120.31","404.35","201.28","203.08","389.93","194.01","195.92","14.43","7.28","7.16","451.0","228.09","222.91","406.51","205.56","200.95","44.49","22.52","21.98","1325.68","776.06","549.62","1142.16","674.55","467.61","183.52","101.52","82.01","240.58","202.86","37.7","237.39","200.08","37.32","3.18","2.79","0.39","465.83","228.17","237.66","460.73","224.97","235.76","5.1","3.21","1.9","1251.92","706.41","1958.33"
"703","1961","8","Orissa","Cuttack","3060.32","1531.24","1529.08","2851.72","1411.67","1440.05","208.6","119.57","89.03","85.86","43.48","42.38","84.43","42.65","41.78","1.44","0.84","0.6","547.92","271.98","275.94","527.25","261.85","265.4","20.67","10.13","10.54","912.55","699.09","213.46","807.92","624.46","183.47","104.63","74.63","30.0","513.18","495.31","17.87","510.3","492.51","17.79","2.88","2.8","0.08","136.23","112.94","23.29","135.47","112.29","23.18","0.77","0.66","0.11","2053.05","649.41","2702.46"
"703","1971","8","Orissa","Cuttack","3827.68","1927.03","1900.65","3522.06","1754.59","1767.47","305.62","172.44","133.18","110.75","56.11","54.64","106.93","54.06","52.87","3.82","2.05","1.77","691.18","348.75","342.43","658.86","331.68","327.18","32.32","17.07","15.25","1394.4","959.68","434.72","1223.22","846.45","376.78","171.18","113.23","57.94","504.1","497.59","6.5","500.32","493.88","6.44","3.78","3.71","0.07","278.14","246.65","31.49","273.63","242.78","30.85","4.52","3.88","0.64","2775.6","782.24","3557.84"
"703","1981","8","Orissa","Cuttack","4628.8","2346.69","2282.11","4152.81","2080.64","2072.16","475.99","266.05","209.95","144.71","73.26","71.45","135.4","68.34","67.07","9.3","4.93","4.38","817.87","415.2","402.68","767.93","388.68","379.25","49.94","26.52","23.43","2102.67","1363.91","738.76","1814.3","1179.28","635.02","288.37","184.62","103.75","572.32","565.31","7.02","566.88","560.02","6.87","5.44","5.29","0.15","303.44","253.67","49.77","295.37","247.19","48.18","8.08","6.49","1.59","3353.84","875.76","4229.6"
"703","1991","8","Orissa","Cuttack","5522.66","2814.59","2708.07","4844.04","2441.56","2402.48","678.62","373.03","305.59","182.19","93.22","88.97","167.99","85.44","82.55","14.2","7.78","6.42","1124.16","574.28","549.88","1033.89","526.53","507.36","90.27","47.75","42.52","2939.62","1789.95","1149.67","2490.27","1516.69","973.58","449.36","273.26","176.1","601.0","594.5","6.5","593.7","587.3","6.4","7.3","7.2","0.1","339.7","287.4","52.3","329.7","279.1","50.6","10.0","8.3","1.7","4003.66","940.7","4944.36"
"703","2001","8","Orissa","Cuttack","6321.97","3215.11","3106.86","5429.0","2737.91","2691.09","892.97","477.2","415.78","225.04","115.16","109.89","-1.0","-1.0","-1.0","-1.0","-1.0","-1.0","1310.12","667.33","642.8","-1.0","-1.0","-1.0","-1.0","-1.0","-1.0","4215.47","2415.34","1800.13","3550.94","2033.72","1517.22","664.53","381.61","282.92","533.19","478.98","54.21","527.62","473.66","53.97","5.57","5.33","0.25","500.14","376.44","123.7","492.22","370.61","121.6","7.93","5.83","2.1","4363.14","1033.34","5396.47"
"703","2011","8","Orissa","Cuttack","7028.99","3574.47","3454.53","5958.34","3019.29","2939.05","1070.66","555.19","515.47","262.52","132.47","130.07","234.25","118.08","116.18","28.27","14.38","13.89","1489.95","755.72","734.23","1347.8","683.19","664.61","142.15","72.54","69.6","5280.23","2870.45","2409.78","4418.15","2406.89","2011.26","862.07","463.55","398.52","520.16","476.3","43.86","509.85","467.6","42.25","10.32","8.7","1.62","688.5","545.32","143.18","674.61","534.44","140.16","13.9","10.87","3.02","4669.86","1208.66","5878.52"
"704","1961","8","Orissa","Dhenkanal","1028.94","516.84","512.09","981.85","490.88","490.97","47.09","25.96","21.13","143.48","71.41","72.08","141.95","70.7","71.25","1.54","0.71","0.83","187.16","93.11","94.04","180.12","89.92","90.2","7.04","3.2","3.84","241.33","200.91","40.42","223.33","187.08","36.25","18.0","13.83","4.18","249.31","187.81","61.5","245.89","184.92","60.97","3.42","2.89","0.53","62.02","39.24","22.78","61.39","38.73","22.66","0.63","0.51","0.12","603.68","311.33","915.0"
"704","1971","8","Orissa","Dhenkanal","1293.91","654.33","639.58","1242.1","625.5","616.6","51.81","28.83","22.98","167.0","83.74","83.26","166.24","83.74","83.26","0.76","0.43","0.33","216.89","109.17","107.71","210.12","105.64","104.48","6.77","3.53","3.24","359.23","275.03","84.2","333.9","257.37","76.52","25.33","17.66","7.68","199.52","194.66","4.86","197.55","192.7","4.85","1.97","1.96","0.01","105.84","89.55","16.29","104.69","88.52","16.18","1.15","1.03","0.12","904.68","305.36","1210.04"
"704","1981","8","Orissa","Dhenkanal","1582.79","808.43","774.36","1459.07","738.82","720.26","123.71","69.61","54.1","194.06","97.53","96.53","186.1","93.42","92.69","7.96","4.12","3.84","250.55","127.18","123.38","235.1","119.01","116.09","15.45","8.17","7.29","583.78","417.02","166.76","512.75","369.48","143.27","71.03","47.54","23.5","229.61","214.64","14.97","226.33","211.4","14.93","3.29","3.25","0.04","135.11","102.89","32.21","131.94","100.17","31.77","3.17","2.73","0.44","1085.37","364.72","1450.09"
"704","1991","8","Orissa","Dhenkanal","1908.91","980.08","928.83","1720.67","876.87","843.8","188.24","103.21","85.03","232.52","118.16","114.36","221.16","112.09","109.07","11.36","6.07","5.29","313.57","159.81","153.76","288.04","146.42","141.62","25.54","13.39","12.14","844.25","556.38","287.88","722.23","480.96","241.27","122.03","75.42","46.61","243.1","223.7","19.4","238.9","219.6","19.3","4.2","4.1","0.1","182.9","132.6","50.3","178.7","129.2","49.5","4.2","3.4","0.8","1228.91","426.0","1654.91"
"704","2001","8","Orissa","Dhenkanal","2205.32","1130.34","1074.98","1954.15","995.59","958.56","251.17","134.75","116.43","269.49","136.75","132.76","-1.0","-1.0","-1.0","-1.0","-1.0","-1.0","393.39","199.86","193.54","-1.0","-1.0","-1.0","-1.0","-1.0","-1.0","1329.23","796.26","532.97","1139.32","686.44","452.88","189.91","109.82","80.09","226.74","175.02","51.72","224.39","172.78","51.61","2.34","2.24","0.1","249.88","141.13","108.75","246.24","138.8","107.44","3.64","2.33","1.31","1395.24","476.62","1871.86"
"704","2011","8","Orissa","Dhenkanal","2466.63","1268.31","1198.32","2142.59","1097.72","1044.87","324.06","170.6","153.45","341.66","170.86","170.8","318.72","159.19","159.53","22.95","11.66","11.27","473.63","240.22","233.41","420.18","212.85","207.32","53.45","27.36","26.09","1699.37","958.52","740.85","1444.59","817.54","627.06","254.78","140.98","113.79","178.84","148.02","30.82","175.52","145.01","30.51","3.32","3.02","0.3","336.05","198.09","137.95","329.82","193.74","136.08","6.23","4.35","1.88","1504.58","514.89","2019.47"
"705","1961","8","Orissa","Ganjam","1872.53","899.33","973.2","1716.69","819.46","897.22","155.84","79.87","75.98","188.0","92.32","95.68","187.12","91.65","95.47","0.88","0.67","0.22","308.3","147.95","160.35","284.83","135.97","148.86","23.47","11.98","11.49","399.21","319.17","80.05","332.97","273.34","59.63","66.25","45.83","20.42","456.71","281.48","175.23","452.9","278.63","174.27","3.8","2.85","0.95","170.05","69.75","100.3","168.58","69.08","99.5","1.47","0.67","0.8","950.98","626.76","1577.74"
"705","1971","8","Orissa","Ganjam","2293.81","1123.16","1170.65","2033.95","990.26","1043.69","259.86","132.9","126.96","228.95","112.51","116.44","227.89","111.9","115.99","1.06","0.61","0.45","365.28","176.74","188.55","331.06","160.02","171.04","34.23","16.72","17.51","560.1","424.13","135.98","438.64","345.2","93.44","121.47","78.93","42.53","309.19","274.67","34.52","302.16","268.23","33.93","7.03","6.44","0.59","239.76","151.31","88.45","232.6","146.77","85.83","7.16","4.54","2.61","1547.36","548.95","2096.31"
"705","1981","8","Orissa","Ganjam","2669.9","1314.52","1355.38","2289.51","1119.75","1169.76","380.39","194.77","185.62","253.03","123.96","129.08","250.78","122.66","128.12","2.26","1.3","0.96","401.12","194.78","206.33","354.94","172.13","182.81","46.18","22.65","23.53","835.89","604.38","231.51","635.82","479.05","156.77","200.07","125.33","74.74","390.89","323.57","67.32","380.22","314.04","66.18","10.67","9.52","1.14","301.19","159.14","142.05","288.38","151.82","136.56","12.81","7.33","5.48","1746.0","692.08","2438.08"
"705","1991","8","Orissa","Ganjam","3158.76","1572.37","1586.39","2688.24","1330.57","1357.67","470.52","241.8","228.72","296.85","145.76","151.08","293.56","143.82","149.74","3.29","1.94","1.34","524.09","260.24","263.84","463.45","229.82","233.63","60.63","30.42","30.21","1154.97","784.78","370.19","878.53","619.02","259.51","276.44","165.77","110.68","464.7","371.1","93.5","453.2","361.0","92.1","11.5","10.1","1.4","379.5","193.0","186.5","364.8","184.0","180.8","14.7","8.9","5.7","1850.76","844.2","2694.96"
"705","2001","8","Orissa","Ganjam","3655.39","1823.86","1831.53","3064.42","1520.75","1543.67","590.96","303.11","287.86","354.4","174.52","179.88","-1.0","-1.0","-1.0","-1.0","-1.0","-1.0","625.73","310.65","315.08","-1.0","-1.0","-1.0","-1.0","-1.0","-1.0","1858.49","1154.62","703.87","1449.03","916.87","532.17","409.46","237.76","171.7","413.3","295.74","117.56","405.15","289.33","115.82","8.15","6.41","1.74","626.46","251.2","375.26","612.57","244.72","367.85","13.89","6.48","7.42","2073.93","1039.76","3113.69"
"705","2011","8","Orissa","Ganjam","4106.85","2062.1","2044.75","3268.18","1631.3","1636.89","838.67","430.81","407.86","432.64","211.07","221.57","421.21","205.21","216.0","11.44","5.87","5.57","727.42","361.15","366.26","596.46","295.69","300.77","130.95","65.45","65.5","2472.59","1416.31","1056.27","1848.31","1072.64","775.67","624.28","343.67","280.61","350.0","276.68","73.33","339.53","267.84","71.69","10.49","8.84","1.64","718.65","313.12","405.53","695.59","301.66","393.93","23.06","11.46","11.62","2311.14","1068.65","3379.79"
"706","1961","8","Orissa","Kalahandi","1009.65","499.65","510.01","981.08","485.06","496.02","28.57","14.58","13.99","335.13","164.56","170.57","332.91","163.46","169.45","2.22","1.1","1.12","190.52","94.19","96.33","185.0","91.5","93.49","5.52","2.69","2.84","111.62","97.78","13.84","101.8","90.72","11.08","9.82","7.06","2.76","270.51","193.1","77.41","268.89","191.84","77.05","1.62","1.26","0.36","96.12","69.01","27.1","95.64","68.61","27.03","0.48","0.4","0.07","550.69","366.63","917.32"
"706","1971","8","Orissa","Kalahandi","1163.87","578.93","584.94","1107.32","549.76","557.56","56.55","29.17","27.38","340.54","168.24","172.3","336.24","166.09","170.15","4.3","2.15","2.15","199.15","99.17","99.98","189.92","94.66","95.26","9.23","4.51","4.72","161.23","134.29","26.95","139.53","119.3","20.23","21.7","14.99","6.72","204.08","197.3","6.78","201.6","194.94","6.66","2.47","2.36","0.12","122.27","107.52","14.74","120.18","105.67","14.51","2.08","1.85","0.23","782.89","326.34","1109.23"
"706","1981","8","Orissa","Kalahandi","1339.19","666.16","673.03","1258.65","624.57","634.08","80.54","41.59","38.95","418.87","206.07","212.8","412.41","202.86","209.55","6.46","3.21","3.25","211.07","105.36","105.71","198.85","99.32","99.53","12.22","6.04","6.18","260.05","208.37","51.68","223.54","184.04","39.5","36.51","24.33","12.18","244.24","226.36","17.88","241.54","223.82","17.71","2.71","2.54","0.17","171.31","122.55","48.76","166.95","119.17","47.78","4.36","3.38","0.98","860.17","415.55","1275.72"
"706","1991","8","Orissa","Kalahandi","1600.39","800.06","800.33","1496.46","746.11","750.34","103.93","53.94","49.98","495.43","244.46","250.96","488.49","240.95","247.54","6.94","3.51","3.42","253.83","126.9","126.93","236.97","118.5","118.47","16.86","8.4","8.46","401.3","304.09","97.21","347.97","270.49","77.49","53.33","33.61","19.72","278.7","252.9","25.8","276.1","250.5","25.6","2.6","2.4","0.1","227.8","148.9","78.9","222.6","144.9","77.6","5.3","4.0","1.3","876.39","506.5","1382.89"
"706","2001","8","Orissa","Kalahandi","1864.9","931.62","933.28","1734.59","864.39","870.2","130.31","67.23","63.08","566.79","279.55","287.25","-1.0","-1.0","-1.0","-1.0","-1.0","-1.0","308.52","153.4","155.12","-1.0","-1.0","-1.0","-1.0","-1.0","-1.0","708.49","483.65","224.85","624.54","434.16","190.38","83.95","49.48","34.46","264.88","211.49","53.39","262.76","209.7","53.06","2.12","1.78","0.34","421.95","184.44","237.51","418.05","182.4","235.65","3.9","2.04","1.86","999.59","686.83","1686.41"
"706","2011","8","Orissa","Kalahandi","2187.25","1089.06","1098.19","2031.21","1009.44","1021.78","156.04","79.63","76.41","655.79","321.64","334.15","644.9","316.25","328.64","10.89","5.39","5.5","368.74","182.87","185.87","340.32","168.89","171.43","28.42","13.99","14.44","1101.42","665.08","436.34","989.62","603.27","386.36","111.79","61.82","49.98","239.68","189.08","50.6","237.63","187.32","50.31","2.05","1.76","0.29","586.56","259.24","327.32","582.06","256.68","325.4","4.5","2.58","1.92","1129.88","826.24","1956.12"
"707","1961","8","Orissa","Keonjhar","743.32","375.09","368.23","711.35","357.13","354.22","31.96","17.96","14.01","350.39","174.16","176.23","339.4","168.5","170.9","10.99","5.65","5.33","102.94","51.16","51.78","98.59","48.73","49.86","4.35","2.43","1.92","131.26","109.7","21.56","121.45","102.03","19.42","9.81","7.67","2.14","221.37","149.83","71.54","220.3","149.08","71.22","1.07","0.75","0.32","49.93","28.35","21.58","49.4","27.95","21.46","0.53","0.41","0.13","408.4","271.3","679.71"
"707","1971","8","Orissa","Keonjhar","955.51","483.33","472.18","888.17","446.72","441.45","67.35","36.61","30.73","448.68","223.9","224.78","428.08","213.31","214.77","20.59","10.58","10.01","107.78","54.61","53.17","99.02","50.09","48.94","8.76","4.53","4.23","203.08","156.44","46.64","178.01","138.62","39.39","25.07","17.82","7.25","155.78","150.79","4.99","154.21","149.26","4.95","1.57","1.52","0.05","64.4","53.25","11.15","63.23","52.25","10.99","1.17","1.01","0.17","663.1","220.18","883.28"
"707","1981","8","Orissa","Keonjhar","1114.62","562.16","552.47","988.27","494.49","493.78","126.36","67.67","58.69","499.57","248.28","251.29","465.67","231.06","234.61","33.89","17.21","16.68","124.38","62.6","61.78","106.54","53.41","53.13","17.84","9.19","8.65","336.89","241.62","95.27","277.97","202.21","75.75","58.93","39.41","19.52","182.33","165.15","17.18","179.14","162.13","17.01","3.18","3.02","0.16","81.9","54.95","26.95","78.92","52.71","26.2","2.98","2.23","0.75","754.09","264.22","1018.31"
"707","1991","8","Orissa","Keonjhar","1337.03","677.48","659.55","1170.15","588.13","582.02","166.87","89.35","77.52","595.18","297.95","297.23","554.63","276.86","277.78","40.55","21.1","19.46","153.64","77.71","75.93","129.54","65.24","64.31","24.1","12.47","11.63","490.96","328.63","162.33","401.63","271.99","129.64","89.34","56.64","32.7","209.8","182.4","27.4","206.1","178.9","27.2","3.7","3.5","0.2","107.9","66.8","41.1","104.1","63.9","40.2","3.7","2.9","0.8","818.03","317.7","1135.73"
"707","2001","8","Orissa","Keonjhar","1561.52","789.83","771.7","1348.58","678.24","670.34","212.94","111.59","101.36","695.14","348.67","346.48","-1.0","-1.0","-1.0","-1.0","-1.0","-1.0","181.49","91.52","89.97","-1.0","-1.0","-1.0","-1.0","-1.0","-1.0","791.31","485.22","306.08","654.3","404.36","249.94","137.01","80.87","56.14","204.77","155.71","49.06","202.24","153.37","48.87","2.53","2.34","0.19","226.03","106.58","119.45","221.88","103.66","118.22","4.15","2.92","1.23","940.29","430.8","1371.09"
"707","2011","8","Orissa","Keonjhar","1801.73","906.49","895.25","1548.67","774.67","774.01","253.06","131.82","121.24","818.88","405.93","412.95","759.94","376.26","383.68","58.94","29.67","29.27","209.36","104.68","104.67","172.91","86.28","86.63","36.44","18.4","18.04","1052.52","605.12","447.4","880.69","507.32","373.37","171.83","97.8","74.03","198.04","165.48","32.56","195.52","163.15","32.37","2.53","2.33","0.2","310.08","132.62","177.46","306.52","130.18","176.33","3.56","2.43","1.13","1035.22","508.12","1543.34"
"708","1961","8","Orissa","Koraput","1498.27","753.4","744.87","1421.3","713.64","707.66","76.97","39.76","37.21","912.34","455.97","456.37","901.26","450.17","451.08","11.09","5.8","5.29","186.44","93.12","93.32","175.64","87.34","88.29","10.81","5.78","5.03","124.44","102.33","22.12","93.93","81.32","12.61","30.51","21.0","9.5","486.46","310.01","176.46","484.76","308.66","176.1","1.71","1.35","0.36","153.62","81.25","72.37","153.13","80.86","72.26","0.49","0.39","0.1","688.38","640.08","1328.47"
"708","1971","8","Orissa","Koraput","2043.28","1031.83","1011.45","1876.02","945.2","930.82","167.26","86.63","80.63","1151.23","576.13","575.11","1123.18","562.11","561.08","28.05","14.02","14.03","274.12","138.09","136.03","253.09","127.67","125.42","21.03","10.42","10.61","216.25","166.19","50.06","150.36","122.73","27.63","65.89","43.46","22.43","376.11","353.5","22.61","367.98","345.78","22.2","8.13","7.72","0.41","214.84","158.93","55.92","210.3","155.34","54.95","4.55","3.58","0.96","1326.28","590.96","1917.24"
"708","1981","8","Orissa","Koraput","2484.01","1246.38","1237.63","2203.04","1100.94","1102.11","280.96","145.44","135.52","1371.55","680.08","691.47","1327.45","658.14","669.31","44.1","21.95","22.16","349.31","175.92","173.39","306.72","154.53","152.19","42.59","21.39","21.2","400.56","294.46","106.1","270.41","211.94","58.47","130.16","82.52","47.63","521.01","451.95","69.06","510.64","442.44","68.21","10.36","9.52","0.85","274.77","158.34","116.43","266.14","152.85","113.28","8.63","5.49","3.15","1521.02","795.77","2316.79"
"708","1991","8","Orissa","Koraput","3012.55","1510.52","1502.03","2674.97","1336.84","1338.13","337.58","173.68","163.9","1636.08","811.89","824.19","1587.28","787.71","799.57","48.8","24.18","24.62","452.13","227.21","224.92","394.54","198.53","196.01","57.59","28.68","28.92","555.0","395.35","159.64","375.73","286.7","89.03","179.26","108.65","70.61","611.2","502.6","108.6","601.6","494.0","107.6","9.6","8.6","1.0","395.0","211.4","183.6","382.9","204.4","178.5","12.0","7.0","5.0","1536.55","1006.2","2542.75"
"708","2001","8","Orissa","Koraput","3499.38","1746.61","1752.76","3092.05","1537.68","1554.36","407.33","208.93","198.4","1903.27","941.19","962.08","-1.0","-1.0","-1.0","-1.0","-1.0","-1.0","521.9","261.56","260.35","-1.0","-1.0","-1.0","-1.0","-1.0","-1.0","1010.62","674.13","336.5","748.19","523.5","224.69","242.82","138.95","103.86","599.7","425.27","174.42","593.3","419.98","173.32","6.4","5.3","1.1","739.96","299.65","440.3","732.37","296.28","436.09","7.59","3.38","4.21","1774.74","1339.65","3114.39"
"708","2011","8","Orissa","Koraput","4181.7","2059.2","2122.49","3671.41","1800.21","1871.19","510.3","258.99","251.3","2275.27","1103.16","1172.13","2199.46","1065.92","1133.52","75.83","37.23","38.6","651.73","323.16","328.57","557.84","276.8","281.04","93.91","46.37","47.54","1690.92","1016.78","674.14","1333.61","819.25","514.35","357.32","197.54","159.78","630.81","465.91","164.91","624.37","460.73","163.64","6.45","5.17","1.26","973.94","364.86","609.07","961.42","358.99","602.42","12.52","5.87","6.65","2099.6","1604.75","3704.35"
"709","1961","8","Orissa","Mayurbhanja","1204.04","604.76","599.29","1175.62","589.06","586.57","28.42","15.7","12.72","729.76","361.92","367.84","727.07","360.35","366.73","2.69","1.58","1.11","104.27","52.65","51.63","100.87","50.83","50.05","3.4","1.82","1.58","170.68","143.55","27.13","156.11","133.38","22.74","14.57","10.17","4.4","358.6","220.49","138.11","357.49","219.66","137.83","1.11","0.83","0.28","162.36","75.09","87.27","161.95","74.89","87.06","0.41","0.2","0.2","580.33","520.96","1101.28"
"709","1971","8","Orissa","Mayurbhanja","1434.2","721.91","712.29","1394.25","700.2","694.05","39.95","21.72","18.24","839.84","419.12","420.72","836.21","417.19","419.02","3.62","1.93","1.7","103.71","52.47","51.25","99.44","50.26","49.19","4.27","2.21","2.06","258.89","201.92","56.96","237.06","187.92","49.14","21.83","14.01","7.82","220.81","205.04","15.78","219.85","204.13","15.72","0.97","0.9","0.06","178.94","123.05","55.89","178.35","122.61","55.74","0.59","0.44","0.15","955.96","399.75","1355.71"
"709","1981","8","Orissa","Mayurbhanja","1582.07","795.56","786.51","1491.54","746.62","744.91","90.54","48.94","41.6","912.32","453.9","458.42","895.46","444.94","450.53","16.86","8.96","7.9","104.06","52.53","51.53","94.38","47.48","46.89","9.68","5.05","4.64","406.74","297.41","109.33","354.4","264.34","90.07","52.34","33.07","19.27","283.94","235.47","48.46","281.82","233.67","48.14","2.12","1.8","0.32","203.38","112.3","91.08","200.02","110.24","89.77","3.36","2.06","1.3","978.76","487.32","1466.08"
"709","1991","8","Orissa","Mayurbhanja","1884.58","952.18","932.4","1768.33","890.09","878.24","116.25","62.09","54.16","1090.63","546.35","544.28","1069.31","535.22","534.1","21.31","11.13","10.18","131.77","66.84","64.92","118.69","60.07","58.62","13.07","6.77","6.3","579.02","399.59","179.43","506.16","355.66","150.5","72.86","43.93","28.93","340.6","275.8","64.8","338.4","273.8","64.6","2.3","2.1","0.2","223.6","118.0","105.6","219.9","115.5","104.4","3.7","2.5","1.2","1020.58","564.2","1584.78"
"709","2001","8","Orissa","Mayurbhanja","2221.78","1121.98","1099.8","2066.38","1039.95","1026.42","155.41","82.03","73.38","1258.46","631.15","627.31","-1.0","-1.0","-1.0","-1.0","-1.0","-1.0","170.84","85.84","84.99","-1.0","-1.0","-1.0","-1.0","-1.0","-1.0","978.65","624.09","354.56","863.56","558.4","305.15","115.1","65.69","49.41","287.51","217.17","70.34","286.03","215.92","70.11","1.48","1.25","0.23","396.77","182.45","214.32","394.99","181.59","213.4","1.78","0.85","0.93","1193.98","684.28","1878.26"
"709","2011","8","Orissa","Mayurbhanja","2519.74","1256.21","1263.53","2326.84","1157.58","1169.27","192.9","98.64","94.26","1479.58","730.49","749.09","1439.0","710.4","728.61","40.57","20.09","20.48","184.68","92.13","92.56","163.24","81.42","81.81","21.45","10.7","10.74","1369.4","794.17","575.23","1220.43","713.91","506.52","148.97","80.26","68.71","238.77","193.27","45.5","235.87","191.15","44.72","2.91","2.12","0.78","568.76","258.2","310.56","564.74","256.4","308.34","4.01","1.8","2.22","1296.2","807.53","2103.73"
"710","1961","8","Orissa","Phulbani ( Kandhamal )","514.43","255.69","258.74","508.34","252.56","255.78","6.09","3.12","2.97","214.07","104.3","109.77","214.05","104.29","109.77","0.01","0.0","0.0","99.4","49.46","49.94","98.47","49.01","49.45","0.93","0.44","0.49","91.02","79.99","11.03","88.45","78.15","10.3","2.57","1.84","0.73","186.25","106.48","79.77","186.06","106.37","79.7","0.18","0.12","0.07","38.75","21.52","17.23","38.73","21.5","17.23","0.02","0.02","0.01","224.28","225.0","449.27"
"710","1971","8","Orissa","Phulbani ( Kandhamal )","621.68","310.23","311.44","602.11","299.74","302.37","19.57","10.49","9.08","250.61","122.8","127.8","249.07","121.94","127.13","1.53","0.86","0.67","117.99","59.34","58.65","114.28","57.44","56.84","3.71","1.9","1.81","123.01","102.16","20.85","113.33","95.34","17.98","9.69","6.82","2.87","121.02","110.07","10.96","120.2","109.31","10.9","0.82","0.76","0.06","63.5","46.19","17.32","62.91","45.83","17.08","0.6","0.36","0.24","402.29","184.52","586.81"
"710","1981","8","Orissa","Phulbani ( Kandhamal )","717.28","358.86","358.42","679.52","338.69","340.83","37.76","20.17","17.59","279.28","137.0","142.28","275.65","135.02","140.63","3.63","1.98","1.65","133.07","66.87","66.2","126.52","63.53","62.99","6.55","3.34","3.22","194.23","153.22","41.01","172.14","138.66","33.49","22.09","14.56","7.53","147.74","123.89","23.85","146.72","122.96","23.76","1.02","0.93","0.09","82.49","49.23","33.27","81.44","48.59","32.86","1.05","0.64","0.41","436.1","230.24","666.34"
"710","1991","8","Orissa","Phulbani ( Kandhamal )","863.9","433.09","430.81","812.78","406.13","406.66","51.12","26.97","24.15","322.41","159.31","163.1","317.74","156.85","160.89","4.67","2.46","2.21","161.88","81.25","80.62","151.67","76.03","75.64","10.21","5.23","4.98","273.75","202.16","71.59","241.09","182.05","59.04","32.66","20.11","12.55","165.6","135.1","30.5","164.3","134.1","30.2","1.2","1.0","0.3","112.9","61.9","51.1","111.3","60.9","50.4","1.6","0.9","0.7","454.9","278.5","733.4"
"710","2001","8","Orissa","Phulbani ( Kandhamal )","1020.95","510.62","510.33","958.86","478.47","480.39","62.09","32.15","29.94","383.37","189.56","193.81","-1.0","-1.0","-1.0","-1.0","-1.0","-1.0","191.22","95.42","95.8","-1.0","-1.0","-1.0","-1.0","-1.0","-1.0","465.7","306.4","159.31","419.42","279.98","139.44","46.28","26.41","19.87","168.01","117.57","50.43","167.47","117.09","50.37","0.54","0.48","0.06","178.0","74.95","103.05","177.61","74.73","102.88","0.39","0.22","0.17","543.98","346.01","889.99"
"710","2011","8","Orissa","Phulbani ( Kandhamal )","1174.27","581.58","592.71","1081.57","534.65","546.92","92.7","46.91","45.79","448.18","217.87","230.31","435.47","211.83","223.64","12.72","6.03","6.68","220.47","109.49","111.0","200.01","99.28","100.73","20.48","10.2","10.27","671.4","392.55","278.85","599.61","353.66","245.95","71.79","38.88","32.9","142.88","107.21","35.66","141.79","106.34","35.46","1.09","0.88","0.22","267.62","108.13","159.48","265.67","107.3","158.38","1.95","0.84","1.11","599.47","410.5","1009.97"
"711","1961","8","Orissa","Puri","1865.44","930.66","934.78","1732.03","856.04","875.99","133.41","74.62","58.79","67.47","32.98","34.5","65.9","32.09","33.81","1.58","0.89","0.69","264.62","131.39","133.23","253.27","125.64","127.63","11.35","5.74","5.6","550.18","426.11","124.07","477.54","375.97","101.58","72.64","50.15","22.49","346.94","327.16","19.78","344.35","324.62","19.73","2.6","2.54","0.06","97.12","76.1","21.02","95.77","75.05","20.72","1.34","1.05","0.29","1216.41","444.06","1660.47"
"711","1971","8","Orissa","Puri","2340.86","1183.84","1157.02","2111.71","1055.67","1056.04","229.15","128.17","100.98","86.59","42.84","43.75","83.94","41.26","42.68","2.65","1.59","1.07","316.83","158.55","158.26","297.27","148.24","149.03","19.56","10.33","9.23","827.33","589.63","237.7","696.12","504.47","191.66","131.2","85.16","46.04","316.56","312.76","3.8","313.35","310.2","3.15","2.61","2.57","0.05","174.59","153.54","21.05","170.76","150.3","20.46","3.83","3.24","0.59","1660.26","491.15","2151.41"
"711","1981","8","Orissa","Puri","2921.05","1490.21","1430.83","2488.97","1252.64","1236.33","432.08","237.57","194.51","100.83","50.68","50.15","92.17","45.71","46.46","8.66","4.97","3.69","377.55","189.43","188.12","341.05","170.08","170.96","36.5","19.35","17.15","1329.15","883.38","445.77","1054.74","712.86","341.88","274.42","170.52","103.9","376.64","371.61","5.03","370.6","365.71","4.89","6.04","5.9","0.13","197.9","162.86","35.04","190.62","157.2","33.42","7.28","5.66","1.62","2072.31","574.53","2646.84"
"711","1991","8","Orissa","Puri","3590.03","1851.8","1738.23","2884.02","1461.74","1422.29","706.0","390.06","315.94","127.35","65.19","62.15","107.93","54.21","53.72","19.42","10.99","8.43","554.69","282.23","272.46","482.33","243.62","238.71","72.36","38.61","33.75","1939.63","1205.36","734.27","1460.79","917.41","543.38","478.85","287.96","190.89","398.0","391.2","6.8","390.0","383.3","6.7","8.0","7.9","0.2","235.0","194.4","40.6","223.7","185.1","38.6","11.3","9.3","2.0","2504.03","633.0","3137.03"
"711","2001","8","Orissa","Puri","4236.94","2193.06","2043.89","3191.31","1624.6","1566.72","1045.63","568.46","477.17","152.51","78.57","73.95","-1.0","-1.0","-1.0","-1.0","-1.0","-1.0","649.58","331.13","318.45","-1.0","-1.0","-1.0","-1.0","-1.0","-1.0","2892.63","1683.52","1209.11","2085.17","1217.73","867.44","807.46","465.78","341.67","322.4","306.37","16.03","316.58","300.8","15.78","5.82","5.58","0.25","301.55","240.83","60.72","292.93","234.73","58.2","8.62","6.1","2.52","2923.29","623.95","3547.25"
"711","2011","8","Orissa","Puri","4913.19","2535.16","2378.04","3484.21","1785.04","1699.17","1428.99","750.12","678.87","179.87","91.5","88.37","129.71","64.6","65.11","50.16","26.91","23.26","759.0","385.71","373.3","612.24","310.29","301.95","146.76","75.42","71.35","3730.24","2054.71","1675.53","2567.23","1421.23","1146.0","1163.02","633.49","529.53","348.44","319.8","28.65","339.99","312.61","27.36","8.46","7.18","1.28","400.34","302.98","97.36","385.34","291.67","93.66","15.02","11.32","3.7","3155.69","748.78","3904.47"
"712","1961","8","Orissa","Sambalpur","1508.69","756.16","752.52","1393.31","692.21","701.1","115.38","63.96","51.42","439.41","216.99","222.42","428.39","211.64","216.76","11.01","5.35","5.66","244.99","121.7","123.29","229.47","113.93","115.54","15.51","7.77","7.75","345.97","281.15","64.82","296.36","244.13","52.24","49.61","37.03","12.58","446.61","277.25","169.36","444.32","275.59","168.73","2.29","1.66","0.63","132.38","86.88","45.51","131.73","86.34","45.4","0.65","0.54","0.11","719.27","578.99","1298.26"
"712","1971","8","Orissa","Sambalpur","1844.9","933.33","911.57","1623.12","813.4","809.72","221.78","119.93","101.85","519.05","258.02","261.03","493.16","244.86","248.3","25.89","13.16","12.73","288.0","144.64","143.36","257.55","129.26","128.29","30.45","15.38","15.07","468.64","378.08","90.55","394.08","307.04","87.04","74.55","71.04","3.51","308.1","289.58","18.52","302.57","284.35","18.22","5.53","5.23","0.3","184.53","144.43","40.1","179.54","140.32","39.21","5.0","4.11","0.89","1193.02","492.63","1685.65"
"712","1981","8","Orissa","Sambalpur","2280.98","1156.47","1124.51","1927.54","968.34","959.21","353.43","188.13","165.3","620.56","309.92","310.63","576.31","287.25","289.07","44.24","22.68","21.57","350.08","176.02","174.06","294.8","148.27","146.52","55.28","27.74","27.54","771.72","552.04","219.68","593.9","435.92","157.97","177.82","116.12","61.7","353.78","318.63","35.15","346.92","312.5","34.42","6.86","6.13","0.73","252.87","167.62","85.25","243.12","160.62","82.51","9.75","7.0","2.74","1450.18","606.64","2056.82"
"712","1991","8","Orissa","Sambalpur","2697.15","1372.14","1325.01","2234.55","1126.94","1107.6","462.61","245.2","217.41","-1.0","-1.0","-1.0","-1.0","-1.0","-1.0","-1.0","-1.0","-1.0","-1.0","-1.0","-1.0","-1.0","-1.0","-1.0","-1.0","-1.0","-1.0","1119.16","745.72","373.44","855.91","583.19","272.72","263.25","162.53","100.72","403.2","350.3","52.9","395.0","342.8","52.2","8.2","7.5","0.7","310.6","192.5","118.2","297.9","183.4","114.5","12.7","9.0","3.7","1525.15","713.8","2238.95"
"712","2001","8","Orissa","Sambalpur","3057.64","1552.55","1505.09","2494.47","1258.78","1235.69","563.18","293.77","269.41","835.32","419.63","415.7","-1.0","-1.0","-1.0","-1.0","-1.0","-1.0","549.3","277.24","272.07","-1.0","-1.0","-1.0","-1.0","-1.0","-1.0","1757.93","1064.67","693.25","1371.41","839.81","531.6","386.52","224.87","161.65","377.12","289.54","87.58","371.55","284.57","86.98","5.57","4.97","0.6","482.98","236.56","246.42","476.06","232.58","243.48","6.92","3.98","2.94","1726.91","860.1","2587.01"
"712","2011","8","Orissa","Sambalpur","3414.39","1730.96","1683.42","2702.63","1364.12","1338.49","711.76","366.84","344.93","923.56","461.51","462.05","834.49","416.79","417.7","89.07","44.72","44.35","647.34","325.85","321.49","521.12","262.38","258.74","126.23","63.49","62.74","2291.17","1291.15","1000.03","1756.33","997.21","759.13","534.84","293.94","240.89","386.74","299.45","87.29","379.14","293.29","85.87","7.59","6.17","1.43","660.75","316.01","344.75","651.05","310.19","340.86","9.7","5.83","3.88","1733.31","1047.49","2780.8"
"713","1961","8","Orissa","Sundargarh","758.62","396.21","362.4","622.86","312.93","309.93","135.76","83.29","52.47","440.91","220.06","220.85","403.16","201.21","201.95","37.75","18.85","18.9","73.13","37.17","35.96","61.47","30.31","31.17","11.66","6.86","4.8","149.55","120.49","29.06","95.59","77.67","17.92","53.95","42.81","11.14","214.83","136.56","78.27","211.66","134.16","77.5","3.17","2.4","0.77","44.32","25.74","18.58","44.04","25.52","18.53","0.27","0.22","0.05","375.59","259.15","634.73"
"713","1971","8","Orissa","Sundargarh","1030.76","530.84","499.92","791.07","396.93","394.14","239.69","133.91","105.78","550.4","274.5","275.9","505.17","251.67","253.51","45.23","22.84","22.39","82.69","42.18","40.51","64.01","32.19","31.82","18.68","10.0","8.69","272.8","194.68","78.12","153.85","115.35","38.5","118.95","79.33","39.62","140.03","134.12","5.91","137.32","131.5","5.82","2.71","2.62","0.09","54.3","46.28","8.02","52.77","44.93","7.85","1.53","1.36","0.17","706.64","194.32","900.96"
"713","1981","8","Orissa","Sundargarh","1337.87","692.75","645.12","928.54","467.08","461.46","409.33","225.67","183.67","685.77","342.9","342.87","606.64","302.36","304.28","79.13","40.53","38.59","114.04","58.34","55.7","77.48","39.13","38.35","36.56","19.21","17.35","483.89","328.09","155.8","249.08","178.19","70.89","234.82","149.9","84.91","163.24","147.74","15.51","160.95","145.67","15.28","2.3","2.07","0.23","78.53","52.99","25.54","76.29","51.15","25.15","2.24","1.84","0.39","903.65","241.77","1145.42"
"713","1991","8","Orissa","Sundargarh","1573.62","812.71","760.91","1048.61","527.65","520.97","525.01","285.06","239.95","798.48","400.13","398.35","692.2","345.6","346.6","106.28","54.52","51.76","138.16","70.7","67.45","88.85","44.72","44.14","49.3","25.99","23.32","693.83","443.83","250.0","359.25","240.34","118.9","334.58","203.49","131.09","197.0","173.3","23.7","192.2","168.8","23.4","4.9","4.6","0.3","91.1","55.2","35.9","87.7","52.6","35.1","3.4","2.6","0.8","953.62","288.1","1241.72"
"713","2001","8","Orissa","Sundargarh","1829.41","934.9","894.51","1200.52","602.04","598.48","628.89","332.86","296.03","918.9","458.82","460.09","-1.0","-1.0","-1.0","-1.0","-1.0","-1.0","157.75","79.68","78.06","-1.0","-1.0","-1.0","-1.0","-1.0","-1.0","1026.22","609.44","416.78","566.5","345.94","220.57","459.72","263.5","196.21","219.12","151.81","67.3","216.4","149.57","66.83","2.71","2.24","0.48","220.47","84.72","135.75","217.68","83.09","134.59","2.79","1.64","1.16","1090.61","439.59","1530.2"
"713","2011","8","Orissa","Sundargarh","2093.44","1061.15","1032.29","1355.34","676.07","679.27","738.1","385.08","353.02","1062.35","526.86","535.49","908.48","450.28","458.2","153.87","76.58","77.29","191.66","96.47","95.2","115.85","57.76","58.09","75.81","38.7","37.1","1342.32","750.15","592.18","782.15","441.49","340.65","560.18","308.65","251.52","184.27","141.62","42.65","180.49","138.73","41.77","3.78","2.9","0.89","253.33","105.39","147.93","250.23","103.45","146.78","3.09","1.94","1.15","1220.21","437.6","1657.81"
"800","1961","13","West Bengal","24 Parganas","6280.92","3366.81","2914.11","4282.96","2216.6","2066.36","1997.96","1150.21","847.75","119.32","62.07","57.25","112.5","57.88","54.62","6.82","4.19","2.63","1524.92","799.28","725.64","1364.63","706.22","658.41","160.29","93.06","67.23","2040.0","1476.76","563.24","1008.39","803.69","204.7","1031.6","673.06","358.54","578.86","563.81","15.05","572.82","557.85","14.97","6.04","5.96","0.08","325.39","315.37","10.02","317.93","308.02","9.91","7.46","7.35","0.11","4437.4","904.25","5341.65"
"800","1971","13","West Bengal","24 Parganas","8449.48","4488.44","3961.04","5479.16","2831.63","2647.53","2970.32","1656.81","1313.51","137.2","70.69","66.5","128.53","65.73","62.8","8.67","4.97","3.7","1910.81","994.12","916.68","1733.51","895.99","837.52","177.3","98.13","79.17","3248.62","2174.09","1074.52","1574.13","1137.97","436.17","1674.48","1036.12","638.36","531.7","524.89","6.81","522.55","515.92","6.63","9.15","8.97","0.18","604.21","589.7","14.51","578.96","565.41","13.56","25.24","24.29","0.95","6263.94","1135.91","7399.85"
"800","1981","13","West Bengal","24 Parganas","10739.44","5642.44","5097.0","6569.96","3384.78","3185.17","4169.48","2257.65","1911.83","189.04","95.24","93.81","170.84","85.16","85.67","18.21","10.07","8.14","2688.62","1409.8","1278.82","2232.94","85.16","85.67","455.69","251.35","204.34","4958.08","3147.29","1810.8","2302.37","1573.91","728.45","2655.72","1573.38","1082.34","609.12","601.1","8.02","597.66","589.88","7.78","11.46","11.23","0.24","618.82","595.21","23.61","590.24","568.23","22.01","28.58","26.98","1.6","8230.78","1227.94","9458.72"
"800","1991","13","West Bengal","24 Parganas","12996.91","6780.41","6216.5","8506.23","4390.07","4116.16","4490.68","2390.34","2100.34","240.33","123.04","117.29","218.06","111.01","107.05","22.27","12.03","10.24","3533.5","1834.73","1698.77","2923.35","111.01","107.05","610.15","321.37","288.78","6679.43","4085.81","2593.62","3609.44","2321.83","1287.61","3069.99","1763.98","1306.01","765.0","746.6","18.5","749.8","731.8","18.0","15.3","14.8","0.5","797.7","752.3","45.4","757.3","714.2","43.1","40.4","38.0","2.3","9452.4","1562.7","11015.1"
"800","2001","13","West Bengal","24 Parganas","15839.31","8199.5","7639.81","9900.36","5094.64","4805.72","5938.95","3104.86","2834.08","283.71","144.59","139.12","247.9","-1.0","-1.0","35.81","-1.0","-1.0","4058.78","2094.6","1964.17","3247.69","-1.0","-1.0","811.09","-1.0","-1.0","10336.09","5902.44","4433.64","5779.45","3383.52","2395.93","4556.64","2518.92","2037.71","652.74","576.23","76.51","643.84","567.69","76.14","8.91","8.54","0.37","986.79","830.33","156.46","967.12","812.87","154.25","19.67","17.47","2.21","10608.39","1639.54","12247.93"
"800","2011","13","West Bengal","24 Parganas","18171.74","9293.17","8878.57","10351.81","5305.77","5046.04","7819.93","3987.4","3832.54","361.58","183.38","178.2","286.81","145.23","141.58","74.77","38.14","36.62","4633.11","2381.96","2251.16","3315.0","1707.47","1607.52","1318.13","674.49","643.64","13140.35","7099.33","6041.03","6916.25","3809.88","3106.37","6224.11","3289.45","2934.66","643.41","568.63","74.78","611.58","543.39","68.19","31.84","25.23","6.6","1405.6","1164.66","240.94","1331.09","1100.64","230.47","74.51","64.04","10.47","11635.63","2049.01","13684.64"
"803","1961","13","West Bengal","Nadia","1713.32","879.43","833.89","1397.99","716.26","681.72","315.34","163.17","152.17","21.92","11.16","10.76","21.04","10.7","10.35","0.88","0.46","0.42","350.16","181.0","169.16","324.92","167.58","157.34","25.24","13.43","11.82","466.8","314.7","152.09","302.51","214.64","87.87","164.29","100.07","64.22","199.74","196.42","3.31","198.1","194.82","3.28","1.64","1.6","0.04","77.62","74.71","2.9","76.43","73.56","2.87","1.19","1.16","0.03","1248.03","277.35","1525.38"
"803","1971","13","West Bengal","Nadia","2230.27","1144.98","1085.29","1812.21","928.28","883.93","418.06","216.7","201.36","31.8","16.28","15.52","29.51","15.1","14.41","2.29","1.18","1.11","475.49","245.08","230.41","435.97","224.45","211.52","39.52","20.63","18.89","698.34","442.12","256.22","454.43","299.23","155.2","243.91","142.88","101.03","208.54","206.36","2.18","205.35","203.21","2.14","3.18","3.15","0.03","152.29","146.14","6.15","145.88","140.13","5.75","6.41","6.01","0.4","1677.72","360.83","2038.55"
"803","1981","13","West Bengal","Nadia","2964.25","1522.94","1441.32","2324.38","1195.49","1128.9","639.87","327.45","312.42","55.98","28.24","27.75","50.73","25.52","25.21","5.25","2.71","2.54","776.92","413.56","363.36","677.5","25.52","25.21","99.42","49.75","49.68","1088.28","666.24","422.05","704.29","445.79","258.5","383.99","220.45","163.54","248.46","246.66","1.8","242.79","241.03","1.75","5.67","5.62","0.05","227.34","216.34","11.01","216.87","206.49","10.38","10.48","9.85","0.63","2172.46","475.8","2648.26"
"803","1991","13","West Bengal","Nadia","3852.1","1989.84","1862.26","2980.28","1544.73","1435.55","871.82","445.12","426.7","90.53","46.32","44.2","79.89","40.92","38.97","10.64","5.4","5.24","1117.51","579.18","538.32","919.96","40.92","38.97","197.55","101.32","96.23","1686.9","1000.81","686.09","1130.68","689.68","441.0","556.22","311.13","245.09","325.6","322.5","3.1","315.9","313.0","2.9","9.7","9.5","0.2","305.0","287.7","17.2","287.9","271.9","16.0","17.1","15.8","1.3","2742.27","630.6","3372.87"
"803","2001","13","West Bengal","Nadia","4603.76","2365.05","2238.7","3624.71","1866.45","1758.26","979.05","498.61","480.44","113.89","57.48","56.42","101.91","-1.0","-1.0","11.98","-1.0","-1.0","1365.99","700.62","665.36","1128.19","-1.0","-1.0","237.8","-1.0","-1.0","2669.3","1500.54","1168.76","1948.15","1108.88","839.27","721.14","391.66","329.49","317.89","291.92","25.96","312.01","286.27","25.75","5.87","5.66","0.22","375.43","342.51","32.92","366.55","334.58","31.97","8.89","7.93","0.96","2988.05","693.32","3681.36"
"803","2011","13","West Bengal","Nadia","5167.6","2653.77","2513.83","3728.73","1921.11","1807.62","1438.87","732.66","706.22","140.7","71.14","69.56","120.3","60.95","59.35","20.4","10.19","10.21","1546.92","798.26","748.66","1141.34","590.54","550.8","405.58","207.72","197.86","3480.56","1878.87","1601.69","2354.09","1281.44","1072.65","1126.47","597.43","529.04","308.74","297.06","11.69","297.06","286.25","10.81","11.68","10.81","0.87","556.13","513.3","42.83","526.69","486.92","39.77","29.44","26.38","3.06","3324.99","864.87","4189.86"
"804","1961","13","West Bengal","Murshidabad","2290.01","1160.28","1129.73","2094.55","1058.5","1036.05","195.46","101.79","93.68","31.45","15.79","15.66","30.97","15.46","15.51","0.48","0.33","0.15","282.17","144.27","137.9","260.32","132.62","127.7","21.85","11.65","10.2","367.0","272.61","94.4","287.36","221.95","65.41","79.64","50.66","28.98","294.0","282.88","11.12","292.19","281.14","11.05","1.81","1.74","0.07","130.76","124.07","6.7","129.53","122.87","6.66","1.24","1.2","0.04","1625.41","424.77","2050.17"
"804","1971","13","West Bengal","Murshidabad","2940.2","1503.43","1436.78","2691.78","1374.88","1316.9","248.43","128.55","119.88","38.95","19.77","19.18","38.07","19.29","18.78","0.88","0.49","0.4","357.42","182.75","174.67","332.7","170.33","162.37","24.72","12.42","12.3","577.9","401.79","176.11","465.46","333.96","131.5","112.44","67.83","44.61","300.59","295.24","5.35","297.18","291.98","5.2","3.41","3.26","0.15","275.1","265.88","9.23","268.12","259.25","8.87","6.98","6.62","0.36","2178.5","575.69","2754.19"
"804","1981","13","West Bengal","Murshidabad","3697.55","1887.43","1810.13","3351.53","1711.63","1639.91","346.02","175.8","170.22","45.3","22.88","22.42","44.35","22.38","21.98","0.95","0.5","0.44","482.58","247.95","234.63","436.73","22.38","21.98","45.86","23.27","22.59","920.5","599.24","321.26","752.89","500.99","251.91","167.61","98.25","69.36","354.29","351.11","3.18","350.35","347.26","3.09","3.94","3.85","0.1","335.64","324.16","11.48","329.38","318.13","11.25","6.26","6.04","0.23","2695.83","689.93","3385.76"
"804","1991","13","West Bengal","Murshidabad","4740.15","2439.34","2300.81","4245.8","2186.95","2058.85","494.35","252.39","241.96","61.51","31.21","30.31","59.8","30.28","29.52","1.71","0.93","0.78","634.97","327.83","307.14","552.22","30.28","29.52","82.76","42.28","40.47","1434.45","899.27","535.19","1186.07","755.07","431.0","248.38","144.2","104.19","448.3","442.8","5.5","442.3","437.0","5.3","5.9","5.8","0.2","417.2","398.5","18.7","407.9","389.7","18.1","9.3","8.7","0.6","3315.66","865.5","4181.16"
"804","2001","13","West Bengal","Murshidabad","5863.72","3004.39","2859.33","5131.37","2632.59","2498.78","732.34","371.79","360.55","75.95","38.52","37.44","73.2","-1.0","-1.0","2.75","-1.0","-1.0","703.79","360.73","343.05","610.73","-1.0","-1.0","93.06","-1.0","-1.0","2662.68","1525.67","1137.01","2233.49","1284.68","948.81","429.19","241.0","188.2","369.89","357.44","12.45","365.99","353.63","12.36","3.9","3.81","0.09","560.38","521.87","38.51","553.6","515.61","38.0","6.77","6.27","0.51","3858.55","930.27","4788.81"
"804","2011","13","West Bengal","Murshidabad","7103.81","3627.56","3476.24","5703.12","2917.82","2785.29","1400.69","709.74","690.95","91.04","46.16","44.87","86.0","43.53","42.48","5.03","2.64","2.4","897.53","460.14","437.39","727.72","373.39","354.33","169.81","86.76","83.06","4055.83","2177.19","1878.65","3193.5","1713.69","1479.82","862.33","463.5","398.83","381.08","363.53","17.55","368.92","352.28","16.64","12.16","11.25","0.91","842.29","779.84","62.45","814.19","753.82","60.37","28.11","26.02","2.09","4513.9","1223.37","5737.27"
"805","1961","13","West Bengal","Burdwan","3082.85","1658.98","1423.87","2521.77","1328.67","1193.1","561.08","330.31","230.77","180.14","94.69","85.45","172.77","91.0","81.76","7.38","3.69","3.69","753.88","391.36","362.53","686.51","354.32","332.19","67.38","37.04","30.34","911.84","653.47","258.36","633.72","461.39","172.33","278.12","192.08","86.04","295.75","271.69","24.06","293.52","269.6","23.92","2.24","2.09","0.14","184.42","144.86","39.56","182.36","143.15","39.21","2.06","1.71","0.35","2042.9","480.17","2523.06"
"805","1971","13","West Bengal","Burdwan","3916.17","2076.21","1839.96","3024.18","1576.43","1447.76","891.99","499.79","392.21","228.61","117.93","110.67","218.49","112.52","105.98","10.11","5.42","4.7","959.99","496.67","463.32","870.82","449.27","421.55","89.18","47.4","41.77","1345.47","890.11","455.36","879.06","591.46","287.61","466.41","298.66","167.75","265.02","258.58","6.44","259.24","253.03","6.21","5.79","5.55","0.24","334.46","273.49","60.97","322.3","263.28","59.02","12.16","10.21","1.95","2822.37","599.48","3421.85"
"805","1981","13","West Bengal","Burdwan","4835.39","2548.6","2286.79","3414.22","1765.7","1648.52","1421.17","782.91","638.26","278.19","142.25","135.95","246.9","125.46","121.44","31.29","16.79","14.51","1213.44","626.73","586.71","1012.63","125.46","121.44","200.8","106.24","94.57","1641.81","1307.15","334.67","850.04","804.19","45.85","791.78","502.96","288.82","317.16","308.36","8.8","308.51","300.61","7.9","8.65","7.76","0.9","416.79","326.18","90.61","401.79","313.39","88.4","15.0","12.8","2.21","3471.71","733.95","4205.66"
"805","1991","13","West Bengal","Burdwan","6050.61","3186.83","2863.77","3927.61","2031.84","1895.77","2122.99","1154.99","968.0","376.03","190.97","185.06","306.14","154.43","151.71","69.89","36.54","33.35","1660.49","861.89","798.61","1261.33","154.43","151.71","399.16","213.28","185.89","3136.76","1910.27","1226.49","1844.42","1127.05","717.37","1292.34","783.23","509.12","392.1","379.5","12.6","375.2","363.6","11.6","17.0","16.0","1.0","551.9","415.5","136.4","520.2","389.8","130.5","31.7","25.8","5.9","1606.9","944.0","2550.9"
"805","2001","13","West Bengal","Burdwan","6919.7","3602.68","3317.02","4347.28","2238.53","2108.74","2572.42","1364.14","1208.28","441.83","221.77","220.06","347.07","-1.0","-1.0","94.76","-1.0","-1.0","1860.75","954.95","905.8","138.95","-1.0","-1.0","475.81","-1.0","-1.0","4290.67","2502.42","1788.25","2503.06","1465.6","1037.46","1787.61","1036.82","750.79","358.4","331.7","26.7","344.68","319.87","24.81","13.72","11.83","1.89","733.85","503.48","230.37","707.13","484.64","222.49","26.73","18.85","7.88","4468.46","1092.25","5560.71"
"805","2011","13","West Bengal","Burdwan","7717.56","3966.89","3750.67","4639.26","2373.79","2265.48","3078.3","1593.1","1485.2","489.45","243.58","245.87","379.26","188.35","190.91","110.19","55.23","54.95","2115.72","1079.58","1036.14","1524.13","776.24","747.9","591.59","303.35","288.24","5247.21","2918.04","2329.17","2998.28","1671.56","1326.72","2248.93","1246.48","1002.45","342.17","319.11","23.05","324.19","304.52","19.67","17.98","14.59","3.39","973.18","700.51","272.67","928.03","667.65","260.38","45.15","32.85","12.3","4806.31","1315.35","6121.66"
"806","1961","13","West Bengal","Birbhum","1446.16","732.92","713.24","1345.39","678.28","667.11","100.77","54.65","46.12","106.86","53.4","53.46","105.5","52.68","52.82","1.36","0.72","0.64","421.34","212.33","209.02","399.73","201.86","197.87","21.62","10.47","11.14","319.45","237.66","81.79","276.5","208.6","67.9","42.95","29.05","13.89","197.12","180.17","16.95","195.82","178.99","16.83","1.31","1.19","0.12","138.17","110.65","27.53","136.27","109.01","27.26","1.9","1.64","0.27","994.84","335.29","1330.14"
"806","1971","13","West Bengal","Birbhum","1775.91","902.44","873.47","1651.14","836.54","814.59","124.77","65.9","58.87","125.25","63.42","61.83","123.74","62.62","61.12","1.52","0.8","0.72","532.7","271.23","261.47","506.08","257.68","248.4","26.62","13.54","13.08","471.91","319.92","151.99","412.95","283.88","129.08","58.96","36.04","22.92","175.26","170.03","5.22","173.44","168.32","5.11","1.82","1.71","0.11","200.0","175.41","24.59","194.75","170.69","24.06","5.25","4.72","0.53","1302.68","375.26","1677.94"
"806","1981","13","West Bengal","Birbhum","2095.83","1068.17","1027.66","1922.3","977.81","944.49","173.53","90.36","83.17","145.13","73.19","71.95","142.07","71.66","70.42","3.06","1.53","1.53","624.52","319.26","305.26","585.67","71.66","70.42","38.85","19.8","19.05","706.11","454.79","251.32","617.65","401.02","216.63","88.46","53.77","34.68","223.44","215.33","8.11","221.3","213.26","8.04","2.15","2.07","0.08","226.57","191.77","34.8","222.2","188.0","34.19","4.38","3.77","0.61","1506.6","450.02","1956.62"
"806","1991","13","West Bengal","Birbhum","2555.66","1313.29","1242.38","2326.1","1194.11","1132.0","229.56","119.18","110.38","177.5","89.84","87.66","173.3","87.72","85.58","4.2","2.12","2.08","784.06","403.48","380.59","729.07","87.72","85.58","55.0","28.05","26.95","1004.77","632.31","372.46","873.52","555.27","318.26","131.25","77.05","54.2","268.6","255.2","13.4","265.6","252.3","13.3","3.0","2.8","0.1","290.7","230.4","60.3","285.6","226.1","59.5","5.2","4.3","0.9","1778.18","559.3","2337.48"
"806","2001","13","West Bengal","Birbhum","3012.55","1545.77","1466.78","2754.07","1413.19","1340.87","258.48","132.57","125.91","203.13","101.83","101.3","198.61","-1.0","-1.0","4.52","-1.0","-1.0","889.89","456.72","433.18","830.7","-1.0","-1.0","59.19","-1.0","-1.0","1574.92","932.17","642.75","1395.09","831.57","563.52","179.83","100.6","79.23","260.38","232.58","27.8","259.2","231.48","27.72","1.18","1.1","0.08","416.5","281.21","135.29","413.99","279.43","134.56","2.51","1.78","0.73","1884.05","676.87","2560.92"
"806","2011","13","West Bengal","Birbhum","3502.4","1790.92","1711.48","3052.96","1561.98","1490.98","449.45","228.94","220.5","242.48","119.79","122.7","232.67","115.02","117.64","9.82","4.77","5.05","1033.14","529.0","504.14","934.05","478.9","455.15","99.09","50.1","48.99","2158.45","1201.48","956.97","1832.37","1025.66","806.71","326.08","175.82","150.26","227.25","210.21","17.05","223.42","206.72","16.7","3.83","3.48","0.35","611.51","461.34","150.17","599.63","451.76","147.87","11.88","9.58","2.3","2170.8","838.76","3009.56"
"807","1961","13","West Bengal","Bankura","1664.51","840.42","824.09","1542.36","776.29","766.07","122.16","64.13","58.02","173.39","86.14","87.25","172.01","85.63","86.39","1.38","0.52","0.86","492.7","249.98","242.72","466.9","235.85","231.05","25.8","14.13","11.67","384.19","304.02","80.17","332.45","268.64","63.81","51.74","35.38","16.36","317.93","251.75","66.18","316.86","250.75","66.11","1.07","1.0","0.07","149.2","94.92","54.27","148.35","94.22","54.14","0.84","0.71","0.14","1058.22","467.13","1525.35"
"807","1971","13","West Bengal","Bankura","2031.04","1037.27","993.77","1879.3","958.26","921.05","151.74","79.01","72.72","208.74","105.2","103.53","207.85","104.73","103.12","0.89","0.48","0.41","573.16","292.39","280.78","543.74","277.52","266.22","29.42","14.87","14.56","534.12","390.36","143.75","465.07","346.48","118.59","69.04","43.88","25.16","239.28","229.35","9.93","237.75","227.88","9.87","1.53","1.47","0.06","228.52","167.81","60.71","225.0","164.59","60.42","3.52","3.22","0.3","540.55","467.8","1008.35"
"807","1981","13","West Bengal","Bankura","2374.82","1208.87","1165.95","2193.57","1115.58","1077.99","181.25","93.29","87.96","250.59","126.01","124.58","249.21","125.25","123.96","1.39","0.76","0.62","686.3","348.73","337.57","645.54","125.25","123.96","40.76","20.74","20.02","910.35","627.68","282.68","805.8","564.05","241.74","104.55","63.62","40.93","283.94","254.79","29.15","282.19","253.09","29.1","1.75","1.7","0.05","240.1","164.24","75.87","237.3","161.88","75.42","2.81","2.36","0.45","1682.75","524.04","2206.79"
"807","1991","13","West Bengal","Bankura","2805.07","1437.52","1367.55","2572.59","1317.52","1255.07","232.48","120.0","112.48","289.91","147.04","142.87","288.0","146.0","142.01","1.9","1.04","0.86","879.93","449.08","430.85","822.38","146.0","142.01","57.55","29.3","28.25","1216.67","800.56","416.12","1068.74","714.03","354.71","147.93","86.53","61.4","376.0","329.9","46.1","373.8","327.8","46.0","2.2","2.0","0.2","310.3","193.8","116.5","306.0","190.6","115.4","4.3","3.2","1.1","1883.48","686.3","2569.78"
"807","2001","13","West Bengal","Bankura","3191.82","1634.56","1557.26","2956.56","1514.13","1442.43","235.26","120.43","114.83","330.78","166.73","164.05","329.08","-1.0","-1.0","1.7","-1.0","-1.0","997.41","506.87","490.54","943.75","-1.0","-1.0","53.66","-1.0","-1.0","1750.63","1084.51","666.12","1580.57","988.88","591.69","170.06","95.63","74.43","440.79","334.32","106.48","439.74","333.3","106.45","1.05","1.02","0.03","502.22","258.85","243.38","500.25","257.64","242.61","1.98","1.21","0.77","2708.76","943.02","3651.78"
"807","2011","13","West Bengal","Bankura","3596.67","1838.1","1758.58","3296.9","1685.78","1611.12","299.77","152.32","147.46","368.69","183.47","185.22","365.38","181.73","183.65","3.31","1.73","1.58","1174.45","593.44","581.01","1105.65","559.23","546.42","68.79","34.21","34.59","2232.99","1299.34","933.66","2002.65","1174.38","828.28","230.34","124.96","105.38","309.72","276.98","32.74","307.88","275.48","32.4","1.85","1.5","0.35","647.37","385.05","262.33","642.83","382.32","260.5","4.55","2.73","1.82","2130.45","957.09","3087.54"
"810","1961","13","West Bengal","Hooghly","2231.42","1179.27","1052.15","1652.14","847.98","804.16","579.28","331.29","248.0","90.11","45.87","44.23","87.76","44.45","43.31","2.35","1.43","0.92","445.21","231.9","213.31","388.46","200.02","188.44","56.75","31.88","24.87","773.29","543.81","229.48","477.78","351.84","125.94","295.51","191.97","103.55","206.14","194.83","11.31","204.66","193.4","11.26","1.48","1.43","0.05","134.19","101.51","32.68","132.08","99.7","32.38","2.11","1.82","0.29","1550.36","340.33","1890.68"
"810","1971","13","West Bengal","Hooghly","2872.12","1514.87","1357.24","2111.85","1088.62","1023.23","760.27","426.26","334.02","100.08","51.27","48.81","95.71","48.96","46.75","4.37","2.31","2.06","548.08","282.45","265.63","499.34","255.44","243.89","48.74","27.01","21.74","1115.09","732.17","382.92","703.06","474.69","228.36","412.04","257.48","154.56","192.48","188.97","3.51","189.42","185.98","3.45","3.05","2.99","0.06","233.68","190.16","43.52","225.53","182.91","42.62","8.15","7.25","0.9","2096.98","426.16","2523.14"
"810","1981","13","West Bengal","Hooghly","3547.31","1853.78","1693.52","2506.78","1290.62","1216.16","1040.53","563.17","477.36","141.05","71.47","69.57","134.71","68.3","66.41","6.34","3.17","3.17","767.5","393.66","373.84","660.48","68.3","66.41","107.02","58.03","48.99","1735.48","1080.88","654.6","1073.85","683.01","390.84","661.63","397.88","263.76","244.45","239.69","4.76","240.91","236.21","4.7","3.55","3.49","0.06","283.94","216.54","67.4","275.76","209.67","66.09","8.17","6.86","1.31","2528.89","528.39","3057.28"
"810","1991","13","West Bengal","Hooghly","4355.23","2271.79","2083.44","2996.98","1540.62","1456.36","1358.25","731.18","627.08","176.4","89.18","87.23","167.27","84.41","82.86","9.13","4.76","4.37","1050.28","539.79","510.49","873.42","84.41","82.86","176.86","94.06","82.8","2477.24","1471.73","1005.51","1562.67","941.13","621.54","914.57","530.6","383.97","281.1","275.8","5.4","276.4","271.1","5.3","4.8","4.7","0.1","354.4","266.7","87.7","343.6","257.7","85.9","10.8","9.0","1.8","3024.09","635.5","3659.59"
"810","2001","13","West Bengal","Hooghly","5040.05","2588.32","2451.73","3352.64","1698.49","1654.14","1687.41","889.83","797.58","212.06","105.45","106.61","198.49","-1.0","-1.0","13.58","-1.0","-1.0","1188.88","601.23","587.65","981.74","-1.0","-1.0","207.14","-1.0","-1.0","3367.05","1900.25","1466.8","2091.79","1187.67","904.12","1275.26","712.59","562.67","274.69","240.91","33.78","270.69","237.12","33.57","4.0","3.79","0.21","451.06","308.58","142.48","441.55","301.55","140.0","9.51","7.03","2.48","3180.56","725.75","3906.31"
"810","2011","13","West Bengal","Hooghly","5519.15","2814.65","2704.49","3390.65","1722.95","1667.7","2128.5","1091.71","1036.79","229.24","113.25","115.99","211.62","104.35","107.27","17.62","8.9","8.72","1344.02","680.99","663.03","1053.74","532.87","520.87","290.28","148.13","142.16","4078.39","2211.78","1866.61","2389.54","1309.77","1079.78","1688.84","902.01","786.83","259.68","239.53","20.15","248.49","230.37","18.12","11.19","9.16","2.03","583.38","415.95","167.43","559.7","397.61","162.1","23.68","18.34","5.33","3366.28","843.06","4209.34"
"811","1961","13","West Bengal","Howrah","2038.48","1127.39","911.09","1213.39","625.57","587.82","825.09","501.82","323.27","6.11","3.66","2.45","3.91","2.34","1.57","2.2","1.32","0.88","299.79","159.14","140.65","235.49","120.45","115.04","64.31","38.7","25.61","752.33","545.81","206.52","359.74","274.04","85.71","392.59","271.77","120.81","89.83","87.65","2.18","88.76","86.6","2.15","1.07","1.05","0.03","60.0","59.51","0.49","57.98","57.51","0.47","2.03","2.01","0.02","1408.96","149.83","1558.79"
"811","1971","13","West Bengal","Howrah","2417.29","1318.72","1098.57","1403.75","723.23","680.52","1013.53","595.48","418.05","3.36","1.98","1.38","1.94","1.15","0.79","1.43","0.83","0.59","297.57","154.99","142.59","253.27","130.4","122.87","44.3","24.58","19.72","981.22","666.12","315.1","452.56","312.26","140.3","528.66","353.86","174.8","77.51","76.42","1.1","74.79","73.77","1.03","2.72","2.65","0.07","131.36","129.93","1.42","123.23","121.91","1.32","8.12","8.02","0.1","1774.94","208.87","1983.81"
"811","1981","13","West Bengal","Howrah","2966.86","1583.81","1383.05","1628.07","834.66","793.41","1338.79","749.15","589.65","7.28","4.12","3.16","3.31","1.9","1.42","3.97","2.22","1.75","452.32","235.05","217.28","344.43","1.9","1.42","107.89","58.41","49.48","1524.59","962.58","562.01","711.94","458.74","253.2","812.65","503.84","308.81","80.59","79.75","0.85","77.75","76.94","0.81","2.85","2.81","0.04","113.61","111.9","1.72","106.03","104.46","1.57","7.59","7.44","0.15","2189.41","194.2","2383.61"
"811","1991","13","West Bengal","Howrah","3729.64","1982.46","1747.19","1880.53","968.91","911.63","1849.11","1013.55","835.56","10.09","5.4","4.69","4.12","2.12","2.01","5.97","3.28","2.69","588.91","304.38","284.53","415.17","2.12","2.01","173.74","92.11","81.63","2143.31","1291.62","851.69","952.64","579.58","373.06","1190.67","712.04","478.62","114.3","111.3","3.0","108.0","105.2","2.7","6.3","6.0","0.3","157.3","152.2","5.1","139.3","134.7","4.6","17.9","17.5","0.5","2664.32","271.6","2935.92"
"811","2001","13","West Bengal","Howrah","4274.01","2242.4","2031.62","2120.44","1083.24","1037.2","2153.57","1159.16","994.41","19.17","9.96","9.21","8.54","-1.0","-1.0","10.63","-1.0","-1.0","658.71","335.76","322.95","465.84","-1.0","-1.0","192.87","-1.0","-1.0","2935.21","1665.61","1269.6","1352.94","766.02","586.92","1582.27","899.59","682.68","71.74","67.53","4.21","70.04","65.92","4.12","1.7","1.61","0.09","145.9","131.98","13.93","139.12","125.69","13.43","6.79","6.29","0.5","2835.14","217.64","3052.78"
"811","2011","13","West Bengal","Howrah","4850.03","2500.82","2349.21","1775.89","909.52","866.37","3074.14","1591.3","1482.84","15.09","7.76","7.33","4.03","2.08","1.95","11.07","5.69","5.38","718.95","367.05","351.9","407.82","207.53","200.28","311.14","159.52","151.61","3605.21","1942.82","1662.38","1256.27","682.35","573.91","2348.94","1260.47","1088.47","80.58","71.16","9.41","66.65","60.24","6.41","13.92","10.92","3.0","181.66","160.53","21.13","150.07","132.75","17.32","31.59","27.78","3.81","3030.18","262.24","3292.42"
"812","1961","13","West Bengal","Jalpaiguri","1359.29","733.34","625.95","1235.48","663.3","572.18","123.81","70.04","53.77","354.74","185.39","169.35","351.77","183.15","168.62","2.97","2.24","0.73","418.66","223.8","194.85","400.41","213.47","186.94","18.24","10.33","7.91","261.2","198.52","62.68","200.15","159.39","40.75","61.05","39.13","21.93","227.31","189.66","37.66","225.23","187.67","37.57","2.08","1.99","0.09","15.42","14.13","1.29","14.81","13.52","1.29","0.61","0.61","0.0","836.8","242.74","1079.53"
"812","1971","13","West Bengal","Jalpaiguri","1750.16","927.71","822.45","1582.08","835.8","746.28","168.08","91.91","76.18","428.6","223.61","204.99","427.17","222.74","204.43","1.42","0.87","0.56","595.42","312.85","282.58","569.88","299.01","270.88","25.54","13.84","11.7","420.21","296.53","123.68","326.28","240.34","85.94","93.93","56.19","37.74","216.71","211.55","5.16","212.9","207.83","5.07","3.81","3.72","0.09","55.69","51.51","4.18","53.93","49.82","4.11","1.76","1.69","0.07","1205.47","272.4","1477.87"
"812","1981","13","West Bengal","Jalpaiguri","2214.87","1159.84","1055.03","1903.65","994.75","908.9","311.22","165.1","146.13","491.79","252.84","238.95","486.24","249.66","236.58","5.55","3.18","2.37","766.5","398.95","367.55","706.72","249.66","236.58","59.78","31.55","28.23","646.43","432.57","213.87","462.28","324.72","137.56","184.15","107.85","76.31","234.23","224.8","9.43","228.11","218.84","9.27","6.12","5.96","0.16","114.52","99.84","14.68","109.75","95.31","14.44","4.77","4.54","0.24","1511.69","348.75","1860.44"
"812","1991","13","West Bengal","Jalpaiguri","2800.54","1453.19","1347.35","2342.3","1214.15","1128.15","458.25","239.05","219.2","589.23","301.57","287.66","580.02","296.43","283.58","9.21","5.14","4.08","1035.97","539.21","496.76","921.13","296.43","283.58","114.84","59.34","55.51","1031.92","668.41","363.51","752.18","507.25","244.94","279.74","161.16","118.58","259.1","241.9","17.1","252.3","235.5","16.8","6.7","6.4","0.3","149.5","119.6","30.0","142.0","113.4","28.6","7.5","6.2","1.3","1917.77","408.6","2326.37"
"812","2001","13","West Bengal","Jalpaiguri","3403.2","1753.28","1649.93","2799.36","1440.72","1358.64","603.85","312.56","291.29","641.69","324.25","317.44","625.59","-1.0","-1.0","16.1","-1.0","-1.0","1248.58","642.83","605.75","1124.4","-1.0","-1.0","124.17","-1.0","-1.0","1839.04","1099.9","739.14","1406.85","860.05","546.8","432.18","239.85","192.34","265.1","202.24","62.86","261.92","199.34","62.58","3.18","2.91","0.28","230.36","130.12","100.24","226.94","127.95","98.99","3.42","2.17","1.25","2100.06","495.46","2595.53"
"812","2011","13","West Bengal","Jalpaiguri","3872.85","1983.06","1889.78","2812.5","1437.29","1375.21","1060.35","545.78","514.57","731.7","365.87","365.84","690.31","345.04","345.28","41.39","20.83","20.56","1458.28","750.84","707.44","1159.39","597.57","561.82","298.89","153.27","145.61","2498.78","1396.62","1102.16","1716.3","972.36","743.95","782.48","424.27","358.21","214.93","182.6","32.33","206.09","175.39","30.71","8.84","7.22","1.62","349.67","220.59","129.09","333.37","209.74","123.63","16.3","10.84","5.46","2359.94","564.6","2924.54"
"813","1961","13","West Bengal","Darjeeling","624.64","335.04","289.6","480.0","251.5","228.51","144.64","83.54","61.1","96.44","50.69","45.76","85.23","44.63","40.6","11.21","6.05","5.16","82.38","43.24","39.14","66.46","34.1","32.36","15.92","9.14","6.78","179.29","134.52","44.78","104.48","85.05","19.43","74.81","49.46","25.35","99.7","59.83","39.88","99.04","59.44","39.6","0.67","0.39","0.28","7.81","5.36","2.45","7.16","5.04","2.12","0.65","0.32","0.33","358.54","107.51","466.05"
"813","1971","13","West Bengal","Darjeeling","781.78","415.44","366.34","601.57","314.93","286.63","180.21","100.51","79.7","108.59","56.05","52.54","97.17","50.15","47.02","11.42","5.9","5.52","98.28","52.05","46.23","83.46","43.87","39.59","14.82","8.18","6.64","258.56","173.46","85.09","156.49","110.96","45.53","102.07","62.5","39.57","86.05","60.95","25.11","85.34","60.44","24.9","0.72","0.51","0.21","25.78","18.45","7.33","24.98","17.84","7.14","0.8","0.61","0.19","499.34","111.83","611.17"
"813","1981","13","West Bengal","Darjeeling","1024.27","542.57","481.7","742.12","388.35","353.77","282.15","154.22","127.93","151.07","77.89","73.18","135.94","70.25","65.69","15.13","7.64","7.49","145.94","76.65","69.29","119.95","70.25","65.69","25.99","13.99","12.0","435.01","281.56","153.44","257.77","176.47","81.31","177.23","105.1","72.14","94.73","65.68","29.05","94.17","65.24","28.93","0.56","0.44","0.12","32.12","24.81","7.31","31.55","24.36","7.19","0.57","0.45","0.13","665.68","126.85","792.53"
"813","1991","13","West Bengal","Darjeeling","1299.92","679.32","620.6","903.86","467.32","436.54","396.06","212.0","184.06","179.15","91.78","87.38","158.72","81.39","77.32","20.44","10.38","10.05","209.88","109.49","100.39","163.99","81.39","77.32","45.89","24.23","21.66","636.54","387.25","249.29","368.75","233.47","135.28","267.79","153.78","114.01","108.4","75.1","33.3","107.1","74.0","33.2","1.3","1.1","0.2","51.8","36.6","15.2","50.1","35.3","14.8","1.7","1.3","0.4","861.67","160.2","1021.87"
"813","2001","13","West Bengal","Darjeeling","1605.9","826.33","779.57","1085.02","554.61","530.41","520.88","271.73","249.15","204.17","102.29","101.88","178.88","-1.0","-1.0","25.29","-1.0","-1.0","258.88","132.86","126.02","207.42","-1.0","-1.0","51.46","-1.0","-1.0","1029.56","592.04","437.52","627.87","370.73","257.14","401.69","221.31","180.38","82.68","55.37","27.31","82.51","55.24","27.27","0.17","0.13","0.04","57.83","35.78","22.05","57.56","35.59","21.97","0.27","0.2","0.07","1036.46","140.51","1176.97"
"813","2011","13","West Bengal","Darjeeling","1846.82","937.26","909.56","1118.86","566.97","551.9","727.96","370.29","357.67","397.39","197.25","200.14","319.07","158.92","160.15","78.32","38.33","39.99","317.28","161.5","155.78","224.82","114.87","109.96","92.45","46.63","45.82","1315.59","717.67","597.91","736.82","410.78","326.04","578.76","306.89","271.87","76.18","54.69","21.48","73.68","53.06","20.62","2.5","1.64","0.87","66.04","40.37","25.67","62.78","38.41","24.37","3.27","1.96","1.31","1163.1","142.22","1305.32"
"814","1961","13","West Bengal","Malda","1221.92","621.99","599.93","1171.14","594.88","576.26","50.79","27.11","23.68","99.52","50.54","48.98","99.42","50.47","48.95","0.1","0.08","0.03","163.43","82.61","80.82","159.4","80.45","78.95","4.04","2.17","1.87","168.54","133.53","35.01","144.49","118.4","26.09","24.05","15.13","8.92","199.65","178.82","20.84","199.59","178.76","20.83","0.06","0.06","0.0","57.73","46.02","11.71","57.56","45.85","11.71","0.16","0.16","0.0","821.19","257.38","1078.58"
"814","1971","13","West Bengal","Malda","1612.66","827.71","784.95","1544.63","791.83","752.8","68.03","35.88","32.15","130.72","65.99","64.73","130.66","65.94","64.72","0.06","0.05","0.0","265.7","135.46","130.23","261.94","133.43","128.51","3.76","2.03","1.73","283.98","210.67","73.31","244.16","187.22","56.94","39.82","23.45","16.38","199.14","196.48","2.66","198.75","196.1","2.65","0.39","0.38","0.01","148.28","133.29","14.99","147.8","132.85","14.95","0.48","0.44","0.05","1175.78","347.42","1523.2"
"814","1981","13","West Bengal","Malda","2031.87","1042.5","989.37","1934.68","992.06","942.61","97.2","50.44","46.76","153.3","74.96","78.34","153.08","74.81","78.27","0.22","0.15","0.08","343.09","176.02","167.07","334.02","74.81","78.27","9.07","4.64","4.43","468.54","327.81","140.73","407.61","292.75","114.85","60.93","35.05","25.88","221.51","216.64","4.87","220.83","215.97","4.85","0.68","0.67","0.01","190.26","162.84","27.42","189.76","162.36","27.4","0.5","0.48","0.02","1477.69","411.77","1889.46"
"814","1991","13","West Bengal","Malda","2637.03","1360.54","1276.49","2450.5","1263.58","1186.91","186.54","96.96","89.58","171.33","85.96","85.36","169.81","85.14","84.67","1.52","0.82","0.7","477.9","247.37","230.53","452.28","85.14","84.67","25.62","13.21","12.42","743.82","492.77","251.05","628.67","427.33","201.34","115.15","65.44","49.71","288.5","272.9","15.6","287.2","271.7","15.5","1.3","1.2","0.1","289.0","224.7","64.3","287.8","223.7","64.1","1.2","1.0","0.2","1802.62","577.5","2380.12"
"814","2001","13","West Bengal","Malda","3290.16","1689.41","1600.75","3049.25","1565.56","1483.69","240.92","123.85","117.07","227.05","113.54","113.51","224.7","-1.0","-1.0","2.35","-1.0","-1.0","554.17","284.73","269.44","518.99","-1.0","-1.0","35.18","-1.0","-1.0","1348.23","810.59","537.64","1178.99","717.94","461.05","169.24","92.65","76.59","277.74","245.43","32.32","277.07","244.84","32.23","0.68","0.59","0.09","411.44","271.61","139.83","410.81","271.14","139.67","0.63","0.47","0.16","1949.45","689.18","2638.63"
"814","2011","13","West Bengal","Malda","3988.85","2051.54","1937.3","3447.19","1768.34","1678.85","541.66","283.21","258.46","313.98","157.53","156.46","307.63","154.16","153.47","6.36","3.37","2.99","835.43","432.74","402.69","767.49","396.64","370.86","67.94","36.11","31.83","2086.43","1152.02","934.41","1731.68","961.41","770.27","354.76","190.61","164.15","255.18","226.13","29.05","251.67","223.09","28.59","3.51","3.05","0.47","545.76","409.33","136.43","534.16","398.94","135.22","11.6","10.4","1.2","2451.0","800.94","3251.94"
"816","1961","13","West Bengal","Cooch Behar","1019.81","539.69","480.11","948.36","499.41","448.95","71.45","40.28","31.17","8.81","4.62","4.19","8.72","4.56","4.16","0.09","0.06","0.03","478.31","251.62","226.69","473.15","249.09","224.06","5.16","2.53","2.63","214.17","169.68","44.49","173.46","144.06","29.4","40.71","25.62","15.09","240.31","229.0","11.31","240.15","228.84","11.31","0.15","0.15","0.0","23.02","22.54","0.48","22.86","22.38","0.48","0.16","0.16","0.0","695.55","263.33","958.87"
"816","1971","13","West Bengal","Cooch Behar","1414.18","737.93","676.25","1317.53","685.3","632.23","96.65","52.63","44.02","10.61","5.43","5.18","10.45","5.34","5.12","0.16","0.09","0.06","665.02","346.36","318.66","656.39","341.68","314.71","8.63","4.68","3.94","310.03","229.38","80.66","253.42","195.11","58.31","56.62","34.27","22.35","265.36","261.94","3.42","264.56","261.16","3.4","0.8","0.79","0.01","60.9","57.92","2.98","60.48","57.52","2.96","0.42","0.39","0.02","1023.68","326.26","1349.94"
"816","1981","13","West Bengal","Cooch Behar","1771.64","915.46","856.18","1649.38","852.02","797.37","122.26","63.45","58.82","10.11","5.31","4.8","9.67","5.06","4.61","0.44","0.25","0.19","883.08","455.88","427.21","867.5","5.06","4.61","15.58","7.93","7.65","533.35","366.97","166.38","452.54","320.89","131.65","80.81","46.08","34.74","267.17","263.22","3.95","266.24","262.47","3.77","0.94","0.75","0.18","139.91","128.87","11.04","139.12","128.15","10.97","0.8","0.73","0.07","1258.05","407.09","1665.14"
"816","1991","13","West Bengal","Cooch Behar","2171.15","1122.31","1048.84","2001.65","1035.42","966.23","169.5","86.89","82.61","13.28","6.96","6.32","12.66","6.63","6.03","0.61","0.33","0.29","1123.72","580.38","543.34","1091.09","6.63","6.03","32.63","16.36","16.26","806.11","523.98","282.13","691.46","461.07","230.39","114.65","62.91","51.74","319.6","306.8","12.9","318.1","305.4","12.8","1.5","1.4","0.1","172.8","142.9","29.8","171.2","141.6","29.7","1.5","1.4","0.2","1507.73","492.4","2000.13"
"816","2001","13","West Bengal","Cooch Behar","2478.28","1271.72","1206.57","2252.77","1156.96","1095.81","225.51","114.76","110.75","14.25","7.43","6.82","13.14","-1.0","-1.0","1.11","-1.0","-1.0","1242.37","636.45","605.93","1197.45","-1.0","-1.0","44.93","-1.0","-1.0","1409.35","828.16","581.19","1234.87","734.01","500.86","174.48","94.15","80.33","362.15","279.57","82.58","361.1","278.55","82.55","1.04","1.01","0.03","285.14","169.55","115.59","283.96","168.59","115.37","1.18","0.96","0.22","1511.57","647.29","2158.86"
"816","2011","13","West Bengal","Cooch Behar","2819.09","1451.54","1367.54","2529.65","1304.92","1224.74","289.43","146.63","142.81","18.13","9.39","8.74","16.87","8.74","8.14","1.25","0.65","0.6","1414.34","728.51","685.83","1350.66","696.25","654.4","63.68","32.25","31.43","1850.5","1028.73","821.77","1617.22","906.39","710.83","233.28","122.34","110.94","364.8","302.75","62.05","362.64","301.02","61.62","2.16","1.72","0.43","391.88","257.43","134.45","388.29","254.6","133.69","3.59","2.83","0.76","1691.11","756.68","2447.79"
"817","1961","13","West Bengal","Purulia","1360.02","689.35","670.67","1267.54","640.4","627.14","92.48","48.95","43.53","262.86","132.08","130.78","261.56","131.28","130.28","1.3","0.8","0.5","200.84","104.27","96.58","184.02","95.77","88.25","16.82","8.49","8.33","241.98","208.18","33.8","200.12","179.66","20.46","41.86","28.52","13.34","462.9","266.6","196.3","461.73","265.59","196.13","1.18","1.01","0.17","90.42","49.25","41.17","89.17","48.45","40.71","1.25","0.8","0.46","697.99","553.32","1251.31"
"817","1971","13","West Bengal","Purulia","1602.88","816.54","786.33","1470.51","746.53","723.98","132.37","70.02","62.35","313.79","158.12","155.68","311.45","156.9","154.55","2.35","1.22","1.13","240.35","122.41","117.94","217.26","110.65","106.61","23.09","11.77","11.33","344.64","279.8","64.84","282.62","239.34","43.28","62.02","40.45","21.56","223.88","209.72","14.16","222.45","208.34","14.11","1.43","1.38","0.05","168.09","117.03","51.06","165.18","114.61","50.57","2.91","2.42","0.48","1104.33","391.97","1496.3"
"817","1981","13","West Bengal","Purulia","1853.8","947.2","906.61","1687.04","859.66","827.38","166.76","87.54","79.22","348.38","176.64","171.73","345.44","175.19","170.25","2.93","1.45","1.48","348.22","179.24","168.97","315.34","175.19","170.25","32.87","16.73","16.15","505.3","385.13","120.17","414.3","327.65","86.65","91.01","57.49","33.52","290.76","234.26","56.5","289.19","232.82","56.36","1.58","1.44","0.13","142.8","89.17","53.63","140.74","87.54","53.2","2.07","1.64","0.43","1277.19","433.56","1710.75"
"817","1991","13","West Bengal","Purulia","2224.58","1142.77","1081.81","2014.57","1032.17","982.4","210.01","110.6","99.41","427.77","218.02","209.75","423.42","215.8","207.61","4.35","2.22","2.13","430.51","221.86","208.65","385.63","215.8","207.61","44.88","23.03","21.86","783.93","579.83","204.1","658.62","503.09","155.53","125.3","76.74","48.56","389.2","279.7","109.5","386.9","277.8","109.2","2.2","2.0","0.3","200.2","114.0","86.2","197.8","112.2","85.7","2.4","1.8","0.6","1438.15","589.4","2027.55"
"817","2001","13","West Bengal","Purulia","2535.23","1298.08","1237.15","2279.99","1165.03","1114.97","255.24","133.05","122.19","463.45","235.1","228.36","456.57","-1.0","-1.0","6.88","-1.0","-1.0","463.96","237.72","226.23","408.71","-1.0","-1.0","55.25","-1.0","-1.0","1199.36","812.57","386.79","1029.25","712.56","316.69","170.11","100.01","70.1","352.1","233.1","119.01","350.78","232.05","118.73","1.32","1.05","0.28","406.84","172.13","234.71","405.21","171.28","233.93","1.63","0.85","0.78","1407.74","758.94","2166.68"
"817","2011","13","West Bengal","Purulia","2930.12","1497.0","1433.12","2556.8","1304.21","1252.59","373.31","192.79","180.53","540.65","271.8","268.85","531.82","267.38","264.44","8.83","4.42","4.41","567.77","290.79","276.98","490.52","251.41","239.11","77.25","39.38","37.87","1624.91","1002.06","622.85","1374.86","858.62","516.24","250.05","143.44","106.61","268.8","203.54","65.27","265.8","201.13","64.68","3.0","2.41","0.59","492.21","239.74","252.47","487.52","236.63","250.9","4.68","3.11","1.57","1680.47","761.01","2441.48"
"818","1961","13","West Bengal","Midnapur","4341.86","2224.07","2117.78","4007.57","2041.39","1966.18","334.29","182.69","151.6","329.74","160.77","168.96","324.56","158.23","166.33","5.18","2.54","2.64","563.41","286.8","276.61","531.3","270.14","261.16","32.11","16.65","15.45","1184.3","926.49","257.82","1028.88","820.8","208.08","155.43","105.69","49.74","781.82","688.26","93.56","776.71","683.39","93.32","5.11","4.87","0.24","286.08","205.88","80.2","281.81","202.27","79.54","4.27","3.61","0.66","2934.76","1067.9","4002.66"
"818","1971","13","West Bengal","Midnapur","8657.99","4756.37","3901.63","5089.09","2606.61","2482.48","3568.9","2149.76","1419.14","442.96","224.75","218.22","436.03","220.84","215.18","6.94","3.9","3.03","747.5","383.1","364.4","711.37","364.17","347.2","36.12","18.93","17.2","3710.37","2524.43","1185.95","1593.57","1152.81","440.76","2116.81","1371.62","745.19","676.29","660.12","16.17","667.73","651.78","15.95","8.56","8.34","0.23","506.36","410.91","95.45","493.02","398.98","94.05","13.34","11.93","1.41","4038.52","1182.65","5221.17"
"818","1981","13","West Bengal","Midnapur","6742.8","3455.38","3287.42","6170.04","3154.18","3015.86","572.76","301.19","271.57","538.88","272.37","266.51","528.09","266.83","261.26","10.79","5.54","5.25","984.73","503.56","481.18","919.08","266.83","261.26","65.66","33.75","31.91","2881.44","1920.23","961.21","2541.33","1714.14","827.19","340.12","206.1","134.02","780.73","737.94","42.79","771.53","728.97","42.56","9.21","8.97","0.24","559.02","433.01","126.01","544.66","420.37","124.29","14.36","12.64","1.72","4938.36","1339.75","6278.11"
"818","1991","13","West Bengal","Midnapur","11459.57","5905.69","5553.87","10221.37","5254.83","4966.54","1238.2","650.86","587.33","689.64","350.31","339.33","670.22","340.33","329.89","19.42","9.98","9.44","1361.83","697.68","664.15","1249.86","340.33","329.89","111.97","57.28","54.69","5739.66","3520.04","2219.62","4910.97","3044.43","1866.54","828.69","475.61","353.09","1068.2","968.5","99.7","1051.7","953.2","98.5","16.5","15.4","1.1","643.9","466.0","177.9","621.9","447.2","174.7","22.0","18.8","3.2","8924.12","1712.1","10636.22"
"818","2001","13","West Bengal","Midnapur","9638.47","4929.0","4709.47","8627.52","4406.79","4220.73","1010.95","522.21","488.75","798.68","403.96","394.72","774.32","-1.0","-1.0","24.37","-1.0","-1.0","1576.34","801.96","774.37","1453.13","-1.0","-1.0","123.2","-1.0","-1.0","6227.29","3610.33","2616.97","5495.98","3195.9","2300.09","731.31","414.43","316.88","1060.26","841.28","218.98","1049.19","831.36","217.83","11.07","9.91","1.15","1192.02","766.41","425.61","1172.37","750.89","421.48","19.65","15.52","4.13","5887.41","2252.28","8139.69"
"818","2011","13","West Bengal","Midnapur","11009.34","5637.72","5371.61","9693.93","4964.28","4729.65","1315.4","673.43","641.96","907.97","454.03","453.94","877.06","438.65","438.41","30.9","15.38","15.53","1873.7","953.85","919.86","1711.44","871.64","839.81","162.26","82.2","80.06","8001.6","4415.98","3585.62","6970.01","3860.69","3109.32","1031.61","555.3","476.31","917.49","782.77","134.71","898.91","766.42","132.49","18.58","16.35","2.23","1807.5","1217.85","589.65","1771.25","1188.77","582.48","36.26","29.09","7.17","6589.86","2724.99","9314.85"
"822","1961","13","West Bengal","West Dinajpur","1323.8","694.37","629.43","1224.83","640.03","584.8","98.97","54.34","44.63","170.15","84.12","86.03","168.25","83.03","85.21","1.9","1.09","0.82","286.45","152.04","134.41","275.55","146.14","129.41","10.91","5.9","5.01","225.83","180.24","45.59","178.49","150.17","28.31","47.34","30.07","17.28","267.64","250.1","17.53","266.0","248.51","17.49","1.64","1.59","0.05","91.4","77.85","13.55","90.32","76.86","13.47","1.08","1.0","0.08","890.65","359.04","1249.69"
"822","1971","13","West Bengal","West Dinajpur","1859.89","967.94","891.95","1686.2","874.69","811.51","173.69","93.25","80.44","221.32","113.16","108.16","218.87","111.81","107.06","2.45","1.35","1.09","429.58","224.47","205.11","417.51","218.09","199.42","12.07","6.38","5.69","411.32","300.98","110.34","314.69","242.93","71.77","96.62","58.05","38.57","296.87","291.98","4.89","293.07","288.27","4.81","3.8","3.71","0.09","146.93","132.5","14.42","143.39","129.22","14.17","3.54","3.29","0.25","1339.51","443.8","1783.31"
"822","1981","13","West Bengal","West Dinajpur","2404.95","1241.61","1163.34","2136.22","1100.22","1036.01","268.73","141.4","127.33","260.16","132.92","127.25","254.64","129.91","124.73","5.52","3.01","2.52","687.09","355.01","332.09","653.32","129.91","124.73","33.77","17.66","16.11","649.38","449.69","199.69","481.53","352.07","129.46","167.85","97.62","70.23","337.58","327.7","9.88","332.72","322.95","9.77","4.86","4.75","0.11","247.63","208.45","39.18","243.49","204.81","38.69","4.14","3.65","0.49","1686.94","585.21","2272.15"
"822","1991","13","West Bengal","West Dinajpur","3127.65","1620.74","1506.91","2710.45","1401.03","1309.42","417.2","219.71","197.49","614.98","156.29","151.19","301.02","152.95","148.08","6.46","3.35","3.11","907.55","470.76","436.8","844.54","152.95","148.08","63.02","33.31","29.7","985.38","650.68","334.7","710.17","494.52","215.65","275.21","156.16","119.05","438.9","414.1","24.7","428.5","404.1","24.4","10.3","10.0","0.3","360.8","270.3","90.5","353.2","264.1","89.0","7.7","6.2","1.5","2237.86","799.7","3037.56"
"822","2001","13","West Bengal","West Dinajpur","3944.47","2031.19","1913.28","3453.36","1775.09","1678.26","491.11","256.1","235.02","367.19","185.56","181.62","358.38","-1.0","-1.0","8.81","-1.0","-1.0","1109.24","570.75","538.49","1021.25","-1.0","-1.0","87.99","-1.0","-1.0","1754.08","1069.93","684.15","1396.67","872.64","524.03","357.41","197.29","160.12","466.09","382.29","83.8","463.74","380.14","83.59","2.35","2.15","0.2","593.14","355.38","237.75","588.88","352.78","236.1","4.26","2.6","1.66","2396.22","1059.22","3455.44"
"822","2011","13","West Bengal","West Dinajpur","4683.41","2408.27","2275.15","4084.89","2100.24","1984.65","598.53","308.03","290.5","438.19","219.86","218.33","426.29","213.94","212.35","11.89","5.91","5.98","1290.7","666.6","624.1","1181.33","609.75","571.59","109.37","56.85","52.52","2573.36","1449.97","1123.38","2123.95","1209.24","914.71","449.4","240.73","208.67","450.66","393.2","57.45","445.56","388.93","56.62","5.09","4.28","0.82","722.26","477.56","244.7","714.21","472.06","242.16","8.05","5.5","2.55","2904.8","1172.92","4077.72"
"901","1961","2","Bihar","Champaran","3006.21","1519.8","1486.41","2860.57","1440.29","1420.28","145.65","79.52","66.13","2.88","1.51","1.37","2.76","1.46","1.3","0.12","0.05","0.07","437.71","217.39","220.32","427.43","212.11","215.32","10.28","5.29","5.0","395.73","327.65","68.08","343.65","290.33","53.32","52.08","37.33","14.75","605.1","462.81","142.3","597.29","456.93","140.35","7.82","5.87","1.94","456.76","282.16","174.6","450.6","278.34","172.26","6.17","3.82","2.35","1764.83","1061.87","2826.69"
"901","1971","2","Bihar","Champaran","3540.98","1830.55","1710.43","3356.14","1729.63","1626.51","184.84","100.91","83.92","22.86","11.79","11.07","22.67","11.68","10.99","0.2","0.11","0.08","502.08","254.73","247.35","488.4","247.68","240.72","13.69","7.05","6.64","497.99","404.88","93.11","427.51","356.38","71.13","70.48","48.5","21.98","428.56","413.3","15.27","421.75","406.73","15.02","6.81","6.56","0.25","653.94","499.05","154.89","642.36","489.23","153.13","11.58","9.82","1.76","2342.42","1082.5","3424.92"
"901","1981","2","Bihar","Champaran","4398.11","2291.86","2106.25","4140.69","2151.93","1988.76","257.42","139.93","117.49","27.98","14.45","13.53","27.59","14.25","13.34","0.39","0.2","0.18","611.89","314.49","297.4","593.1","304.54","288.57","18.79","9.96","8.83","839.39","653.68","185.71","720.49","576.17","144.31","118.9","77.51","41.39","549.35","527.39","21.95","540.34","518.58","21.76","9.0","8.81","0.2","671.55","524.03","147.51","660.45","514.34","146.11","11.1","9.69","1.4","2957.13","1220.9","4178.03"
"901","1991","2","Bihar","Champaran","5376.73","2859.46","2517.28","4968.0","2638.63","2329.37","408.73","220.83","187.9","40.7","21.18","19.53","40.05","20.84","19.22","0.65","0.34","0.31","925.4","489.48","435.94","886.81","468.88","417.93","38.6","20.61","18.0","1182.91","906.67","276.23","992.91","784.19","208.71","190.0","122.47","67.53","812.8","754.2","58.4","789.8","732.8","57.1","22.9","21.4","1.4","1082.2","822.5","259.6","1045.0","793.2","251.9","37.2","29.3","7.9","3275.73","1895.0","5170.73"
"901","2001","2","Bihar","Champaran","6976.68","3673.2","3303.48","6415.76","3373.69","3042.07","560.92","299.51","261.41","59.02","30.3","28.73","57.23","29.3","27.9","1.81","0.99","0.81","1209.29","633.17","576.13","1158.62","606.05","552.57","50.67","27.12","23.57","2149.14","1492.48","656.67","1842.74","1305.99","536.75","306.41","186.49","119.92","600.05","508.41","91.64","587.04","497.1","89.95","13.01","11.32","1.69","1430.42","965.54","464.88","1396.18","940.66","455.52","34.24","24.88","9.36","3853.68","2030.47","5884.15"
"901","2011","2","Bihar","Champaran","11036.17","5789.88","5246.29","10153.21","5322.75","4830.46","882.97","467.13","415.84","275.04","140.57","134.47","269.67","137.75","131.92","5.39","2.83","2.55","1549.95","808.89","741.05","1474.29","769.03","705.25","75.67","39.86","35.8","4871.02","3016.5","1854.52","4344.26","2712.5","1631.76","526.76","303.99","222.75","757.38","593.76","163.62","736.5","574.98","161.53","20.88","18.79","2.09","2540.31","1642.59","897.73","2473.5","1590.51","882.99","66.82","52.08","14.74","7042.15","3297.69","10339.84"
"902","1961","2","Bihar","Muzaffarpur","4118.4","2011.54","2106.86","3929.57","1905.26","2024.31","188.83","106.28","82.55","0.04","0.03","0.01","0.0","0.0","0.0","0.04","0.03","0.01","613.07","291.53","321.54","593.97","281.89","312.08","19.1","9.64","9.47","707.06","569.66","137.4","623.23","509.23","114.0","83.82","60.43","23.4","692.78","576.39","116.38","688.25","572.5","115.75","4.52","3.89","0.63","418.32","313.39","104.93","415.89","311.57","104.32","2.43","1.82","0.61","2737.9","1111.1","3849.0"
"902","1971","2","Bihar","Muzaffarpur","4836.52","2427.97","2408.55","4581.9","2287.48","2294.42","254.62","140.48","114.13","0.77","0.37","0.39","0.67","0.33","0.34","0.1","0.04","0.05","764.72","377.63","387.09","736.42","362.93","373.49","28.3","14.7","13.6","834.23","660.32","173.91","726.66","585.91","140.75","107.57","74.41","33.16","585.69","568.39","17.3","578.65","561.5","17.15","7.04","6.89","0.15","665.65","564.45","101.2","654.41","554.61","99.8","11.24","9.84","1.4","3415.78","1251.34","4667.12"
"902","1981","2","Bihar","Muzaffarpur","5952.07","3033.99","2918.07","5565.58","2824.36","2741.22","385.48","209.64","175.85","1.68","0.78","0.88","1.36","0.62","0.75","0.32","0.17","0.15","930.31","467.73","462.57","889.39","446.28","443.1","40.91","21.45","19.46","1374.86","1026.29","348.57","1180.67","900.23","280.43","194.2","126.06","68.14","692.78","673.29","19.48","683.63","664.29","19.34","9.14","9.0","0.13","689.91","603.97","85.95","677.3","592.32","84.98","12.61","11.64","0.97","4241.16","1382.69","5623.85"
"902","1991","2","Bihar","Muzaffarpur","7491.47","3939.59","3551.88","6939.64","3641.52","3298.11","551.84","298.07","253.77","2.96","1.56","1.41","2.59","1.35","1.24","0.38","0.21","0.17","1180.09","618.61","561.48","1118.07","585.8","532.26","62.04","32.81","29.23","2075.25","1495.89","579.36","1784.65","1315.24","469.4","290.6","180.65","109.94","847.1","822.0","25.1","831.0","806.3","24.7","16.2","15.8","0.5","878.3","777.3","100.9","854.7","755.5","99.2","23.6","21.8","1.8","5444.47","1725.4","7169.87"
"902","2001","2","Bihar","Muzaffarpur","9126.11","4763.91","4362.21","8438.11","4396.14","4041.97","688.0","367.77","320.23","8.39","4.38","4.01","7.55","3.92","3.64","0.84","0.45","0.39","1546.74","807.62","739.12","1463.24","763.14","700.09","83.5","44.47","39.03","3426.5","2249.11","1177.39","3004.89","2000.12","1004.77","421.61","249.0","172.62","732.4","642.99","89.41","724.39","635.81","88.58","8.02","7.19","0.83","1326.58","1008.35","318.23","1304.22","989.69","314.53","22.36","18.66","3.7","6189.11","2058.98","8248.09"
"902","2011","2","Bihar","Muzaffarpur","12375.9","6521.96","5853.95","11450.78","6031.51","5419.26","925.14","490.45","434.69","11.56","6.12","5.44","9.97","5.26","4.7","1.6","0.86","0.75","1992.38","1045.68","946.7","1887.28","990.09","897.19","105.1","55.6","49.52","6156.46","3696.54","2459.94","5551.0","3353.86","2197.14","605.47","342.66","262.8","783.2","663.68","119.52","769.7","651.99","117.71","13.5","11.71","1.8","2043.88","1566.44","477.45","2003.71","1533.32","470.38","40.18","33.12","7.07","8437.02","2827.08","11264.1"
"903","1961","2","Bihar","Darbhanga","4413.03","2142.88","2270.15","4222.47","2040.08","2182.39","190.56","102.8","87.76","0.02","0.01","0.01","0.01","0.01","0.0","0.01","0.01","0.01","647.36","308.06","339.3","628.36","298.96","329.4","19.0","9.1","9.9","739.46","607.88","131.58","664.43","552.64","111.79","75.03","55.24","19.8","654.85","522.81","132.04","652.01","520.45","131.56","2.84","2.36","0.48","542.89","381.79","161.1","541.63","380.75","160.89","1.26","1.04","0.21","2841.51","1197.74","4039.25"
"903","1971","2","Bihar","Darbhanga","5242.25","2639.28","2602.97","5007.2","2509.98","2497.22","235.05","129.3","105.75","0.34","0.18","0.16","0.27","0.15","0.13","0.06","0.03","0.03","777.6","389.88","387.72","752.8","376.91","375.89","24.8","12.97","11.83","947.26","762.13","185.13","844.19","690.74","153.46","103.06","71.39","31.68","587.7","565.94","21.76","584.31","562.65","21.66","3.39","3.29","0.1","772.94","637.71","135.23","766.03","631.57","134.46","6.92","6.14","0.78","3678.97","1360.64","5039.61"
"903","1981","2","Bihar","Darbhanga","6450.91","3261.77","3189.14","6114.16","3081.23","3032.93","336.75","180.55","156.21","0.98","0.51","0.47","0.74","0.38","0.37","0.24","0.13","0.11","964.94","483.88","481.06","927.52","464.44","463.08","37.42","19.45","17.97","1512.99","1144.84","368.17","1344.06","1033.33","310.73","168.83","111.5","57.34","717.86","690.4","27.46","713.61","686.27","27.35","4.25","4.14","0.11","796.09","669.31","126.78","788.93","662.74","126.19","7.15","6.56","0.59","4563.75","1513.95","6077.7"
"903","1991","2","Bihar","Darbhanga","8059.91","4190.46","3869.46","7603.88","3946.92","3656.97","456.03","243.55","212.5","1.4","0.77","0.63","0.81","0.47","0.34","0.59","0.31","0.29","1217.22","630.7","586.52","1165.02","603.25","561.76","52.2","27.44","24.77","2231.31","1640.75","590.56","1991.99","1488.68","503.3","239.33","152.07","87.24","931.7","872.2","59.4","921.4","862.4","59.0","10.3","9.8","0.5","1000.4","808.9","191.5","986.3","796.9","189.4","14.2","12.0","2.2","5790.91","1932.1","7723.01"
"903","2001","2","Bihar","Darbhanga","10269.54","5325.25","4944.29","9754.87","5051.86","4703.01","514.67","273.39","241.28","5.46","3.84","1.62","4.66","3.4","1.27","0.81","0.45","0.36","1621.89","840.11","781.78","1563.79","809.47","754.31","58.1","30.65","27.46","3637.03","2453.73","1183.3","3320.23","2263.82","1056.41","316.8","189.91","126.89","905.01","729.59","175.43","901.86","726.76","175.1","3.16","2.83","0.33","1732.51","1167.91","564.6","1722.23","1160.32","561.91","10.28","7.59","2.69","6943.54","2637.52","9581.06"
"903","2011","2","Bihar","Darbhanga","12686.34","6619.26","6067.07","11993.71","6255.11","5738.61","692.63","364.16","328.46","8.64","4.4","4.25","7.39","3.78","3.61","1.27","0.62","0.64","2005.98","1043.66","962.31","1922.28","999.99","922.3","83.7","43.68","40.02","6114.85","3759.24","2355.63","5669.37","3504.23","2165.15","445.48","255.0","190.48","932.59","741.54","191.06","921.22","732.89","188.33","11.37","8.63","2.73","2304.39","1606.51","697.88","2275.26","1585.33","689.93","29.13","21.18","7.95","8482.36","3236.98","11719.34"
"904","1961","2","Bihar","Saharsa","1723.57","886.44","837.13","1656.14","848.83","807.31","67.43","37.61","29.82","7.61","3.95","3.66","7.58","3.93","3.65","0.03","0.02","0.0","296.13","148.18","147.95","288.42","144.24","144.18","7.71","3.94","3.77","241.41","206.94","34.48","219.14","189.66","29.48","22.27","17.27","5.0","413.93","279.49","134.44","408.93","276.05","132.88","5.0","3.44","1.56","229.11","117.04","112.07","226.36","115.67","110.69","2.75","1.37","1.38","937.8","643.04","1580.84"
"904","1971","2","Bihar","Saharsa","2350.06","1223.37","1126.69","2243.55","1164.27","1079.29","106.51","59.1","47.4","9.16","4.65","4.51","8.99","4.56","4.43","0.17","0.1","0.08","391.98","202.25","189.73","380.47","196.3","184.17","11.51","5.95","5.56","362.64","301.09","61.55","323.69","272.85","50.84","38.95","28.24","10.71","353.78","334.02","19.76","347.73","328.16","19.57","6.05","5.86","0.19","402.64","267.1","135.53","392.85","259.85","132.99","9.79","7.25","2.54","1520.48","756.42","2276.9"
"904","1981","2","Bihar","Saharsa","2953.8","1530.28","1423.52","2784.84","1437.1","1347.74","168.97","93.19","75.78","11.7","5.97","5.73","11.45","5.82","5.63","0.26","0.16","0.1","473.4","240.55","232.85","455.77","231.34","224.44","17.63","9.21","8.42","598.54","468.15","130.4","526.21","417.53","108.68","72.34","50.62","21.72","415.25","381.94","33.31","407.24","374.24","33.0","8.01","7.7","0.31","492.1","316.93","175.17","479.44","307.91","171.53","12.66","9.03","3.64","1824.82","907.35","2732.17"
"904","1991","2","Bihar","Saharsa","3652.96","1930.91","1722.06","3404.44","1794.1","1610.35","248.52","136.81","111.7","7.36","3.84","3.52","7.16","3.72","3.44","0.2","0.12","0.08","383.15","199.53","183.62","366.26","190.53","175.73","16.89","9.0","7.89","826.65","628.74","197.92","715.19","552.59","162.61","111.47","76.16","35.31","378.2","328.2","50.0","367.5","319.0","48.4","10.8","9.2","1.6","387.1","251.0","136.2","374.1","241.7","132.4","13.0","9.2","3.8","2809.96","765.3","3575.26"
"904","2001","2","Bihar","Saharsa","4776.08","2493.71","2282.37","4496.24","2342.96","2153.28","279.85","150.75","129.09","9.86","5.08","4.78","9.39","4.81","4.57","0.48","0.28","0.21","499.05","257.62","241.45","483.15","249.22","233.93","15.92","8.4","7.52","1428.98","1016.75","412.23","1274.96","920.32","354.65","154.02","96.43","57.59","672.14","457.41","214.73","666.94","453.17","213.76","5.21","4.24","0.97","1095.74","598.23","497.51","1080.95","589.43","491.52","14.79","8.8","5.99","3459.08","1767.89","5226.97"
"904","2011","2","Bihar","Saharsa","4129.74","2152.45","1977.28","3867.64","2013.38","1854.26","262.1","139.08","123.02","16.18","8.34","7.84","15.62","8.04","7.57","0.56","0.3","0.26","671.5","347.07","324.43","648.14","334.85","313.29","23.36","12.21","11.14","1838.28","1154.04","684.23","1675.42","1059.08","616.34","162.86","94.96","67.9","366.48","273.64","92.84","361.17","269.41","91.76","5.31","4.23","1.08","911.1","550.91","360.2","896.98","540.24","356.74","14.12","10.66","3.46","2602.15","1277.58","3879.73"
"905","1961","2","Bihar","Purnea","3089.13","1607.28","1481.85","2903.53","1499.63","1403.9","185.6","107.65","77.95","120.71","60.73","59.98","117.61","59.13","58.48","3.11","1.6","1.51","378.03","191.62","186.42","359.08","181.44","177.64","18.95","10.17","8.78","498.15","410.16","87.99","425.72","356.8","68.92","72.43","53.36","19.07","564.76","473.97","90.79","557.9","467.93","89.97","6.86","6.04","0.82","359.67","227.1","132.57","355.97","224.68","131.3","3.7","2.42","1.28","1868.66","924.43","2793.09"
"905","1971","2","Bihar","Purnea","3942.92","2053.8","1889.11","3692.61","1912.86","1779.75","250.3","140.94","109.36","155.81","79.22","76.59","151.65","77.02","74.63","4.16","2.2","1.96","447.18","229.91","217.27","424.02","217.29","200.73","23.16","12.62","10.55","625.72","499.75","125.98","522.68","428.28","94.4","103.04","71.46","31.58","570.73","546.56","24.17","561.46","537.39","24.07","9.27","9.17","0.1","579.03","429.62","149.41","567.24","419.52","147.72","11.79","10.1","1.69","2631.96","1149.76","3781.72"
"905","1981","2","Bihar","Purnea","5024.33","2608.65","2415.69","4602.95","2376.68","2226.27","421.39","231.97","189.42","201.13","102.58","98.55","193.7","98.47","95.22","7.45","4.11","3.33","567.58","290.41","277.17","526.32","268.4","257.94","41.25","22.01","19.24","993.32","753.09","240.24","799.57","624.89","174.68","193.75","128.2","65.55","606.58","582.45","24.12","593.92","570.04","23.87","12.67","12.41","0.26","864.59","633.82","230.76","842.72","616.2","226.52","21.87","17.63","4.24","3252.95","1471.17","4724.12"
"905","1991","2","Bihar","Purnea","6300.02","3297.55","3002.46","5768.69","3010.44","2758.26","531.32","287.11","244.22","239.59","123.81","115.79","230.35","118.77","111.58","9.24","5.03","4.21","679.84","352.61","327.22","627.06","324.66","302.39","52.76","27.94","24.82","1331.51","980.3","351.22","1067.93","812.22","255.71","263.59","168.08","95.5","772.1","725.3","46.7","754.8","708.9","45.9","17.3","16.6","0.7","1099.9","812.0","288.1","1072.6","789.6","282.9","27.3","22.2","5.1","4231.02","1872.0","6103.02"
"905","2001","2","Bihar","Purnea","8349.22","4346.57","4002.64","7647.49","3969.9","3677.59","701.73","376.67","325.06","328.91","169.0","159.9","313.96","160.94","153.01","14.95","8.05","6.89","899.79","465.56","434.23","829.65","428.35","401.3","70.15","37.22","32.92","2273.25","1566.55","706.7","1875.02","1325.41","549.61","398.23","241.14","157.09","745.46","603.68","141.78","735.02","593.96","141.06","10.44","9.72","0.72","1931.63","1272.54","659.09","1902.42","1250.06","652.36","29.21","22.48","6.72","5221.22","2677.09","7898.3"
"905","2011","2","Bihar","Purnea","10837.62","5630.1","5207.52","9890.89","5132.83","4758.05","946.73","497.27","449.47","422.53","215.98","206.56","394.95","201.79","193.16","27.6","14.2","13.4","1149.86","595.84","554.02","1051.73","544.82","506.92","98.15","51.03","47.1","4553.35","2735.08","1818.27","3965.26","2402.47","1562.78","588.09","332.61","255.48","697.05","568.82","128.23","681.21","555.12","126.09","15.86","13.71","2.14","2431.13","1669.15","761.97","2375.36","1628.22","747.15","55.76","40.93","14.84","7081.78","3128.18","10209.96"
"906","1961","2","Bihar","Saran","3584.92","1677.78","1907.14","3435.0","1597.66","1837.35","149.92","80.12","69.79","0.09","0.03","0.06","0.06","0.02","0.04","0.03","0.01","0.02","370.29","164.38","205.91","359.5","158.64","200.86","10.78","5.73","5.05","654.08","544.74","109.34","596.28","501.93","94.35","57.8","42.8","15.0","780.91","561.18","219.73","773.72","556.08","217.65","7.19","5.1","2.09","238.82","113.99","124.83","236.02","112.63","123.4","2.8","1.37","1.43","2337.65","1019.73","3357.38"
"906","1971","2","Bihar","Saran","4283.44","2082.9","2200.54","4103.62","1985.91","2117.71","179.82","96.99","82.83","1.43","0.7","0.74","0.89","0.4","0.49","0.54","0.29","0.25","481.71","229.45","252.26","467.94","222.2","245.75","13.76","7.25","6.51","815.01","675.41","139.61","747.03","626.77","120.26","67.99","48.64","19.35","613.83","585.24","28.59","606.47","578.22","28.25","7.36","7.01","0.35","385.66","274.8","110.86","375.86","266.95","108.92","9.8","7.85","1.95","3140.05","999.49","4139.54"
"906","1981","2","Bihar","Saran","5225.37","2570.88","2654.5","4909.49","2403.27","2506.22","315.89","167.6","148.28","30.35","14.73","15.62","28.08","13.57","14.52","2.27","1.18","1.1","592.59","289.77","302.82","564.27","274.8","289.48","28.31","14.98","13.34","1281.53","998.88","282.66","1141.49","903.97","237.5","140.03","94.88","45.15","738.99","705.2","33.77","726.96","693.48","33.48","12.02","11.72","0.3","319.55","235.13","84.42","307.02","223.98","83.05","12.52","11.15","1.37","3918.45","1058.54","4976.99"
"906","1991","2","Bihar","Saran","6448.26","3253.35","3194.92","6001.53","3015.51","2986.03","446.74","237.85","208.89","35.05","17.85","17.2","33.46","16.97","16.48","1.6","0.88","0.71","751.56","381.87","369.68","710.49","360.0","350.49","41.07","21.88","19.19","1981.1","1403.91","527.19","1769.91","1315.07","454.85","211.2","138.84","72.35","856.4","810.1","46.3","834.7","789.0","45.9","21.6","21.1","0.5","447.9","346.8","100.9","426.6","328.0","98.7","21.2","18.8","2.4","4902.26","1304.3","6206.56"
"906","2001","2","Bihar","Saran","8109.66","4058.8","4050.86","7533.25","3755.08","3778.16","576.41","303.72","272.7","26.65","13.22","13.42","24.66","12.16","12.51","1.98","1.07","0.92","966.19","488.13","478.07","912.64","459.68","452.98","53.55","28.45","25.1","3335.53","2168.4","1167.13","3011.67","1967.47","1044.2","323.86","200.94","122.93","869.4","731.96","137.44","855.71","719.79","135.93","13.69","12.17","1.52","834.78","537.65","297.14","811.62","520.99","290.63","23.16","16.66","6.5","5878.66","1704.18","7582.84"
"906","2011","2","Bihar","Saran","9844.33","4965.58","4878.76","9145.42","4602.78","4542.65","698.92","362.81","336.12","184.6","91.62","92.96","179.11","88.8","90.31","5.49","2.84","2.66","1180.82","598.22","582.61","1117.88","565.54","552.34","62.94","32.67","30.27","5470.63","3195.59","2275.05","5020.12","2940.14","2079.99","450.51","255.45","195.07","705.99","584.78","121.21","692.18","572.63","119.54","13.81","12.15","1.67","1208.47","899.65","308.81","1176.83","873.87","302.98","31.64","25.8","5.84","7143.49","1914.46","9057.95"
"907","1961","2","Bihar","Patna","2949.75","1522.69","1427.06","2355.85","1195.16","1160.69","593.9","327.53","266.37","1.51","0.87","0.64","0.42","0.23","0.19","1.09","0.64","0.45","474.49","240.33","234.17","419.2","210.65","208.55","55.29","29.68","25.61","847.58","662.56","185.02","564.26","466.75","97.5","283.33","195.81","87.52","450.97","346.12","104.85","436.45","335.34","101.11","14.52","10.78","3.74","296.36","156.73","139.63","288.3","152.09","136.21","8.06","4.64","3.42","1840.84","747.33","2588.17"
"907","1971","2","Bihar","Patna","3553.18","1863.11","1690.08","2752.29","1422.39","1329.9","800.9","440.72","360.18","2.28","1.27","1.01","1.06","0.46","0.6","1.22","0.8","0.42","588.63","304.13","284.49","509.22","261.57","247.65","79.41","42.57","36.84","1057.94","803.73","254.22","672.71","543.89","128.82","385.23","259.84","125.4","395.82","370.58","25.24","377.56","353.05","24.5","18.26","17.52","0.74","409.74","271.61","138.14","384.88","252.59","132.28","24.87","19.01","5.86","2477.39","805.56","3282.95"
"907","1981","2","Bihar","Patna","4660.53","2449.6","2210.93","3316.62","1719.11","1597.52","1343.9","730.5","613.41","6.59","3.7","2.89","2.15","0.98","1.17","4.44","2.72","1.71","779.78","405.3","374.48","637.8","329.39","308.42","141.97","75.91","66.06","1740.06","1233.12","506.95","1001.82","759.12","242.7","738.24","474.0","264.24","434.7","409.93","24.76","411.61","387.81","23.79","23.09","22.13","0.97","465.58","320.46","145.12","431.3","294.44","136.87","34.28","26.02","8.26","3285.07","900.28","4185.35"
"907","1991","2","Bihar","Patna","5616.21","2991.07","2625.13","3943.29","2084.84","1858.44","1672.92","906.23","766.69","5.71","3.11","2.6","1.57","0.78","0.78","4.14","2.32","1.82","947.74","502.91","444.83","778.47","411.83","366.64","169.28","91.08","78.19","2398.24","1617.69","780.55","1399.71","1009.03","390.68","998.54","608.66","389.88","520.5","469.5","51.0","489.9","441.1","48.7","30.7","28.4","2.3","605.3","424.7","180.6","556.0","384.4","171.7","49.2","40.3","8.9","4012.21","1125.8","5138.01"
"907","2001","2","Bihar","Patna","7078.18","3751.42","3326.76","4755.81","2500.1","2255.71","2322.37","1251.32","1071.05","10.21","5.87","4.33","2.76","1.8","0.96","7.45","4.08","3.37","1203.78","635.24","568.54","974.87","512.55","462.32","228.91","122.69","106.21","3529.81","2229.17","1300.63","1986.83","1320.08","666.76","1542.97","909.09","633.88","638.29","490.54","147.75","613.03","469.08","143.95","25.27","21.47","3.8","853.42","521.87","331.55","809.0","490.7","318.29","44.42","31.17","13.25","4750.18","1491.71","6241.89"
"907","2011","2","Bihar","Patna","8716.12","4575.57","4140.54","5743.64","3003.76","2739.88","2972.48","1571.82","1400.66","10.51","5.45","5.06","3.38","1.75","1.63","7.13","3.7","3.44","1528.59","797.33","731.26","1219.41","634.6","584.81","309.18","162.73","146.45","4979.61","2947.61","2032.01","2922.56","1791.99","1130.57","2057.05","1155.61","901.44","492.46","389.72","102.74","456.04","359.51","96.52","36.42","30.2","6.22","1192.22","784.5","407.73","1104.17","717.7","386.48","88.05","66.81","21.24","5788.81","1684.68","7473.49"
"908","1961","2","Bihar","Mungair","3387.08","1702.71","1684.37","3011.88","1505.59","1506.29","375.2","197.12","178.08","46.61","23.37","23.24","46.22","23.11","23.12","0.39","0.26","0.13","535.33","262.53","272.8","498.44","243.68","254.76","36.89","18.86","18.04","643.03","517.99","125.04","504.38","416.69","87.69","138.65","101.31","37.35","592.01","445.1","146.91","578.24","432.8","145.44","13.77","12.3","1.47","364.62","211.33","153.29","357.09","205.9","151.19","7.53","5.42","2.1","2072.7","956.62","3029.32"
"908","1971","2","Bihar","Mungair","3896.42","2013.64","1882.79","3428.24","1762.87","1665.37","468.18","250.77","217.41","54.92","27.65","27.27","54.48","27.37","27.11","0.44","0.28","0.16","602.25","303.39","298.86","559.31","280.9","278.42","42.94","22.5","20.44","786.32","617.68","168.65","605.08","490.96","114.13","181.24","126.72","54.52","449.69","428.99","20.7","433.18","413.16","20.02","16.51","15.82","0.68","548.1","408.55","139.55","525.12","388.83","136.29","22.98","19.72","3.26","2692.85","997.79","3690.64"
"908","1981","2","Bihar","Mungair","4771.77","2473.79","2297.99","4151.03","2143.07","2007.96","620.74","330.72","290.03","61.15","30.74","30.42","56.78","28.45","28.33","4.39","2.28","2.09","729.91","371.01","358.91","664.39","336.55","327.84","65.53","34.46","31.07","1263.44","928.07","335.36","970.09","732.88","237.21","293.34","195.19","98.16","541.86","507.75","34.11","521.11","487.76","33.36","20.74","20.0","0.75","592.58","440.74","151.84","564.51","417.74","146.76","28.07","23.0","5.08","3281.67","1134.44","4416.11"
"908","1991","2","Bihar","Mungair","5862.03","3110.47","2751.55","5117.8","2710.53","2407.56","744.15","400.17","343.99","71.6","37.16","34.45","69.89","36.17","33.72","1.71","0.98","0.74","910.13","477.7","432.44","833.17","436.67","396.49","76.96","41.01","35.95","1795.68","1279.89","515.79","1413.62","1034.81","378.81","382.06","245.09","136.98","668.9","596.9","71.9","641.0","570.6","70.4","27.9","26.3","1.7","771.0","579.6","191.4","731.8","546.6","185.2","39.1","33.0","6.2","4110.03","1439.9","5549.93"
"908","2001","2","Bihar","Mungair","7216.38","3788.49","3427.89","6454.96","3381.98","3072.98","761.42","406.51","354.91","93.11","48.03","45.08","90.43","46.59","43.82","2.68","1.43","1.26","1150.26","600.4","549.87","1065.49","555.35","510.13","84.77","45.04","39.73","2790.56","1834.81","955.75","2327.56","1557.74","769.82","463.0","277.07","185.93","626.26","493.01","133.26","612.58","481.0","131.58","13.68","12.01","1.68","1114.67","725.74","388.93","1087.95","707.05","380.9","26.73","18.7","8.03","4590.38","1740.93","6331.32"
"908","2011","2","Bihar","Mungair","9402.86","4952.64","4450.21","7968.41","4193.89","3774.53","1434.44","758.75","675.7","111.42","56.95","54.49","107.8","55.09","52.71","3.63","1.84","1.79","1450.26","758.37","691.88","1295.42","676.8","618.64","154.82","81.58","73.25","4813.06","2889.4","1923.67","3909.48","2371.87","1537.61","903.57","517.53","386.04","586.04","463.83","122.21","559.66","441.03","118.63","26.4","22.8","3.59","1554.19","1070.24","483.95","1477.73","1010.27","467.46","76.45","59.98","16.47","6198.41","2140.23","8338.64"
"909","1961","2","Bihar","Bhagalpur","1711.14","877.03","834.11","1524.42","775.11","749.31","186.72","101.92","84.8","64.47","32.92","31.56","64.13","32.62","31.51","0.34","0.3","0.04","198.09","99.51","98.58","182.89","91.5","91.39","15.2","8.01","7.19","347.52","272.68","74.84","269.62","217.75","51.87","77.9","54.93","22.98","306.28","214.95","91.34","303.33","212.52","90.81","2.95","2.43","0.53","201.23","107.9","93.33","199.91","107.1","92.81","1.32","0.8","0.52","997.27","507.51","1504.78"
"909","1971","2","Bihar","Bhagalpur","2086.99","1089.07","997.92","1865.33","967.68","897.65","221.66","121.4","100.27","75.06","38.27","36.79","74.48","37.85","36.63","0.57","0.42","0.16","226.67","115.69","110.99","211.21","107.4","103.81","15.46","8.28","7.18","447.31","339.57","107.73","346.21","272.43","73.79","101.09","67.15","33.95","241.95","228.79","13.16","238.02","225.0","13.02","3.93","3.79","0.14","312.55","216.11","96.44","305.85","210.41","95.44","6.7","5.71","1.0","1421.55","554.5","1976.05"
"909","1981","2","Bihar","Bhagalpur","2621.0","1371.84","1249.59","2314.22","1205.64","1108.57","307.21","166.2","141.01","92.11","47.2","44.91","91.1","46.55","44.55","1.01","0.65","0.36","287.95","148.27","139.68","264.02","135.6","128.43","23.93","12.68","11.25","720.24","522.79","197.45","562.52","420.55","141.98","157.72","102.25","55.47","299.6","279.92","19.68","293.47","273.99","19.48","6.14","5.94","0.2","321.86","238.71","83.15","312.72","230.96","81.77","9.14","7.76","1.38","1783.57","621.46","2405.03"
"909","1991","2","Bihar","Bhagalpur","3202.47","1707.51","1494.97","2814.39","1498.57","1315.82","388.08","208.94","179.15","110.74","57.62","53.11","109.56","56.94","52.63","1.17","0.68","0.49","333.45","176.8","156.66","305.19","161.63","143.55","28.27","15.16","13.1","987.13","701.72","285.4","776.25","571.28","204.97","210.88","130.45","80.43","380.6","338.3","42.3","369.1","327.8","41.3","11.5","10.5","1.0","423.3","314.7","108.7","407.5","300.9","106.6","15.9","13.8","2.1","2232.47","803.9","3036.37"
"909","2001","2","Bihar","Bhagalpur","4039.11","2137.25","1901.86","3530.84","1864.64","1666.2","508.27","272.61","235.66","130.62","68.04","62.58","128.74","66.89","61.85","1.87","1.14","0.73","454.75","240.09","214.65","413.46","217.96","195.51","41.28","22.14","19.15","1550.08","1018.78","531.3","1246.29","839.37","406.92","303.79","179.4","124.39","384.25","283.85","100.4","378.11","278.75","99.36","6.15","5.1","1.05","746.25","462.57","283.68","728.92","450.2","278.72","17.33","12.37","4.96","2548.11","1130.5","3678.61"
"909","2011","2","Bihar","Bhagalpur","5072.53","2682.8","2389.72","4398.68","2324.49","2074.2","673.84","358.32","315.53","157.61","81.45","76.17","155.85","80.58","75.27","1.76","0.87","0.9","566.43","299.33","267.1","509.32","268.96","240.36","57.11","30.37","26.73","2538.39","1528.63","1009.76","2105.63","1282.72","822.91","432.76","245.91","186.85","307.6","237.81","69.8","300.28","231.45","68.83","7.32","6.35","0.97","937.84","633.51","304.34","912.87","612.96","299.91","24.98","20.55","4.43","3317.92","1245.44","4563.36"
"910","1961","15","Jharkhand","Santhal Paragana / Dumka","2675.2","1351.15","1324.05","2532.25","1272.82","1259.43","142.95","78.33","64.63","1023.08","511.19","511.89","1017.38","508.16","509.22","5.7","3.03","2.67","202.31","100.85","101.46","188.81","93.91","94.9","13.5","6.94","6.55","391.21","325.18","66.03","323.78","277.96","45.82","67.43","47.22","20.21","1033.44","551.65","481.79","1028.86","548.87","479.98","4.58","2.78","1.8","124.4","66.43","57.97","123.64","66.04","57.6","0.75","0.39","0.37","1271.94","1157.84","2429.77"
"910","1971","15","Jharkhand","Santhal Paragana / Dumka","3183.53","1624.46","1559.08","2999.83","1524.15","1475.68","183.7","100.31","83.4","1154.28","576.73","577.55","1148.03","573.27","574.76","6.25","3.46","2.79","229.04","116.92","112.12","212.86","108.47","104.39","16.18","8.45","7.73","497.9","400.24","97.67","408.43","340.02","68.41","89.47","60.22","29.25","632.87","566.6","66.27","628.89","562.72","66.17","3.98","3.88","0.1","264.57","188.11","76.46","260.49","184.6","75.89","4.08","3.51","0.57","2144.95","897.44","3042.39"
"910","1981","15","Jharkhand","Santhal Paragana / Dumka","3717.53","1899.41","1818.12","3461.44","1760.68","1700.76","256.09","138.73","117.36","1367.87","690.21","677.66","1358.06","684.94","673.12","9.81","5.27","4.53","311.8","158.72","153.08","288.58","146.53","142.05","23.22","12.19","11.03","827.4","636.12","191.29","685.32","544.31","141.02","142.08","91.81","50.27","732.16","627.92","104.24","726.52","622.59","103.93","5.64","5.33","0.32","256.14","176.69","79.44","252.3","173.32","78.98","3.83","3.37","0.46","2204.49","988.3","3192.79"
"910","1991","15","Jharkhand","Santhal Paragana / Dumka","4591.09","2373.03","2218.06","4256.38","2192.01","2064.35","334.72","181.02","153.7","1463.94","742.02","721.93","1451.88","735.56","716.32","12.07","6.46","5.62","363.47","188.36","175.11","332.63","172.09","160.55","30.83","16.28","14.56","1196.25","884.37","311.9","999.68","762.45","237.25","196.57","121.93","74.65","910.5","738.3","172.1","902.4","730.9","171.7","8.1","7.5","0.6","364.0","256.9","107.2","358.2","251.8","106.4","5.8","5.1","0.7","4591.09","1274.5","5865.59"
"910","2001","15","Jharkhand","Santhal Paragana / Dumka","5592.4","2881.1","2711.3","5147.1","2642.53","2504.57","445.3","238.57","206.73","1675.42","842.81","832.62","1657.3","833.2","824.11","18.12","9.61","8.52","448.53","231.83","216.7","405.44","209.09","196.36","43.1","22.76","20.33","1997.58","1357.19","640.41","1697.19","1179.96","517.24","300.39","177.22","123.17","884.8","587.47","297.33","880.24","584.01","296.22","4.56","3.47","1.09","830.42","472.62","357.8","824.86","468.57","356.3","5.57","4.08","1.5","981.22","1715.22","2696.44"
"910","2011","15","Jharkhand","Santhal Paragana / Dumka","6969.09","3568.34","3400.75","6253.21","3192.16","3061.07","715.89","376.2","339.7","1959.13","972.1","987.05","1933.84","959.37","974.47","25.29","12.73","12.58","558.92","287.82","271.09","487.54","250.63","236.89","71.39","37.19","34.2","3332.92","2024.88","1308.04","2842.89","1747.77","1095.13","490.03","277.11","212.92","787.98","521.25","266.73","779.4","514.17","265.23","8.59","7.08","1.5","1313.14","732.92","580.24","1297.38","721.63","575.74","15.79","11.28","4.49","4019.25","2101.12","6120.37"
"911","1961","2","Bihar","Shahabad (now part of Bhojpur district)","3218.02","1616.73","1601.29","2986.32","1491.19","1495.12","231.7","125.54","106.16","22.17","11.25","10.93","21.79","11.04","10.76","0.38","0.21","0.17","515.05","254.79","260.26","494.09","243.78","250.31","20.96","11.01","9.95","700.77","583.02","117.75","607.12","515.0","92.12","93.65","68.02","25.63","578.69","449.68","129.01","571.81","444.33","127.48","6.88","5.35","1.53","281.0","154.67","126.33","278.69","153.38","125.31","2.31","1.29","1.02","2023.7","859.69","2883.39"
"911","1971","2","Bihar","Shahabad (now part of Bhojpur district)","3938.27","2014.56","1923.7","3615.11","1839.0","1776.11","323.16","175.57","147.59","38.73","20.17","18.56","36.64","19.02","17.62","2.09","1.15","0.94","655.8","334.28","321.52","622.79","316.9","305.89","33.01","17.38","15.63","951.58","764.71","186.88","816.51","669.74","146.77","135.07","94.97","40.1","465.25","446.69","18.56","456.58","438.24","18.34","8.66","8.45","0.22","469.87","326.02","143.85","458.3","316.4","141.9","11.57","9.62","1.95","2785.01","935.12","3720.13"
"911","1981","2","Bihar","Shahabad (now part of Bhojpur district)","4773.93","2478.56","2295.36","4285.67","2215.25","2070.43","488.26","263.32","224.94","45.04","23.58","21.46","41.88","21.9","19.97","3.17","1.67","1.49","794.08","411.81","382.27","747.85","387.01","360.85","46.23","24.8","21.43","1477.71","1125.66","352.05","1234.45","962.62","271.84","243.8","163.04","80.76","543.85","522.55","21.31","532.41","511.35","21.06","11.45","11.2","0.25","471.16","364.74","106.42","456.88","352.05","104.84","14.28","12.69","1.59","3432.29","1015.01","4447.3"
"911","1991","2","Bihar","Shahabad (now part of Bhojpur district)","3710.18","-1.0","-1.0","-1.0","-1.0","-1.0","-1.0","-1.0","-1.0","54.36","29.07","25.29","51.16","27.33","23.83","3.2","1.74","1.46","959.24","508.82","450.41","901.57","477.84","423.73","57.66","30.98","26.68","-1.0","-1.0","-1.0","-1.0","-1.0","-1.0","-1.0","-1.0","-1.0","640.1","610.2","30.0","624.6","594.9","29.7","15.5","15.2","0.3","616.5","481.6","134.8","594.9","462.2","132.7","21.6","19.4","2.2","2174.18","1256.6","3430.78"
"911","2001","2","Bihar","Shahabad (now part of Bhojpur district)","4682.18","2457.99","2224.19","4043.3","2115.76","1927.54","638.88","342.23","296.65","78.09","41.15","36.94","71.49","37.63","33.87","6.6","3.52","3.07","1272.23","670.67","601.56","1197.97","630.83","567.14","74.26","39.84","34.42","2329.22","1521.81","807.41","1929.49","1282.16","647.33","399.73","239.65","160.08","483.59","419.3","64.3","473.62","410.1","63.52","9.97","9.2","0.78","551.96","380.17","171.79","536.42","367.88","168.53","15.54","12.29","3.26","2435.18","1035.56","3470.73"
"911","2011","2","Bihar","Shahabad (now part of Bhojpur district)","9021.06","4708.92","4312.16","7973.36","4155.94","3817.44","1047.7","552.98","494.73","130.43","67.58","62.84","120.41","62.33","58.07","10.03","5.25","4.78","1595.78","833.83","761.96","1495.34","781.07","714.28","100.44","52.75","47.68","5309.07","3178.73","2130.33","4605.34","2777.49","1827.85","703.74","401.25","302.48","666.53","564.92","101.61","649.95","549.69","100.23","16.58","15.22","1.37","1290.81","925.07","365.74","1255.31","895.59","359.73","35.49","29.48","6.02","6224.2","1957.34","8181.54"
"912","1961","2","Bihar","Gaya","3647.89","1814.67","1833.22","3382.79","1672.19","1710.6","265.1","142.48","122.62","0.59","0.3","0.29","0.46","0.23","0.23","0.14","0.07","0.06","895.02","444.38","450.65","865.31","429.2","436.11","29.71","15.18","14.53","699.23","571.58","127.65","591.71","493.5","98.22","107.52","78.09","29.43","773.34","528.05","245.29","766.52","522.75","243.77","6.82","5.3","1.52","434.36","220.13","214.24","429.95","217.77","212.17","4.42","2.36","2.06","2152.89","1207.7","3360.6"
"912","1971","2","Bihar","Gaya","4454.77","2256.32","2198.44","4114.66","2074.62","2040.04","340.12","181.71","158.41","1.54","0.92","0.62","1.38","0.81","0.57","0.16","0.11","0.05","1098.84","551.84","547.0","1061.55","532.24","529.3","37.29","19.6","17.69","953.63","762.55","191.08","805.82","660.17","145.65","147.81","102.38","45.43","622.61","582.55","40.06","615.1","575.43","39.66","7.51","7.12","0.39","540.1","348.57","191.53","530.23","340.72","189.51","9.87","7.85","2.02","3089.45","1162.71","4252.16"
"912","1981","2","Bihar","Gaya","5470.43","2778.9","2691.54","4971.48","2514.0","2457.48","498.95","264.9","234.05","2.88","1.43","1.46","2.52","1.24","1.29","0.37","0.21","0.16","1353.05","683.78","669.28","1293.74","652.72","641.04","59.31","31.06","28.25","1586.58","1198.3","388.28","1330.97","1032.6","298.36","255.6","165.69","89.93","742.57","660.8","81.78","731.31","650.15","81.17","11.24","10.64","0.61","621.69","395.52","226.17","608.01","385.68","222.34","13.7","9.86","3.84","3714.32","1364.26","5078.58"
"912","1991","2","Bihar","Gaya","6739.38","3504.91","3234.49","6096.42","3161.72","2934.69","642.98","343.19","299.79","3.46","1.91","1.55","2.89","1.57","1.32","0.57","0.32","0.24","1694.64","883.09","811.54","1613.77","840.41","773.37","80.89","42.69","38.2","2259.81","1628.47","631.35","1906.9","1405.61","501.29","352.92","222.86","130.05","904.9","794.8","110.2","887.9","779.0","108.9","17.1","15.9","1.2","801.9","533.7","268.3","780.4","518.0","262.4","21.6","15.8","5.8","4716.38","1706.8","6423.18"
"912","2001","2","Bihar","Gaya","8790.77","4537.59","4253.19","7896.34","4063.06","3833.28","894.43","474.53","419.91","8.06","4.23","3.84","6.88","3.58","3.29","1.19","0.64","0.54","2224.65","1146.08","1078.57","2115.67","1088.65","1027.03","108.95","57.43","51.52","3745.6","2440.81","1304.79","3183.83","2108.66","1075.17","561.78","332.15","229.63","1159.44","834.58","324.86","1142.58","820.83","321.75","16.87","13.75","3.11","1387.88","800.05","587.83","1359.93","782.15","577.78","27.95","17.9","10.05","5588.77","2547.32","8136.09"
"912","2011","2","Bihar","Gaya","10976.79","5679.0","5297.8","9755.72","5037.44","4718.27","1221.08","641.56","579.53","8.06","4.09","3.97","6.75","3.39","3.37","1.29","0.7","0.59","2875.8","1478.07","1397.74","2723.15","1398.65","1324.49","152.68","79.43","73.26","5859.85","3506.69","2353.16","5043.72","3045.48","1998.24","816.15","461.22","354.92","900.93","662.95","237.98","880.21","645.28","234.93","20.72","17.66","3.05","1931.34","1222.15","709.16","1880.18","1185.75","694.43","51.13","36.41","14.73","7056.2","2832.27","9888.47"
"913","1961","15","Jharkhand","Hazaribagh","2396.41","1203.5","1192.91","2195.23","1092.68","1102.55","201.18","110.83","90.36","270.69","137.3","133.4","264.64","134.13","130.5","6.06","3.16","2.89","300.65","146.11","154.54","277.58","133.9","143.69","23.07","12.22","10.85","346.81","293.15","53.66","265.98","234.81","31.18","80.83","58.34","22.48","785.34","419.0","366.35","777.44","414.61","362.83","7.9","4.38","3.52","110.07","52.3","57.77","109.56","52.04","57.52","0.51","0.26","0.25","1236.16","895.41","2131.58"
"913","1971","15","Jharkhand","Hazaribagh","3016.21","1523.31","1492.91","2627.76","1307.85","1319.91","388.46","215.46","173.0","331.8","165.22","166.58","311.03","154.4","156.64","20.77","10.83","9.94","364.65","177.64","187.02","325.68","157.19","168.49","38.98","20.45","18.53","487.9","396.07","91.83","329.98","285.63","44.35","157.92","110.44","47.49","484.49","438.76","45.73","473.29","428.39","44.9","11.19","10.37","0.83","203.05","138.41","64.64","196.58","132.94","63.64","6.47","5.47","1.0","2122.78","687.54","2810.32"
"913","1981","15","Jharkhand","Hazaribagh","3929.77","1997.43","1932.34","3350.74","1674.56","1676.17","579.03","322.88","256.17","423.67","214.53","209.14","389.55","196.48","193.06","34.13","18.05","16.08","640.96","318.93","322.03","568.13","279.61","288.52","72.84","39.32","33.51","930.81","727.68","203.13","642.37","533.88","108.5","288.44","193.8","94.63","582.81","515.02","67.79","574.21","507.01","67.19","8.6","8.01","0.6","177.92","121.88","56.04","174.26","118.75","55.53","3.66","3.14","0.51","2593.22","760.73","3353.95"
"913","1991","15","Jharkhand","Hazaribagh","5069.02","2619.67","2449.36","4211.67","2147.0","2064.66","857.36","472.66","384.69","522.51","268.88","253.63","463.03","237.55","225.48","59.49","31.33","28.16","833.46","427.28","406.18","724.2","367.83","356.37","109.25","59.45","49.8","1474.0","1099.55","374.45","1010.01","797.66","212.35","464.0","301.89","162.11","742.8","622.2","120.6","728.6","609.3","119.3","14.4","13.0","1.4","275.2","196.1","79.2","266.2","188.6","77.6","9.0","7.5","1.6","5069.02","1018.0","6087.02"
"913","2001","15","Jharkhand","Hazaribagh","6657.92","3406.2","3251.75","5339.2","2695.28","2643.93","1318.73","710.92","607.82","633.71","323.3","310.4","540.4","275.22","265.19","93.33","48.1","45.23","1073.4","545.64","527.76","923.01","465.46","457.55","150.39","80.18","70.2","2876.01","1898.25","977.76","1981.57","1359.77","621.79","894.44","538.47","355.98","915.19","562.7","352.5","905.43","555.41","350.02","9.78","7.29","2.49","561.49","307.18","254.32","553.18","301.49","251.69","8.34","5.71","2.62","1487.43","1476.68","2964.11"
"913","2011","15","Jharkhand","Hazaribagh","8270.32","4263.15","4007.17","6504.79","3334.34","3170.45","1765.53","928.81","836.71","784.86","396.66","388.19","659.74","333.35","326.4","125.12","63.32","61.79","1385.4","707.85","677.57","1168.46","595.47","572.98","216.96","112.37","104.6","4616.8","2781.15","1835.65","3372.19","2070.04","1302.14","1244.6","711.13","533.5","997.71","568.0","429.7","977.69","554.91","422.78","20.02","13.12","6.93","919.3","492.68","426.61","900.18","479.48","420.71","19.11","13.21","5.91","5152.98","1917.01","7069.99"
"914","1961","15","Jharkhand","Dhanbad","1158.61","646.6","512.01","868.7","470.53","398.17","289.91","176.07","113.84","128.39","66.89","61.5","119.31","61.91","57.41","9.08","4.99","4.09","206.97","114.37","92.6","162.28","88.65","73.64","44.69","25.72","18.97","295.28","240.56","54.71","171.2","149.04","22.16","124.07","91.52","32.55","227.63","118.33","109.31","221.82","115.59","106.23","5.81","2.74","3.08","24.8","12.11","12.68","24.12","11.82","12.3","0.68","0.29","0.39","593.24","252.43","845.67"
"914","1971","15","Jharkhand","Dhanbad","1466.16","820.9","645.26","827.08","438.62","388.47","639.07","382.28","256.8","155.65","79.15","76.5","127.11","64.57","62.54","28.54","14.58","13.96","222.62","123.9","98.72","140.46","75.48","64.98","82.16","48.42","33.74","435.46","339.64","95.83","168.32","145.16","23.16","267.14","194.48","72.67","115.39","108.8","6.59","105.36","99.48","5.88","10.03","9.32","0.71","59.02","46.59","12.43","52.52","40.79","11.73","6.51","5.8","0.7","971.85","174.41","1146.26"
"914","1981","15","Jharkhand","Dhanbad","2115.01","1166.13","948.88","1044.31","551.62","492.69","1070.7","614.5","456.2","192.78","99.28","93.5","150.88","77.03","73.86","41.9","22.25","19.64","330.77","180.78","149.98","181.27","96.21","85.06","149.5","84.57","64.93","828.26","608.32","219.94","275.42","228.24","47.18","552.85","380.08","172.77","108.55","100.2","8.35","101.61","93.51","8.1","6.94","6.69","0.25","45.41","35.85","9.57","41.57","32.41","9.16","3.85","3.43","0.41","1480.23","153.96","1634.19"
"914","1991","15","Jharkhand","Dhanbad","2674.65","1465.08","1209.58","1303.7","693.2","610.5","1370.95","771.88","599.07","225.28","116.57","108.71","174.71","89.59","85.12","50.58","26.98","23.6","415.61","227.72","187.9","220.46","117.71","102.75","195.16","110.01","85.15","1207.38","841.88","365.5","427.01","330.92","96.09","780.37","510.96","269.41","137.2","123.0","14.2","128.0","114.6","13.4","9.2","8.3","0.8","66.1","53.6","12.6","58.2","47.2","11.0","7.9","6.3","1.6","2674.65","203.3","2877.95"
"914","2001","15","Jharkhand","Dhanbad","2980.5","1586.79","1393.71","1460.6","763.52","697.09","1519.89","823.27","696.62","274.87","140.12","134.75","224.57","113.79","110.79","50.3","26.34","23.96","461.01","243.65","217.36","216.95","113.35","103.6","244.05","130.31","113.75","1678.57","1073.1","605.47","683.57","464.76","218.81","994.99","608.34","386.66","135.19","90.06","45.13","130.29","86.29","44.0","4.9","3.77","1.14","97.74","59.27","38.47","93.24","55.83","37.41","4.5","3.44","1.06","1733.04","232.93","1965.97"
"914","2011","15","Jharkhand","Dhanbad","3365.06","1759.99","1605.07","1480.06","765.09","714.97","1884.99","994.89","890.1","317.48","159.91","157.57","258.21","129.78","128.44","59.26","30.13","29.15","536.06","277.28","258.78","221.07","113.59","107.48","314.99","163.7","151.28","2142.46","1265.45","877.01","839.73","515.07","324.65","1302.74","750.38","552.36","142.5","80.83","61.67","132.11","74.43","57.68","10.39","6.4","4.0","145.21","78.16","67.05","132.59","69.27","63.33","12.61","8.89","3.72","2294.38","287.71","2582.09"
"915","1961","15","Jharkhand","Palamau","1187.79","598.6","589.19","1131.63","567.91","563.71","56.16","30.69","25.48","228.59","113.9","114.69","226.19","112.55","113.64","2.4","1.35","1.05","308.05","153.93","154.12","300.63","150.07","150.56","7.43","3.86","3.56","161.23","136.98","24.25","137.6","119.81","17.79","23.63","17.16","6.46","336.55","202.59","133.97","334.41","201.18","133.22","2.15","1.4","0.74","138.18","66.86","71.32","137.25","66.31","70.94","0.93","0.55","0.38","620.44","474.74","1095.18"
"915","1971","15","Jharkhand","Palamau","1501.32","764.38","736.94","1430.75","726.04","704.71","70.57","38.34","32.23","287.15","145.35","141.8","283.9","143.62","140.29","3.25","1.74","1.51","382.68","193.38","189.3","374.46","189.03","185.43","8.22","4.35","3.87","227.44","186.85","40.59","194.93","164.9","30.04","32.51","21.95","10.55","234.99","221.57","13.42","232.76","219.42","13.34","2.22","2.15","0.08","196.58","129.99","66.59","193.29","127.6","65.69","3.28","2.39","0.89","1020.18","431.57","1451.75"
"915","1981","15","Jharkhand","Palamau","1917.53","979.96","937.57","1809.42","921.11","888.31","108.11","58.85","49.26","351.43","177.23","174.2","346.54","174.62","171.92","4.89","2.61","2.28","478.23","242.2","236.02","465.2","235.28","229.92","13.03","6.93","6.1","391.39","305.95","85.44","334.94","269.17","65.77","56.45","36.78","19.67","300.02","265.42","34.61","297.39","262.9","34.5","2.63","2.52","0.11","227.72","144.75","82.98","225.83","143.37","82.45","1.9","1.37","0.53","1237.17","527.74","1764.91"
"915","1991","15","Jharkhand","Palamau","2451.19","1269.81","1181.38","2320.02","1198.67","1121.36","131.17","71.14","60.03","443.27","226.49","216.78","437.35","223.34","214.01","5.91","3.14","2.77","614.56","317.62","296.94","599.53","309.54","290.0","15.03","8.08","6.95","586.96","441.14","145.82","516.75","397.89","118.86","70.21","43.25","26.96","363.4","314.3","49.1","360.7","311.8","48.9","2.7","2.5","0.2","283.3","190.7","92.6","279.7","187.6","92.0","3.7","3.1","0.6","2451.19","646.7","3097.89"
"915","2001","15","Jharkhand","Palamau","3126.15","1614.26","1511.9","2958.56","1525.11","1433.45","167.59","89.15","78.44","551.29","280.92","270.36","545.7","277.99","267.72","5.59","2.93","2.66","786.98","406.29","380.7","764.8","394.4","370.4","22.19","11.88","10.3","1087.02","750.85","336.17","975.92","685.61","290.3","111.11","65.23","45.87","430.74","296.28","134.46","428.81","294.6","134.22","1.93","1.69","0.25","544.84","291.45","253.39","541.07","288.73","252.34","3.78","2.72","1.05","1304.7","975.58","2280.28"
"915","2011","15","Jharkhand","Palamau","3989.63","2059.55","1930.09","3642.1","1877.07","1765.04","347.53","182.48","165.05","718.18","363.51","354.68","705.79","357.32","348.47","12.39","6.19","6.2","1011.24","520.7","490.53","958.37","492.98","465.4","52.87","27.72","25.15","2028.72","1236.58","792.16","1791.5","1101.18","690.33","237.22","135.4","101.83","350.84","218.74","132.12","346.86","215.41","131.45","3.98","3.32","0.65","852.38","471.08","381.3","835.24","460.24","374.99","17.13","10.84","6.31","2391.64","1203.22","3594.86"
"916","1961","15","Jharkhand","Ranchi","2138.57","1076.25","1062.31","1936.09","964.8","971.28","202.48","111.45","91.03","1317.51","650.67","666.85","1273.77","627.09","646.68","43.75","23.58","20.17","97.4","49.28","48.12","88.26","44.28","43.98","9.14","5.01","4.13","409.24","313.97","95.27","301.9","242.96","58.94","107.34","71.01","36.33","947.13","464.4","482.74","939.11","460.3","478.81","8.03","4.1","3.93","67.51","32.41","35.1","66.15","31.74","34.42","1.35","0.67","0.68","933.65","1014.64","1948.28"
"916","1971","15","Jharkhand","Ranchi","2600.21","1316.13","1284.08","2241.9","1118.4","1123.5","358.31","197.73","160.58","1516.7","753.62","763.08","1451.6","717.47","734.13","65.1","36.14","28.96","126.24","63.96","62.28","111.46","56.07","55.38","14.78","7.89","6.9","595.15","430.34","164.81","391.7","300.34","91.36","203.45","130.0","73.45","513.1","444.23","68.87","507.25","438.67","68.58","5.85","5.56","0.29","153.66","97.89","55.77","148.06","93.6","54.47","5.59","4.29","1.3","1780.21","666.76","2446.97"
"916","1981","15","Jharkhand","Ranchi","3070.43","1563.82","1506.61","2428.02","1214.7","1213.33","642.41","349.12","293.29","1732.03","859.86","872.17","1584.91","784.75","800.15","147.13","75.11","72.02","158.1","80.69","77.41","128.22","64.7","63.51","29.88","15.98","13.9","964.56","668.98","295.58","575.98","425.45","150.53","388.58","243.52","145.06","651.55","499.32","152.23","638.1","487.25","150.84","13.46","12.07","1.39","150.76","80.56","70.2","142.43","74.28","68.15","8.33","6.29","2.04","1788.44","802.31","2590.75"
"916","1991","15","Jharkhand","Ranchi","3656.92","1880.02","1776.89","2842.21","1443.2","1399.0","814.71","436.83","377.89","1944.37","980.56","963.81","1765.99","888.91","877.08","178.38","91.64","86.74","195.46","100.95","94.51","152.3","77.99","74.3","43.16","22.97","20.19","1389.32","919.43","469.89","850.81","598.34","252.49","538.51","321.09","217.42","801.1","574.9","226.1","784.0","561.1","223.1","17.0","13.9","3.2","158.9","86.9","72.0","147.8","78.6","69.2","11.1","8.3","2.9","3656.92","960.0","4616.92"
"916","2001","15","Jharkhand","Ranchi","4493.51","2295.29","2198.22","3396.65","1713.04","1683.6","1096.85","582.23","514.61","2288.27","1146.71","1141.56","2049.97","1027.34","1022.65","238.3","119.38","118.93","223.69","114.29","109.41","164.97","83.4","81.59","58.71","30.89","27.81","2274.93","1396.35","878.58","1471.97","935.66","536.3","802.97","460.67","342.28","1039.29","582.28","457.01","1032.38","577.28","455.1","6.9","4.99","1.91","343.11","145.27","197.83","334.69","140.23","194.46","8.42","5.04","3.38","1708.16","1382.4","3090.56"
"916","2011","15","Jharkhand","Ranchi","5532.72","2808.61","2724.12","4064.96","2046.85","2018.13","1467.75","761.76","706.0","2825.54","1409.16","1416.37","2497.06","1247.37","1249.69","328.49","161.79","166.68","269.44","137.29","132.14","190.79","96.65","94.15","78.65","40.65","38.01","3358.92","1913.34","1445.58","2244.03","1304.28","939.74","1114.89","609.06","505.84","1062.85","600.14","462.72","1047.86","589.89","457.97","14.99","10.25","4.73","585.8","274.41","311.39","565.37","261.31","304.07","20.42","13.1","7.34","3132.39","1648.65","4781.04"
"917","1961","15","Jharkhand","Singhbhum","2049.91","1045.8","1004.11","1609.26","800.55","808.72","440.65","245.26","195.4","969.81","473.08","496.73","932.5","454.04","478.46","37.3","19.04","18.27","60.93","31.7","29.23","40.39","21.09","19.31","20.53","10.61","9.92","470.07","366.28","103.8","247.51","215.84","31.68","222.56","150.44","72.12","618.26","309.57","308.69","614.76","307.28","307.48","3.5","2.29","1.21","130.38","57.91","72.46","129.54","57.46","72.08","0.83","0.45","0.38","989.87","748.63","1738.5"
"917","1971","15","Jharkhand","Singhbhum","2439.02","1253.5","1185.53","1790.48","894.83","895.65","648.54","358.67","289.87","1124.32","557.17","567.3","1050.86","517.95","532.91","73.46","39.07","34.39","87.96","45.09","42.87","57.55","29.05","28.5","30.42","16.04","14.38","625.86","467.09","158.77","282.04","239.83","42.22","343.82","227.27","116.55","333.3","284.05","49.25","327.36","278.9","48.45","5.95","5.15","0.8","227.21","137.72","89.49","220.32","132.93","87.39","6.89","4.79","2.1","1628.63","560.51","2189.14"
"917","1981","15","Jharkhand","Singhbhum","2862.0","1474.0","1388.0","1944.0","976.0","968.0","918.0","497.43","420.27","1261.5","628.71","632.79","1161.49","575.75","585.75","100.01","52.97","47.05","137.06","70.17","66.88","86.66","43.65","43.01","50.39","26.52","23.87","990.0","692.0","298.0","445.0","353.0","92.0","545.0","339.0","206.0","384.0","307.0","77.0","379.0","303.0","76.0","5.0","4.0","1.0","202.0","115.0","87.0","196.0","111.0","86.0","6.0","4.0","2.0","1738.91","586.0","2324.91"
"917","1991","15","Jharkhand","Singhbhum","3401.05","1756.26","1644.79","2268.71","1147.74","1120.97","1132.34","608.52","523.82","1444.64","725.21","719.43","1311.25","655.96","655.29","133.4","69.25","64.15","166.69","85.32","81.37","102.17","51.53","50.65","64.52","33.8","30.73","1363.16","912.56","450.6","631.08","471.7","159.38","732.08","440.86","291.22","496.2","372.8","123.4","489.3","366.9","122.5","6.9","5.9","1.0","251.6","142.0","109.6","242.3","135.2","107.2","9.2","6.7","2.4","3401.05","747.8","4148.85"
"917","2001","15","Jharkhand","Singhbhum","4058.94","2077.66","1981.28","2620.61","1320.95","1299.66","1438.33","756.7","681.63","1663.51","832.11","831.4","1482.08","739.68","742.4","181.44","92.44","89.01","195.73","98.89","96.83","112.92","56.38","56.55","82.81","42.51","40.29","2056.07","1284.25","771.82","1024.55","693.21","331.34","1031.53","591.04","440.48","503.03","311.52","191.51","498.51","308.11","190.41","4.52","3.42","1.1","484.35","216.03","268.32","475.33","211.13","264.2","9.02","4.9","4.13","1259.79","987.38","2247.17"
"917","2011","15","Jharkhand","Singhbhum","4861.32","2470.7","2390.62","3109.94","1561.01","1548.94","1751.37","909.69","841.68","2039.86","1014.09","1025.77","1813.51","901.15","912.36","226.36","112.94","113.41","224.6","112.53","112.06","126.67","63.2","63.47","97.92","49.33","48.59","2848.25","1661.13","1187.12","1552.75","944.39","608.37","1295.51","716.75","578.76","472.96","302.22","170.74","468.71","298.95","169.77","4.25","3.28","0.97","620.25","292.47","327.77","608.56","284.72","323.83","11.7","7.75","3.94","2899.24","1093.21","3992.45"