"Dist Code","Year","State Code","State Name","Dist Name","DESHI PRODUCTION (Lakh Number)","IMPROVED PRODUCTION (Lakh Number)","TOTAL PRODUCTION (Lakh Number)"
"1","2007","14","Chhattisgarh","Durg","127.95","1074.78","1404.19"
"1","2008","14","Chhattisgarh","Durg","141.24","1044.84","1612.72"
"1","2009","14","Chhattisgarh","Durg","142.79","1189.15","1763.02"
"1","2010","14","Chhattisgarh","Durg","122.05","4489.53","4612.84"
"1","2011","14","Chhattisgarh","Durg","138.92","4782.24","4922.76"
"1","2012","14","Chhattisgarh","Durg","140.0","5393.31","5534.99"
"1","2013","14","Chhattisgarh","Durg","156.79","5882.72","6041.17"
"1","2014","14","Chhattisgarh","Durg","145.99","7171.49","7323.96"
"1","2015","14","Chhattisgarh","Durg","172.31","6178.87","6353.83"
"2","2007","14","Chhattisgarh","Bastar","598.88","1657.15","2403.01"
"2","2008","14","Chhattisgarh","Bastar","622.09","1633.7","2475.97"
"2","2009","14","Chhattisgarh","Bastar","645.26","1775.5","2633.82"
"2","2010","14","Chhattisgarh","Bastar","528.41","334.15","901.51"
"2","2011","14","Chhattisgarh","Bastar","529.35","325.44","892.34"
"2","2012","14","Chhattisgarh","Bastar","538.78","322.2","902.49"
"2","2013","14","Chhattisgarh","Bastar","542.31","328.87","913.08"
"2","2014","14","Chhattisgarh","Bastar","658.48","343.93","1063.6"
"2","2015","14","Chhattisgarh","Bastar","740.28","489.64","1268.58"
"3","2007","14","Chhattisgarh","Raipur","187.1","1678.18","2254.17"
"3","2008","14","Chhattisgarh","Raipur","191.08","1606.55","2353.28"
"3","2009","14","Chhattisgarh","Raipur","197.23","1762.02","2568.17"
"3","2010","14","Chhattisgarh","Raipur","184.08","5099.73","5301.98"
"3","2011","14","Chhattisgarh","Raipur","196.89","5142.27","5357.97"
"3","2012","14","Chhattisgarh","Raipur","202.06","5286.23","5507.04"
"3","2013","14","Chhattisgarh","Raipur","215.92","5142.08","5376.76"
"3","2014","14","Chhattisgarh","Raipur","196.43","4780.64","4996.8"
"3","2015","14","Chhattisgarh","Raipur","184.68","5835.86","6032.98"
"4","2007","14","Chhattisgarh","Bilaspur","186.8","981.66","1255.93"
"4","2008","14","Chhattisgarh","Bilaspur","197.94","986.73","1330.73"
"4","2009","14","Chhattisgarh","Bilaspur","206.98","1128.09","1437.23"
"4","2010","14","Chhattisgarh","Bilaspur","179.84","397.42","580.45"
"4","2011","14","Chhattisgarh","Bilaspur","178.09","464.89","645.1"
"4","2012","14","Chhattisgarh","Bilaspur","172.65","472.09","646.73"
"4","2013","14","Chhattisgarh","Bilaspur","211.09","640.82","854.92"
"4","2014","14","Chhattisgarh","Bilaspur","194.57","328.79","541.42"
"4","2015","14","Chhattisgarh","Bilaspur","216.74","327.38","545.92"
"5","2007","14","Chhattisgarh","Raigarh","221.31","812.83","1054.97"
"5","2008","14","Chhattisgarh","Raigarh","233.63","814.54","1107.73"
"5","2009","14","Chhattisgarh","Raigarh","244.31","921.46","1193.57"
"5","2010","14","Chhattisgarh","Raigarh","210.64","167.31","383.75"
"5","2011","14","Chhattisgarh","Raigarh","246.84","223.92","478.12"
"5","2012","14","Chhattisgarh","Raigarh","243.74","226.93","477.58"
"5","2013","14","Chhattisgarh","Raigarh","249.24","227.8","484.11"
"5","2014","14","Chhattisgarh","Raigarh","162.12","161.76","336.08"
"5","2015","14","Chhattisgarh","Raigarh","173.53","177.83","354.48"
"6","2007","14","Chhattisgarh","Surguja","282.64","488.58","810.06"
"6","2008","14","Chhattisgarh","Surguja","299.43","505.42","858.26"
"6","2009","14","Chhattisgarh","Surguja","314.02","564.29","932.88"
"6","2010","14","Chhattisgarh","Surguja","259.85","412.38","673.81"
"6","2011","14","Chhattisgarh","Surguja","259.49","431.12","692.09"
"6","2012","14","Chhattisgarh","Surguja","204.21","437.01","642.92"
"6","2013","14","Chhattisgarh","Surguja","217.14","442.4","661.45"
"6","2014","14","Chhattisgarh","Surguja","239.13","218.92","469.97"
"6","2015","14","Chhattisgarh","Surguja","300.46","169.87","472.66"
"7","2005","6","Madhya Pradesh","Jabalpur","-1.0","-1.0","3748.0"
"7","2006","6","Madhya Pradesh","Jabalpur","-1.0","-1.0","3711.3"
"7","2007","6","Madhya Pradesh","Jabalpur","-1.0","-1.0","4392.8"
"7","2008","6","Madhya Pradesh","Jabalpur","-1.0","-1.0","1980.1"
"7","2009","6","Madhya Pradesh","Jabalpur","-1.0","-1.0","2118.5"
"7","2010","6","Madhya Pradesh","Jabalpur","-1.0","-1.0","2232.6"
"7","2011","6","Madhya Pradesh","Jabalpur","-1.0","-1.0","2364.6"
"7","2012","6","Madhya Pradesh","Jabalpur","-1.0","-1.0","2587.4"
"7","2013","6","Madhya Pradesh","Jabalpur","-1.0","-1.0","2890.4"
"7","2014","6","Madhya Pradesh","Jabalpur","-1.0","-1.0","3561.07"
"7","2015","6","Madhya Pradesh","Jabalpur","-1.0","-1.0","4410.32"
"8","2005","6","Madhya Pradesh","Balaghat","-1.0","-1.0","108.7"
"8","2006","6","Madhya Pradesh","Balaghat","-1.0","-1.0","110.7"
"8","2007","6","Madhya Pradesh","Balaghat","-1.0","-1.0","107.0"
"8","2008","6","Madhya Pradesh","Balaghat","-1.0","-1.0","97.0"
"8","2009","6","Madhya Pradesh","Balaghat","-1.0","-1.0","102.6"
"8","2010","6","Madhya Pradesh","Balaghat","-1.0","-1.0","112.8"
"8","2011","6","Madhya Pradesh","Balaghat","-1.0","-1.0","125.4"
"8","2012","6","Madhya Pradesh","Balaghat","-1.0","-1.0","138.5"
"8","2013","6","Madhya Pradesh","Balaghat","-1.0","-1.0","154.2"
"8","2014","6","Madhya Pradesh","Balaghat","-1.0","-1.0","188.28"
"8","2015","6","Madhya Pradesh","Balaghat","-1.0","-1.0","231.04"
"9","2005","6","Madhya Pradesh","Chhindwara","-1.0","-1.0","213.8"
"9","2006","6","Madhya Pradesh","Chhindwara","-1.0","-1.0","216.0"
"9","2007","6","Madhya Pradesh","Chhindwara","-1.0","-1.0","188.0"
"9","2008","6","Madhya Pradesh","Chhindwara","-1.0","-1.0","227.3"
"9","2009","6","Madhya Pradesh","Chhindwara","-1.0","-1.0","233.5"
"9","2010","6","Madhya Pradesh","Chhindwara","-1.0","-1.0","257.4"
"9","2011","6","Madhya Pradesh","Chhindwara","-1.0","-1.0","278.3"
"9","2012","6","Madhya Pradesh","Chhindwara","-1.0","-1.0","297.8"
"9","2013","6","Madhya Pradesh","Chhindwara","-1.0","-1.0","325.5"
"9","2014","6","Madhya Pradesh","Chhindwara","-1.0","-1.0","384.43"
"9","2015","6","Madhya Pradesh","Chhindwara","-1.0","-1.0","456.47"
"10","2005","6","Madhya Pradesh","Narsinghpur","-1.0","-1.0","32.4"
"10","2006","6","Madhya Pradesh","Narsinghpur","-1.0","-1.0","31.0"
"10","2007","6","Madhya Pradesh","Narsinghpur","-1.0","-1.0","21.1"
"10","2008","6","Madhya Pradesh","Narsinghpur","-1.0","-1.0","7.8"
"10","2009","6","Madhya Pradesh","Narsinghpur","-1.0","-1.0","8.7"
"10","2010","6","Madhya Pradesh","Narsinghpur","-1.0","-1.0","9.7"
"10","2011","6","Madhya Pradesh","Narsinghpur","-1.0","-1.0","10.9"
"10","2012","6","Madhya Pradesh","Narsinghpur","-1.0","-1.0","12.0"
"10","2013","6","Madhya Pradesh","Narsinghpur","-1.0","-1.0","13.4"
"10","2014","6","Madhya Pradesh","Narsinghpur","-1.0","-1.0","16.5"
"10","2015","6","Madhya Pradesh","Narsinghpur","-1.0","-1.0","20.35"
"11","2005","6","Madhya Pradesh","Seoni / Shivani","-1.0","-1.0","103.6"
"11","2006","6","Madhya Pradesh","Seoni / Shivani","-1.0","-1.0","104.2"
"11","2007","6","Madhya Pradesh","Seoni / Shivani","-1.0","-1.0","92.4"
"11","2008","6","Madhya Pradesh","Seoni / Shivani","-1.0","-1.0","60.3"
"11","2009","6","Madhya Pradesh","Seoni / Shivani","-1.0","-1.0","63.4"
"11","2010","6","Madhya Pradesh","Seoni / Shivani","-1.0","-1.0","70.0"
"11","2011","6","Madhya Pradesh","Seoni / Shivani","-1.0","-1.0","77.6"
"11","2012","6","Madhya Pradesh","Seoni / Shivani","-1.0","-1.0","87.5"
"11","2013","6","Madhya Pradesh","Seoni / Shivani","-1.0","-1.0","99.3"
"11","2014","6","Madhya Pradesh","Seoni / Shivani","-1.0","-1.0","123.73"
"11","2015","6","Madhya Pradesh","Seoni / Shivani","-1.0","-1.0","154.89"
"12","2005","6","Madhya Pradesh","Mandla","-1.0","-1.0","186.5"
"12","2006","6","Madhya Pradesh","Mandla","-1.0","-1.0","188.4"
"12","2007","6","Madhya Pradesh","Mandla","-1.0","-1.0","161.8"
"12","2008","6","Madhya Pradesh","Mandla","-1.0","-1.0","91.0"
"12","2009","6","Madhya Pradesh","Mandla","-1.0","-1.0","98.3"
"12","2010","6","Madhya Pradesh","Mandla","-1.0","-1.0","108.8"
"12","2011","6","Madhya Pradesh","Mandla","-1.0","-1.0","121.6"
"12","2012","6","Madhya Pradesh","Mandla","-1.0","-1.0","132.8"
"12","2013","6","Madhya Pradesh","Mandla","-1.0","-1.0","146.2"
"12","2014","6","Madhya Pradesh","Mandla","-1.0","-1.0","175.31"
"12","2015","6","Madhya Pradesh","Mandla","-1.0","-1.0","211.35"
"13","2005","6","Madhya Pradesh","Sagar","-1.0","-1.0","139.8"
"13","2006","6","Madhya Pradesh","Sagar","-1.0","-1.0","122.4"
"13","2007","6","Madhya Pradesh","Sagar","-1.0","-1.0","93.6"
"13","2008","6","Madhya Pradesh","Sagar","-1.0","-1.0","123.4"
"13","2009","6","Madhya Pradesh","Sagar","-1.0","-1.0","124.3"
"13","2010","6","Madhya Pradesh","Sagar","-1.0","-1.0","141.0"
"13","2011","6","Madhya Pradesh","Sagar","-1.0","-1.0","159.2"
"13","2012","6","Madhya Pradesh","Sagar","-1.0","-1.0","171.0"
"13","2013","6","Madhya Pradesh","Sagar","-1.0","-1.0","185.3"
"13","2014","6","Madhya Pradesh","Sagar","-1.0","-1.0","216.52"
"13","2015","6","Madhya Pradesh","Sagar","-1.0","-1.0","254.21"
"14","2005","6","Madhya Pradesh","Damoh","-1.0","-1.0","39.6"
"14","2006","6","Madhya Pradesh","Damoh","-1.0","-1.0","39.8"
"14","2007","6","Madhya Pradesh","Damoh","-1.0","-1.0","41.8"
"14","2008","6","Madhya Pradesh","Damoh","-1.0","-1.0","36.8"
"14","2009","6","Madhya Pradesh","Damoh","-1.0","-1.0","40.1"
"14","2010","6","Madhya Pradesh","Damoh","-1.0","-1.0","43.0"
"14","2011","6","Madhya Pradesh","Damoh","-1.0","-1.0","46.4"
"14","2012","6","Madhya Pradesh","Damoh","-1.0","-1.0","48.7"
"14","2013","6","Madhya Pradesh","Damoh","-1.0","-1.0","51.6"
"14","2014","6","Madhya Pradesh","Damoh","-1.0","-1.0","59.13"
"14","2015","6","Madhya Pradesh","Damoh","-1.0","-1.0","67.93"
"15","2005","6","Madhya Pradesh","Tikamgarh","-1.0","-1.0","66.9"
"15","2006","6","Madhya Pradesh","Tikamgarh","-1.0","-1.0","65.9"
"15","2007","6","Madhya Pradesh","Tikamgarh","-1.0","-1.0","54.2"
"15","2008","6","Madhya Pradesh","Tikamgarh","-1.0","-1.0","37.7"
"15","2009","6","Madhya Pradesh","Tikamgarh","-1.0","-1.0","40.3"
"15","2010","6","Madhya Pradesh","Tikamgarh","-1.0","-1.0","44.8"
"15","2011","6","Madhya Pradesh","Tikamgarh","-1.0","-1.0","48.2"
"15","2012","6","Madhya Pradesh","Tikamgarh","-1.0","-1.0","52.0"
"15","2013","6","Madhya Pradesh","Tikamgarh","-1.0","-1.0","56.6"
"15","2014","6","Madhya Pradesh","Tikamgarh","-1.0","-1.0","66.62"
"15","2015","6","Madhya Pradesh","Tikamgarh","-1.0","-1.0","78.76"
"16","2005","6","Madhya Pradesh","Chhatarpur","-1.0","-1.0","60.2"
"16","2006","6","Madhya Pradesh","Chhatarpur","-1.0","-1.0","60.7"
"16","2007","6","Madhya Pradesh","Chhatarpur","-1.0","-1.0","50.5"
"16","2008","6","Madhya Pradesh","Chhatarpur","-1.0","-1.0","24.0"
"16","2009","6","Madhya Pradesh","Chhatarpur","-1.0","-1.0","25.4"
"16","2010","6","Madhya Pradesh","Chhatarpur","-1.0","-1.0","28.6"
"16","2011","6","Madhya Pradesh","Chhatarpur","-1.0","-1.0","31.6"
"16","2012","6","Madhya Pradesh","Chhatarpur","-1.0","-1.0","34.3"
"16","2013","6","Madhya Pradesh","Chhatarpur","-1.0","-1.0","37.8"
"16","2014","6","Madhya Pradesh","Chhatarpur","-1.0","-1.0","45.13"
"16","2015","6","Madhya Pradesh","Chhatarpur","-1.0","-1.0","54.1"
"17","2005","6","Madhya Pradesh","Panna","-1.0","-1.0","72.9"
"17","2006","6","Madhya Pradesh","Panna","-1.0","-1.0","73.6"
"17","2007","6","Madhya Pradesh","Panna","-1.0","-1.0","57.2"
"17","2008","6","Madhya Pradesh","Panna","-1.0","-1.0","12.8"
"17","2009","6","Madhya Pradesh","Panna","-1.0","-1.0","14.5"
"17","2010","6","Madhya Pradesh","Panna","-1.0","-1.0","16.5"
"17","2011","6","Madhya Pradesh","Panna","-1.0","-1.0","17.5"
"17","2012","6","Madhya Pradesh","Panna","-1.0","-1.0","19.2"
"17","2013","6","Madhya Pradesh","Panna","-1.0","-1.0","21.2"
"17","2014","6","Madhya Pradesh","Panna","-1.0","-1.0","25.61"
"17","2015","6","Madhya Pradesh","Panna","-1.0","-1.0","31.03"
"18","2005","6","Madhya Pradesh","Rewa","-1.0","-1.0","55.0"
"18","2006","6","Madhya Pradesh","Rewa","-1.0","-1.0","58.7"
"18","2007","6","Madhya Pradesh","Rewa","-1.0","-1.0","43.8"
"18","2008","6","Madhya Pradesh","Rewa","-1.0","-1.0","14.6"
"18","2009","6","Madhya Pradesh","Rewa","-1.0","-1.0","15.9"
"18","2010","6","Madhya Pradesh","Rewa","-1.0","-1.0","17.9"
"18","2011","6","Madhya Pradesh","Rewa","-1.0","-1.0","19.2"
"18","2012","6","Madhya Pradesh","Rewa","-1.0","-1.0","21.7"
"18","2013","6","Madhya Pradesh","Rewa","-1.0","-1.0","24.7"
"18","2014","6","Madhya Pradesh","Rewa","-1.0","-1.0","30.95"
"18","2015","6","Madhya Pradesh","Rewa","-1.0","-1.0","38.9"
"19","2005","6","Madhya Pradesh","Sidhi","-1.0","-1.0","208.5"
"19","2006","6","Madhya Pradesh","Sidhi","-1.0","-1.0","210.5"
"19","2007","6","Madhya Pradesh","Sidhi","-1.0","-1.0","188.7"
"19","2008","6","Madhya Pradesh","Sidhi","-1.0","-1.0","116.4"
"19","2009","6","Madhya Pradesh","Sidhi","-1.0","-1.0","123.1"
"19","2010","6","Madhya Pradesh","Sidhi","-1.0","-1.0","137.1"
"19","2011","6","Madhya Pradesh","Sidhi","-1.0","-1.0","145.4"
"19","2012","6","Madhya Pradesh","Sidhi","-1.0","-1.0","160.8"
"19","2013","6","Madhya Pradesh","Sidhi","-1.0","-1.0","179.6"
"19","2014","6","Madhya Pradesh","Sidhi","-1.0","-1.0","220.73"
"19","2015","6","Madhya Pradesh","Sidhi","-1.0","-1.0","272.57"
"20","2005","6","Madhya Pradesh","Satna","-1.0","-1.0","59.7"
"20","2006","6","Madhya Pradesh","Satna","-1.0","-1.0","60.0"
"20","2007","6","Madhya Pradesh","Satna","-1.0","-1.0","49.9"
"20","2008","6","Madhya Pradesh","Satna","-1.0","-1.0","23.2"
"20","2009","6","Madhya Pradesh","Satna","-1.0","-1.0","24.9"
"20","2010","6","Madhya Pradesh","Satna","-1.0","-1.0","27.9"
"20","2011","6","Madhya Pradesh","Satna","-1.0","-1.0","31.0"
"20","2012","6","Madhya Pradesh","Satna","-1.0","-1.0","34.6"
"20","2013","6","Madhya Pradesh","Satna","-1.0","-1.0","38.9"
"20","2014","6","Madhya Pradesh","Satna","-1.0","-1.0","48.55"
"20","2015","6","Madhya Pradesh","Satna","-1.0","-1.0","60.82"
"20","2016","20","Telangana","Medak","666.0","111.0","777.0"
"21","2005","6","Madhya Pradesh","Shahdol","-1.0","-1.0","158.7"
"21","2006","6","Madhya Pradesh","Shahdol","-1.0","-1.0","160.1"
"21","2007","6","Madhya Pradesh","Shahdol","-1.0","-1.0","138.3"
"21","2008","6","Madhya Pradesh","Shahdol","-1.0","-1.0","81.1"
"21","2009","6","Madhya Pradesh","Shahdol","-1.0","-1.0","86.3"
"21","2010","6","Madhya Pradesh","Shahdol","-1.0","-1.0","95.8"
"21","2011","6","Madhya Pradesh","Shahdol","-1.0","-1.0","109.2"
"21","2012","6","Madhya Pradesh","Shahdol","-1.0","-1.0","162.0"
"21","2013","6","Madhya Pradesh","Shahdol","-1.0","-1.0","179.9"
"21","2014","6","Madhya Pradesh","Shahdol","-1.0","-1.0","219.62"
"21","2015","6","Madhya Pradesh","Shahdol","-1.0","-1.0","269.11"
"22","2005","6","Madhya Pradesh","Gwalior","-1.0","-1.0","33.1"
"22","2006","6","Madhya Pradesh","Gwalior","-1.0","-1.0","33.2"
"22","2007","6","Madhya Pradesh","Gwalior","-1.0","-1.0","37.3"
"22","2008","6","Madhya Pradesh","Gwalior","-1.0","-1.0","37.2"
"22","2009","6","Madhya Pradesh","Gwalior","-1.0","-1.0","38.8"
"22","2010","6","Madhya Pradesh","Gwalior","-1.0","-1.0","42.0"
"22","2011","6","Madhya Pradesh","Gwalior","-1.0","-1.0","47.2"
"22","2012","6","Madhya Pradesh","Gwalior","-1.0","-1.0","52.0"
"22","2013","6","Madhya Pradesh","Gwalior","-1.0","-1.0","57.8"
"22","2014","6","Madhya Pradesh","Gwalior","-1.0","-1.0","71.05"
"22","2015","6","Madhya Pradesh","Gwalior","-1.0","-1.0","87.58"
"23","2005","6","Madhya Pradesh","Shivpuri","-1.0","-1.0","34.7"
"23","2006","6","Madhya Pradesh","Shivpuri","-1.0","-1.0","35.0"
"23","2007","6","Madhya Pradesh","Shivpuri","-1.0","-1.0","35.4"
"23","2008","6","Madhya Pradesh","Shivpuri","-1.0","-1.0","36.5"
"23","2009","6","Madhya Pradesh","Shivpuri","-1.0","-1.0","38.4"
"23","2010","6","Madhya Pradesh","Shivpuri","-1.0","-1.0","42.5"
"23","2011","6","Madhya Pradesh","Shivpuri","-1.0","-1.0","46.7"
"23","2012","6","Madhya Pradesh","Shivpuri","-1.0","-1.0","50.2"
"23","2013","6","Madhya Pradesh","Shivpuri","-1.0","-1.0","54.3"
"23","2014","6","Madhya Pradesh","Shivpuri","-1.0","-1.0","63.43"
"23","2015","6","Madhya Pradesh","Shivpuri","-1.0","-1.0","74.29"
"24","2005","6","Madhya Pradesh","Guna","-1.0","-1.0","43.5"
"24","2006","6","Madhya Pradesh","Guna","-1.0","-1.0","43.3"
"24","2007","6","Madhya Pradesh","Guna","-1.0","-1.0","39.4"
"24","2008","6","Madhya Pradesh","Guna","-1.0","-1.0","29.8"
"24","2009","6","Madhya Pradesh","Guna","-1.0","-1.0","30.9"
"24","2010","6","Madhya Pradesh","Guna","-1.0","-1.0","34.2"
"24","2011","6","Madhya Pradesh","Guna","-1.0","-1.0","37.8"
"24","2012","6","Madhya Pradesh","Guna","-1.0","-1.0","30.1"
"24","2013","6","Madhya Pradesh","Guna","-1.0","-1.0","33.1"
"24","2014","6","Madhya Pradesh","Guna","-1.0","-1.0","39.58"
"24","2015","6","Madhya Pradesh","Guna","-1.0","-1.0","47.52"
"25","2005","6","Madhya Pradesh","Datia","-1.0","-1.0","10.8"
"25","2006","6","Madhya Pradesh","Datia","-1.0","-1.0","10.9"
"25","2007","6","Madhya Pradesh","Datia","-1.0","-1.0","9.2"
"25","2008","6","Madhya Pradesh","Datia","-1.0","-1.0","5.5"
"25","2009","6","Madhya Pradesh","Datia","-1.0","-1.0","6.0"
"25","2010","6","Madhya Pradesh","Datia","-1.0","-1.0","6.6"
"25","2011","6","Madhya Pradesh","Datia","-1.0","-1.0","7.2"
"25","2012","6","Madhya Pradesh","Datia","-1.0","-1.0","7.8"
"25","2013","6","Madhya Pradesh","Datia","-1.0","-1.0","8.6"
"25","2014","6","Madhya Pradesh","Datia","-1.0","-1.0","10.38"
"25","2015","6","Madhya Pradesh","Datia","-1.0","-1.0","12.51"
"26","2005","6","Madhya Pradesh","Morena","-1.0","-1.0","30.2"
"26","2006","6","Madhya Pradesh","Morena","-1.0","-1.0","30.5"
"26","2007","6","Madhya Pradesh","Morena","-1.0","-1.0","27.3"
"26","2008","6","Madhya Pradesh","Morena","-1.0","-1.0","18.2"
"26","2009","6","Madhya Pradesh","Morena","-1.0","-1.0","19.2"
"26","2010","6","Madhya Pradesh","Morena","-1.0","-1.0","21.4"
"26","2011","6","Madhya Pradesh","Morena","-1.0","-1.0","23.6"
"26","2012","6","Madhya Pradesh","Morena","-1.0","-1.0","26.0"
"26","2013","6","Madhya Pradesh","Morena","-1.0","-1.0","28.8"
"26","2014","6","Madhya Pradesh","Morena","-1.0","-1.0","35.01"
"26","2015","6","Madhya Pradesh","Morena","-1.0","-1.0","42.65"
"27","2005","6","Madhya Pradesh","Bhind","-1.0","-1.0","13.3"
"27","2006","6","Madhya Pradesh","Bhind","-1.0","-1.0","13.4"
"27","2007","6","Madhya Pradesh","Bhind","-1.0","-1.0","10.8"
"27","2008","6","Madhya Pradesh","Bhind","-1.0","-1.0","5.6"
"27","2009","6","Madhya Pradesh","Bhind","-1.0","-1.0","6.0"
"27","2010","6","Madhya Pradesh","Bhind","-1.0","-1.0","6.8"
"27","2011","6","Madhya Pradesh","Bhind","-1.0","-1.0","7.2"
"27","2012","6","Madhya Pradesh","Bhind","-1.0","-1.0","8.1"
"27","2013","6","Madhya Pradesh","Bhind","-1.0","-1.0","9.2"
"27","2014","6","Madhya Pradesh","Bhind","-1.0","-1.0","11.42"
"27","2015","6","Madhya Pradesh","Bhind","-1.0","-1.0","14.17"
"28","2005","6","Madhya Pradesh","Indore","-1.0","-1.0","1131.0"
"28","2006","6","Madhya Pradesh","Indore","-1.0","-1.0","1306.9"
"28","2007","6","Madhya Pradesh","Indore","-1.0","-1.0","1223.7"
"28","2008","6","Madhya Pradesh","Indore","-1.0","-1.0","615.9"
"28","2009","6","Madhya Pradesh","Indore","-1.0","-1.0","622.7"
"28","2010","6","Madhya Pradesh","Indore","-1.0","-1.0","676.0"
"28","2011","6","Madhya Pradesh","Indore","-1.0","-1.0","689.9"
"28","2012","6","Madhya Pradesh","Indore","-1.0","-1.0","758.8"
"28","2013","6","Madhya Pradesh","Indore","-1.0","-1.0","850.6"
"28","2014","6","Madhya Pradesh","Indore","-1.0","-1.0","1051.63"
"28","2015","6","Madhya Pradesh","Indore","-1.0","-1.0","1306.9"
"29","2005","6","Madhya Pradesh","Ratlam","-1.0","-1.0","69.0"
"29","2006","6","Madhya Pradesh","Ratlam","-1.0","-1.0","69.5"
"29","2007","6","Madhya Pradesh","Ratlam","-1.0","-1.0","60.4"
"29","2008","6","Madhya Pradesh","Ratlam","-1.0","-1.0","38.3"
"29","2009","6","Madhya Pradesh","Ratlam","-1.0","-1.0","40.5"
"29","2010","6","Madhya Pradesh","Ratlam","-1.0","-1.0","44.7"
"29","2011","6","Madhya Pradesh","Ratlam","-1.0","-1.0","47.6"
"29","2012","6","Madhya Pradesh","Ratlam","-1.0","-1.0","52.6"
"29","2013","6","Madhya Pradesh","Ratlam","-1.0","-1.0","58.5"
"29","2014","6","Madhya Pradesh","Ratlam","-1.0","-1.0","71.9"
"29","2015","6","Madhya Pradesh","Ratlam","-1.0","-1.0","88.62"
"30","2005","6","Madhya Pradesh","Ujjain","-1.0","-1.0","50.6"
"30","2006","6","Madhya Pradesh","Ujjain","-1.0","-1.0","46.9"
"30","2007","6","Madhya Pradesh","Ujjain","-1.0","-1.0","44.4"
"30","2008","6","Madhya Pradesh","Ujjain","-1.0","-1.0","36.7"
"30","2009","6","Madhya Pradesh","Ujjain","-1.0","-1.0","37.9"
"30","2010","6","Madhya Pradesh","Ujjain","-1.0","-1.0","42.1"
"30","2011","6","Madhya Pradesh","Ujjain","-1.0","-1.0","48.2"
"30","2012","6","Madhya Pradesh","Ujjain","-1.0","-1.0","52.7"
"30","2013","6","Madhya Pradesh","Ujjain","-1.0","-1.0","58.2"
"30","2014","6","Madhya Pradesh","Ujjain","-1.0","-1.0","70.31"
"30","2015","6","Madhya Pradesh","Ujjain","-1.0","-1.0","85.32"
"31","2005","6","Madhya Pradesh","Mandsaur","-1.0","-1.0","49.7"
"31","2006","6","Madhya Pradesh","Mandsaur","-1.0","-1.0","50.1"
"31","2007","6","Madhya Pradesh","Mandsaur","-1.0","-1.0","42.5"
"31","2008","6","Madhya Pradesh","Mandsaur","-1.0","-1.0","24.6"
"31","2009","6","Madhya Pradesh","Mandsaur","-1.0","-1.0","25.9"
"31","2010","6","Madhya Pradesh","Mandsaur","-1.0","-1.0","29.0"
"31","2011","6","Madhya Pradesh","Mandsaur","-1.0","-1.0","34.0"
"31","2012","6","Madhya Pradesh","Mandsaur","-1.0","-1.0","37.0"
"31","2013","6","Madhya Pradesh","Mandsaur","-1.0","-1.0","40.7"
"31","2014","6","Madhya Pradesh","Mandsaur","-1.0","-1.0","48.76"
"31","2015","6","Madhya Pradesh","Mandsaur","-1.0","-1.0","58.58"
"32","2005","6","Madhya Pradesh","Dewas","-1.0","-1.0","76.7"
"32","2006","6","Madhya Pradesh","Dewas","-1.0","-1.0","77.0"
"32","2007","6","Madhya Pradesh","Dewas","-1.0","-1.0","60.5"
"32","2008","6","Madhya Pradesh","Dewas","-1.0","-1.0","58.7"
"32","2009","6","Madhya Pradesh","Dewas","-1.0","-1.0","70.2"
"32","2010","6","Madhya Pradesh","Dewas","-1.0","-1.0","76.1"
"32","2011","6","Madhya Pradesh","Dewas","-1.0","-1.0","83.0"
"32","2012","6","Madhya Pradesh","Dewas","-1.0","-1.0","91.2"
"32","2013","6","Madhya Pradesh","Dewas","-1.0","-1.0","101.0"
"32","2014","6","Madhya Pradesh","Dewas","-1.0","-1.0","122.42"
"32","2015","6","Madhya Pradesh","Dewas","-1.0","-1.0","149.11"
"33","2005","6","Madhya Pradesh","Dhar","-1.0","-1.0","179.5"
"33","2006","6","Madhya Pradesh","Dhar","-1.0","-1.0","181.7"
"33","2007","6","Madhya Pradesh","Dhar","-1.0","-1.0","176.4"
"33","2008","6","Madhya Pradesh","Dhar","-1.0","-1.0","185.2"
"33","2009","6","Madhya Pradesh","Dhar","-1.0","-1.0","192.7"
"33","2010","6","Madhya Pradesh","Dhar","-1.0","-1.0","211.4"
"33","2011","6","Madhya Pradesh","Dhar","-1.0","-1.0","214.3"
"33","2012","6","Madhya Pradesh","Dhar","-1.0","-1.0","232.7"
"33","2013","6","Madhya Pradesh","Dhar","-1.0","-1.0","255.5"
"33","2014","6","Madhya Pradesh","Dhar","-1.0","-1.0","305.57"
"33","2015","6","Madhya Pradesh","Dhar","-1.0","-1.0","367.37"
"34","2005","6","Madhya Pradesh","Jhabua","-1.0","-1.0","334.2"
"34","2006","6","Madhya Pradesh","Jhabua","-1.0","-1.0","336.5"
"34","2007","6","Madhya Pradesh","Jhabua","-1.0","-1.0","324.3"
"34","2008","6","Madhya Pradesh","Jhabua","-1.0","-1.0","285.9"
"34","2009","6","Madhya Pradesh","Jhabua","-1.0","-1.0","294.4"
"34","2010","6","Madhya Pradesh","Jhabua","-1.0","-1.0","322.7"
"34","2011","6","Madhya Pradesh","Jhabua","-1.0","-1.0","346.1"
"34","2012","6","Madhya Pradesh","Jhabua","-1.0","-1.0","381.2"
"34","2013","6","Madhya Pradesh","Jhabua","-1.0","-1.0","422.8"
"34","2014","6","Madhya Pradesh","Jhabua","-1.0","-1.0","514.96"
"34","2015","6","Madhya Pradesh","Jhabua","-1.0","-1.0","630.42"
"35","2005","6","Madhya Pradesh","Khargone / West Nimar","-1.0","-1.0","469.6"
"35","2006","6","Madhya Pradesh","Khargone / West Nimar","-1.0","-1.0","473.7"
"35","2007","6","Madhya Pradesh","Khargone / West Nimar","-1.0","-1.0","421.9"
"35","2008","6","Madhya Pradesh","Khargone / West Nimar","-1.0","-1.0","330.8"
"35","2009","6","Madhya Pradesh","Khargone / West Nimar","-1.0","-1.0","376.7"
"35","2010","6","Madhya Pradesh","Khargone / West Nimar","-1.0","-1.0","411.0"
"35","2011","6","Madhya Pradesh","Khargone / West Nimar","-1.0","-1.0","433.3"
"35","2012","6","Madhya Pradesh","Khargone / West Nimar","-1.0","-1.0","469.2"
"35","2013","6","Madhya Pradesh","Khargone / West Nimar","-1.0","-1.0","512.0"
"35","2014","6","Madhya Pradesh","Khargone / West Nimar","-1.0","-1.0","601.8"
"35","2015","6","Madhya Pradesh","Khargone / West Nimar","-1.0","-1.0","711.1"
"36","2005","6","Madhya Pradesh","Khandwa / East Nimar","-1.0","-1.0","97.9"
"36","2006","6","Madhya Pradesh","Khandwa / East Nimar","-1.0","-1.0","94.0"
"36","2007","6","Madhya Pradesh","Khandwa / East Nimar","-1.0","-1.0","84.7"
"36","2008","6","Madhya Pradesh","Khandwa / East Nimar","-1.0","-1.0","51.1"
"36","2009","6","Madhya Pradesh","Khandwa / East Nimar","-1.0","-1.0","55.5"
"36","2010","6","Madhya Pradesh","Khandwa / East Nimar","-1.0","-1.0","61.6"
"36","2011","6","Madhya Pradesh","Khandwa / East Nimar","-1.0","-1.0","68.3"
"36","2012","6","Madhya Pradesh","Khandwa / East Nimar","-1.0","-1.0","44.0"
"36","2013","6","Madhya Pradesh","Khandwa / East Nimar","-1.0","-1.0","48.4"
"36","2014","6","Madhya Pradesh","Khandwa / East Nimar","-1.0","-1.0","58.08"
"36","2015","6","Madhya Pradesh","Khandwa / East Nimar","-1.0","-1.0","70.0"
"37","2005","6","Madhya Pradesh","Sehore","-1.0","-1.0","966.8"
"37","2006","6","Madhya Pradesh","Sehore","-1.0","-1.0","951.6"
"37","2007","6","Madhya Pradesh","Sehore","-1.0","-1.0","735.1"
"37","2008","6","Madhya Pradesh","Sehore","-1.0","-1.0","1412.6"
"37","2009","6","Madhya Pradesh","Sehore","-1.0","-1.0","1475.6"
"37","2010","6","Madhya Pradesh","Sehore","-1.0","-1.0","1533.1"
"37","2011","6","Madhya Pradesh","Sehore","-1.0","-1.0","1549.8"
"37","2012","6","Madhya Pradesh","Sehore","-1.0","-1.0","1682.6"
"37","2013","6","Madhya Pradesh","Sehore","-1.0","-1.0","1872.9"
"37","2014","6","Madhya Pradesh","Sehore","-1.0","-1.0","2291.86"
"37","2015","6","Madhya Pradesh","Sehore","-1.0","-1.0","2819.22"
"38","2005","6","Madhya Pradesh","Raisen","-1.0","-1.0","47.9"
"38","2006","6","Madhya Pradesh","Raisen","-1.0","-1.0","48.3"
"38","2007","6","Madhya Pradesh","Raisen","-1.0","-1.0","46.4"
"38","2008","6","Madhya Pradesh","Raisen","-1.0","-1.0","48.2"
"38","2009","6","Madhya Pradesh","Raisen","-1.0","-1.0","47.2"
"38","2010","6","Madhya Pradesh","Raisen","-1.0","-1.0","53.8"
"38","2011","6","Madhya Pradesh","Raisen","-1.0","-1.0","58.6"
"38","2012","6","Madhya Pradesh","Raisen","-1.0","-1.0","64.0"
"38","2013","6","Madhya Pradesh","Raisen","-1.0","-1.0","70.3"
"38","2014","6","Madhya Pradesh","Raisen","-1.0","-1.0","84.08"
"38","2015","6","Madhya Pradesh","Raisen","-1.0","-1.0","101.03"
"39","2005","6","Madhya Pradesh","Vidisha","-1.0","-1.0","81.1"
"39","2006","6","Madhya Pradesh","Vidisha","-1.0","-1.0","81.7"
"39","2007","6","Madhya Pradesh","Vidisha","-1.0","-1.0","62.2"
"39","2008","6","Madhya Pradesh","Vidisha","-1.0","-1.0","15.6"
"39","2009","6","Madhya Pradesh","Vidisha","-1.0","-1.0","17.3"
"39","2010","6","Madhya Pradesh","Vidisha","-1.0","-1.0","19.6"
"39","2011","6","Madhya Pradesh","Vidisha","-1.0","-1.0","21.0"
"39","2012","6","Madhya Pradesh","Vidisha","-1.0","-1.0","23.1"
"39","2013","6","Madhya Pradesh","Vidisha","-1.0","-1.0","25.6"
"39","2014","6","Madhya Pradesh","Vidisha","-1.0","-1.0","31.11"
"39","2015","6","Madhya Pradesh","Vidisha","-1.0","-1.0","37.93"
"40","2005","6","Madhya Pradesh","Betul","-1.0","-1.0","155.4"
"40","2006","6","Madhya Pradesh","Betul","-1.0","-1.0","157.3"
"40","2007","6","Madhya Pradesh","Betul","-1.0","-1.0","141.9"
"40","2008","6","Madhya Pradesh","Betul","-1.0","-1.0","92.9"
"40","2009","6","Madhya Pradesh","Betul","-1.0","-1.0","97.2"
"40","2010","6","Madhya Pradesh","Betul","-1.0","-1.0","107.7"
"40","2011","6","Madhya Pradesh","Betul","-1.0","-1.0","113.4"
"40","2012","6","Madhya Pradesh","Betul","-1.0","-1.0","124.1"
"40","2013","6","Madhya Pradesh","Betul","-1.0","-1.0","136.8"
"40","2014","6","Madhya Pradesh","Betul","-1.0","-1.0","164.71"
"40","2015","6","Madhya Pradesh","Betul","-1.0","-1.0","199.3"
"41","2005","6","Madhya Pradesh","Rajgarh","-1.0","-1.0","144.6"
"41","2006","6","Madhya Pradesh","Rajgarh","-1.0","-1.0","121.7"
"41","2007","6","Madhya Pradesh","Rajgarh","-1.0","-1.0","310.2"
"41","2008","6","Madhya Pradesh","Rajgarh","-1.0","-1.0","187.2"
"41","2009","6","Madhya Pradesh","Rajgarh","-1.0","-1.0","189.1"
"41","2010","6","Madhya Pradesh","Rajgarh","-1.0","-1.0","205.4"
"41","2011","6","Madhya Pradesh","Rajgarh","-1.0","-1.0","218.3"
"41","2012","6","Madhya Pradesh","Rajgarh","-1.0","-1.0","237.7"
"41","2013","6","Madhya Pradesh","Rajgarh","-1.0","-1.0","261.9"
"41","2014","6","Madhya Pradesh","Rajgarh","-1.0","-1.0","315.64"
"41","2015","6","Madhya Pradesh","Rajgarh","-1.0","-1.0","382.39"
"42","2005","6","Madhya Pradesh","Shajapur","-1.0","-1.0","41.6"
"42","2006","6","Madhya Pradesh","Shajapur","-1.0","-1.0","42.0"
"42","2007","6","Madhya Pradesh","Shajapur","-1.0","-1.0","88.9"
"42","2008","6","Madhya Pradesh","Shajapur","-1.0","-1.0","224.3"
"42","2009","6","Madhya Pradesh","Shajapur","-1.0","-1.0","230.8"
"42","2010","6","Madhya Pradesh","Shajapur","-1.0","-1.0","238.4"
"42","2011","6","Madhya Pradesh","Shajapur","-1.0","-1.0","247.3"
"42","2012","6","Madhya Pradesh","Shajapur","-1.0","-1.0","270.12"
"42","2013","6","Madhya Pradesh","Shajapur","-1.0","-1.0","297.4"
"42","2014","6","Madhya Pradesh","Shajapur","-1.0","-1.0","356.2"
"42","2015","6","Madhya Pradesh","Shajapur","-1.0","-1.0","428.87"
"43","2005","6","Madhya Pradesh","Hoshangabad","-1.0","-1.0","98.5"
"43","2006","6","Madhya Pradesh","Hoshangabad","-1.0","-1.0","99.5"
"43","2007","6","Madhya Pradesh","Hoshangabad","-1.0","-1.0","83.0"
"43","2008","6","Madhya Pradesh","Hoshangabad","-1.0","-1.0","40.4"
"43","2009","6","Madhya Pradesh","Hoshangabad","-1.0","-1.0","42.6"
"43","2010","6","Madhya Pradesh","Hoshangabad","-1.0","-1.0","47.2"
"43","2011","6","Madhya Pradesh","Hoshangabad","-1.0","-1.0","52.1"
"43","2012","6","Madhya Pradesh","Hoshangabad","-1.0","-1.0","56.6"
"43","2013","6","Madhya Pradesh","Hoshangabad","-1.0","-1.0","61.9"
"43","2014","6","Madhya Pradesh","Hoshangabad","-1.0","-1.0","73.49"
"43","2015","6","Madhya Pradesh","Hoshangabad","-1.0","-1.0","87.56"
"44","1992","1","Andhra Pradesh","Srikakulam","686.31","114.0","800.31"
"44","1993","1","Andhra Pradesh","Srikakulam","812.37","145.36","957.73"
"44","1994","1","Andhra Pradesh","Srikakulam","634.01","280.19","914.21"
"44","1995","1","Andhra Pradesh","Srikakulam","648.27","419.84","1068.11"
"44","1996","1","Andhra Pradesh","Srikakulam","563.91","394.94","958.86"
"44","1997","1","Andhra Pradesh","Srikakulam","560.0","371.0","931.0"
"44","1998","1","Andhra Pradesh","Srikakulam","535.56","353.33","888.89"
"44","1999","1","Andhra Pradesh","Srikakulam","590.5","352.5","943.0"
"44","2000","1","Andhra Pradesh","Srikakulam","1003.0","958.5","1961.5"
"44","2001","1","Andhra Pradesh","Srikakulam","617.0","1157.5","1774.5"
"44","2002","1","Andhra Pradesh","Srikakulam","681.53","2009.11","2690.64"
"44","2003","1","Andhra Pradesh","Srikakulam","403.0","2092.0","2495.0"
"44","2004","1","Andhra Pradesh","Srikakulam","365.5","687.5","1053.0"
"44","2005","1","Andhra Pradesh","Srikakulam","390.5","1779.5","2170.0"
"44","2006","1","Andhra Pradesh","Srikakulam","66.0","1714.0","1780.0"
"44","2007","1","Andhra Pradesh","Srikakulam","81.84","1881.37","1963.2"
"44","2008","1","Andhra Pradesh","Srikakulam","935.5","1162.0","2097.5"
"44","2009","1","Andhra Pradesh","Srikakulam","907.5","1320.0","2227.5"
"44","2010","1","Andhra Pradesh","Srikakulam","974.26","1434.24","2408.5"
"44","2011","1","Andhra Pradesh","Srikakulam","958.03","1526.97","2485.0"
"44","2012","1","Andhra Pradesh","Srikakulam","941.37","1712.63","2654.0"
"44","2014","1","Andhra Pradesh","Srikakulam","-1.0","-1.0","2933.93"
"44","2015","1","Andhra Pradesh","Srikakulam","-1.0","-1.0","3133.12"
"45","1992","1","Andhra Pradesh","Visakhapatnam","693.86","529.4","1223.26"
"45","1993","1","Andhra Pradesh","Visakhapatnam","865.4","735.21","1600.61"
"45","1994","1","Andhra Pradesh","Visakhapatnam","720.52","1482.91","2203.44"
"45","1995","1","Andhra Pradesh","Visakhapatnam","790.66","2226.39","3017.05"
"45","1996","1","Andhra Pradesh","Visakhapatnam","653.68","1909.86","2563.54"
"45","1997","1","Andhra Pradesh","Visakhapatnam","623.0","1923.0","2546.0"
"45","1998","1","Andhra Pradesh","Visakhapatnam","630.87","1860.29","2491.16"
"45","1999","1","Andhra Pradesh","Visakhapatnam","670.5","1766.5","2437.0"
"45","2000","1","Andhra Pradesh","Visakhapatnam","438.0","1204.5","1642.5"
"45","2001","1","Andhra Pradesh","Visakhapatnam","418.0","5431.5","5849.5"
"45","2002","1","Andhra Pradesh","Visakhapatnam","485.4","6374.63","6860.03"
"45","2003","1","Andhra Pradesh","Visakhapatnam","287.0","6633.0","6920.0"
"45","2004","1","Andhra Pradesh","Visakhapatnam","353.5","8083.5","8437.0"
"45","2005","1","Andhra Pradesh","Visakhapatnam","329.5","6674.5","7004.0"
"45","2006","1","Andhra Pradesh","Visakhapatnam","253.0","6588.0","6841.0"
"45","2007","1","Andhra Pradesh","Visakhapatnam","314.63","7232.95","7547.57"
"45","2008","1","Andhra Pradesh","Visakhapatnam","985.5","6458.0","7443.5"
"45","2009","1","Andhra Pradesh","Visakhapatnam","963.5","6955.0","7918.5"
"45","2010","1","Andhra Pradesh","Visakhapatnam","1024.51","7639.99","8664.5"
"45","2011","1","Andhra Pradesh","Visakhapatnam","1067.23","8222.76","9289.99"
"45","2012","1","Andhra Pradesh","Visakhapatnam","1121.38","8694.62","9816.0"
"45","2014","1","Andhra Pradesh","Visakhapatnam","-1.0","-1.0","10428.46"
"45","2015","1","Andhra Pradesh","Visakhapatnam","-1.0","-1.0","11138.6"
"46","1992","1","Andhra Pradesh","East Godavari","976.91","275.77","1252.68"
"46","1993","1","Andhra Pradesh","East Godavari","938.73","527.56","1466.29"
"46","1994","1","Andhra Pradesh","East Godavari","592.25","3700.31","4292.56"
"46","1995","1","Andhra Pradesh","East Godavari","659.83","6095.66","6755.5"
"46","1996","1","Andhra Pradesh","East Godavari","542.39","5473.13","6015.52"
"46","1997","1","Andhra Pradesh","East Godavari","557.0","5652.0","6209.0"
"46","1998","1","Andhra Pradesh","East Godavari","566.43","5508.53","6074.96"
"46","1999","1","Andhra Pradesh","East Godavari","577.0","5553.0","6130.0"
"46","2000","1","Andhra Pradesh","East Godavari","514.0","15266.0","15780.0"
"46","2001","1","Andhra Pradesh","East Godavari","515.0","9705.0","10220.0"
"46","2002","1","Andhra Pradesh","East Godavari","556.76","10337.03","10893.79"
"46","2003","1","Andhra Pradesh","East Godavari","330.0","10957.0","11287.0"
"46","2004","1","Andhra Pradesh","East Godavari","357.0","65665.0","66022.0"
"46","2005","1","Andhra Pradesh","East Godavari","357.0","43816.0","44173.0"
"46","2006","1","Andhra Pradesh","East Godavari","1564.0","40740.0","42304.0"
"46","2007","1","Andhra Pradesh","East Godavari","1945.73","44730.41","46676.14"
"46","2008","1","Andhra Pradesh","East Godavari","638.0","46601.0","47239.0"
"46","2009","1","Andhra Pradesh","East Godavari","599.0","46694.0","47293.0"
"46","2010","1","Andhra Pradesh","East Godavari","529.72","42642.29","43172.0"
"46","2011","1","Andhra Pradesh","East Godavari","562.56","44611.44","45174.0"
"46","2012","1","Andhra Pradesh","East Godavari","1091.03","46308.97","47400.0"
"46","2014","1","Andhra Pradesh","East Godavari","-1.0","-1.0","42987.39"
"46","2015","1","Andhra Pradesh","East Godavari","-1.0","-1.0","45452.97"
"47","1992","1","Andhra Pradesh","West Godavari","598.69","1574.49","2173.18"
"47","1993","1","Andhra Pradesh","West Godavari","576.5","2708.37","3284.87"
"47","1994","1","Andhra Pradesh","West Godavari","408.62","5426.32","5834.94"
"47","1995","1","Andhra Pradesh","West Godavari","407.76","7428.94","7836.71"
"47","1996","1","Andhra Pradesh","West Godavari","336.99","6558.24","6895.22"
"47","1997","1","Andhra Pradesh","West Godavari","306.0","6695.0","7001.0"
"47","1998","1","Andhra Pradesh","West Godavari","345.21","6456.4","6801.61"
"47","1999","1","Andhra Pradesh","West Godavari","406.0","6829.0","7235.0"
"47","2000","1","Andhra Pradesh","West Godavari","739.0","10641.0","11380.0"
"47","2001","1","Andhra Pradesh","West Godavari","747.0","12849.0","13596.0"
"47","2002","1","Andhra Pradesh","West Godavari","785.68","13482.23","14267.9"
"47","2003","1","Andhra Pradesh","West Godavari","465.0","14230.0","14695.0"
"47","2004","1","Andhra Pradesh","West Godavari","323.0","11747.0","12070.0"
"47","2005","1","Andhra Pradesh","West Godavari","540.0","13109.0","13649.0"
"47","2006","1","Andhra Pradesh","West Godavari","517.0","13459.0","13976.0"
"47","2007","1","Andhra Pradesh","West Godavari","642.8","14777.3","15420.1"
"47","2008","1","Andhra Pradesh","West Godavari","407.0","15319.0","15726.0"
"47","2009","1","Andhra Pradesh","West Godavari","423.0","17354.0","17777.0"
"47","2010","1","Andhra Pradesh","West Godavari","487.22","19960.78","20448.0"
"47","2011","1","Andhra Pradesh","West Godavari","517.13","20602.86","21119.99"
"47","2012","1","Andhra Pradesh","West Godavari","518.83","21531.17","22050.0"
"47","2014","1","Andhra Pradesh","West Godavari","-1.0","-1.0","23777.27"
"47","2015","1","Andhra Pradesh","West Godavari","-1.0","-1.0","25638.48"
"48","1992","1","Andhra Pradesh","Krishna","1068.79","4652.56","5721.35"
"48","1993","1","Andhra Pradesh","Krishna","867.96","5477.4","6345.36"
"48","1994","1","Andhra Pradesh","Krishna","551.12","6097.94","6649.06"
"48","1995","1","Andhra Pradesh","Krishna","535.32","6059.25","6594.57"
"48","1996","1","Andhra Pradesh","Krishna","533.68","5703.01","6236.69"
"48","1997","1","Andhra Pradesh","Krishna","467.0","5747.0","6214.0"
"48","1998","1","Andhra Pradesh","Krishna","494.93","6085.15","6580.07"
"48","1999","1","Andhra Pradesh","Krishna","492.0","5884.0","6376.0"
"48","2000","1","Andhra Pradesh","Krishna","478.0","2745.0","3223.0"
"48","2001","1","Andhra Pradesh","Krishna","481.0","7124.0","7605.0"
"48","2002","1","Andhra Pradesh","Krishna","571.07","7754.65","8325.72"
"48","2003","1","Andhra Pradesh","Krishna","338.0","8070.0","8408.0"
"48","2004","1","Andhra Pradesh","Krishna","406.0","6144.0","6550.0"
"48","2005","1","Andhra Pradesh","Krishna","341.0","8401.0","8742.0"
"48","2006","1","Andhra Pradesh","Krishna","313.0","8148.0","8461.0"
"48","2007","1","Andhra Pradesh","Krishna","389.15","8946.29","9335.44"
"48","2008","1","Andhra Pradesh","Krishna","870.0","10143.0","11013.0"
"48","2009","1","Andhra Pradesh","Krishna","851.0","10769.0","11620.0"
"48","2010","1","Andhra Pradesh","Krishna","889.08","11630.92","12520.0"
"48","2011","1","Andhra Pradesh","Krishna","946.72","11735.28","12682.0"
"48","2012","1","Andhra Pradesh","Krishna","805.41","12444.58","13250.0"
"48","2014","1","Andhra Pradesh","Krishna","-1.0","-1.0","19644.1"
"48","2015","1","Andhra Pradesh","Krishna","-1.0","-1.0","21414.21"
"49","1992","1","Andhra Pradesh","Guntur","1048.97","1369.25","2418.23"
"49","1993","1","Andhra Pradesh","Guntur","895.82","1750.86","2646.68"
"49","1994","1","Andhra Pradesh","Guntur","692.82","2955.76","3648.57"
"49","1995","1","Andhra Pradesh","Guntur","789.68","3387.66","4177.34"
"49","1996","1","Andhra Pradesh","Guntur","809.1","3333.99","4143.09"
"49","1997","1","Andhra Pradesh","Guntur","770.94","3369.62","4140.56"
"49","1998","1","Andhra Pradesh","Guntur","822.04","3392.06","4214.1"
"49","1999","1","Andhra Pradesh","Guntur","785.02","3254.58","4039.6"
"49","2000","1","Andhra Pradesh","Guntur","605.86","2830.84","3436.7"
"49","2001","1","Andhra Pradesh","Guntur","613.7","13024.7","13638.4"
"49","2002","1","Andhra Pradesh","Guntur","676.33","13946.79","14623.12"
"49","2003","1","Andhra Pradesh","Guntur","400.14","14513.22","14913.36"
"49","2004","1","Andhra Pradesh","Guntur","407.54","3893.2","4300.74"
"49","2005","1","Andhra Pradesh","Guntur","420.4","7537.58","7957.98"
"49","2006","1","Andhra Pradesh","Guntur","276.92","7208.3","7485.22"
"49","2007","1","Andhra Pradesh","Guntur","344.28","7914.61","8258.89"
"49","2008","1","Andhra Pradesh","Guntur","572.32","8119.52","8691.84"
"49","2009","1","Andhra Pradesh","Guntur","546.1","8564.74","9110.84"
"49","2010","1","Andhra Pradesh","Guntur","596.21","9438.17","10034.38"
"49","2011","1","Andhra Pradesh","Guntur","699.35","11123.21","11822.56"
"49","2012","1","Andhra Pradesh","Guntur","978.0","11445.54","12423.54"
"49","2014","1","Andhra Pradesh","Guntur","-1.0","-1.0","13426.47"
"49","2015","1","Andhra Pradesh","Guntur","-1.0","-1.0","15683.81"
"50","1992","1","Andhra Pradesh","S.P.S. Nellore","1157.32","1689.38","2846.71"
"50","1993","1","Andhra Pradesh","S.P.S. Nellore","841.82","2224.6","3066.42"
"50","1994","1","Andhra Pradesh","S.P.S. Nellore","638.31","1896.07","2534.38"
"50","1995","1","Andhra Pradesh","S.P.S. Nellore","634.07","1491.35","2125.42"
"50","1996","1","Andhra Pradesh","S.P.S. Nellore","652.45","1540.51","2192.96"
"50","1997","1","Andhra Pradesh","S.P.S. Nellore","665.82","1537.86","2203.68"
"50","1998","1","Andhra Pradesh","S.P.S. Nellore","672.71","1504.67","2177.38"
"50","1999","1","Andhra Pradesh","S.P.S. Nellore","678.06","1573.74","2251.8"
"50","2000","1","Andhra Pradesh","S.P.S. Nellore","1263.58","579.52","1843.1"
"50","2001","1","Andhra Pradesh","S.P.S. Nellore","1277.1","2086.1","3363.2"
"50","2002","1","Andhra Pradesh","S.P.S. Nellore","1328.22","2952.76","4280.98"
"50","2003","1","Andhra Pradesh","S.P.S. Nellore","786.42","3072.66","3859.08"
"50","2004","1","Andhra Pradesh","S.P.S. Nellore","368.62","831.6","1200.22"
"50","2005","1","Andhra Pradesh","S.P.S. Nellore","753.2","1403.74","2156.94"
"50","2006","1","Andhra Pradesh","S.P.S. Nellore","51.76","1345.9","1397.66"
"50","2007","1","Andhra Pradesh","S.P.S. Nellore","64.29","1478.0","1542.29"
"50","2008","1","Andhra Pradesh","S.P.S. Nellore","237.96","1133.56","1371.52"
"50","2009","1","Andhra Pradesh","S.P.S. Nellore","232.3","1216.22","1448.52"
"50","2010","1","Andhra Pradesh","S.P.S. Nellore","242.22","1323.92","1566.14"
"50","2011","1","Andhra Pradesh","S.P.S. Nellore","296.18","1785.49","2081.67"
"50","2012","1","Andhra Pradesh","S.P.S. Nellore","540.43","1694.19","2234.62"
"50","2014","1","Andhra Pradesh","S.P.S. Nellore","-1.0","-1.0","2533.37"
"50","2015","1","Andhra Pradesh","S.P.S. Nellore","-1.0","-1.0","2784.85"
"51","1992","1","Andhra Pradesh","Kurnool","474.42","317.84","792.26"
"51","1993","1","Andhra Pradesh","Kurnool","443.21","257.38","700.59"
"51","1994","1","Andhra Pradesh","Kurnool","373.99","340.51","714.5"
"51","1995","1","Andhra Pradesh","Kurnool","409.81","351.34","761.16"
"51","1996","1","Andhra Pradesh","Kurnool","481.66","351.13","832.79"
"51","1997","1","Andhra Pradesh","Kurnool","375.24","357.52","732.76"
"51","1998","1","Andhra Pradesh","Kurnool","407.11","361.32","768.43"
"51","1999","1","Andhra Pradesh","Kurnool","410.92","281.68","692.6"
"51","2000","1","Andhra Pradesh","Kurnool","273.56","816.64","1090.2"
"51","2001","1","Andhra Pradesh","Kurnool","279.2","1160.2","1439.4"
"51","2002","1","Andhra Pradesh","Kurnool","331.39","1888.62","2220.0"
"51","2003","1","Andhra Pradesh","Kurnool","196.44","1865.12","2061.56"
"51","2004","1","Andhra Pradesh","Kurnool","270.84","283.2","554.04"
"51","2005","1","Andhra Pradesh","Kurnool","199.4","958.68","1158.08"
"51","2006","1","Andhra Pradesh","Kurnool","33.32","861.8","895.12"
"51","2007","1","Andhra Pradesh","Kurnool","41.14","945.87","987.01"
"51","2008","1","Andhra Pradesh","Kurnool","351.72","670.92","1022.64"
"51","2009","1","Andhra Pradesh","Kurnool","353.6","765.04","1118.64"
"51","2010","1","Andhra Pradesh","Kurnool","366.51","839.97","1206.48"
"51","2011","1","Andhra Pradesh","Kurnool","380.17","881.59","1261.76"
"51","2012","1","Andhra Pradesh","Kurnool","490.59","793.25","1283.84"
"51","2014","1","Andhra Pradesh","Kurnool","-1.0","-1.0","1710.12"
"51","2015","1","Andhra Pradesh","Kurnool","-1.0","-1.0","1866.43"
"52","1992","1","Andhra Pradesh","Ananthapur","393.89","231.89","625.77"
"52","1993","1","Andhra Pradesh","Ananthapur","440.91","223.32","664.23"
"52","1994","1","Andhra Pradesh","Ananthapur","339.16","275.04","614.2"
"52","1995","1","Andhra Pradesh","Ananthapur","500.97","280.05","781.02"
"52","1996","1","Andhra Pradesh","Ananthapur","434.98","279.73","714.72"
"52","1997","1","Andhra Pradesh","Ananthapur","322.0","284.0","606.0"
"52","1998","1","Andhra Pradesh","Ananthapur","366.4","290.95","657.35"
"52","1999","1","Andhra Pradesh","Ananthapur","356.0","299.0","655.0"
"52","2000","1","Andhra Pradesh","Ananthapur","357.0","309.0","666.0"
"52","2001","1","Andhra Pradesh","Ananthapur","363.0","1319.0","1682.0"
"52","2002","1","Andhra Pradesh","Ananthapur","406.35","1946.56","2352.9"
"52","2003","1","Andhra Pradesh","Ananthapur","240.0","2026.0","2266.0"
"52","2004","1","Andhra Pradesh","Ananthapur","339.0","271.0","610.0"
"52","2005","1","Andhra Pradesh","Ananthapur","278.0","1429.0","1707.0"
"52","2006","1","Andhra Pradesh","Ananthapur","48.0","1248.0","1296.0"
"52","2007","1","Andhra Pradesh","Ananthapur","59.62","1370.68","1430.3"
"52","2008","1","Andhra Pradesh","Ananthapur","303.0","1150.0","1453.0"
"52","2009","1","Andhra Pradesh","Ananthapur","310.0","1293.0","1603.0"
"52","2010","1","Andhra Pradesh","Ananthapur","344.52","1468.48","1813.0"
"52","2011","1","Andhra Pradesh","Ananthapur","378.91","1571.09","1950.0"
"52","2012","1","Andhra Pradesh","Ananthapur","675.54","1608.45","2284.0"
"52","2014","1","Andhra Pradesh","Ananthapur","-1.0","-1.0","1994.57"
"52","2015","1","Andhra Pradesh","Ananthapur","-1.0","-1.0","2127.78"
"53","1992","1","Andhra Pradesh","Kadapa YSR","498.5","379.92","878.42"
"53","1993","1","Andhra Pradesh","Kadapa YSR","394.04","379.4","773.44"
"53","1994","1","Andhra Pradesh","Kadapa YSR","405.78","348.58","754.36"
"53","1995","1","Andhra Pradesh","Kadapa YSR","471.94","299.54","771.49"
"53","1996","1","Andhra Pradesh","Kadapa YSR","397.85","296.9","694.75"
"53","1997","1","Andhra Pradesh","Kadapa YSR","383.0","298.0","681.0"
"53","1998","1","Andhra Pradesh","Kadapa YSR","427.21","311.58","738.79"
"53","1999","1","Andhra Pradesh","Kadapa YSR","402.0","314.0","716.0"
"53","2000","1","Andhra Pradesh","Kadapa YSR","227.0","295.0","522.0"
"53","2001","1","Andhra Pradesh","Kadapa YSR","238.0","1749.0","1987.0"
"53","2002","1","Andhra Pradesh","Kadapa YSR","282.88","2376.91","2659.8"
"53","2003","1","Andhra Pradesh","Kadapa YSR","167.0","2473.0","2640.0"
"53","2004","1","Andhra Pradesh","Kadapa YSR","303.0","250.0","553.0"
"53","2005","1","Andhra Pradesh","Kadapa YSR","186.0","953.0","1139.0"
"53","2006","1","Andhra Pradesh","Kadapa YSR","33.0","857.0","890.0"
"53","2007","1","Andhra Pradesh","Kadapa YSR","40.95","941.45","982.4"
"53","2008","1","Andhra Pradesh","Kadapa YSR","337.0","747.0","1084.0"
"53","2009","1","Andhra Pradesh","Kadapa YSR","325.0","812.0","1137.0"
"53","2010","1","Andhra Pradesh","Kadapa YSR","351.87","890.13","1242.0"
"53","2011","1","Andhra Pradesh","Kadapa YSR","334.42","918.58","1253.0"
"53","2012","1","Andhra Pradesh","Kadapa YSR","396.13","938.87","1335.0"
"53","2014","1","Andhra Pradesh","Kadapa YSR","-1.0","-1.0","1407.72"
"53","2015","1","Andhra Pradesh","Kadapa YSR","-1.0","-1.0","1544.81"
"54","1992","1","Andhra Pradesh","Chittoor","694.02","1694.02","2388.04"
"54","1993","1","Andhra Pradesh","Chittoor","713.26","2450.36","3163.62"
"54","1994","1","Andhra Pradesh","Chittoor","560.6","3584.57","4145.17"
"54","1995","1","Andhra Pradesh","Chittoor","700.81","3704.76","4405.58"
"54","1996","1","Andhra Pradesh","Chittoor","473.95","3714.91","4188.86"
"54","1997","1","Andhra Pradesh","Chittoor","490.0","3631.0","4121.0"
"54","1998","1","Andhra Pradesh","Chittoor","561.36","3610.9","4172.25"
"54","1999","1","Andhra Pradesh","Chittoor","547.0","3548.0","4095.0"
"54","2000","1","Andhra Pradesh","Chittoor","342.0","3466.0","3808.0"
"54","2001","1","Andhra Pradesh","Chittoor","344.0","11126.0","11470.0"
"54","2002","1","Andhra Pradesh","Chittoor","388.18","11757.96","12146.14"
"54","2003","1","Andhra Pradesh","Chittoor","230.0","12236.0","12466.0"
"54","2004","1","Andhra Pradesh","Chittoor","406.0","5747.0","6153.0"
"54","2005","1","Andhra Pradesh","Chittoor","397.0","10826.0","11223.0"
"54","2006","1","Andhra Pradesh","Chittoor","366.0","9526.0","9892.0"
"54","2007","1","Andhra Pradesh","Chittoor","454.97","10459.36","10914.33"
"54","2008","1","Andhra Pradesh","Chittoor","494.0","11289.0","11783.0"
"54","2009","1","Andhra Pradesh","Chittoor","486.0","12191.0","12677.0"
"54","2010","1","Andhra Pradesh","Chittoor","483.09","12824.91","13308.0"
"54","2011","1","Andhra Pradesh","Chittoor","524.72","12795.28","13320.0"
"54","2012","1","Andhra Pradesh","Chittoor","573.58","13435.42","14009.0"
"54","2014","1","Andhra Pradesh","Chittoor","-1.0","-1.0","10114.98"
"54","2015","1","Andhra Pradesh","Chittoor","-1.0","-1.0","10958.08"
"55","1992","20","Telangana","Hyderabad","798.17","9595.1","10393.28"
"55","1993","20","Telangana","Hyderabad","511.69","10756.37","11268.06"
"55","1994","20","Telangana","Hyderabad","287.21","11775.88","12063.09"
"55","1995","20","Telangana","Hyderabad","208.23","11638.04","11846.27"
"55","1996","20","Telangana","Hyderabad","199.45","10999.14","11198.59"
"55","1997","20","Telangana","Hyderabad","218.0","11640.0","11858.0"
"55","1998","20","Telangana","Hyderabad","215.34","13298.4","13513.74"
"55","1999","20","Telangana","Hyderabad","218.0","16803.0","17021.0"
"55","2000","20","Telangana","Hyderabad","298.0","12199.0","12497.0"
"55","2001","20","Telangana","Hyderabad","300.0","32489.0","32789.0"
"55","2002","20","Telangana","Hyderabad","344.07","33849.74","34193.81"
"55","2003","20","Telangana","Hyderabad","204.0","35123.0","35327.0"
"55","2004","20","Telangana","Hyderabad","198.0","20943.0","21141.0"
"55","2005","20","Telangana","Hyderabad","318.0","20115.0","20433.0"
"55","2006","20","Telangana","Hyderabad","810.0","21085.0","21895.0"
"55","2007","20","Telangana","Hyderabad","1007.01","23149.91","24156.92"
"55","2008","20","Telangana","Hyderabad","205.0","24816.0","25021.0"
"55","2009","20","Telangana","Hyderabad","199.0","26109.0","26308.0"
"55","2010","20","Telangana","Hyderabad","219.74","29064.26","29284.0"
"55","2011","20","Telangana","Hyderabad","264.14","30713.9","30978.04"
"55","2012","20","Telangana","Hyderabad","354.16","32254.84","32609.0"
"55","2014","20","Telangana","Hyderabad","1136.68","5397.29","6533.97"
"55","2015","20","Telangana","Hyderabad","408.8","36606.19","37014.98"
"56","1992","20","Telangana","Nizamabad","399.66","259.25","658.91"
"56","1993","20","Telangana","Nizamabad","248.87","169.86","418.73"
"56","1994","20","Telangana","Nizamabad","160.26","232.57","392.83"
"56","1995","20","Telangana","Nizamabad","129.26","282.94","412.2"
"56","1996","20","Telangana","Nizamabad","123.17","282.52","405.69"
"56","1997","20","Telangana","Nizamabad","168.0","283.0","451.0"
"56","1998","20","Telangana","Nizamabad","154.77","283.73","438.5"
"56","1999","20","Telangana","Nizamabad","162.0","281.0","443.0"
"56","2000","20","Telangana","Nizamabad","260.0","262.0","522.0"
"56","2001","20","Telangana","Nizamabad","264.0","875.0","1139.0"
"56","2002","20","Telangana","Nizamabad","308.83","1502.85","1811.68"
"56","2003","20","Telangana","Nizamabad","183.0","1564.0","1747.0"
"56","2004","20","Telangana","Nizamabad","130.0","988.0","1118.0"
"56","2005","20","Telangana","Nizamabad","159.0","1334.0","1493.0"
"56","2006","20","Telangana","Nizamabad","53.0","1386.0","1439.0"
"56","2007","20","Telangana","Nizamabad","66.17","1521.27","1587.44"
"56","2008","20","Telangana","Nizamabad","275.0","1304.0","1579.0"
"56","2009","20","Telangana","Nizamabad","255.0","1351.0","1606.0"
"56","2010","20","Telangana","Nizamabad","263.2","1418.8","1682.0"
"56","2011","20","Telangana","Nizamabad","292.02","1526.95","1818.97"
"56","2012","20","Telangana","Nizamabad","269.05","1664.95","1934.0"
"56","2014","20","Telangana","Nizamabad","396.89","34126.44","34523.33"
"56","2015","20","Telangana","Nizamabad","401.38","5462.08","5863.46"
"57","1992","20","Telangana","Medak","392.88","328.92","721.8"
"57","1993","20","Telangana","Medak","257.55","529.67","787.22"
"57","1994","20","Telangana","Medak","257.94","1169.81","1427.75"
"57","1995","20","Telangana","Medak","287.95","1423.79","1711.74"
"57","1996","20","Telangana","Medak","214.24","1419.9","1634.14"
"57","1997","20","Telangana","Medak","275.0","1420.0","1695.0"
"57","1998","20","Telangana","Medak","245.86","1418.11","1663.97"
"57","1999","20","Telangana","Medak","261.0","1380.0","1641.0"
"57","2000","20","Telangana","Medak","509.0","660.0","1169.0"
"57","2001","20","Telangana","Medak","516.0","3036.0","3552.0"
"57","2002","20","Telangana","Medak","557.58","3665.07","4222.65"
"57","2003","20","Telangana","Medak","330.0","3814.0","4144.0"
"57","2004","20","Telangana","Medak","177.0","10351.0","10528.0"
"57","2005","20","Telangana","Medak","275.0","14777.0","15052.0"
"57","2006","20","Telangana","Medak","578.0","15049.0","15627.0"
"57","2007","20","Telangana","Medak","718.74","16522.91","17241.65"
"57","2008","20","Telangana","Medak","737.0","16411.0","17148.0"
"57","2009","20","Telangana","Medak","785.0","18665.0","19450.0"
"57","2010","20","Telangana","Medak","774.83","18758.17","19533.0"
"57","2011","20","Telangana","Medak","805.58","19064.42","19870.0"
"57","2012","20","Telangana","Medak","873.04","20049.96","20923.0"
"57","2014","20","Telangana","Medak","527.5","17579.94","18107.45"
"57","2015","20","Telangana","Medak","416.61","18656.82","19073.44"
"57","2016","20","Telangana","Medak","666.0","111.0","777.0"
"58","1992","20","Telangana","Mahabubnagar","665.18","884.32","1549.5"
"58","1993","20","Telangana","Mahabubnagar","499.69","1364.36","1864.05"
"58","1994","20","Telangana","Mahabubnagar","387.71","1361.58","1749.29"
"58","1995","20","Telangana","Mahabubnagar","473.26","1241.81","1715.07"
"58","1996","20","Telangana","Mahabubnagar","372.8","1239.39","1612.19"
"58","1997","20","Telangana","Mahabubnagar","428.0","1241.0","1669.0"
"58","1998","20","Telangana","Mahabubnagar","415.16","1242.59","1657.75"
"58","1999","20","Telangana","Mahabubnagar","451.0","1207.0","1658.0"
"58","2000","20","Telangana","Mahabubnagar","519.0","1249.0","1768.0"
"58","2001","20","Telangana","Mahabubnagar","522.0","7444.0","7966.0"
"58","2002","20","Telangana","Mahabubnagar","563.48","8075.15","8638.63"
"58","2003","20","Telangana","Mahabubnagar","334.0","8503.0","8837.0"
"58","2004","20","Telangana","Mahabubnagar","348.0","1012.0","1360.0"
"58","2005","20","Telangana","Mahabubnagar","288.0","7860.0","8148.0"
"58","2006","20","Telangana","Mahabubnagar","322.0","8392.0","8714.0"
"58","2007","20","Telangana","Mahabubnagar","400.79","9213.66","9614.45"
"58","2008","20","Telangana","Mahabubnagar","890.0","9592.0","10482.0"
"58","2009","20","Telangana","Mahabubnagar","884.0","10211.0","11095.0"
"58","2010","20","Telangana","Mahabubnagar","881.64","10333.36","11215.0"
"58","2011","20","Telangana","Mahabubnagar","1065.14","11261.99","12327.13"
"58","2012","20","Telangana","Mahabubnagar","990.8","11865.2","12856.0"
"58","2014","20","Telangana","Mahabubnagar","833.68","6426.81","7260.5"
"58","2015","20","Telangana","Mahabubnagar","785.69","18580.54","19366.23"
"59","1992","20","Telangana","Nalgonda","703.48","648.2","1351.69"
"59","1993","20","Telangana","Nalgonda","674.93","816.21","1491.14"
"59","1994","20","Telangana","Nalgonda","586.27","1958.1","2544.37"
"59","1995","20","Telangana","Nalgonda","420.56","2076.98","2497.54"
"59","1996","20","Telangana","Nalgonda","538.91","2055.8","2594.7"
"59","1997","20","Telangana","Nalgonda","548.0","2078.0","2626.0"
"59","1998","20","Telangana","Nalgonda","544.97","2027.66","2572.64"
"59","1999","20","Telangana","Nalgonda","528.0","2506.0","3034.0"
"59","2000","20","Telangana","Nalgonda","835.0","2438.0","3273.0"
"59","2001","20","Telangana","Nalgonda","840.0","4339.0","5179.0"
"59","2002","20","Telangana","Nalgonda","877.53","4968.44","5845.97"
"59","2003","20","Telangana","Nalgonda","519.0","4970.0","5489.0"
"59","2004","20","Telangana","Nalgonda","309.0","5501.0","5810.0"
"59","2005","20","Telangana","Nalgonda","594.0","6911.0","7505.0"
"59","2006","20","Telangana","Nalgonda","249.0","6486.0","6735.0"
"59","2007","20","Telangana","Nalgonda","309.75","7120.75","7430.51"
"59","2008","20","Telangana","Nalgonda","808.0","7404.0","8212.0"
"59","2009","20","Telangana","Nalgonda","809.0","8038.0","8847.0"
"59","2010","20","Telangana","Nalgonda","826.39","8435.61","9262.0"
"59","2011","20","Telangana","Nalgonda","895.66","8659.47","9555.14"
"59","2012","20","Telangana","Nalgonda","938.03","9041.07","9979.1"
"59","2014","20","Telangana","Nalgonda","1121.27","8001.56","9122.83"
"59","2015","20","Telangana","Nalgonda","831.05","10245.88","11076.93"
"60","1992","20","Telangana","Warangal","632.96","491.39","1124.35"
"60","1993","20","Telangana","Warangal","646.25","514.0","1160.25"
"60","1994","20","Telangana","Warangal","535.35","731.7","1267.05"
"60","1995","20","Telangana","Warangal","507.17","806.43","1313.6"
"60","1996","20","Telangana","Warangal","517.61","742.71","1260.33"
"60","1997","20","Telangana","Warangal","503.0","755.0","1258.0"
"60","1998","20","Telangana","Warangal","506.04","735.41","1241.45"
"60","1999","20","Telangana","Warangal","523.0","854.0","1377.0"
"60","2000","20","Telangana","Warangal","309.0","1150.0","1459.0"
"60","2001","20","Telangana","Warangal","312.0","4344.0","4656.0"
"60","2002","20","Telangana","Warangal","356.06","4973.24","5329.29"
"60","2003","20","Telangana","Warangal","211.0","5176.0","5387.0"
"60","2004","20","Telangana","Warangal","346.0","7768.0","8114.0"
"60","2005","20","Telangana","Warangal","209.0","5328.0","5537.0"
"60","2006","20","Telangana","Warangal","193.0","5035.0","5228.0"
"60","2007","20","Telangana","Warangal","240.45","5527.79","5768.24"
"60","2008","20","Telangana","Warangal","1427.0","4827.0","6254.0"
"60","2009","20","Telangana","Warangal","1379.0","5211.0","6590.0"
"60","2010","20","Telangana","Warangal","1407.56","5333.44","6741.0"
"60","2011","20","Telangana","Warangal","1458.96","5451.04","6910.0"
"60","2012","20","Telangana","Warangal","1349.25","5871.85","7221.1"
"60","2014","20","Telangana","Warangal","826.6","411.74","1238.35"
"60","2015","20","Telangana","Warangal","1018.21","8763.23","9781.44"
"61","1992","20","Telangana","Khammam","608.93","128.74","737.66"
"61","1993","20","Telangana","Khammam","811.81","182.23","994.04"
"61","1994","20","Telangana","Khammam","545.6","271.8","817.4"
"61","1995","20","Telangana","Khammam","454.15","276.55","730.69"
"61","1996","20","Telangana","Khammam","564.93","272.94","837.88"
"61","1997","20","Telangana","Khammam","541.0","279.0","820.0"
"61","1998","20","Telangana","Khammam","533.66","276.65","810.31"
"61","1999","20","Telangana","Khammam","577.0","330.0","907.0"
"61","2000","20","Telangana","Khammam","480.0","238.0","718.0"
"61","2001","20","Telangana","Khammam","489.0","771.0","1260.0"
"61","2002","20","Telangana","Khammam","531.0","1398.89","1929.88"
"61","2003","20","Telangana","Khammam","314.0","1456.0","1770.0"
"61","2004","20","Telangana","Khammam","331.0","197.0","528.0"
"61","2005","20","Telangana","Khammam","325.0","895.0","1220.0"
"61","2006","20","Telangana","Khammam","33.0","849.0","882.0"
"61","2007","20","Telangana","Khammam","40.55","932.22","972.77"
"61","2008","20","Telangana","Khammam","451.0","547.0","998.0"
"61","2009","20","Telangana","Khammam","438.0","630.0","1068.0"
"61","2010","20","Telangana","Khammam","486.66","708.34","1195.0"
"61","2011","20","Telangana","Khammam","543.66","766.36","1310.02"
"61","2012","20","Telangana","Khammam","607.15","757.95","1365.1"
"61","2014","20","Telangana","Khammam","956.82","9643.12","10599.94"
"61","2015","20","Telangana","Khammam","734.64","569.62","1304.26"
"62","1992","20","Telangana","Karimnagar","682.32","782.5","1464.82"
"62","1993","20","Telangana","Karimnagar","680.44","648.39","1328.83"
"62","1994","20","Telangana","Karimnagar","495.68","870.02","1365.7"
"62","1995","20","Telangana","Karimnagar","444.29","994.0","1438.29"
"62","1996","20","Telangana","Karimnagar","333.69","990.03","1323.72"
"62","1997","20","Telangana","Karimnagar","436.0","991.0","1427.0"
"62","1998","20","Telangana","Karimnagar","453.54","992.14","1445.67"
"62","1999","20","Telangana","Karimnagar","477.0","961.0","1438.0"
"62","2000","20","Telangana","Karimnagar","213.0","764.0","977.0"
"62","2001","20","Telangana","Karimnagar","221.0","2705.0","2926.0"
"62","2002","20","Telangana","Karimnagar","266.01","3333.88","3599.88"
"62","2003","20","Telangana","Karimnagar","157.0","3369.0","3526.0"
"62","2004","20","Telangana","Karimnagar","370.0","955.0","1325.0"
"62","2005","20","Telangana","Karimnagar","134.0","3214.0","3348.0"
"62","2006","20","Telangana","Karimnagar","116.0","3010.0","3126.0"
"62","2007","20","Telangana","Karimnagar","143.75","3304.79","3448.54"
"62","2008","20","Telangana","Karimnagar","642.0","3752.0","4394.0"
"62","2009","20","Telangana","Karimnagar","635.0","4046.0","4681.0"
"62","2010","20","Telangana","Karimnagar","752.75","4882.32","5635.07"
"62","2011","20","Telangana","Karimnagar","831.61","5392.39","6223.99"
"62","2012","20","Telangana","Karimnagar","904.03","5702.97","6607.0"
"62","2014","20","Telangana","Karimnagar","-1.0","-1.0","-1.0"
"62","2015","20","Telangana","Karimnagar","811.87","6711.42","7523.29"
"63","1992","20","Telangana","Adilabad","315.46","182.91","498.37"
"63","1993","20","Telangana","Adilabad","217.33","150.37","367.7"
"63","1994","20","Telangana","Adilabad","251.02","114.57","365.59"
"63","1995","20","Telangana","Adilabad","211.43","101.57","313.0"
"63","1996","20","Telangana","Adilabad","183.77","101.21","284.98"
"63","1997","20","Telangana","Adilabad","225.0","102.0","327.0"
"63","1998","20","Telangana","Adilabad","236.73","101.95","338.68"
"63","1999","20","Telangana","Adilabad","260.0","99.0","359.0"
"63","2000","20","Telangana","Adilabad","164.0","101.0","265.0"
"63","2001","20","Telangana","Adilabad","199.0","857.0","1056.0"
"63","2002","20","Telangana","Adilabad","244.71","1484.73","1729.44"
"63","2003","20","Telangana","Adilabad","145.0","1544.0","1689.0"
"63","2004","20","Telangana","Adilabad","240.0","201.0","441.0"
"63","2005","20","Telangana","Adilabad","159.0","562.0","721.0"
"63","2006","20","Telangana","Adilabad","20.0","529.0","549.0"
"63","2007","20","Telangana","Adilabad","25.26","580.85","606.11"
"63","2008","20","Telangana","Adilabad","227.0","207.0","434.0"
"63","2009","20","Telangana","Adilabad","185.0","196.0","381.0"
"63","2010","20","Telangana","Adilabad","164.32","182.68","347.0"
"63","2011","20","Telangana","Adilabad","289.17","380.84","670.01"
"63","2012","20","Telangana","Adilabad","349.78","388.22","738.0"
"63","2014","20","Telangana","Adilabad","1065.61","17648.65","18714.26"
"63","2015","20","Telangana","Adilabad","590.55","373.92","964.47"
"64","1989","5","Karnataka","Bangalore","-1.0","-1.0","4294.6"
"64","1990","5","Karnataka","Bangalore","-1.0","-1.0","4251.6"
"64","1991","5","Karnataka","Bangalore","-1.0","-1.0","4324.8"
"64","1992","5","Karnataka","Bangalore","-1.0","-1.0","4330.1"
"64","1993","5","Karnataka","Bangalore","-1.0","-1.0","4546.2"
"64","1994","5","Karnataka","Bangalore","-1.0","-1.0","4615.34"
"64","1995","5","Karnataka","Bangalore","1994.48","2922.32","4916.8"
"64","1996","5","Karnataka","Bangalore","1967.0","3172.0","5139.0"
"64","1997","5","Karnataka","Bangalore","1689.0","3540.0","5229.0"
"64","1998","5","Karnataka","Bangalore","2148.0","3154.0","5302.0"
"64","1999","5","Karnataka","Bangalore","1666.0","3347.0","5013.0"
"64","2000","5","Karnataka","Bangalore","1039.0","3195.0","4234.0"
"64","2001","5","Karnataka","Bangalore","787.0","1335.0","2122.0"
"64","2002","5","Karnataka","Bangalore","868.0","1565.0","2433.0"
"64","2003","5","Karnataka","Bangalore","254.0","252.0","506.0"
"64","2004","5","Karnataka","Bangalore","265.0","263.0","528.0"
"64","2005","5","Karnataka","Bangalore","300.0","277.0","577.0"
"64","2006","5","Karnataka","Bangalore","298.0","285.0","583.0"
"64","2007","5","Karnataka","Bangalore","299.0","420.0","719.0"
"64","2008","5","Karnataka","Bangalore","381.0","792.0","1173.0"
"64","2009","5","Karnataka","Bangalore","432.0","1010.0","1442.0"
"64","2010","5","Karnataka","Bangalore","457.0","1135.0","1592.0"
"64","2011","5","Karnataka","Bangalore","510.0","1371.0","1881.0"
"64","2012","5","Karnataka","Bangalore","529.0","1732.0","2261.0"
"64","2013","5","Karnataka","Bangalore","521.0","2179.0","2700.0"
"64","2014","5","Karnataka","Bangalore","434.0","2690.0","3124.0"
"64","2015","5","Karnataka","Bangalore","255.0","196.0","3570.0"
"65","1989","5","Karnataka","Kolar","-1.0","-1.0","521.0"
"65","1990","5","Karnataka","Kolar","-1.0","-1.0","550.2"
"65","1991","5","Karnataka","Kolar","-1.0","-1.0","564.0"
"65","1992","5","Karnataka","Kolar","-1.0","-1.0","607.2"
"65","1993","5","Karnataka","Kolar","-1.0","-1.0","591.0"
"65","1994","5","Karnataka","Kolar","-1.0","-1.0","612.88"
"65","1995","5","Karnataka","Kolar","359.0","296.82","655.82"
"65","1996","5","Karnataka","Kolar","365.0","300.0","665.0"
"65","1997","5","Karnataka","Kolar","468.0","314.0","782.0"
"65","1998","5","Karnataka","Kolar","472.0","323.0","795.0"
"65","1999","5","Karnataka","Kolar","594.0","346.0","940.0"
"65","2000","5","Karnataka","Kolar","515.0","319.0","834.0"
"65","2001","5","Karnataka","Kolar","571.0","140.0","711.0"
"65","2002","5","Karnataka","Kolar","542.0","131.0","673.0"
"65","2003","5","Karnataka","Kolar","354.0","294.0","648.0"
"65","2004","5","Karnataka","Kolar","343.0","291.0","634.0"
"65","2005","5","Karnataka","Kolar","363.0","298.0","661.0"
"65","2006","5","Karnataka","Kolar","383.0","173.0","556.0"
"65","2007","5","Karnataka","Kolar","381.0","221.0","602.0"
"65","2008","5","Karnataka","Kolar","489.0","421.0","910.0"
"65","2009","5","Karnataka","Kolar","199.0","536.0","735.0"
"65","2010","5","Karnataka","Kolar","214.0","586.0","800.0"
"65","2011","5","Karnataka","Kolar","209.0","749.0","958.0"
"65","2012","5","Karnataka","Kolar","215.0","905.0","1120.0"
"65","2013","5","Karnataka","Kolar","256.0","1213.0","1469.0"
"65","2014","5","Karnataka","Kolar","312.0","791.0","1103.0"
"65","2015","5","Karnataka","Kolar","23.0","5.0","1470.0"
"66","1989","5","Karnataka","Tumkur","-1.0","-1.0","320.3"
"66","1990","5","Karnataka","Tumkur","-1.0","-1.0","312.7"
"66","1991","5","Karnataka","Tumkur","-1.0","-1.0","335.6"
"66","1992","5","Karnataka","Tumkur","-1.0","-1.0","340.5"
"66","1993","5","Karnataka","Tumkur","-1.0","-1.0","318.6"
"66","1994","5","Karnataka","Tumkur","-1.0","-1.0","345.72"
"66","1995","5","Karnataka","Tumkur","267.75","80.78","348.53"
"66","1996","5","Karnataka","Tumkur","297.0","83.0","380.0"
"66","1997","5","Karnataka","Tumkur","385.0","86.0","471.0"
"66","1998","5","Karnataka","Tumkur","401.0","89.0","490.0"
"66","1999","5","Karnataka","Tumkur","481.0","95.0","576.0"
"66","2000","5","Karnataka","Tumkur","452.0","188.0","640.0"
"66","2001","5","Karnataka","Tumkur","553.0","79.0","632.0"
"66","2002","5","Karnataka","Tumkur","502.0","71.0","573.0"
"66","2003","5","Karnataka","Tumkur","273.0","71.0","344.0"
"66","2004","5","Karnataka","Tumkur","271.0","73.0","344.0"
"66","2005","5","Karnataka","Tumkur","267.0","77.0","344.0"
"66","2006","5","Karnataka","Tumkur","267.0","77.0","344.0"
"66","2007","5","Karnataka","Tumkur","275.0","189.0","464.0"
"66","2008","5","Karnataka","Tumkur","254.0","233.0","487.0"
"66","2009","5","Karnataka","Tumkur","111.0","289.0","400.0"
"66","2010","5","Karnataka","Tumkur","121.0","309.0","430.0"
"66","2011","5","Karnataka","Tumkur","127.0","365.0","492.0"
"66","2012","5","Karnataka","Tumkur","130.0","358.0","488.0"
"66","2013","5","Karnataka","Tumkur","141.0","441.0","582.0"
"66","2014","5","Karnataka","Tumkur","299.0","380.0","679.0"
"66","2015","5","Karnataka","Tumkur","68.0","26.0","711.0"
"67","1989","5","Karnataka","Mysore","-1.0","-1.0","1314.7"
"67","1990","5","Karnataka","Mysore","-1.0","-1.0","1262.5"
"67","1991","5","Karnataka","Mysore","-1.0","-1.0","1380.1"
"67","1992","5","Karnataka","Mysore","-1.0","-1.0","1376.1"
"67","1993","5","Karnataka","Mysore","-1.0","-1.0","1382.9"
"67","1994","5","Karnataka","Mysore","-1.0","-1.0","1422.68"
"67","1995","5","Karnataka","Mysore","435.0","1084.51","1519.51"
"67","1996","5","Karnataka","Mysore","430.0","1122.0","1552.0"
"67","1997","5","Karnataka","Mysore","649.0","1177.0","1826.0"
"67","1998","5","Karnataka","Mysore","690.0","774.0","1464.0"
"67","1999","5","Karnataka","Mysore","686.0","774.0","1460.0"
"67","2000","5","Karnataka","Mysore","746.0","796.0","1542.0"
"67","2001","5","Karnataka","Mysore","451.0","499.0","950.0"
"67","2002","5","Karnataka","Mysore","417.0","604.0","1021.0"
"67","2003","5","Karnataka","Mysore","281.0","1255.0","1536.0"
"67","2004","5","Karnataka","Mysore","279.0","1280.0","1559.0"
"67","2005","5","Karnataka","Mysore","275.0","1323.0","1598.0"
"67","2006","5","Karnataka","Mysore","276.0","1317.0","1593.0"
"67","2007","5","Karnataka","Mysore","278.0","1380.0","1658.0"
"67","2008","5","Karnataka","Mysore","266.0","1646.0","1912.0"
"67","2009","5","Karnataka","Mysore","554.0","2056.0","2610.0"
"67","2010","5","Karnataka","Mysore","585.0","2178.0","2763.0"
"67","2011","5","Karnataka","Mysore","557.0","2320.0","2877.0"
"67","2012","5","Karnataka","Mysore","580.0","2495.0","3075.0"
"67","2013","5","Karnataka","Mysore","613.0","2912.0","3525.0"
"67","2014","5","Karnataka","Mysore","574.0","5378.0","5952.0"
"67","2015","5","Karnataka","Mysore","152.0","94.0","6298.0"
"68","1989","5","Karnataka","Mandya","-1.0","-1.0","336.4"
"68","1990","5","Karnataka","Mandya","-1.0","-1.0","393.3"
"68","1991","5","Karnataka","Mandya","-1.0","-1.0","335.1"
"68","1992","5","Karnataka","Mandya","-1.0","-1.0","416.0"
"68","1993","5","Karnataka","Mandya","-1.0","-1.0","435.0"
"68","1994","5","Karnataka","Mandya","-1.0","-1.0","456.88"
"68","1995","5","Karnataka","Mandya","338.35","154.58","492.93"
"68","1996","5","Karnataka","Mandya","375.0","161.0","536.0"
"68","1997","5","Karnataka","Mandya","436.0","170.0","606.0"
"68","1998","5","Karnataka","Mandya","450.0","177.0","627.0"
"68","1999","5","Karnataka","Mandya","452.0","192.0","644.0"
"68","2000","5","Karnataka","Mandya","395.0","234.0","629.0"
"68","2001","5","Karnataka","Mandya","376.0","551.0","927.0"
"68","2002","5","Karnataka","Mandya","373.0","522.0","895.0"
"68","2003","5","Karnataka","Mandya","245.0","86.0","331.0"
"68","2004","5","Karnataka","Mandya","248.0","87.0","335.0"
"68","2005","5","Karnataka","Mandya","250.0","89.0","339.0"
"68","2006","5","Karnataka","Mandya","246.0","89.0","335.0"
"68","2007","5","Karnataka","Mandya","238.0","168.0","406.0"
"68","2008","5","Karnataka","Mandya","235.0","206.0","441.0"
"68","2009","5","Karnataka","Mandya","92.0","256.0","348.0"
"68","2010","5","Karnataka","Mandya","99.0","270.0","369.0"
"68","2011","5","Karnataka","Mandya","104.0","298.0","402.0"
"68","2012","5","Karnataka","Mandya","99.0","334.0","433.0"
"68","2013","5","Karnataka","Mandya","116.0","370.0","486.0"
"68","2014","5","Karnataka","Mandya","191.0","1967.0","2158.0"
"68","2015","5","Karnataka","Mandya","105.0","113.0","2370.0"
"69","1989","5","Karnataka","Hassan","-1.0","-1.0","650.3"
"69","1990","5","Karnataka","Hassan","-1.0","-1.0","577.6"
"69","1991","5","Karnataka","Hassan","-1.0","-1.0","535.7"
"69","1992","5","Karnataka","Hassan","-1.0","-1.0","661.2"
"69","1993","5","Karnataka","Hassan","-1.0","-1.0","305.9"
"69","1994","5","Karnataka","Hassan","-1.0","-1.0","822.39"
"69","1995","5","Karnataka","Hassan","564.16","308.08","872.24"
"69","1996","5","Karnataka","Hassan","527.0","318.0","845.0"
"69","1997","5","Karnataka","Hassan","639.0","339.0","978.0"
"69","1998","5","Karnataka","Hassan","468.0","359.0","827.0"
"69","1999","5","Karnataka","Hassan","466.0","397.0","863.0"
"69","2000","5","Karnataka","Hassan","458.0","349.0","807.0"
"69","2001","5","Karnataka","Hassan","437.0","205.0","642.0"
"69","2002","5","Karnataka","Hassan","423.0","193.0","616.0"
"69","2003","5","Karnataka","Hassan","232.0","141.0","373.0"
"69","2004","5","Karnataka","Hassan","243.0","141.0","384.0"
"69","2005","5","Karnataka","Hassan","249.0","144.0","393.0"
"69","2006","5","Karnataka","Hassan","244.0","145.0","389.0"
"69","2007","5","Karnataka","Hassan","259.0","142.0","401.0"
"69","2008","5","Karnataka","Hassan","240.0","172.0","412.0"
"69","2009","5","Karnataka","Hassan","120.0","213.0","333.0"
"69","2010","5","Karnataka","Hassan","124.0","227.0","351.0"
"69","2011","5","Karnataka","Hassan","129.0","261.0","390.0"
"69","2012","5","Karnataka","Hassan","133.0","369.0","502.0"
"69","2013","5","Karnataka","Hassan","157.0","462.0","619.0"
"69","2014","5","Karnataka","Hassan","187.0","465.0","652.0"
"69","2015","5","Karnataka","Hassan","70.0","4.0","676.0"
"70","1989","5","Karnataka","Shimoge","-1.0","-1.0","293.9"
"70","1990","5","Karnataka","Shimoge","-1.0","-1.0","268.7"
"70","1991","5","Karnataka","Shimoge","-1.0","-1.0","314.5"
"70","1992","5","Karnataka","Shimoge","-1.0","-1.0","285.9"
"70","1993","5","Karnataka","Shimoge","-1.0","-1.0","293.5"
"70","1994","5","Karnataka","Shimoge","-1.0","-1.0","293.65"
"70","1995","5","Karnataka","Shimoge","228.65","86.87","315.52"
"70","1996","5","Karnataka","Shimoge","281.0","88.0","369.0"
"70","1997","5","Karnataka","Shimoge","313.0","91.0","404.0"
"70","1998","5","Karnataka","Shimoge","285.0","489.0","774.0"
"70","1999","5","Karnataka","Shimoge","278.0","475.0","753.0"
"70","2000","5","Karnataka","Shimoge","351.0","464.0","815.0"
"70","2001","5","Karnataka","Shimoge","412.0","727.0","1139.0"
"70","2002","5","Karnataka","Shimoge","380.0","801.0","1181.0"
"70","2003","5","Karnataka","Shimoge","202.0","153.0","355.0"
"70","2004","5","Karnataka","Shimoge","221.0","162.0","383.0"
"70","2005","5","Karnataka","Shimoge","221.0","161.0","382.0"
"70","2006","5","Karnataka","Shimoge","217.0","165.0","382.0"
"70","2007","5","Karnataka","Shimoge","212.0","218.0","430.0"
"70","2008","5","Karnataka","Shimoge","203.0","260.0","463.0"
"70","2009","5","Karnataka","Shimoge","86.0","319.0","405.0"
"70","2010","5","Karnataka","Shimoge","93.0","344.0","437.0"
"70","2011","5","Karnataka","Shimoge","200.0","625.0","825.0"
"70","2012","5","Karnataka","Shimoge","201.0","663.0","864.0"
"70","2013","5","Karnataka","Shimoge","220.0","751.0","971.0"
"70","2014","5","Karnataka","Shimoge","253.0","1222.0","1475.0"
"70","2015","5","Karnataka","Shimoge","109.0","90.0","1544.0"
"71","1989","5","Karnataka","Chickmagalur","-1.0","-1.0","172.0"
"71","1990","5","Karnataka","Chickmagalur","-1.0","-1.0","164.1"
"71","1991","5","Karnataka","Chickmagalur","-1.0","-1.0","197.3"
"71","1992","5","Karnataka","Chickmagalur","-1.0","-1.0","185.1"
"71","1993","5","Karnataka","Chickmagalur","-1.0","-1.0","195.8"
"71","1994","5","Karnataka","Chickmagalur","-1.0","-1.0","196.03"
"71","1995","5","Karnataka","Chickmagalur","167.32","50.9","218.22"
"71","1996","5","Karnataka","Chickmagalur","179.0","53.0","232.0"
"71","1997","5","Karnataka","Chickmagalur","194.0","56.0","250.0"
"71","1998","5","Karnataka","Chickmagalur","167.0","59.0","226.0"
"71","1999","5","Karnataka","Chickmagalur","192.0","65.0","257.0"
"71","2000","5","Karnataka","Chickmagalur","197.0","128.0","325.0"
"71","2001","5","Karnataka","Chickmagalur","257.0","52.0","309.0"
"71","2002","5","Karnataka","Chickmagalur","255.0","47.0","302.0"
"71","2003","5","Karnataka","Chickmagalur","149.0","22.0","171.0"
"71","2004","5","Karnataka","Chickmagalur","142.0","21.0","163.0"
"71","2005","5","Karnataka","Chickmagalur","157.0","23.0","180.0"
"71","2006","5","Karnataka","Chickmagalur","158.0","22.0","180.0"
"71","2007","5","Karnataka","Chickmagalur","163.0","67.0","230.0"
"71","2008","5","Karnataka","Chickmagalur","148.0","84.0","232.0"
"71","2009","5","Karnataka","Chickmagalur","49.0","102.0","151.0"
"71","2010","5","Karnataka","Chickmagalur","53.0","113.0","166.0"
"71","2011","5","Karnataka","Chickmagalur","56.0","151.0","207.0"
"71","2012","5","Karnataka","Chickmagalur","69.0","178.0","247.0"
"71","2013","5","Karnataka","Chickmagalur","77.0","285.0","362.0"
"71","2014","5","Karnataka","Chickmagalur","284.0","269.0","553.0"
"71","2015","5","Karnataka","Chickmagalur","43.0","21.0","589.0"
"72","1989","5","Karnataka","Chitradurga","-1.0","-1.0","461.4"
"72","1990","5","Karnataka","Chitradurga","-1.0","-1.0","453.5"
"72","1991","5","Karnataka","Chitradurga","-1.0","-1.0","523.2"
"72","1992","5","Karnataka","Chitradurga","-1.0","-1.0","539.5"
"72","1993","5","Karnataka","Chitradurga","-1.0","-1.0","543.6"
"72","1994","5","Karnataka","Chitradurga","-1.0","-1.0","580.37"
"72","1995","5","Karnataka","Chitradurga","182.22","444.4","626.62"
"72","1996","5","Karnataka","Chitradurga","168.0","455.0","623.0"
"72","1997","5","Karnataka","Chitradurga","197.0","476.0","673.0"
"72","1998","5","Karnataka","Chitradurga","295.0","1074.0","1369.0"
"72","1999","5","Karnataka","Chitradurga","371.0","1134.0","1505.0"
"72","2000","5","Karnataka","Chitradurga","335.0","1195.0","1530.0"
"72","2001","5","Karnataka","Chitradurga","416.0","1530.0","1946.0"
"72","2002","5","Karnataka","Chitradurga","370.0","1417.0","1787.0"
"72","2003","5","Karnataka","Chitradurga","226.0","2298.0","2524.0"
"72","2004","5","Karnataka","Chitradurga","228.0","2345.0","2573.0"
"72","2005","5","Karnataka","Chitradurga","231.0","2440.0","2671.0"
"72","2006","5","Karnataka","Chitradurga","235.0","2444.0","2679.0"
"72","2007","5","Karnataka","Chitradurga","257.0","2393.0","2650.0"
"72","2008","5","Karnataka","Chitradurga","237.0","3097.0","3334.0"
"72","2009","5","Karnataka","Chitradurga","772.0","3865.0","4637.0"
"72","2010","5","Karnataka","Chitradurga","798.0","4017.0","4815.0"
"72","2011","5","Karnataka","Chitradurga","844.0","4570.0","5414.0"
"72","2012","5","Karnataka","Chitradurga","834.0","4927.0","5761.0"
"72","2013","5","Karnataka","Chitradurga","850.0","5095.0","5945.0"
"72","2014","5","Karnataka","Chitradurga","562.0","5504.0","6066.0"
"72","2015","5","Karnataka","Chitradurga","622.0","171.0","6220.0"
"73","1989","5","Karnataka","Bellary","-1.0","-1.0","1166.6"
"73","1990","5","Karnataka","Bellary","-1.0","-1.0","1081.5"
"73","1991","5","Karnataka","Bellary","-1.0","-1.0","1199.5"
"73","1992","5","Karnataka","Bellary","-1.0","-1.0","1117.0"
"73","1993","5","Karnataka","Bellary","-1.0","-1.0","1299.0"
"73","1994","5","Karnataka","Bellary","-1.0","-1.0","1399.01"
"73","1995","5","Karnataka","Bellary","136.84","1329.87","1466.71"
"73","1996","5","Karnataka","Bellary","152.0","1393.0","1545.0"
"73","1997","5","Karnataka","Bellary","146.0","1464.0","1610.0"
"73","1998","5","Karnataka","Bellary","101.0","1037.0","1138.0"
"73","1999","5","Karnataka","Bellary","133.0","1001.0","1134.0"
"73","2000","5","Karnataka","Bellary","184.0","1019.0","1203.0"
"73","2001","5","Karnataka","Bellary","256.0","2284.0","2540.0"
"73","2002","5","Karnataka","Bellary","262.0","2185.0","2447.0"
"73","2003","5","Karnataka","Bellary","143.0","1495.0","1638.0"
"73","2004","5","Karnataka","Bellary","140.0","1589.0","1729.0"
"73","2005","5","Karnataka","Bellary","138.0","1595.0","1733.0"
"73","2006","5","Karnataka","Bellary","135.0","1595.0","1730.0"
"73","2007","5","Karnataka","Bellary","163.0","1996.0","2159.0"
"73","2008","5","Karnataka","Bellary","145.0","2323.0","2468.0"
"73","2009","5","Karnataka","Bellary","728.0","2930.0","3658.0"
"73","2010","5","Karnataka","Bellary","765.0","3042.0","3807.0"
"73","2011","5","Karnataka","Bellary","972.0","3759.0","4731.0"
"73","2012","5","Karnataka","Bellary","985.0","4190.0","5175.0"
"73","2013","5","Karnataka","Bellary","787.0","4262.0","5049.0"
"73","2014","5","Karnataka","Bellary","454.0","4465.0","4919.0"
"73","2015","5","Karnataka","Bellary","49.0","2.0","5161.0"
"74","1989","5","Karnataka","Dharwad","-1.0","-1.0","566.1"
"74","1990","5","Karnataka","Dharwad","-1.0","-1.0","647.1"
"74","1991","5","Karnataka","Dharwad","-1.0","-1.0","610.8"
"74","1992","5","Karnataka","Dharwad","-1.0","-1.0","624.7"
"74","1993","5","Karnataka","Dharwad","-1.0","-1.0","635.5"
"74","1994","5","Karnataka","Dharwad","-1.0","-1.0","677.36"
"74","1995","5","Karnataka","Dharwad","344.18","351.3","695.48"
"74","1996","5","Karnataka","Dharwad","374.0","349.0","723.0"
"74","1997","5","Karnataka","Dharwad","525.0","366.0","891.0"
"74","1998","5","Karnataka","Dharwad","523.0","840.0","1363.0"
"74","1999","5","Karnataka","Dharwad","573.0","902.0","1475.0"
"74","2000","5","Karnataka","Dharwad","473.0","1035.0","1508.0"
"74","2001","5","Karnataka","Dharwad","306.0","1126.0","1432.0"
"74","2002","5","Karnataka","Dharwad","313.0","1060.0","1373.0"
"74","2003","5","Karnataka","Dharwad","202.0","497.0","699.0"
"74","2004","5","Karnataka","Dharwad","201.0","519.0","720.0"
"74","2005","5","Karnataka","Dharwad","214.0","532.0","746.0"
"74","2006","5","Karnataka","Dharwad","213.0","539.0","752.0"
"74","2007","5","Karnataka","Dharwad","199.0","882.0","1081.0"
"74","2008","5","Karnataka","Dharwad","204.0","1053.0","1257.0"
"74","2009","5","Karnataka","Dharwad","138.0","1346.0","1484.0"
"74","2010","5","Karnataka","Dharwad","154.0","1469.0","1623.0"
"74","2011","5","Karnataka","Dharwad","166.0","1981.0","2147.0"
"74","2012","5","Karnataka","Dharwad","172.0","2145.0","2317.0"
"74","2013","5","Karnataka","Dharwad","218.0","2238.0","2456.0"
"74","2014","5","Karnataka","Dharwad","307.0","1451.0","1758.0"
"74","2015","5","Karnataka","Dharwad","272.0","13.0","2084.0"
"75","1989","5","Karnataka","Belgaum","-1.0","-1.0","484.7"
"75","1990","5","Karnataka","Belgaum","-1.0","-1.0","541.3"
"75","1991","5","Karnataka","Belgaum","-1.0","-1.0","551.3"
"75","1992","5","Karnataka","Belgaum","-1.0","-1.0","577.8"
"75","1993","5","Karnataka","Belgaum","-1.0","-1.0","597.1"
"75","1994","5","Karnataka","Belgaum","-1.0","-1.0","600.46"
"75","1995","5","Karnataka","Belgaum","410.64","193.69","604.33"
"75","1996","5","Karnataka","Belgaum","420.0","198.0","618.0"
"75","1997","5","Karnataka","Belgaum","576.0","205.0","781.0"
"75","1998","5","Karnataka","Belgaum","546.0","214.0","760.0"
"75","1999","5","Karnataka","Belgaum","494.0","230.0","728.0"
"75","2000","5","Karnataka","Belgaum","520.0","272.0","792.0"
"75","2001","5","Karnataka","Belgaum","542.0","233.0","775.0"
"75","2002","5","Karnataka","Belgaum","517.0","213.0","730.0"
"75","2003","5","Karnataka","Belgaum","336.0","93.0","429.0"
"75","2004","5","Karnataka","Belgaum","349.0","97.0","446.0"
"75","2005","5","Karnataka","Belgaum","376.0","100.0","476.0"
"75","2006","5","Karnataka","Belgaum","376.0","103.0","479.0"
"75","2007","5","Karnataka","Belgaum","382.0","165.0","547.0"
"75","2008","5","Karnataka","Belgaum","345.0","200.0","545.0"
"75","2009","5","Karnataka","Belgaum","133.0","250.0","383.0"
"75","2010","5","Karnataka","Belgaum","140.0","263.0","403.0"
"75","2011","5","Karnataka","Belgaum","152.0","399.0","551.0"
"75","2012","5","Karnataka","Belgaum","156.0","484.0","640.0"
"75","2013","5","Karnataka","Belgaum","190.0","1133.0","1323.0"
"75","2014","5","Karnataka","Belgaum","554.0","1446.0","2000.0"
"75","2015","5","Karnataka","Belgaum","417.0","84.0","2159.0"
"76","1989","5","Karnataka","Bijapur / Vijayapura","-1.0","-1.0","406.1"
"76","1990","5","Karnataka","Bijapur / Vijayapura","-1.0","-1.0","415.8"
"76","1991","5","Karnataka","Bijapur / Vijayapura","-1.0","-1.0","464.3"
"76","1992","5","Karnataka","Bijapur / Vijayapura","-1.0","-1.0","483.1"
"76","1993","5","Karnataka","Bijapur / Vijayapura","-1.0","-1.0","390.3"
"76","1994","5","Karnataka","Bijapur / Vijayapura","-1.0","-1.0","394.1"
"76","1995","5","Karnataka","Bijapur / Vijayapura","357.88","78.99","436.87"
"76","1996","5","Karnataka","Bijapur / Vijayapura","382.0","80.0","462.0"
"76","1997","5","Karnataka","Bijapur / Vijayapura","404.0","80.0","484.0"
"76","1998","5","Karnataka","Bijapur / Vijayapura","384.0","276.0","660.0"
"76","1999","5","Karnataka","Bijapur / Vijayapura","485.0","282.0","767.0"
"76","2000","5","Karnataka","Bijapur / Vijayapura","527.0","431.0","958.0"
"76","2001","5","Karnataka","Bijapur / Vijayapura","499.0","451.0","950.0"
"76","2002","5","Karnataka","Bijapur / Vijayapura","502.0","483.0","985.0"
"76","2003","5","Karnataka","Bijapur / Vijayapura","318.0","909.0","1227.0"
"76","2004","5","Karnataka","Bijapur / Vijayapura","321.0","923.0","1244.0"
"76","2005","5","Karnataka","Bijapur / Vijayapura","326.0","948.0","1274.0"
"76","2006","5","Karnataka","Bijapur / Vijayapura","321.0","946.0","1267.0"
"76","2007","5","Karnataka","Bijapur / Vijayapura","324.0","1202.0","1526.0"
"76","2008","5","Karnataka","Bijapur / Vijayapura","297.0","1427.0","1724.0"
"76","2009","5","Karnataka","Bijapur / Vijayapura","274.0","1780.0","2054.0"
"76","2010","5","Karnataka","Bijapur / Vijayapura","286.0","1851.0","2137.0"
"76","2011","5","Karnataka","Bijapur / Vijayapura","297.0","1926.0","2223.0"
"76","2012","5","Karnataka","Bijapur / Vijayapura","306.0","1457.0","1763.0"
"76","2013","5","Karnataka","Bijapur / Vijayapura","359.0","2462.0","2821.0"
"76","2014","5","Karnataka","Bijapur / Vijayapura","355.0","1679.0","2034.0"
"76","2015","5","Karnataka","Bijapur / Vijayapura","133.0","270.0","2551.0"
"77","1989","5","Karnataka","Bidar","-1.0","-1.0","83.0"
"77","1990","5","Karnataka","Bidar","-1.0","-1.0","305.1"
"77","1991","5","Karnataka","Bidar","-1.0","-1.0","105.2"
"77","1992","5","Karnataka","Bidar","-1.0","-1.0","221.6"
"77","1993","5","Karnataka","Bidar","-1.0","-1.0","331.0"
"77","1994","5","Karnataka","Bidar","-1.0","-1.0","450.29"
"77","1995","5","Karnataka","Bidar","80.1","419.24","499.34"
"77","1996","5","Karnataka","Bidar","73.0","452.0","525.0"
"77","1997","5","Karnataka","Bidar","84.0","487.0","571.0"
"77","1998","5","Karnataka","Bidar","78.0","522.0","600.0"
"77","1999","5","Karnataka","Bidar","93.0","590.0","683.0"
"77","2000","5","Karnataka","Bidar","80.0","588.0","668.0"
"77","2001","5","Karnataka","Bidar","100.0","726.0","826.0"
"77","2002","5","Karnataka","Bidar","100.0","717.0","817.0"
"77","2003","5","Karnataka","Bidar","77.0","63.0","140.0"
"77","2004","5","Karnataka","Bidar","78.0","66.0","144.0"
"77","2005","5","Karnataka","Bidar","81.0","66.0","147.0"
"77","2006","5","Karnataka","Bidar","75.0","66.0","141.0"
"77","2007","5","Karnataka","Bidar","68.0","110.0","178.0"
"77","2008","5","Karnataka","Bidar","70.0","135.0","205.0"
"77","2009","5","Karnataka","Bidar","193.0","169.0","362.0"
"77","2010","5","Karnataka","Bidar","208.0","183.0","391.0"
"77","2011","5","Karnataka","Bidar","220.0","209.0","429.0"
"77","2012","5","Karnataka","Bidar","224.0","285.0","509.0"
"77","2013","5","Karnataka","Bidar","191.0","324.0","515.0"
"77","2014","5","Karnataka","Bidar","87.0","513.0","600.0"
"77","2015","5","Karnataka","Bidar","23.0","2.0","693.0"
"78","1989","5","Karnataka","Raichur","-1.0","-1.0","295.9"
"78","1990","5","Karnataka","Raichur","-1.0","-1.0","304.1"
"78","1991","5","Karnataka","Raichur","-1.0","-1.0","305.2"
"78","1992","5","Karnataka","Raichur","-1.0","-1.0","333.0"
"78","1993","5","Karnataka","Raichur","-1.0","-1.0","358.9"
"78","1994","5","Karnataka","Raichur","-1.0","-1.0","369.89"
"78","1995","5","Karnataka","Raichur","198.64","209.08","407.72"
"78","1996","5","Karnataka","Raichur","171.0","220.0","391.0"
"78","1997","5","Karnataka","Raichur","247.0","221.0","468.0"
"78","1998","5","Karnataka","Raichur","250.0","630.0","880.0"
"78","1999","5","Karnataka","Raichur","378.0","655.0","1033.0"
"78","2000","5","Karnataka","Raichur","285.0","776.0","1061.0"
"78","2001","5","Karnataka","Raichur","292.0","1018.0","1310.0"
"78","2002","5","Karnataka","Raichur","262.0","939.0","1201.0"
"78","2003","5","Karnataka","Raichur","233.0","4680.0","4913.0"
"78","2004","5","Karnataka","Raichur","221.0","4844.0","5065.0"
"78","2005","5","Karnataka","Raichur","236.0","5061.0","5297.0"
"78","2006","5","Karnataka","Raichur","229.0","6314.0","6543.0"
"78","2007","5","Karnataka","Raichur","249.0","5190.0","5439.0"
"78","2008","5","Karnataka","Raichur","269.0","6142.0","6411.0"
"78","2009","5","Karnataka","Raichur","937.0","7792.0","8729.0"
"78","2010","5","Karnataka","Raichur","977.0","8171.0","9148.0"
"78","2011","5","Karnataka","Raichur","917.0","8378.0","9295.0"
"78","2012","5","Karnataka","Raichur","906.0","8620.0","9526.0"
"78","2013","5","Karnataka","Raichur","735.0","9061.0","9796.0"
"78","2014","5","Karnataka","Raichur","452.0","8006.0","8458.0"
"78","2015","5","Karnataka","Raichur","432.0","0.0","8843.0"
"79","1989","5","Karnataka","Gulbarga / Kalaburagi","-1.0","-1.0","294.3"
"79","1990","5","Karnataka","Gulbarga / Kalaburagi","-1.0","-1.0","294.4"
"79","1991","5","Karnataka","Gulbarga / Kalaburagi","-1.0","-1.0","317.0"
"79","1992","5","Karnataka","Gulbarga / Kalaburagi","-1.0","-1.0","321.1"
"79","1993","5","Karnataka","Gulbarga / Kalaburagi","-1.0","-1.0","309.6"
"79","1994","5","Karnataka","Gulbarga / Kalaburagi","-1.0","-1.0","312.59"
"79","1995","5","Karnataka","Gulbarga / Kalaburagi","230.87","69.53","300.4"
"79","1996","5","Karnataka","Gulbarga / Kalaburagi","290.0","73.0","363.0"
"79","1997","5","Karnataka","Gulbarga / Kalaburagi","344.0","76.0","420.0"
"79","1998","5","Karnataka","Gulbarga / Kalaburagi","306.0","79.0","385.0"
"79","1999","5","Karnataka","Gulbarga / Kalaburagi","323.0","84.0","407.0"
"79","2000","5","Karnataka","Gulbarga / Kalaburagi","381.0","133.0","514.0"
"79","2001","5","Karnataka","Gulbarga / Kalaburagi","403.0","42.0","445.0"
"79","2002","5","Karnataka","Gulbarga / Kalaburagi","403.0","39.0","442.0"
"79","2003","5","Karnataka","Gulbarga / Kalaburagi","348.0","27.0","375.0"
"79","2004","5","Karnataka","Gulbarga / Kalaburagi","348.0","27.0","375.0"
"79","2005","5","Karnataka","Gulbarga / Kalaburagi","372.0","27.0","399.0"
"79","2006","5","Karnataka","Gulbarga / Kalaburagi","346.0","30.0","376.0"
"79","2007","5","Karnataka","Gulbarga / Kalaburagi","354.0","96.0","450.0"
"79","2008","5","Karnataka","Gulbarga / Kalaburagi","334.0","114.0","448.0"
"79","2009","5","Karnataka","Gulbarga / Kalaburagi","118.0","142.0","260.0"
"79","2010","5","Karnataka","Gulbarga / Kalaburagi","128.0","152.0","280.0"
"79","2011","5","Karnataka","Gulbarga / Kalaburagi","233.0","308.0","541.0"
"79","2012","5","Karnataka","Gulbarga / Kalaburagi","235.0","323.0","558.0"
"79","2013","5","Karnataka","Gulbarga / Kalaburagi","274.0","378.0","652.0"
"79","2014","5","Karnataka","Gulbarga / Kalaburagi","274.0","320.0","594.0"
"79","2015","5","Karnataka","Gulbarga / Kalaburagi","170.0","57.0","634.0"
"80","1989","5","Karnataka","Dakshina Kannada","-1.0","-1.0","716.1"
"80","1990","5","Karnataka","Dakshina Kannada","-1.0","-1.0","607.8"
"80","1991","5","Karnataka","Dakshina Kannada","-1.0","-1.0","868.8"
"80","1992","5","Karnataka","Dakshina Kannada","-1.0","-1.0","768.4"
"80","1993","5","Karnataka","Dakshina Kannada","-1.0","-1.0","674.5"
"80","1994","5","Karnataka","Dakshina Kannada","-1.0","-1.0","677.64"
"80","1995","5","Karnataka","Dakshina Kannada","506.65","208.55","715.2"
"80","1996","5","Karnataka","Dakshina Kannada","470.0","286.0","756.0"
"80","1997","5","Karnataka","Dakshina Kannada","657.0","301.0","958.0"
"80","1998","5","Karnataka","Dakshina Kannada","552.0","390.0","942.0"
"80","1999","5","Karnataka","Dakshina Kannada","589.0","398.0","987.0"
"80","2000","5","Karnataka","Dakshina Kannada","536.0","519.0","1055.0"
"80","2001","5","Karnataka","Dakshina Kannada","998.0","614.0","1612.0"
"80","2002","5","Karnataka","Dakshina Kannada","934.0","555.0","1489.0"
"80","2003","5","Karnataka","Dakshina Kannada","413.0","155.0","568.0"
"80","2004","5","Karnataka","Dakshina Kannada","418.0","157.0","575.0"
"80","2005","5","Karnataka","Dakshina Kannada","433.0","166.0","599.0"
"80","2006","5","Karnataka","Dakshina Kannada","448.0","160.0","608.0"
"80","2007","5","Karnataka","Dakshina Kannada","453.0","198.0","651.0"
"80","2008","5","Karnataka","Dakshina Kannada","425.0","243.0","668.0"
"80","2009","5","Karnataka","Dakshina Kannada","174.0","310.0","484.0"
"80","2010","5","Karnataka","Dakshina Kannada","182.0","332.0","514.0"
"80","2011","5","Karnataka","Dakshina Kannada","186.0","425.0","611.0"
"80","2012","5","Karnataka","Dakshina Kannada","193.0","551.0","744.0"
"80","2013","5","Karnataka","Dakshina Kannada","288.0","767.0","1055.0"
"80","2014","5","Karnataka","Dakshina Kannada","298.0","554.0","852.0"
"80","2015","5","Karnataka","Dakshina Kannada","118.0","116.0","1042.0"
"81","1989","5","Karnataka","Uttara Kannada","-1.0","-1.0","198.8"
"81","1990","5","Karnataka","Uttara Kannada","-1.0","-1.0","235.4"
"81","1991","5","Karnataka","Uttara Kannada","-1.0","-1.0","216.0"
"81","1992","5","Karnataka","Uttara Kannada","-1.0","-1.0","221.8"
"81","1993","5","Karnataka","Uttara Kannada","-1.0","-1.0","281.6"
"81","1994","5","Karnataka","Uttara Kannada","-1.0","-1.0","288.47"
"81","1995","5","Karnataka","Uttara Kannada","180.52","120.21","300.73"
"81","1996","5","Karnataka","Uttara Kannada","212.0","128.0","340.0"
"81","1997","5","Karnataka","Uttara Kannada","264.0","137.0","401.0"
"81","1998","5","Karnataka","Uttara Kannada","270.0","145.0","415.0"
"81","1999","5","Karnataka","Uttara Kannada","250.0","160.0","410.0"
"81","2000","5","Karnataka","Uttara Kannada","307.0","166.0","473.0"
"81","2001","5","Karnataka","Uttara Kannada","319.0","718.0","1037.0"
"81","2002","5","Karnataka","Uttara Kannada","312.0","396.0","708.0"
"81","2003","5","Karnataka","Uttara Kannada","144.0","227.0","371.0"
"81","2004","5","Karnataka","Uttara Kannada","146.0","226.0","372.0"
"81","2005","5","Karnataka","Uttara Kannada","147.0","239.0","386.0"
"81","2006","5","Karnataka","Uttara Kannada","154.0","273.0","427.0"
"81","2007","5","Karnataka","Uttara Kannada","152.0","244.0","396.0"
"81","2008","5","Karnataka","Uttara Kannada","147.0","287.0","434.0"
"81","2009","5","Karnataka","Uttara Kannada","82.0","355.0","437.0"
"81","2010","5","Karnataka","Uttara Kannada","86.0","379.0","465.0"
"81","2011","5","Karnataka","Uttara Kannada","91.0","400.0","491.0"
"81","2012","5","Karnataka","Uttara Kannada","90.0","433.0","523.0"
"81","2013","5","Karnataka","Uttara Kannada","112.0","486.0","598.0"
"81","2014","5","Karnataka","Uttara Kannada","121.0","596.0","717.0"
"81","2015","5","Karnataka","Uttara Kannada","14.0","34.0","754.0"
"82","1989","5","Karnataka","Kodagu / Coorg","-1.0","-1.0","203.8"
"82","1990","5","Karnataka","Kodagu / Coorg","-1.0","-1.0","181.3"
"82","1991","5","Karnataka","Kodagu / Coorg","-1.0","-1.0","213.6"
"82","1992","5","Karnataka","Kodagu / Coorg","-1.0","-1.0","179.9"
"82","1993","5","Karnataka","Kodagu / Coorg","-1.0","-1.0","178.6"
"82","1994","5","Karnataka","Kodagu / Coorg","-1.0","-1.0","184.25"
"82","1995","5","Karnataka","Kodagu / Coorg","130.19","56.54","186.73"
"82","1996","5","Karnataka","Kodagu / Coorg","168.0","71.0","239.0"
"82","1997","5","Karnataka","Kodagu / Coorg","249.0","72.0","321.0"
"82","1998","5","Karnataka","Kodagu / Coorg","289.0","74.0","363.0"
"82","1999","5","Karnataka","Kodagu / Coorg","222.0","65.0","287.0"
"82","2000","5","Karnataka","Kodagu / Coorg","170.0","158.0","328.0"
"82","2001","5","Karnataka","Kodagu / Coorg","205.0","63.0","268.0"
"82","2002","5","Karnataka","Kodagu / Coorg","199.0","56.0","255.0"
"82","2003","5","Karnataka","Kodagu / Coorg","99.0","30.0","129.0"
"82","2004","5","Karnataka","Kodagu / Coorg","115.0","31.0","146.0"
"82","2005","5","Karnataka","Kodagu / Coorg","114.0","32.0","146.0"
"82","2006","5","Karnataka","Kodagu / Coorg","115.0","32.0","147.0"
"82","2007","5","Karnataka","Kodagu / Coorg","109.0","89.0","198.0"
"82","2008","5","Karnataka","Kodagu / Coorg","110.0","111.0","221.0"
"82","2009","5","Karnataka","Kodagu / Coorg","33.0","138.0","171.0"
"82","2010","5","Karnataka","Kodagu / Coorg","35.0","148.0","183.0"
"82","2011","5","Karnataka","Kodagu / Coorg","37.0","197.0","234.0"
"82","2012","5","Karnataka","Kodagu / Coorg","39.0","228.0","267.0"
"82","2013","5","Karnataka","Kodagu / Coorg","62.0","237.0","299.0"
"82","2014","5","Karnataka","Kodagu / Coorg","106.0","148.0","254.0"
"82","2015","5","Karnataka","Kodagu / Coorg","18.0","74.0","292.0"
"83","1977","11","Tamil Nadu","Chengalpattu MGR / Kanchipuram","535.9","149.6","685.5"
"83","1978","11","Tamil Nadu","Chengalpattu MGR / Kanchipuram","464.8","176.5","641.3"
"83","1979","11","Tamil Nadu","Chengalpattu MGR / Kanchipuram","910.6","0.0","910.6"
"83","1980","11","Tamil Nadu","Chengalpattu MGR / Kanchipuram","933.1","31.7","964.8"
"83","1981","11","Tamil Nadu","Chengalpattu MGR / Kanchipuram","1080.0","417.2","1497.2"
"83","1982","11","Tamil Nadu","Chengalpattu MGR / Kanchipuram","1025.1","371.1","1396.2"
"83","1983","11","Tamil Nadu","Chengalpattu MGR / Kanchipuram","1074.5","49.6","1124.1"
"83","1984","11","Tamil Nadu","Chengalpattu MGR / Kanchipuram","585.9","60.6","646.5"
"83","1985","11","Tamil Nadu","Chengalpattu MGR / Kanchipuram","489.4","90.2","579.6"
"83","1986","11","Tamil Nadu","Chengalpattu MGR / Kanchipuram","599.9","133.3","733.2"
"83","1987","11","Tamil Nadu","Chengalpattu MGR / Kanchipuram","584.3","109.1","693.4"
"83","1988","11","Tamil Nadu","Chengalpattu MGR / Kanchipuram","370.9","123.9","494.8"
"83","1989","11","Tamil Nadu","Chengalpattu MGR / Kanchipuram","405.3","94.6","499.9"
"83","1990","11","Tamil Nadu","Chengalpattu MGR / Kanchipuram","371.16","106.46","477.62"
"83","1991","11","Tamil Nadu","Chengalpattu MGR / Kanchipuram","331.13","437.4","768.53"
"83","1992","11","Tamil Nadu","Chengalpattu MGR / Kanchipuram","315.51","742.95","1058.46"
"83","1993","11","Tamil Nadu","Chengalpattu MGR / Kanchipuram","310.7","826.58","1137.28"
"83","1994","11","Tamil Nadu","Chengalpattu MGR / Kanchipuram","295.36","720.22","1015.58"
"83","1995","11","Tamil Nadu","Chengalpattu MGR / Kanchipuram","294.9","770.04","1064.94"
"83","1996","11","Tamil Nadu","Chengalpattu MGR / Kanchipuram","291.22","778.02","1069.24"
"83","1997","11","Tamil Nadu","Chengalpattu MGR / Kanchipuram","305.44","423.07","728.52"
"83","1998","11","Tamil Nadu","Chengalpattu MGR / Kanchipuram","300.44","426.46","726.9"
"83","1999","11","Tamil Nadu","Chengalpattu MGR / Kanchipuram","306.52","433.44","739.95"
"83","2000","11","Tamil Nadu","Chengalpattu MGR / Kanchipuram","314.81","433.99","748.8"
"83","2001","11","Tamil Nadu","Chengalpattu MGR / Kanchipuram","305.13","446.25","751.38"
"83","2002","11","Tamil Nadu","Chengalpattu MGR / Kanchipuram","283.02","418.95","701.98"
"83","2003","11","Tamil Nadu","Chengalpattu MGR / Kanchipuram","328.64","571.47","900.11"
"83","2004","11","Tamil Nadu","Chengalpattu MGR / Kanchipuram","344.25","595.6","939.85"
"83","2005","11","Tamil Nadu","Chengalpattu MGR / Kanchipuram","252.6","11.24","263.84"
"83","2006","11","Tamil Nadu","Chengalpattu MGR / Kanchipuram","251.0","594.49","845.49"
"83","2007","11","Tamil Nadu","Chengalpattu MGR / Kanchipuram","247.41","945.85","1193.26"
"83","2008","11","Tamil Nadu","Chengalpattu MGR / Kanchipuram","248.31","1175.43","1423.74"
"83","2009","11","Tamil Nadu","Chengalpattu MGR / Kanchipuram","255.1","2994.09","3249.19"
"83","2010","11","Tamil Nadu","Chengalpattu MGR / Kanchipuram","287.21","1548.61","1835.82"
"83","2011","11","Tamil Nadu","Chengalpattu MGR / Kanchipuram","349.1","1528.15","1877.24"
"83","2012","11","Tamil Nadu","Chengalpattu MGR / Kanchipuram","347.84","666.71","1014.55"
"83","2013","11","Tamil Nadu","Chengalpattu MGR / Kanchipuram","352.42","246.19","598.62"
"83","2014","11","Tamil Nadu","Chengalpattu MGR / Kanchipuram","327.57","357.38","684.95"
"83","2015","11","Tamil Nadu","Chengalpattu MGR / Kanchipuram","298.18","462.54","760.72"
"84","1977","11","Tamil Nadu","South Arcot / Cuddalore","833.4","36.3","869.7"
"84","1978","11","Tamil Nadu","South Arcot / Cuddalore","599.7","53.3","653.0"
"84","1979","11","Tamil Nadu","South Arcot / Cuddalore","564.4","62.2","626.6"
"84","1980","11","Tamil Nadu","South Arcot / Cuddalore","585.2","18.7","603.9"
"84","1981","11","Tamil Nadu","South Arcot / Cuddalore","626.5","0.0","626.5"
"84","1982","11","Tamil Nadu","South Arcot / Cuddalore","664.6","0.0","664.6"
"84","1983","11","Tamil Nadu","South Arcot / Cuddalore","685.6","0.0","685.6"
"84","1984","11","Tamil Nadu","South Arcot / Cuddalore","529.0","0.0","529.0"
"84","1985","11","Tamil Nadu","South Arcot / Cuddalore","546.9","0.0","546.9"
"84","1986","11","Tamil Nadu","South Arcot / Cuddalore","580.8","0.0","580.8"
"84","1987","11","Tamil Nadu","South Arcot / Cuddalore","593.2","0.0","593.2"
"84","1988","11","Tamil Nadu","South Arcot / Cuddalore","326.3","44.5","370.8"
"84","1989","11","Tamil Nadu","South Arcot / Cuddalore","353.1","36.9","390.0"
"84","1990","11","Tamil Nadu","South Arcot / Cuddalore","363.98","46.93","410.91"
"84","1991","11","Tamil Nadu","South Arcot / Cuddalore","310.71","98.08","408.79"
"84","1992","11","Tamil Nadu","South Arcot / Cuddalore","301.98","80.07","382.05"
"84","1993","11","Tamil Nadu","South Arcot / Cuddalore","306.14","78.91","385.05"
"84","1994","11","Tamil Nadu","South Arcot / Cuddalore","300.5","66.52","367.02"
"84","1995","11","Tamil Nadu","South Arcot / Cuddalore","290.73","84.85","375.58"
"84","1996","11","Tamil Nadu","South Arcot / Cuddalore","285.38","83.84","369.22"
"84","1997","11","Tamil Nadu","South Arcot / Cuddalore","313.02","72.97","385.99"
"84","1998","11","Tamil Nadu","South Arcot / Cuddalore","313.78","82.13","395.91"
"84","1999","11","Tamil Nadu","South Arcot / Cuddalore","319.84","89.58","409.42"
"84","2000","11","Tamil Nadu","South Arcot / Cuddalore","299.41","104.76","404.17"
"84","2001","11","Tamil Nadu","South Arcot / Cuddalore","290.47","120.58","411.05"
"84","2002","11","Tamil Nadu","South Arcot / Cuddalore","309.65","98.58","408.23"
"84","2003","11","Tamil Nadu","South Arcot / Cuddalore","241.93","199.17","441.1"
"84","2004","11","Tamil Nadu","South Arcot / Cuddalore","285.39","319.52","604.91"
"84","2005","11","Tamil Nadu","South Arcot / Cuddalore","355.98","0.0","355.98"
"84","2006","11","Tamil Nadu","South Arcot / Cuddalore","255.45","0.0","255.45"
"84","2007","11","Tamil Nadu","South Arcot / Cuddalore","248.65","0.0","248.65"
"84","2008","11","Tamil Nadu","South Arcot / Cuddalore","271.95","0.0","271.95"
"84","2009","11","Tamil Nadu","South Arcot / Cuddalore","281.11","0.0","281.11"
"84","2010","11","Tamil Nadu","South Arcot / Cuddalore","301.89","0.0","301.89"
"84","2011","11","Tamil Nadu","South Arcot / Cuddalore","260.27","0.0","260.27"
"84","2012","11","Tamil Nadu","South Arcot / Cuddalore","264.95","0.0","264.95"
"84","2013","11","Tamil Nadu","South Arcot / Cuddalore","316.39","0.0","316.39"
"84","2014","11","Tamil Nadu","South Arcot / Cuddalore","365.37","0.0","365.37"
"84","2015","11","Tamil Nadu","South Arcot / Cuddalore","440.15","780.0","1220.15"
"85","1977","11","Tamil Nadu","North Arcot / Vellore","480.2","39.4","519.6"
"85","1978","11","Tamil Nadu","North Arcot / Vellore","436.1","4.8","440.9"
"85","1979","11","Tamil Nadu","North Arcot / Vellore","480.9","11.4","492.3"
"85","1980","11","Tamil Nadu","North Arcot / Vellore","384.1","0.0","384.1"
"85","1981","11","Tamil Nadu","North Arcot / Vellore","426.8","8.4","435.2"
"85","1982","11","Tamil Nadu","North Arcot / Vellore","400.2","25.8","426.0"
"85","1983","11","Tamil Nadu","North Arcot / Vellore","490.9","5.2","496.1"
"85","1984","11","Tamil Nadu","North Arcot / Vellore","585.9","0.0","585.9"
"85","1985","11","Tamil Nadu","North Arcot / Vellore","765.0","123.7","888.7"
"85","1986","11","Tamil Nadu","North Arcot / Vellore","684.3","69.6","753.9"
"85","1987","11","Tamil Nadu","North Arcot / Vellore","667.5","63.1","730.6"
"85","1988","11","Tamil Nadu","North Arcot / Vellore","370.0","59.2","429.2"
"85","1989","11","Tamil Nadu","North Arcot / Vellore","402.0","54.6","456.6"
"85","1990","11","Tamil Nadu","North Arcot / Vellore","390.38","65.22","455.6"
"85","1991","11","Tamil Nadu","North Arcot / Vellore","362.97","164.75","527.72"
"85","1992","11","Tamil Nadu","North Arcot / Vellore","339.92","203.54","543.46"
"85","1993","11","Tamil Nadu","North Arcot / Vellore","339.59","220.34","559.93"
"85","1994","11","Tamil Nadu","North Arcot / Vellore","300.43","169.63","470.06"
"85","1995","11","Tamil Nadu","North Arcot / Vellore","294.08","156.35","450.43"
"85","1996","11","Tamil Nadu","North Arcot / Vellore","289.14","180.64","469.78"
"85","1997","11","Tamil Nadu","North Arcot / Vellore","319.17","181.97","501.15"
"85","1998","11","Tamil Nadu","North Arcot / Vellore","323.45","192.97","516.43"
"85","1999","11","Tamil Nadu","North Arcot / Vellore","332.92","170.24","503.16"
"85","2000","11","Tamil Nadu","North Arcot / Vellore","331.4","226.81","558.21"
"85","2001","11","Tamil Nadu","North Arcot / Vellore","339.53","245.36","584.9"
"85","2002","11","Tamil Nadu","North Arcot / Vellore","343.6","233.82","577.42"
"85","2003","11","Tamil Nadu","North Arcot / Vellore","331.01","311.1","642.12"
"85","2004","11","Tamil Nadu","North Arcot / Vellore","314.71","110.64","425.35"
"85","2005","11","Tamil Nadu","North Arcot / Vellore","229.55","121.66","351.21"
"85","2006","11","Tamil Nadu","North Arcot / Vellore","194.49","124.0","318.49"
"85","2007","11","Tamil Nadu","North Arcot / Vellore","177.79","97.31","275.1"
"85","2008","11","Tamil Nadu","North Arcot / Vellore","192.28","157.13","349.41"
"85","2009","11","Tamil Nadu","North Arcot / Vellore","214.81","113.13","327.93"
"85","2010","11","Tamil Nadu","North Arcot / Vellore","239.32","118.7","358.02"
"85","2011","11","Tamil Nadu","North Arcot / Vellore","126.05","100.31","226.36"
"85","2012","11","Tamil Nadu","North Arcot / Vellore","168.98","178.81","347.79"
"85","2013","11","Tamil Nadu","North Arcot / Vellore","189.26","124.4","313.67"
"85","2014","11","Tamil Nadu","North Arcot / Vellore","271.0","476.2","747.2"
"85","2015","11","Tamil Nadu","North Arcot / Vellore","269.63","212.69","482.32"
"86","1977","11","Tamil Nadu","Salem","637.1","28.2","665.3"
"86","1978","11","Tamil Nadu","Salem","766.8","221.1","987.9"
"86","1979","11","Tamil Nadu","Salem","832.6","219.5","1052.1"
"86","1980","11","Tamil Nadu","Salem","786.6","81.4","868.0"
"86","1981","11","Tamil Nadu","Salem","804.6","524.4","1329.0"
"86","1982","11","Tamil Nadu","Salem","849.5","9.9","859.4"
"86","1983","11","Tamil Nadu","Salem","733.3","462.6","1195.9"
"86","1984","11","Tamil Nadu","Salem","1102.0","1870.3","2972.3"
"86","1985","11","Tamil Nadu","Salem","1732.7","8107.6","9840.3"
"86","1986","11","Tamil Nadu","Salem","1479.7","6230.3","7710.0"
"86","1987","11","Tamil Nadu","Salem","1516.3","4746.1","6262.4"
"86","1988","11","Tamil Nadu","Salem","779.4","4699.8","5479.2"
"86","1989","11","Tamil Nadu","Salem","792.6","3827.6","4620.2"
"86","1990","11","Tamil Nadu","Salem","656.24","3621.64","4277.88"
"86","1991","11","Tamil Nadu","Salem","694.43","18217.86","18912.29"
"86","1992","11","Tamil Nadu","Salem","671.81","17487.57","18159.38"
"86","1993","11","Tamil Nadu","Salem","653.68","17556.94","18210.62"
"86","1994","11","Tamil Nadu","Salem","631.48","18584.65","19216.13"
"86","1995","11","Tamil Nadu","Salem","561.24","18953.85","19515.09"
"86","1996","11","Tamil Nadu","Salem","521.34","19646.33","20167.67"
"86","1997","11","Tamil Nadu","Salem","511.65","9110.53","9622.19"
"86","1998","11","Tamil Nadu","Salem","520.54","9303.29","9823.83"
"86","1999","11","Tamil Nadu","Salem","526.85","9703.25","10230.1"
"86","2000","11","Tamil Nadu","Salem","499.12","10013.55","10512.66"
"86","2001","11","Tamil Nadu","Salem","486.77","10049.03","10535.81"
"86","2002","11","Tamil Nadu","Salem","546.06","10451.01","10997.08"
"86","2003","11","Tamil Nadu","Salem","604.9","26721.43","27326.34"
"86","2004","11","Tamil Nadu","Salem","606.4","44934.91","45541.31"
"86","2005","11","Tamil Nadu","Salem","613.89","43672.64","44286.53"
"86","2006","11","Tamil Nadu","Salem","600.46","64560.2","65160.67"
"86","2007","11","Tamil Nadu","Salem","615.76","66284.43","66900.18"
"86","2008","11","Tamil Nadu","Salem","613.6","68046.9","68660.49"
"86","2009","11","Tamil Nadu","Salem","671.52","83540.4","84211.91"
"86","2010","11","Tamil Nadu","Salem","634.11","88872.47","89506.58"
"86","2011","11","Tamil Nadu","Salem","782.0","91617.11","92399.1"
"86","2012","11","Tamil Nadu","Salem","931.88","95344.58","96276.47"
"86","2013","11","Tamil Nadu","Salem","944.46","116951.66","117896.11"
"86","2014","11","Tamil Nadu","Salem","766.31","132513.64","133279.94"
"86","2015","11","Tamil Nadu","Salem","951.23","133427.94","134379.19"
"87","1977","11","Tamil Nadu","Coimbatore","541.7","319.2","860.9"
"87","1978","11","Tamil Nadu","Coimbatore","774.5","181.4","955.9"
"87","1979","11","Tamil Nadu","Coimbatore","812.4","332.5","1144.9"
"87","1980","11","Tamil Nadu","Coimbatore","841.0","112.1","953.1"
"87","1981","11","Tamil Nadu","Coimbatore","947.5","233.5","1181.0"
"87","1982","11","Tamil Nadu","Coimbatore","600.1","82.6","682.7"
"87","1983","11","Tamil Nadu","Coimbatore","540.6","41.9","582.5"
"87","1984","11","Tamil Nadu","Coimbatore","443.8","478.0","921.8"
"87","1985","11","Tamil Nadu","Coimbatore","589.6","132.1","721.7"
"87","1986","11","Tamil Nadu","Coimbatore","641.4","857.6","1499.0"
"87","1987","11","Tamil Nadu","Coimbatore","616.8","635.7","1252.5"
"87","1988","11","Tamil Nadu","Coimbatore","330.0","567.8","897.8"
"87","1989","11","Tamil Nadu","Coimbatore","344.0","479.0","823.0"
"87","1990","11","Tamil Nadu","Coimbatore","365.62","612.77","978.39"
"87","1991","11","Tamil Nadu","Coimbatore","306.65","1984.88","2291.53"
"87","1992","11","Tamil Nadu","Coimbatore","297.61","2862.31","3159.92"
"87","1993","11","Tamil Nadu","Coimbatore","291.87","2989.81","3281.68"
"87","1994","11","Tamil Nadu","Coimbatore","289.95","2847.13","3137.08"
"87","1995","11","Tamil Nadu","Coimbatore","273.12","2770.46","3043.58"
"87","1996","11","Tamil Nadu","Coimbatore","261.18","2346.54","2607.72"
"87","1997","11","Tamil Nadu","Coimbatore","334.88","1513.23","1848.11"
"87","1998","11","Tamil Nadu","Coimbatore","352.42","1527.29","1879.71"
"87","1999","11","Tamil Nadu","Coimbatore","355.13","1413.9","1769.04"
"87","2000","11","Tamil Nadu","Coimbatore","341.75","1206.98","1548.74"
"87","2001","11","Tamil Nadu","Coimbatore","334.82","1312.85","1647.67"
"87","2002","11","Tamil Nadu","Coimbatore","344.2","1208.71","1552.9"
"87","2003","11","Tamil Nadu","Coimbatore","243.89","2456.24","2700.13"
"87","2004","11","Tamil Nadu","Coimbatore","269.2","931.95","1201.15"
"87","2005","11","Tamil Nadu","Coimbatore","229.51","698.87","928.39"
"87","2006","11","Tamil Nadu","Coimbatore","223.2","666.01","889.2"
"87","2007","11","Tamil Nadu","Coimbatore","219.44","738.51","957.95"
"87","2008","11","Tamil Nadu","Coimbatore","216.23","729.99","946.22"
"87","2009","11","Tamil Nadu","Coimbatore","228.93","756.07","985.0"
"87","2010","11","Tamil Nadu","Coimbatore","222.63","2183.26","2405.88"
"87","2011","11","Tamil Nadu","Coimbatore","304.15","2327.24","2631.38"
"87","2012","11","Tamil Nadu","Coimbatore","370.82","1958.61","2329.43"
"87","2013","11","Tamil Nadu","Coimbatore","444.52","1820.37","2264.88"
"87","2014","11","Tamil Nadu","Coimbatore","486.48","2390.14","2876.62"
"87","2015","11","Tamil Nadu","Coimbatore","588.24","2495.74","3083.98"
"88","1977","11","Tamil Nadu","Tiruchirapalli / Trichy","506.2","74.9","581.1"
"88","1978","11","Tamil Nadu","Tiruchirapalli / Trichy","626.6","28.4","655.0"
"88","1979","11","Tamil Nadu","Tiruchirapalli / Trichy","597.3","3.0","600.3"
"88","1980","11","Tamil Nadu","Tiruchirapalli / Trichy","537.0","22.3","559.3"
"88","1981","11","Tamil Nadu","Tiruchirapalli / Trichy","643.8","51.4","695.2"
"88","1982","11","Tamil Nadu","Tiruchirapalli / Trichy","565.1","48.0","613.1"
"88","1983","11","Tamil Nadu","Tiruchirapalli / Trichy","952.19","62.29","1014.48"
"88","1984","11","Tamil Nadu","Tiruchirapalli / Trichy","828.93","111.45","940.38"
"88","1985","11","Tamil Nadu","Tiruchirapalli / Trichy","834.3","432.21","1266.51"
"88","1986","11","Tamil Nadu","Tiruchirapalli / Trichy","852.03","396.66","1248.7"
"88","1987","11","Tamil Nadu","Tiruchirapalli / Trichy","851.6","298.34","1149.94"
"88","1988","11","Tamil Nadu","Tiruchirapalli / Trichy","475.62","306.8","782.42"
"88","1989","11","Tamil Nadu","Tiruchirapalli / Trichy","496.2","286.2","782.4"
"88","1990","11","Tamil Nadu","Tiruchirapalli / Trichy","501.75","306.95","808.69"
"88","1991","11","Tamil Nadu","Tiruchirapalli / Trichy","495.82","865.53","1361.35"
"88","1992","11","Tamil Nadu","Tiruchirapalli / Trichy","469.31","1257.07","1726.38"
"88","1993","11","Tamil Nadu","Tiruchirapalli / Trichy","458.84","1785.46","2244.31"
"88","1994","11","Tamil Nadu","Tiruchirapalli / Trichy","448.28","2999.61","3447.89"
"88","1995","11","Tamil Nadu","Tiruchirapalli / Trichy","429.99","2791.22","3221.21"
"88","1996","11","Tamil Nadu","Tiruchirapalli / Trichy","409.92","2649.82","3059.73"
"88","1997","11","Tamil Nadu","Tiruchirapalli / Trichy","420.59","971.2","1391.79"
"88","1998","11","Tamil Nadu","Tiruchirapalli / Trichy","422.54","859.17","1281.7"
"88","1999","11","Tamil Nadu","Tiruchirapalli / Trichy","431.58","859.04","1290.62"
"88","2000","11","Tamil Nadu","Tiruchirapalli / Trichy","407.98","921.05","1329.03"
"88","2001","11","Tamil Nadu","Tiruchirapalli / Trichy","396.09","950.91","1347.01"
"88","2002","11","Tamil Nadu","Tiruchirapalli / Trichy","416.86","914.32","1331.19"
"88","2003","11","Tamil Nadu","Tiruchirapalli / Trichy","512.61","2099.59","2612.19"
"88","2004","11","Tamil Nadu","Tiruchirapalli / Trichy","494.45","8839.68","9334.13"
"88","2005","11","Tamil Nadu","Tiruchirapalli / Trichy","426.53","7920.18","8346.72"
"88","2006","11","Tamil Nadu","Tiruchirapalli / Trichy","450.11","7507.55","7957.66"
"88","2007","11","Tamil Nadu","Tiruchirapalli / Trichy","463.07","8348.47","8811.54"
"88","2008","11","Tamil Nadu","Tiruchirapalli / Trichy","446.26","10224.99","10671.25"
"88","2009","11","Tamil Nadu","Tiruchirapalli / Trichy","468.99","13780.89","14249.88"
"88","2010","11","Tamil Nadu","Tiruchirapalli / Trichy","429.48","14994.53","15424.01"
"88","2011","11","Tamil Nadu","Tiruchirapalli / Trichy","434.07","14947.92","15381.99"
"88","2012","11","Tamil Nadu","Tiruchirapalli / Trichy","430.9","12679.75","13109.65"
"88","2013","11","Tamil Nadu","Tiruchirapalli / Trichy","480.65","13191.41","13672.06"
"88","2014","11","Tamil Nadu","Tiruchirapalli / Trichy","536.81","13416.77","13953.58"
"88","2015","11","Tamil Nadu","Tiruchirapalli / Trichy","701.58","13840.13","14541.72"
"89","1977","11","Tamil Nadu","Thanjavur","528.8","49.0","577.8"
"89","1978","11","Tamil Nadu","Thanjavur","889.7","69.3","959.0"
"89","1979","11","Tamil Nadu","Thanjavur","826.5","0.0","826.5"
"89","1980","11","Tamil Nadu","Thanjavur","826.4","0.0","826.4"
"89","1981","11","Tamil Nadu","Thanjavur","745.1","0.0","745.1"
"89","1982","11","Tamil Nadu","Thanjavur","876.0","55.3","931.3"
"89","1983","11","Tamil Nadu","Thanjavur","1045.91","117.81","1163.72"
"89","1984","11","Tamil Nadu","Thanjavur","936.37","119.25","1055.62"
"89","1985","11","Tamil Nadu","Thanjavur","1041.2","355.39","1396.59"
"89","1986","11","Tamil Nadu","Thanjavur","950.07","212.34","1162.4"
"89","1987","11","Tamil Nadu","Thanjavur","981.9","191.26","1173.16"
"89","1988","11","Tamil Nadu","Thanjavur","577.08","181.8","758.88"
"89","1989","11","Tamil Nadu","Thanjavur","556.5","181.3","737.8"
"89","1990","11","Tamil Nadu","Thanjavur","574.54","200.69","775.24"
"89","1991","11","Tamil Nadu","Thanjavur","496.65","246.39","743.04"
"89","1992","11","Tamil Nadu","Thanjavur","433.58","275.99","709.57"
"89","1993","11","Tamil Nadu","Thanjavur","420.23","302.54","722.76"
"89","1994","11","Tamil Nadu","Thanjavur","409.96","261.23","671.19"
"89","1995","11","Tamil Nadu","Thanjavur","393.61","254.3","647.91"
"89","1996","11","Tamil Nadu","Thanjavur","388.46","250.65","639.12"
"89","1997","11","Tamil Nadu","Thanjavur","449.38","282.87","732.26"
"89","1998","11","Tamil Nadu","Thanjavur","465.77","295.44","761.21"
"89","1999","11","Tamil Nadu","Thanjavur","483.52","309.98","793.5"
"89","2000","11","Tamil Nadu","Thanjavur","548.27","336.27","884.54"
"89","2001","11","Tamil Nadu","Thanjavur","525.68","362.47","888.15"
"89","2002","11","Tamil Nadu","Thanjavur","507.12","337.14","844.26"
"89","2003","11","Tamil Nadu","Thanjavur","568.26","722.66","1290.92"
"89","2004","11","Tamil Nadu","Thanjavur","572.63","3516.45","4089.08"
"89","2005","11","Tamil Nadu","Thanjavur","527.63","3619.6","4147.23"
"89","2006","11","Tamil Nadu","Thanjavur","453.94","2427.16","2881.1"
"89","2007","11","Tamil Nadu","Thanjavur","458.06","2972.38","3430.44"
"89","2008","11","Tamil Nadu","Thanjavur","402.3","3510.01","3912.31"
"89","2009","11","Tamil Nadu","Thanjavur","387.91","3524.66","3912.57"
"89","2010","11","Tamil Nadu","Thanjavur","412.9","3556.83","3969.73"
"89","2011","11","Tamil Nadu","Thanjavur","531.23","3975.85","4507.08"
"89","2012","11","Tamil Nadu","Thanjavur","549.51","3917.08","4466.58"
"89","2013","11","Tamil Nadu","Thanjavur","552.29","3816.71","4369.0"
"89","2014","11","Tamil Nadu","Thanjavur","561.16","3913.26","4474.42"
"89","2015","11","Tamil Nadu","Thanjavur","621.54","3818.08","4439.62"
"90","1977","11","Tamil Nadu","Madurai","225.7","104.6","330.3"
"90","1978","11","Tamil Nadu","Madurai","669.6","19.8","689.4"
"90","1979","11","Tamil Nadu","Madurai","720.6","65.7","786.3"
"90","1980","11","Tamil Nadu","Madurai","653.3","100.4","753.7"
"90","1981","11","Tamil Nadu","Madurai","708.4","0.0","708.4"
"90","1982","11","Tamil Nadu","Madurai","715.4","0.0","715.4"
"90","1983","11","Tamil Nadu","Madurai","687.8","53.3","741.1"
"90","1984","11","Tamil Nadu","Madurai","558.6","55.3","613.9"
"90","1985","11","Tamil Nadu","Madurai","771.7","0.0","771.7"
"90","1986","11","Tamil Nadu","Madurai","717.4","64.9","782.3"
"90","1987","11","Tamil Nadu","Madurai","763.5","97.5","861.0"
"90","1988","11","Tamil Nadu","Madurai","417.1","88.7","505.8"
"90","1989","11","Tamil Nadu","Madurai","432.1","74.9","507.0"
"90","1990","11","Tamil Nadu","Madurai","442.07","69.33","511.4"
"90","1991","11","Tamil Nadu","Madurai","409.19","301.22","710.41"
"90","1992","11","Tamil Nadu","Madurai","390.36","491.74","882.1"
"90","1993","11","Tamil Nadu","Madurai","373.75","488.86","862.61"
"90","1994","11","Tamil Nadu","Madurai","363.29","313.29","676.58"
"90","1995","11","Tamil Nadu","Madurai","350.04","306.16","656.2"
"90","1996","11","Tamil Nadu","Madurai","332.7","284.08","616.78"
"90","1997","11","Tamil Nadu","Madurai","357.01","212.5","569.52"
"90","1998","11","Tamil Nadu","Madurai","362.02","180.02","542.04"
"90","1999","11","Tamil Nadu","Madurai","376.3","172.66","548.96"
"90","2000","11","Tamil Nadu","Madurai","355.82","178.13","533.94"
"90","2001","11","Tamil Nadu","Madurai","357.13","192.35","549.48"
"90","2002","11","Tamil Nadu","Madurai","344.18","139.08","483.26"
"90","2003","11","Tamil Nadu","Madurai","386.23","261.11","647.34"
"90","2004","11","Tamil Nadu","Madurai","333.64","338.48","672.12"
"90","2005","11","Tamil Nadu","Madurai","321.96","59.67","381.63"
"90","2006","11","Tamil Nadu","Madurai","396.62","626.03","1022.66"
"90","2007","11","Tamil Nadu","Madurai","388.8","612.67","1001.48"
"90","2008","11","Tamil Nadu","Madurai","366.44","431.92","798.36"
"90","2009","11","Tamil Nadu","Madurai","362.89","27.55","390.44"
"90","2010","11","Tamil Nadu","Madurai","389.06","0.0","389.06"
"90","2011","11","Tamil Nadu","Madurai","467.33","0.0","467.33"
"90","2012","11","Tamil Nadu","Madurai","475.8","293.34","769.14"
"90","2013","11","Tamil Nadu","Madurai","481.32","316.0","797.32"
"90","2014","11","Tamil Nadu","Madurai","414.29","1264.19","1678.48"
"90","2015","11","Tamil Nadu","Madurai","438.1","175.94","614.04"
"91","1977","11","Tamil Nadu","Ramananthapuram","619.8","46.1","665.9"
"91","1978","11","Tamil Nadu","Ramananthapuram","714.4","46.6","761.0"
"91","1979","11","Tamil Nadu","Ramananthapuram","705.2","40.2","745.4"
"91","1980","11","Tamil Nadu","Ramananthapuram","632.6","30.5","663.1"
"91","1981","11","Tamil Nadu","Ramananthapuram","698.9","0.0","698.9"
"91","1982","11","Tamil Nadu","Ramananthapuram","679.0","0.0","679.0"
"91","1983","11","Tamil Nadu","Ramananthapuram","765.1","0.0","765.1"
"91","1984","11","Tamil Nadu","Ramananthapuram","618.4","0.0","618.4"
"91","1985","11","Tamil Nadu","Ramananthapuram","698.4","0.0","698.4"
"91","1986","11","Tamil Nadu","Ramananthapuram","709.3","0.0","709.3"
"91","1987","11","Tamil Nadu","Ramananthapuram","548.9","0.0","548.9"
"91","1988","11","Tamil Nadu","Ramananthapuram","313.8","74.1","387.9"
"91","1989","11","Tamil Nadu","Ramananthapuram","327.4","75.1","402.5"
"91","1990","11","Tamil Nadu","Ramananthapuram","355.22","72.65","427.87"
"91","1991","11","Tamil Nadu","Ramananthapuram","388.97","127.35","516.32"
"91","1992","11","Tamil Nadu","Ramananthapuram","378.0","177.02","555.02"
"91","1993","11","Tamil Nadu","Ramananthapuram","383.8","197.82","581.62"
"91","1994","11","Tamil Nadu","Ramananthapuram","373.64","151.94","525.58"
"91","1995","11","Tamil Nadu","Ramananthapuram","358.13","155.05","513.18"
"91","1996","11","Tamil Nadu","Ramananthapuram","346.82","168.54","515.36"
"91","1997","11","Tamil Nadu","Ramananthapuram","345.22","106.39","451.61"
"91","1998","11","Tamil Nadu","Ramananthapuram","346.36","137.21","483.57"
"91","1999","11","Tamil Nadu","Ramananthapuram","359.58","183.35","542.93"
"91","2000","11","Tamil Nadu","Ramananthapuram","371.91","190.38","562.28"
"91","2001","11","Tamil Nadu","Ramananthapuram","380.85","218.42","599.26"
"91","2002","11","Tamil Nadu","Ramananthapuram","358.54","218.37","576.91"
"91","2003","11","Tamil Nadu","Ramananthapuram","334.7","128.5","463.2"
"91","2004","11","Tamil Nadu","Ramananthapuram","303.43","188.54","491.97"
"91","2005","11","Tamil Nadu","Ramananthapuram","429.89","128.52","558.41"
"91","2006","11","Tamil Nadu","Ramananthapuram","522.23","81.59","603.82"
"91","2007","11","Tamil Nadu","Ramananthapuram","540.21","88.2","628.41"
"91","2008","11","Tamil Nadu","Ramananthapuram","503.69","79.58","583.27"
"91","2009","11","Tamil Nadu","Ramananthapuram","513.17","0.0","513.17"
"91","2010","11","Tamil Nadu","Ramananthapuram","543.36","0.0","543.36"
"91","2011","11","Tamil Nadu","Ramananthapuram","600.74","0.0","600.74"
"91","2012","11","Tamil Nadu","Ramananthapuram","545.73","0.0","545.73"
"91","2013","11","Tamil Nadu","Ramananthapuram","595.19","0.0","595.19"
"91","2014","11","Tamil Nadu","Ramananthapuram","551.42","0.0","551.42"
"91","2015","11","Tamil Nadu","Ramananthapuram","616.98","480.5","1097.48"
"92","1977","11","Tamil Nadu","Thirunelveli","645.3","53.0","698.3"
"92","1978","11","Tamil Nadu","Thirunelveli","598.1","12.3","610.4"
"92","1979","11","Tamil Nadu","Thirunelveli","702.5","10.2","712.7"
"92","1980","11","Tamil Nadu","Thirunelveli","301.1","38.6","339.7"
"92","1981","11","Tamil Nadu","Thirunelveli","643.5","9.5","653.0"
"92","1982","11","Tamil Nadu","Thirunelveli","693.8","9.5","703.3"
"92","1983","11","Tamil Nadu","Thirunelveli","621.2","0.0","621.2"
"92","1984","11","Tamil Nadu","Thirunelveli","493.7","47.2","540.9"
"92","1985","11","Tamil Nadu","Thirunelveli","518.6","31.5","550.1"
"92","1986","11","Tamil Nadu","Thirunelveli","549.0","30.1","579.1"
"92","1987","11","Tamil Nadu","Thirunelveli","638.0","75.5","713.5"
"92","1988","11","Tamil Nadu","Thirunelveli","343.6","67.6","411.2"
"92","1989","11","Tamil Nadu","Thirunelveli","335.7","63.6","399.3"
"92","1990","11","Tamil Nadu","Thirunelveli","350.7","65.03","415.73"
"92","1991","11","Tamil Nadu","Thirunelveli","346.43","236.63","583.06"
"92","1992","11","Tamil Nadu","Thirunelveli","344.59","552.87","897.46"
"92","1993","11","Tamil Nadu","Thirunelveli","357.18","580.65","937.83"
"92","1994","11","Tamil Nadu","Thirunelveli","348.05","391.99","740.04"
"92","1995","11","Tamil Nadu","Thirunelveli","339.22","466.3","805.52"
"92","1996","11","Tamil Nadu","Thirunelveli","329.69","337.4","667.09"
"92","1997","11","Tamil Nadu","Thirunelveli","346.76","164.59","511.35"
"92","1998","11","Tamil Nadu","Thirunelveli","345.82","139.29","485.11"
"92","1999","11","Tamil Nadu","Thirunelveli","351.56","146.95","498.51"
"92","2000","11","Tamil Nadu","Thirunelveli","321.8","155.91","477.72"
"92","2001","11","Tamil Nadu","Thirunelveli","322.58","174.46","497.04"
"92","2002","11","Tamil Nadu","Thirunelveli","314.62","121.93","436.55"
"92","2003","11","Tamil Nadu","Thirunelveli","227.66","182.93","410.58"
"92","2004","11","Tamil Nadu","Thirunelveli","284.05","150.7","434.75"
"92","2005","11","Tamil Nadu","Thirunelveli","323.51","145.66","469.17"
"92","2006","11","Tamil Nadu","Thirunelveli","327.79","35.4","363.19"
"92","2007","11","Tamil Nadu","Thirunelveli","338.02","20.69","358.72"
"92","2008","11","Tamil Nadu","Thirunelveli","289.55","11.97","301.52"
"92","2009","11","Tamil Nadu","Thirunelveli","240.92","5.29","246.21"
"92","2010","11","Tamil Nadu","Thirunelveli","293.38","5.64","299.02"
"92","2011","11","Tamil Nadu","Thirunelveli","35.52","2.72","38.24"
"92","2012","11","Tamil Nadu","Thirunelveli","94.82","0.0","94.82"
"92","2013","11","Tamil Nadu","Thirunelveli","199.82","0.0","199.82"
"92","2014","11","Tamil Nadu","Thirunelveli","351.66","1.24","352.9"
"92","2015","11","Tamil Nadu","Thirunelveli","379.27","0.0","379.27"
"93","1977","11","Tamil Nadu","The Nilgiris","4.4","1.6","6.0"
"93","1978","11","Tamil Nadu","The Nilgiris","41.3","1.0","42.3"
"93","1979","11","Tamil Nadu","The Nilgiris","10.0","5.8","15.8"
"93","1980","11","Tamil Nadu","The Nilgiris","0.0","44.4","44.4"
"93","1981","11","Tamil Nadu","The Nilgiris","0.0","5.5","5.5"
"93","1982","11","Tamil Nadu","The Nilgiris","3.7","3.4","7.1"
"93","1983","11","Tamil Nadu","The Nilgiris","26.3","3.4","29.7"
"93","1984","11","Tamil Nadu","The Nilgiris","22.6","0.0","22.6"
"93","1985","11","Tamil Nadu","The Nilgiris","29.3","0.0","29.3"
"93","1986","11","Tamil Nadu","The Nilgiris","34.0","2.8","36.8"
"93","1987","11","Tamil Nadu","The Nilgiris","33.9","6.9","40.8"
"93","1988","11","Tamil Nadu","The Nilgiris","18.9","8.5","27.4"
"93","1989","11","Tamil Nadu","The Nilgiris","21.5","7.7","29.2"
"93","1990","11","Tamil Nadu","The Nilgiris","22.16","7.64","29.8"
"93","1991","11","Tamil Nadu","The Nilgiris","10.59","1.54","12.13"
"93","1992","11","Tamil Nadu","The Nilgiris","9.51","1.95","11.46"
"93","1993","11","Tamil Nadu","The Nilgiris","9.13","1.99","11.12"
"93","1994","11","Tamil Nadu","The Nilgiris","8.84","1.57","10.41"
"93","1995","11","Tamil Nadu","The Nilgiris","8.72","1.54","10.26"
"93","1996","11","Tamil Nadu","The Nilgiris","8.47","1.83","10.3"
"93","1997","11","Tamil Nadu","The Nilgiris","13.44","1.7","15.14"
"93","1998","11","Tamil Nadu","The Nilgiris","14.08","1.64","15.73"
"93","1999","11","Tamil Nadu","The Nilgiris","16.47","1.68","18.15"
"93","2000","11","Tamil Nadu","The Nilgiris","27.42","1.7","29.12"
"93","2001","11","Tamil Nadu","The Nilgiris","27.24","3.01","30.25"
"93","2002","11","Tamil Nadu","The Nilgiris","24.78","1.96","26.74"
"93","2003","11","Tamil Nadu","The Nilgiris","18.69","1.38","20.08"
"93","2004","11","Tamil Nadu","The Nilgiris","15.41","0.46","15.88"
"93","2005","11","Tamil Nadu","The Nilgiris","18.66","0.0","18.66"
"93","2006","11","Tamil Nadu","The Nilgiris","25.29","0.0","25.29"
"93","2007","11","Tamil Nadu","The Nilgiris","24.38","0.0","24.38"
"93","2008","11","Tamil Nadu","The Nilgiris","59.35","0.0","59.35"
"93","2009","11","Tamil Nadu","The Nilgiris","18.35","0.0","18.35"
"93","2010","11","Tamil Nadu","The Nilgiris","21.03","0.0","21.03"
"93","2011","11","Tamil Nadu","The Nilgiris","17.92","0.0","17.92"
"93","2012","11","Tamil Nadu","The Nilgiris","18.26","0.0","18.26"
"93","2013","11","Tamil Nadu","The Nilgiris","28.01","0.0","28.01"
"93","2014","11","Tamil Nadu","The Nilgiris","34.16","0.0","34.16"
"93","2015","11","Tamil Nadu","The Nilgiris","37.3","0.0","37.3"
"94","1977","11","Tamil Nadu","Kanyakumari","308.7","6.0","314.7"
"94","1978","11","Tamil Nadu","Kanyakumari","352.6","31.1","383.7"
"94","1979","11","Tamil Nadu","Kanyakumari","525.9","25.6","551.5"
"94","1980","11","Tamil Nadu","Kanyakumari","370.7","36.2","406.9"
"94","1981","11","Tamil Nadu","Kanyakumari","472.7","33.4","506.1"
"94","1982","11","Tamil Nadu","Kanyakumari","414.8","23.3","438.1"
"94","1983","11","Tamil Nadu","Kanyakumari","441.9","0.0","441.9"
"94","1984","11","Tamil Nadu","Kanyakumari","257.7","0.0","257.7"
"94","1985","11","Tamil Nadu","Kanyakumari","274.2","0.0","274.2"
"94","1986","11","Tamil Nadu","Kanyakumari","298.8","0.0","298.8"
"94","1987","11","Tamil Nadu","Kanyakumari","353.0","0.0","353.0"
"94","1988","11","Tamil Nadu","Kanyakumari","179.4","32.0","211.4"
"94","1989","11","Tamil Nadu","Kanyakumari","195.2","28.8","224.0"
"94","1990","11","Tamil Nadu","Kanyakumari","183.49","31.13","214.62"
"94","1991","11","Tamil Nadu","Kanyakumari","166.41","30.74","197.15"
"94","1992","11","Tamil Nadu","Kanyakumari","158.51","40.4","198.91"
"94","1993","11","Tamil Nadu","Kanyakumari","150.17","43.08","193.25"
"94","1994","11","Tamil Nadu","Kanyakumari","148.23","36.19","184.42"
"94","1995","11","Tamil Nadu","Kanyakumari","139.04","34.55","173.59"
"94","1996","11","Tamil Nadu","Kanyakumari","134.17","43.64","177.81"
"94","1997","11","Tamil Nadu","Kanyakumari","167.52","51.26","218.79"
"94","1998","11","Tamil Nadu","Kanyakumari","170.53","64.34","234.87"
"94","1999","11","Tamil Nadu","Kanyakumari","170.68","80.54","251.22"
"94","2000","11","Tamil Nadu","Kanyakumari","209.67","82.25","291.92"
"94","2001","11","Tamil Nadu","Kanyakumari","258.23","85.08","343.31"
"94","2002","11","Tamil Nadu","Kanyakumari","191.24","82.1","273.33"
"94","2003","11","Tamil Nadu","Kanyakumari","150.79","175.51","326.3"
"94","2004","11","Tamil Nadu","Kanyakumari","119.39","26.98","146.38"
"94","2005","11","Tamil Nadu","Kanyakumari","57.76","2052.73","2110.48"
"94","2006","11","Tamil Nadu","Kanyakumari","104.6","0.0","104.6"
"94","2007","11","Tamil Nadu","Kanyakumari","99.18","0.0","99.18"
"94","2008","11","Tamil Nadu","Kanyakumari","111.26","0.0","111.26"
"94","2009","11","Tamil Nadu","Kanyakumari","82.85","0.0","82.85"
"94","2010","11","Tamil Nadu","Kanyakumari","75.26","0.0","75.26"
"94","2011","11","Tamil Nadu","Kanyakumari","106.66","0.0","106.66"
"94","2012","11","Tamil Nadu","Kanyakumari","96.18","0.0","96.18"
"94","2013","11","Tamil Nadu","Kanyakumari","184.31","0.0","184.31"
"94","2014","11","Tamil Nadu","Kanyakumari","254.12","0.0","254.12"
"94","2015","11","Tamil Nadu","Kanyakumari","211.19","0.0","211.19"
"95","1988","7","Maharashtra","Bombay","-1.0","-1.0","81.14"
"95","1989","7","Maharashtra","Bombay","-1.0","-1.0","75.28"
"95","2011","7","Maharashtra","Bombay","17.07","7.66","24.73"
"95","2012","7","Maharashtra","Bombay","17.46","8.01","25.47"
"95","2013","7","Maharashtra","Bombay","18.18","8.4","26.58"
"95","2014","7","Maharashtra","Bombay","25.23","8.84","34.07"
"95","2015","7","Maharashtra","Bombay","17.39","75.57","92.96"
"96","1988","7","Maharashtra","Thane","-1.0","-1.0","861.55"
"96","1989","7","Maharashtra","Thane","-1.0","-1.0","874.32"
"96","1990","7","Maharashtra","Thane","510.12","190.46","700.58"
"96","1994","7","Maharashtra","Thane","591.67","79.9","671.57"
"96","1995","7","Maharashtra","Thane","616.81","83.5","700.31"
"96","1996","7","Maharashtra","Thane","641.23","86.01","727.24"
"96","1997","7","Maharashtra","Thane","662.17","88.5","750.67"
"96","1998","7","Maharashtra","Thane","-1.0","-1.0","797.84"
"96","1999","7","Maharashtra","Thane","-1.0","-1.0","815.69"
"96","2000","7","Maharashtra","Thane","-1.0","-1.0","830.25"
"96","2001","7","Maharashtra","Thane","-1.0","-1.0","1036.48"
"96","2002","7","Maharashtra","Thane","-1.0","-1.0","1066.39"
"96","2003","7","Maharashtra","Thane","-1.0","-1.0","1086.78"
"96","2004","7","Maharashtra","Thane","827.11","276.62","1103.73"
"96","2005","7","Maharashtra","Thane","837.69","285.69","1123.38"
"96","2006","7","Maharashtra","Thane","877.48","275.56","1153.04"
"96","2007","7","Maharashtra","Thane","843.71","206.41","1050.12"
"96","2008","7","Maharashtra","Thane","869.63","208.44","1078.07"
"96","2011","7","Maharashtra","Thane","683.45","96.57","780.02"
"96","2012","7","Maharashtra","Thane","698.9","101.03","799.93"
"96","2013","7","Maharashtra","Thane","760.79","107.24","868.03"
"96","2014","7","Maharashtra","Thane","500.58","112.91","613.49"
"96","2015","7","Maharashtra","Thane","446.1","918.28","1364.37"
"97","1988","7","Maharashtra","Raigad","-1.0","-1.0","-1.0"
"97","1989","7","Maharashtra","Raigad","-1.0","-1.0","-1.0"
"97","1990","7","Maharashtra","Raigad","434.54","569.15","1003.69"
"97","1994","7","Maharashtra","Raigad","511.99","150.61","662.6"
"97","1995","7","Maharashtra","Raigad","533.73","155.69","689.42"
"97","1996","7","Maharashtra","Raigad","554.87","160.36","715.23"
"97","1997","7","Maharashtra","Raigad","573.0","165.01","738.01"
"97","1998","7","Maharashtra","Raigad","-1.0","-1.0","784.27"
"97","1999","7","Maharashtra","Raigad","-1.0","-1.0","804.39"
"97","2000","7","Maharashtra","Raigad","-1.0","-1.0","818.96"
"97","2001","7","Maharashtra","Raigad","-1.0","-1.0","709.01"
"97","2002","7","Maharashtra","Raigad","-1.0","-1.0","729.18"
"97","2003","7","Maharashtra","Raigad","-1.0","-1.0","744.73"
"97","2004","7","Maharashtra","Raigad","649.87","99.89","749.76"
"97","2005","7","Maharashtra","Raigad","660.65","103.17","763.82"
"97","2006","7","Maharashtra","Raigad","648.62","127.18","775.8"
"97","2007","7","Maharashtra","Raigad","682.86","548.12","1230.98"
"97","2008","7","Maharashtra","Raigad","703.84","553.48","1257.32"
"97","2011","7","Maharashtra","Raigad","367.29","47.5","414.79"
"97","2012","7","Maharashtra","Raigad","375.59","49.69","425.28"
"97","2013","7","Maharashtra","Raigad","408.82","52.92","461.74"
"97","2014","7","Maharashtra","Raigad","224.65","55.71","280.36"
"97","2015","7","Maharashtra","Raigad","314.61","1707.89","2022.51"
"98","1988","7","Maharashtra","Ratnagiri","-1.0","-1.0","769.29"
"98","1989","7","Maharashtra","Ratnagiri","-1.0","-1.0","792.13"
"98","1990","7","Maharashtra","Ratnagiri","779.48","168.18","947.66"
"98","1994","7","Maharashtra","Ratnagiri","894.3","395.23","1289.53"
"98","1995","7","Maharashtra","Ratnagiri","934.36","410.43","1344.79"
"98","1996","7","Maharashtra","Ratnagiri","967.72","422.76","1390.48"
"98","1997","7","Maharashtra","Ratnagiri","997.28","435.01","1432.29"
"98","1998","7","Maharashtra","Ratnagiri","-1.0","-1.0","1521.89"
"98","1999","7","Maharashtra","Ratnagiri","-1.0","-1.0","1562.26"
"98","2000","7","Maharashtra","Ratnagiri","-1.0","-1.0","1590.99"
"98","2001","7","Maharashtra","Ratnagiri","-1.0","-1.0","1491.99"
"98","2002","7","Maharashtra","Ratnagiri","-1.0","-1.0","1539.15"
"98","2003","7","Maharashtra","Ratnagiri","-1.0","-1.0","1570.3"
"98","2004","7","Maharashtra","Ratnagiri","1198.78","389.95","1588.73"
"98","2005","7","Maharashtra","Ratnagiri","1218.21","402.75","1620.96"
"98","2006","7","Maharashtra","Ratnagiri","1238.35","368.29","1606.64"
"98","2007","7","Maharashtra","Ratnagiri","1179.13","350.73","1529.86"
"98","2008","7","Maharashtra","Ratnagiri","1193.25","354.18","1547.43"
"98","2011","7","Maharashtra","Ratnagiri","594.85","204.15","799.0"
"98","2012","7","Maharashtra","Ratnagiri","608.29","213.57","821.86"
"98","2013","7","Maharashtra","Ratnagiri","651.49","227.08","878.57"
"98","2014","7","Maharashtra","Ratnagiri","555.17","239.11","794.28"
"98","2015","7","Maharashtra","Ratnagiri","318.6","353.3","671.9"
"99","1988","7","Maharashtra","Nasik","-1.0","-1.0","815.26"
"99","1989","7","Maharashtra","Nasik","-1.0","-1.0","842.45"
"99","1990","7","Maharashtra","Nasik","362.0","1040.29","1402.29"
"99","1994","7","Maharashtra","Nasik","438.89","783.9","1222.79"
"99","1995","7","Maharashtra","Nasik","458.07","813.8","1271.87"
"99","1996","7","Maharashtra","Nasik","472.89","838.24","1311.13"
"99","1997","7","Maharashtra","Nasik","488.31","862.53","1350.84"
"99","1998","7","Maharashtra","Nasik","-1.0","-1.0","1434.33"
"99","1999","7","Maharashtra","Nasik","-1.0","-1.0","1489.01"
"99","2000","7","Maharashtra","Nasik","-1.0","-1.0","1517.41"
"99","2001","7","Maharashtra","Nasik","-1.0","-1.0","3215.54"
"99","2002","7","Maharashtra","Nasik","-1.0","-1.0","3315.87"
"99","2003","7","Maharashtra","Nasik","-1.0","-1.0","3384.11"
"99","2004","7","Maharashtra","Nasik","616.19","2877.57","3493.76"
"99","2005","7","Maharashtra","Nasik","619.24","2972.01","3591.25"
"99","2006","7","Maharashtra","Nasik","550.26","2177.95","2728.21"
"99","2007","7","Maharashtra","Nasik","581.98","1472.09","2054.07"
"99","2008","7","Maharashtra","Nasik","705.0","1486.51","2191.51"
"99","2011","7","Maharashtra","Nasik","486.14","8943.07","9429.21"
"99","2012","7","Maharashtra","Nasik","497.13","9355.91","9853.04"
"99","2013","7","Maharashtra","Nasik","531.65","9932.0","10463.65"
"99","2014","7","Maharashtra","Nasik","776.73","10458.14","11234.87"
"99","2015","7","Maharashtra","Nasik","497.47","2869.8","3367.26"
"100","1988","7","Maharashtra","Dhule","-1.0","-1.0","-1.0"
"100","1989","7","Maharashtra","Dhule","-1.0","-1.0","-1.0"
"100","1990","7","Maharashtra","Dhule","307.7","173.75","481.45"
"100","1994","7","Maharashtra","Dhule","326.21","227.03","553.24"
"100","1995","7","Maharashtra","Dhule","340.56","236.35","576.91"
"100","1996","7","Maharashtra","Dhule","351.58","243.45","595.03"
"100","1997","7","Maharashtra","Dhule","362.95","250.51","613.46"
"100","1998","7","Maharashtra","Dhule","-1.0","-1.0","651.39"
"100","1999","7","Maharashtra","Dhule","-1.0","-1.0","671.43"
"100","2000","7","Maharashtra","Dhule","-1.0","-1.0","683.83"
"100","2001","7","Maharashtra","Dhule","-1.0","-1.0","2422.25"
"100","2002","7","Maharashtra","Dhule","-1.0","-1.0","2497.84"
"100","2003","7","Maharashtra","Dhule","-1.0","-1.0","2550.3"
"100","2004","7","Maharashtra","Dhule","438.18","2180.27","2618.45"
"100","2005","7","Maharashtra","Dhule","454.07","2251.83","2705.9"
"100","2006","7","Maharashtra","Dhule","563.77","1701.03","2264.8"
"100","2007","7","Maharashtra","Dhule","558.43","1266.87","1825.3"
"100","2008","7","Maharashtra","Dhule","676.47","1279.29","1955.76"
"100","2011","7","Maharashtra","Dhule","458.0","2318.82","2776.82"
"100","2012","7","Maharashtra","Dhule","468.35","2425.87","2894.22"
"100","2013","7","Maharashtra","Dhule","500.75","2574.18","3074.94"
"100","2014","7","Maharashtra","Dhule","682.11","2710.55","3392.66"
"100","2015","7","Maharashtra","Dhule","523.76","4710.45","5234.2"
"101","1988","7","Maharashtra","Jalgaon","-1.0","-1.0","-1.0"
"101","1989","7","Maharashtra","Jalgaon","-1.0","-1.0","-1.0"
"101","1990","7","Maharashtra","Jalgaon","235.29","52.35","287.64"
"101","1994","7","Maharashtra","Jalgaon","262.98","124.8","387.78"
"101","1995","7","Maharashtra","Jalgaon","274.51","130.21","404.72"
"101","1996","7","Maharashtra","Jalgaon","283.39","134.12","417.51"
"101","1997","7","Maharashtra","Jalgaon","292.6","138.0","430.6"
"101","1998","7","Maharashtra","Jalgaon","-1.0","-1.0","457.22"
"101","1999","7","Maharashtra","Jalgaon","-1.0","-1.0","470.02"
"101","2000","7","Maharashtra","Jalgaon","-1.0","-1.0","478.59"
"101","2001","7","Maharashtra","Jalgaon","-1.0","-1.0","370.52"
"101","2002","7","Maharashtra","Jalgaon","-1.0","-1.0","381.82"
"101","2003","7","Maharashtra","Jalgaon","-1.0","-1.0","389.26"
"101","2004","7","Maharashtra","Jalgaon","314.94","82.6","397.54"
"101","2005","7","Maharashtra","Jalgaon","316.12","85.31","401.43"
"101","2006","7","Maharashtra","Jalgaon","300.75","76.84","377.59"
"101","2007","7","Maharashtra","Jalgaon","289.19","150.98","440.17"
"101","2008","7","Maharashtra","Jalgaon","350.32","152.46","502.78"
"101","2011","7","Maharashtra","Jalgaon","95.84","88.1","183.94"
"101","2012","7","Maharashtra","Jalgaon","98.02","92.17","190.19"
"101","2013","7","Maharashtra","Jalgaon","104.79","94.23","199.02"
"101","2014","7","Maharashtra","Jalgaon","365.6","99.23","464.83"
"101","2015","7","Maharashtra","Jalgaon","161.11","197.6","358.71"
"102","1988","7","Maharashtra","Ahmednagar","-1.0","-1.0","1894.44"
"102","1989","7","Maharashtra","Ahmednagar","-1.0","-1.0","1935.56"
"102","1990","7","Maharashtra","Ahmednagar","898.7","243.92","1142.62"
"102","1994","7","Maharashtra","Ahmednagar","1040.4","795.95","1836.35"
"102","1995","7","Maharashtra","Ahmednagar","1085.45","826.54","1911.99"
"102","1996","7","Maharashtra","Ahmednagar","1122.4","851.36","1973.76"
"102","1997","7","Maharashtra","Ahmednagar","1154.27","876.03","2030.3"
"102","1998","7","Maharashtra","Ahmednagar","-1.0","-1.0","2156.2"
"102","1999","7","Maharashtra","Ahmednagar","-1.0","-1.0","2223.16"
"102","2000","7","Maharashtra","Ahmednagar","-1.0","-1.0","2265.01"
"102","2001","7","Maharashtra","Ahmednagar","-1.0","-1.0","2259.91"
"102","2002","7","Maharashtra","Ahmednagar","-1.0","-1.0","2330.16"
"102","2003","7","Maharashtra","Ahmednagar","-1.0","-1.0","2378.7"
"102","2004","7","Maharashtra","Ahmednagar","1549.01","858.66","2407.67"
"102","2005","7","Maharashtra","Ahmednagar","1580.22","886.84","2467.06"
"102","2006","7","Maharashtra","Ahmednagar","1505.31","776.32","2281.63"
"102","2007","7","Maharashtra","Ahmednagar","1635.11","652.6","2287.71"
"102","2008","7","Maharashtra","Ahmednagar","1663.73","658.98","2322.71"
"102","2011","7","Maharashtra","Ahmednagar","908.08","1435.71","2343.79"
"102","2012","7","Maharashtra","Ahmednagar","928.6","1501.98","2430.58"
"102","2013","7","Maharashtra","Ahmednagar","938.48","1593.83","2532.32"
"102","2014","7","Maharashtra","Ahmednagar","899.17","1678.26","2577.43"
"102","2015","7","Maharashtra","Ahmednagar","1069.05","1599.9","2668.95"
"103","1988","7","Maharashtra","Pune","-1.0","-1.0","-1.0"
"103","1989","7","Maharashtra","Pune","-1.0","-1.0","-1.0"
"103","1990","7","Maharashtra","Pune","1098.42","3066.29","4164.71"
"103","1994","7","Maharashtra","Pune","1292.88","3779.89","5072.77"
"103","1995","7","Maharashtra","Pune","1348.94","3927.46","5276.4"
"103","1996","7","Maharashtra","Pune","1394.85","4045.42","5440.27"
"103","1997","7","Maharashtra","Pune","1434.35","4162.63","5596.98"
"103","1998","7","Maharashtra","Pune","-1.0","-1.0","5943.32"
"103","1999","7","Maharashtra","Pune","-1.0","-1.0","6188.59"
"103","2000","7","Maharashtra","Pune","-1.0","-1.0","6309.24"
"103","2001","7","Maharashtra","Pune","-1.0","-1.0","5208.96"
"103","2002","7","Maharashtra","Pune","-1.0","-1.0","5371.83"
"103","2003","7","Maharashtra","Pune","-1.0","-1.0","5481.15"
"103","2004","7","Maharashtra","Pune","1549.01","4089.68","5638.69"
"103","2005","7","Maharashtra","Pune","1566.21","4223.91","5790.12"
"103","2006","7","Maharashtra","Pune","1695.74","3807.44","5503.18"
"103","2007","7","Maharashtra","Pune","1601.2","4967.33","6568.53"
"103","2008","7","Maharashtra","Pune","1629.23","5015.96","6645.19"
"103","2011","7","Maharashtra","Pune","268.85","6644.07","6912.92"
"103","2012","7","Maharashtra","Pune","274.93","6950.78","7225.71"
"103","2013","7","Maharashtra","Pune","277.86","7375.82","7653.67"
"103","2014","7","Maharashtra","Pune","1430.98","7766.55","9197.53"
"103","2015","7","Maharashtra","Pune","829.73","10350.87","11180.6"
"104","1988","7","Maharashtra","Satara","-1.0","-1.0","1942.2"
"104","1989","7","Maharashtra","Satara","-1.0","-1.0","1962.35"
"104","1990","7","Maharashtra","Satara","935.69","1337.67","2273.36"
"104","1994","7","Maharashtra","Satara","1083.91","857.65","1941.56"
"104","1995","7","Maharashtra","Satara","1131.03","891.64","2022.67"
"104","1996","7","Maharashtra","Satara","1169.52","918.42","2087.94"
"104","1997","7","Maharashtra","Satara","1204.01","945.03","2149.04"
"104","1998","7","Maharashtra","Satara","-1.0","-1.0","2283.36"
"104","1999","7","Maharashtra","Satara","-1.0","-1.0","2356.13"
"104","2000","7","Maharashtra","Satara","-1.0","-1.0","2399.85"
"104","2001","7","Maharashtra","Satara","-1.0","-1.0","1962.51"
"104","2002","7","Maharashtra","Satara","-1.0","-1.0","2027.1"
"104","2003","7","Maharashtra","Satara","-1.0","-1.0","2068.41"
"104","2004","7","Maharashtra","Satara","1495.63","612.78","2108.41"
"104","2005","7","Maharashtra","Satara","1506.78","632.89","2139.67"
"104","2006","7","Maharashtra","Satara","1648.15","853.16","2501.31"
"104","2007","7","Maharashtra","Satara","1654.09","518.18","2172.27"
"104","2008","7","Maharashtra","Satara","1666.18","523.27","2189.45"
"104","2011","7","Maharashtra","Satara","1073.48","191.29","1264.77"
"104","2012","7","Maharashtra","Satara","1097.73","200.12","1297.85"
"104","2013","7","Maharashtra","Satara","1130.36","204.12","1334.48"
"104","2014","7","Maharashtra","Satara","1271.33","214.93","1486.26"
"104","2015","7","Maharashtra","Satara","1201.05","1975.37","3176.42"
"105","1988","7","Maharashtra","Sangli","-1.0","-1.0","-1.0"
"105","1989","7","Maharashtra","Sangli","-1.0","-1.0","-1.0"
"105","1990","7","Maharashtra","Sangli","706.97","2727.7","3434.67"
"105","1994","7","Maharashtra","Sangli","780.68","2559.51","3340.19"
"105","1995","7","Maharashtra","Sangli","814.73","2659.35","3474.08"
"105","1996","7","Maharashtra","Sangli","842.46","2739.22","3581.68"
"105","1997","7","Maharashtra","Sangli","867.18","2818.59","3685.77"
"105","1998","7","Maharashtra","Sangli","-1.0","-1.0","3914.58"
"105","1999","7","Maharashtra","Sangli","-1.0","-1.0","4079.7"
"105","2000","7","Maharashtra","Sangli","-1.0","-1.0","4158.91"
"105","2001","7","Maharashtra","Sangli","-1.0","-1.0","3731.8"
"105","2002","7","Maharashtra","Sangli","-1.0","-1.0","3850.93"
"105","2003","7","Maharashtra","Sangli","-1.0","-1.0","3927.71"
"105","2004","7","Maharashtra","Sangli","954.66","3083.11","4037.77"
"105","2005","7","Maharashtra","Sangli","973.85","3184.3","4158.15"
"105","2006","7","Maharashtra","Sangli","1068.48","3129.15","4197.63"
"105","2007","7","Maharashtra","Sangli","891.47","3243.87","4135.34"
"105","2008","7","Maharashtra","Sangli","897.99","3275.66","4173.65"
"105","2011","7","Maharashtra","Sangli","614.94","6354.59","6969.53"
"105","2012","7","Maharashtra","Sangli","628.84","6647.94","7276.78"
"105","2013","7","Maharashtra","Sangli","627.04","7097.87","7724.92"
"105","2014","7","Maharashtra","Sangli","827.88","7473.88","8301.76"
"105","2015","7","Maharashtra","Sangli","802.95","6380.37","7183.33"
"106","1988","7","Maharashtra","Solapur","-1.0","-1.0","1036.18"
"106","1989","7","Maharashtra","Solapur","-1.0","-1.0","1107.89"
"106","1990","7","Maharashtra","Solapur","682.79","556.9","1239.69"
"106","1994","7","Maharashtra","Solapur","814.97","1708.36","2523.33"
"106","1995","7","Maharashtra","Solapur","850.46","1774.78","2625.24"
"106","1996","7","Maharashtra","Solapur","883.46","1828.09","2711.55"
"106","1997","7","Maharashtra","Solapur","910.07","1881.06","2791.13"
"106","1998","7","Maharashtra","Solapur","-1.0","-1.0","2964.04"
"106","1999","7","Maharashtra","Solapur","-1.0","-1.0","3077.83"
"106","2000","7","Maharashtra","Solapur","-1.0","-1.0","3137.3"
"106","2001","7","Maharashtra","Solapur","-1.0","-1.0","2207.39"
"106","2002","7","Maharashtra","Solapur","-1.0","-1.0","2275.17"
"106","2003","7","Maharashtra","Solapur","-1.0","-1.0","2321.36"
"106","2004","7","Maharashtra","Solapur","1052.32","1321.6","2373.92"
"106","2005","7","Maharashtra","Solapur","1067.38","1364.98","2432.36"
"106","2006","7","Maharashtra","Solapur","1068.98","1489.06","2558.04"
"106","2007","7","Maharashtra","Solapur","1036.37","381.49","1417.86"
"106","2008","7","Maharashtra","Solapur","1077.25","385.23","1462.48"
"106","2011","7","Maharashtra","Solapur","1030.53","2401.58","3432.11"
"106","2012","7","Maharashtra","Solapur","1053.82","2512.43","3566.25"
"106","2013","7","Maharashtra","Solapur","1069.05","2666.18","3735.23"
"106","2014","7","Maharashtra","Solapur","550.58","2807.41","3357.99"
"106","2015","7","Maharashtra","Solapur","333.14","2394.55","2727.7"
"107","1988","7","Maharashtra","Kolhapur","-1.0","-1.0","-1.0"
"107","1989","7","Maharashtra","Kolhapur","-1.0","-1.0","-1.0"
"107","1990","7","Maharashtra","Kolhapur","436.65","515.69","952.34"
"107","1994","7","Maharashtra","Kolhapur","511.89","979.3","1491.19"
"107","1995","7","Maharashtra","Kolhapur","534.15","1017.6","1551.75"
"107","1996","7","Maharashtra","Kolhapur","552.32","1048.16","1600.48"
"107","1997","7","Maharashtra","Kolhapur","568.61","1078.54","1647.15"
"107","1998","7","Maharashtra","Kolhapur","-1.0","-1.0","1749.63"
"107","1999","7","Maharashtra","Kolhapur","-1.0","-1.0","1817.33"
"107","2000","7","Maharashtra","Kolhapur","-1.0","-1.0","1852.09"
"107","2001","7","Maharashtra","Kolhapur","-1.0","-1.0","1922.58"
"107","2002","7","Maharashtra","Kolhapur","-1.0","-1.0","1984.46"
"107","2003","7","Maharashtra","Kolhapur","-1.0","-1.0","2024.45"
"107","2004","7","Maharashtra","Kolhapur","731.9","1329.3","2061.2"
"107","2005","7","Maharashtra","Kolhapur","757.23","1372.92","2130.15"
"107","2006","7","Maharashtra","Kolhapur","575.84","1396.32","1972.16"
"107","2007","7","Maharashtra","Kolhapur","825.96","732.33","1558.29"
"107","2008","7","Maharashtra","Kolhapur","832.0","739.5","1571.5"
"107","2011","7","Maharashtra","Kolhapur","517.57","1278.71","1796.28"
"107","2012","7","Maharashtra","Kolhapur","529.26","1337.74","1867.0"
"107","2013","7","Maharashtra","Kolhapur","527.74","1419.63","1947.38"
"107","2014","7","Maharashtra","Kolhapur","471.24","1494.82","1966.06"
"107","2015","7","Maharashtra","Kolhapur","1571.57","1191.98","2763.55"
"108","1988","7","Maharashtra","Aurangabad","-1.0","-1.0","306.92"
"108","1989","7","Maharashtra","Aurangabad","-1.0","-1.0","318.53"
"108","1990","7","Maharashtra","Aurangabad","222.28","25.62","247.9"
"108","1994","7","Maharashtra","Aurangabad","297.05","147.39","444.44"
"108","1995","7","Maharashtra","Aurangabad","309.63","152.86","462.49"
"108","1996","7","Maharashtra","Aurangabad","320.54","157.44","477.98"
"108","1997","7","Maharashtra","Aurangabad","330.16","162.01","492.17"
"108","1998","7","Maharashtra","Aurangabad","-1.0","-1.0","522.71"
"108","1999","7","Maharashtra","Aurangabad","-1.0","-1.0","537.1"
"108","2000","7","Maharashtra","Aurangabad","-1.0","-1.0","546.86"
"108","2001","7","Maharashtra","Aurangabad","-1.0","-1.0","512.59"
"108","2002","7","Maharashtra","Aurangabad","-1.0","-1.0","528.75"
"108","2003","7","Maharashtra","Aurangabad","-1.0","-1.0","538.95"
"108","2004","7","Maharashtra","Aurangabad","384.35","161.36","545.71"
"108","2005","7","Maharashtra","Aurangabad","391.52","166.65","558.17"
"108","2006","7","Maharashtra","Aurangabad","380.75","227.86","608.61"
"108","2007","7","Maharashtra","Aurangabad","382.6","470.11","852.71"
"108","2008","7","Maharashtra","Aurangabad","441.01","474.71","915.72"
"108","2011","7","Maharashtra","Aurangabad","209.5","1380.47","1589.97"
"108","2012","7","Maharashtra","Aurangabad","214.23","1444.19","1658.42"
"108","2013","7","Maharashtra","Aurangabad","232.55","1532.6","1765.14"
"108","2014","7","Maharashtra","Aurangabad","276.33","1613.79","1890.12"
"108","2015","7","Maharashtra","Aurangabad","251.97","1695.14","1947.11"
"109","1988","7","Maharashtra","Parbhani","-1.0","-1.0","241.45"
"109","1989","7","Maharashtra","Parbhani","-1.0","-1.0","246.4"
"109","1990","7","Maharashtra","Parbhani","117.92","21.16","139.08"
"109","1994","7","Maharashtra","Parbhani","139.83","82.98","222.81"
"109","1995","7","Maharashtra","Parbhani","145.63","86.33","231.96"
"109","1996","7","Maharashtra","Parbhani","150.4","88.93","239.33"
"109","1997","7","Maharashtra","Parbhani","155.61","91.5","247.11"
"109","1998","7","Maharashtra","Parbhani","-1.0","-1.0","262.47"
"109","1999","7","Maharashtra","Parbhani","-1.0","-1.0","269.73"
"109","2000","7","Maharashtra","Parbhani","-1.0","-1.0","274.61"
"109","2001","7","Maharashtra","Parbhani","-1.0","-1.0","220.2"
"109","2002","7","Maharashtra","Parbhani","-1.0","-1.0","227.77"
"109","2003","7","Maharashtra","Parbhani","-1.0","-1.0","233.12"
"109","2004","7","Maharashtra","Parbhani","174.43","59.54","233.97"
"109","2005","7","Maharashtra","Parbhani","178.48","61.5","239.98"
"109","2006","7","Maharashtra","Parbhani","168.14","82.14","250.28"
"109","2007","7","Maharashtra","Parbhani","181.65","70.62","252.27"
"109","2008","7","Maharashtra","Parbhani","226.14","71.33","297.47"
"109","2011","7","Maharashtra","Parbhani","160.19","110.35","270.54"
"109","2012","7","Maharashtra","Parbhani","163.81","115.44","279.25"
"109","2013","7","Maharashtra","Parbhani","168.91","122.75","291.67"
"109","2014","7","Maharashtra","Parbhani","100.05","129.25","229.3"
"109","2015","7","Maharashtra","Parbhani","165.24","62.75","227.99"
"110","1988","7","Maharashtra","Beed","-1.0","-1.0","-1.0"
"110","1989","7","Maharashtra","Beed","-1.0","-1.0","-1.0"
"110","1990","7","Maharashtra","Beed","250.35","25.62","275.97"
"110","1994","7","Maharashtra","Beed","265.64","124.09","389.73"
"110","1995","7","Maharashtra","Beed","277.15","128.79","405.94"
"110","1996","7","Maharashtra","Beed","287.9","132.66","420.56"
"110","1997","7","Maharashtra","Beed","296.64","136.51","433.15"
"110","1998","7","Maharashtra","Beed","-1.0","-1.0","460.06"
"110","1999","7","Maharashtra","Beed","-1.0","-1.0","472.02"
"110","2000","7","Maharashtra","Beed","-1.0","-1.0","480.77"
"110","2001","7","Maharashtra","Beed","-1.0","-1.0","525.97"
"110","2002","7","Maharashtra","Beed","-1.0","-1.0","541.9"
"110","2003","7","Maharashtra","Beed","-1.0","-1.0","554.04"
"110","2004","7","Maharashtra","Beed","410.22","151.76","561.98"
"110","2005","7","Maharashtra","Beed","414.68","156.73","571.41"
"110","2006","7","Maharashtra","Beed","418.61","190.77","609.38"
"110","2007","7","Maharashtra","Beed","456.18","272.57","728.75"
"110","2008","7","Maharashtra","Beed","474.17","275.25","749.42"
"110","2011","7","Maharashtra","Beed","291.16","197.19","488.35"
"110","2012","7","Maharashtra","Beed","297.74","206.29","504.03"
"110","2013","7","Maharashtra","Beed","302.04","218.94","520.98"
"110","2014","7","Maharashtra","Beed","148.97","230.55","379.52"
"110","2015","7","Maharashtra","Beed","242.37","518.66","761.03"
"111","1988","7","Maharashtra","Nanded","-1.0","-1.0","-1.0"
"111","1989","7","Maharashtra","Nanded","-1.0","-1.0","-1.0"
"111","1990","7","Maharashtra","Nanded","132.97","14.48","147.45"
"111","1994","7","Maharashtra","Nanded","145.43","65.5","210.93"
"111","1995","7","Maharashtra","Nanded","151.45","67.93","219.38"
"111","1996","7","Maharashtra","Nanded","156.41","69.98","226.39"
"111","1997","7","Maharashtra","Nanded","161.84","72.0","233.84"
"111","1998","7","Maharashtra","Nanded","-1.0","-1.0","248.37"
"111","1999","7","Maharashtra","Nanded","-1.0","-1.0","254.71"
"111","2000","7","Maharashtra","Nanded","-1.0","-1.0","259.27"
"111","2001","7","Maharashtra","Nanded","-1.0","-1.0","269.76"
"111","2002","7","Maharashtra","Nanded","-1.0","-1.0","171.76"
"111","2003","7","Maharashtra","Nanded","-1.0","-1.0","175.57"
"111","2004","7","Maharashtra","Nanded","204.76","84.52","289.28"
"111","2005","7","Maharashtra","Nanded","207.21","87.3","294.51"
"111","2006","7","Maharashtra","Nanded","223.8","103.33","327.13"
"111","2007","7","Maharashtra","Nanded","219.57","80.61","300.18"
"111","2008","7","Maharashtra","Nanded","273.36","81.41","354.77"
"111","2011","7","Maharashtra","Nanded","208.36","363.76","572.12"
"111","2012","7","Maharashtra","Nanded","213.06","380.55","593.61"
"111","2013","7","Maharashtra","Nanded","219.84","403.77","623.61"
"111","2014","7","Maharashtra","Nanded","178.3","425.16","603.46"
"111","2015","7","Maharashtra","Nanded","207.1","296.7","503.79"
"112","1988","7","Maharashtra","Osmanabad","-1.0","-1.0","-1.0"
"112","1989","7","Maharashtra","Osmanabad","-1.0","-1.0","-1.0"
"112","1990","7","Maharashtra","Osmanabad","204.84","22.27","227.11"
"112","1994","7","Maharashtra","Osmanabad","256.28","67.41","323.69"
"112","1995","7","Maharashtra","Osmanabad","267.39","70.77","338.16"
"112","1996","7","Maharashtra","Osmanabad","277.77","72.89","350.66"
"112","1997","7","Maharashtra","Osmanabad","286.19","75.0","361.19"
"112","1998","7","Maharashtra","Osmanabad","-1.0","-1.0","383.65"
"112","1999","7","Maharashtra","Osmanabad","-1.0","-1.0","392.21"
"112","2000","7","Maharashtra","Osmanabad","-1.0","-1.0","399.39"
"112","2001","7","Maharashtra","Osmanabad","-1.0","-1.0","419.02"
"112","2002","7","Maharashtra","Osmanabad","-1.0","-1.0","538.93"
"112","2003","7","Maharashtra","Osmanabad","-1.0","-1.0","549.87"
"112","2004","7","Maharashtra","Osmanabad","321.05","122.95","444.0"
"112","2005","7","Maharashtra","Osmanabad","328.87","126.98","455.85"
"112","2006","7","Maharashtra","Osmanabad","356.58","137.78","494.36"
"112","2007","7","Maharashtra","Osmanabad","422.42","213.45","635.87"
"112","2008","7","Maharashtra","Osmanabad","439.08","215.52","654.6"
"112","2011","7","Maharashtra","Osmanabad","171.37","1443.72","1615.09"
"112","2012","7","Maharashtra","Osmanabad","175.24","1510.36","1685.6"
"112","2013","7","Maharashtra","Osmanabad","177.71","1602.78","1780.49"
"112","2014","7","Maharashtra","Osmanabad","203.26","1687.7","1890.96"
"112","2015","7","Maharashtra","Osmanabad","159.42","1354.75","1514.17"
"113","1988","7","Maharashtra","Buldhana","-1.0","-1.0","-1.0"
"113","1989","7","Maharashtra","Buldhana","-1.0","-1.0","-1.0"
"113","1990","7","Maharashtra","Buldhana","114.51","17.82","132.33"
"113","1994","7","Maharashtra","Buldhana","110.08","23.47","133.55"
"113","1995","7","Maharashtra","Buldhana","114.79","24.06","138.85"
"113","1996","7","Maharashtra","Buldhana","118.82","24.78","143.6"
"113","1997","7","Maharashtra","Buldhana","122.37","25.5","147.87"
"113","1998","7","Maharashtra","Buldhana","-1.0","-1.0","157.05"
"113","1999","7","Maharashtra","Buldhana","-1.0","-1.0","160.56"
"113","2000","7","Maharashtra","Buldhana","-1.0","-1.0","163.41"
"113","2001","7","Maharashtra","Buldhana","-1.0","-1.0","228.74"
"113","2002","7","Maharashtra","Buldhana","-1.0","-1.0","235.95"
"113","2003","7","Maharashtra","Buldhana","-1.0","-1.0","239.67"
"113","2004","7","Maharashtra","Buldhana","156.99","88.36","245.35"
"113","2005","7","Maharashtra","Buldhana","158.62","91.26","249.88"
"113","2006","7","Maharashtra","Buldhana","178.94","129.83","308.77"
"113","2007","7","Maharashtra","Buldhana","179.62","57.95","237.57"
"113","2008","7","Maharashtra","Buldhana","163.27","58.53","221.8"
"113","2011","7","Maharashtra","Buldhana","7.81","2.3","10.11"
"113","2012","7","Maharashtra","Buldhana","7.99","2.41","10.4"
"113","2013","7","Maharashtra","Buldhana","10.38","2.52","12.9"
"113","2014","7","Maharashtra","Buldhana","74.73","2.65","77.38"
"113","2015","7","Maharashtra","Buldhana","123.58","230.81","354.39"
"114","1988","7","Maharashtra","Akola","-1.0","-1.0","532.32"
"114","1989","7","Maharashtra","Akola","-1.0","-1.0","555.33"
"114","1990","7","Maharashtra","Akola","118.44","34.53","152.97"
"114","1994","7","Maharashtra","Akola","166.75","25.47","192.22"
"114","1995","7","Maharashtra","Akola","173.63","26.89","200.52"
"114","1996","7","Maharashtra","Akola","179.79","27.7","207.49"
"114","1997","7","Maharashtra","Akola","185.2","28.5","213.7"
"114","1998","7","Maharashtra","Akola","-1.0","-1.0","226.81"
"114","1999","7","Maharashtra","Akola","-1.0","-1.0","231.34"
"114","2000","7","Maharashtra","Akola","-1.0","-1.0","235.66"
"114","2001","7","Maharashtra","Akola","-1.0","-1.0","421.11"
"114","2002","7","Maharashtra","Akola","-1.0","-1.0","434.1"
"114","2003","7","Maharashtra","Akola","-1.0","-1.0","441.95"
"114","2004","7","Maharashtra","Akola","336.07","115.27","451.34"
"114","2005","7","Maharashtra","Akola","337.85","119.04","456.89"
"114","2006","7","Maharashtra","Akola","252.09","211.97","464.06"
"114","2007","7","Maharashtra","Akola","263.2","356.87","620.07"
"114","2008","7","Maharashtra","Akola","275.45","360.36","635.81"
"114","2011","7","Maharashtra","Akola","111.87","55.9","167.77"
"114","2012","7","Maharashtra","Akola","114.4","58.48","172.88"
"114","2013","7","Maharashtra","Akola","121.52","62.07","183.6"
"114","2014","7","Maharashtra","Akola","119.11","65.35","184.46"
"114","2015","7","Maharashtra","Akola","109.12","141.26","250.38"
"115","1988","7","Maharashtra","Amarawati","-1.0","-1.0","-1.0"
"115","1989","7","Maharashtra","Amarawati","-1.0","-1.0","-1.0"
"115","1990","7","Maharashtra","Amarawati","138.18","25.62","163.8"
"115","1994","7","Maharashtra","Amarawati","134.96","50.23","185.19"
"115","1995","7","Maharashtra","Amarawati","140.48","52.37","192.85"
"115","1996","7","Maharashtra","Amarawati","145.46","53.94","199.4"
"115","1997","7","Maharashtra","Amarawati","149.88","55.5","205.38"
"115","1998","7","Maharashtra","Amarawati","-1.0","-1.0","217.99"
"115","1999","7","Maharashtra","Amarawati","-1.0","-1.0","223.39"
"115","2000","7","Maharashtra","Amarawati","-1.0","-1.0","227.6"
"115","2001","7","Maharashtra","Amarawati","-1.0","-1.0","210.47"
"115","2002","7","Maharashtra","Amarawati","-1.0","-1.0","216.75"
"115","2003","7","Maharashtra","Amarawati","-1.0","-1.0","220.54"
"115","2004","7","Maharashtra","Amarawati","145.12","82.6","227.72"
"115","2005","7","Maharashtra","Amarawati","144.3","85.31","229.61"
"115","2006","7","Maharashtra","Amarawati","193.35","105.98","299.33"
"115","2007","7","Maharashtra","Amarawati","195.88","484.19","680.07"
"115","2008","7","Maharashtra","Amarawati","205.0","488.93","693.93"
"115","2011","7","Maharashtra","Amarawati","88.3","133.08","221.38"
"115","2012","7","Maharashtra","Amarawati","90.29","139.22","229.51"
"115","2013","7","Maharashtra","Amarawati","96.0","147.64","243.64"
"115","2014","7","Maharashtra","Amarawati","68.52","155.46","223.98"
"115","2015","7","Maharashtra","Amarawati","242.81","1308.88","1551.69"
"116","1988","7","Maharashtra","Yeotmal","-1.0","-1.0","-1.0"
"116","1989","7","Maharashtra","Yeotmal","-1.0","-1.0","-1.0"
"116","1990","7","Maharashtra","Yeotmal","236.87","17.82","254.69"
"116","1994","7","Maharashtra","Yeotmal","273.3","23.27","296.57"
"116","1995","7","Maharashtra","Yeotmal","284.51","24.06","308.57"
"116","1996","7","Maharashtra","Yeotmal","294.6","24.78","319.38"
"116","1997","7","Maharashtra","Yeotmal","303.53","25.5","329.03"
"116","1998","7","Maharashtra","Yeotmal","-1.0","-1.0","349.23"
"116","1999","7","Maharashtra","Yeotmal","-1.0","-1.0","355.53"
"116","2000","7","Maharashtra","Yeotmal","-1.0","-1.0","362.12"
"116","2001","7","Maharashtra","Yeotmal","-1.0","-1.0","306.72"
"116","2002","7","Maharashtra","Yeotmal","-1.0","-1.0","315.7"
"116","2003","7","Maharashtra","Yeotmal","-1.0","-1.0","321.26"
"116","2004","7","Maharashtra","Yeotmal","290.23","36.5","326.73"
"116","2005","7","Maharashtra","Yeotmal","292.67","37.7","330.37"
"116","2006","7","Maharashtra","Yeotmal","343.85","37.09","380.94"
"116","2007","7","Maharashtra","Yeotmal","347.24","51.02","398.26"
"116","2008","7","Maharashtra","Yeotmal","363.4","51.53","414.93"
"116","2011","7","Maharashtra","Yeotmal","263.97","14.5","278.47"
"116","2012","7","Maharashtra","Yeotmal","269.94","15.17","285.11"
"116","2013","7","Maharashtra","Yeotmal","286.89","16.22","303.11"
"116","2014","7","Maharashtra","Yeotmal","154.29","17.08","171.37"
"116","2015","7","Maharashtra","Yeotmal","224.73","187.95","412.68"
"117","1988","7","Maharashtra","Wardha","-1.0","-1.0","438.19"
"117","1989","7","Maharashtra","Wardha","-1.0","-1.0","447.21"
"117","1990","7","Maharashtra","Wardha","84.51","10.02","94.53"
"117","1994","7","Maharashtra","Wardha","93.39","13.87","107.26"
"117","1995","7","Maharashtra","Wardha","97.11","14.15","111.26"
"117","1996","7","Maharashtra","Wardha","100.68","14.58","115.26"
"117","1997","7","Maharashtra","Wardha","103.69","15.0","118.69"
"117","1998","7","Maharashtra","Wardha","-1.0","-1.0","126.19"
"117","1999","7","Maharashtra","Wardha","-1.0","-1.0","128.29"
"117","2000","7","Maharashtra","Wardha","-1.0","-1.0","130.42"
"117","2001","7","Maharashtra","Wardha","-1.0","-1.0","223.93"
"117","2002","7","Maharashtra","Wardha","-1.0","-1.0","230.86"
"117","2003","7","Maharashtra","Wardha","-1.0","-1.0","236.34"
"117","2004","7","Maharashtra","Wardha","132.07","107.57","239.64"
"117","2005","7","Maharashtra","Wardha","134.42","111.1","245.52"
"117","2006","7","Maharashtra","Wardha","128.0","116.58","244.58"
"117","2007","7","Maharashtra","Wardha","233.93","1202.41","1436.34"
"117","2008","7","Maharashtra","Wardha","129.7","414.87","544.57"
"117","2011","7","Maharashtra","Wardha","51.54","348.19","399.73"
"117","2012","7","Maharashtra","Wardha","52.71","364.26","416.97"
"117","2013","7","Maharashtra","Wardha","54.35","386.43","440.79"
"117","2014","7","Maharashtra","Wardha","46.29","406.92","453.21"
"117","2015","7","Maharashtra","Wardha","55.83","263.76","319.58"
"118","1988","7","Maharashtra","Nagpur","-1.0","-1.0","-1.0"
"118","1989","7","Maharashtra","Nagpur","-1.0","-1.0","-1.0"
"118","1990","7","Maharashtra","Nagpur","154.94","131.43","286.37"
"118","1994","7","Maharashtra","Nagpur","159.67","258.74","418.41"
"118","1995","7","Maharashtra","Nagpur","166.03","268.9","434.93"
"118","1996","7","Maharashtra","Nagpur","172.14","276.98","449.12"
"118","1997","7","Maharashtra","Nagpur","177.28","285.01","462.29"
"118","1998","7","Maharashtra","Nagpur","-1.0","-1.0","491.11"
"118","1999","7","Maharashtra","Nagpur","-1.0","-1.0","508.38"
"118","2000","7","Maharashtra","Nagpur","-1.0","-1.0","517.82"
"118","2001","7","Maharashtra","Nagpur","-1.0","-1.0","715.1"
"118","2002","7","Maharashtra","Nagpur","-1.0","-1.0","737.39"
"118","2003","7","Maharashtra","Nagpur","-1.0","-1.0","751.53"
"118","2004","7","Maharashtra","Nagpur","229.4","545.55","774.95"
"118","2005","7","Maharashtra","Nagpur","230.58","563.45","794.03"
"118","2006","7","Maharashtra","Nagpur","237.4","405.39","642.79"
"118","2007","7","Maharashtra","Nagpur","142.69","410.84","553.53"
"118","2008","7","Maharashtra","Nagpur","212.63","1214.2","1426.83"
"118","2011","7","Maharashtra","Nagpur","135.16","15.8","150.96"
"118","2012","7","Maharashtra","Nagpur","138.21","16.53","154.74"
"118","2013","7","Maharashtra","Nagpur","142.53","17.62","160.15"
"118","2014","7","Maharashtra","Nagpur","80.87","18.54","99.41"
"118","2015","7","Maharashtra","Nagpur","135.09","1108.94","1244.03"
"119","1988","7","Maharashtra","Bhandara","-1.0","-1.0","-1.0"
"119","1989","7","Maharashtra","Bhandara","-1.0","-1.0","-1.0"
"119","1990","7","Maharashtra","Bhandara","230.07","31.19","261.26"
"119","1994","7","Maharashtra","Bhandara","276.69","191.42","468.11"
"119","1995","7","Maharashtra","Bhandara","287.7","199.57","487.27"
"119","1996","7","Maharashtra","Bhandara","298.27","205.55","503.82"
"119","1997","7","Maharashtra","Bhandara","307.21","211.51","518.72"
"119","1998","7","Maharashtra","Bhandara","-1.0","-1.0","551.22"
"119","1999","7","Maharashtra","Bhandara","-1.0","-1.0","566.25"
"119","2000","7","Maharashtra","Bhandara","-1.0","-1.0","576.3"
"119","2001","7","Maharashtra","Bhandara","-1.0","-1.0","597.97"
"119","2002","7","Maharashtra","Bhandara","-1.0","-1.0","616.48"
"119","2003","7","Maharashtra","Bhandara","-1.0","-1.0","626.59"
"119","2004","7","Maharashtra","Bhandara","333.66","303.51","637.17"
"119","2005","7","Maharashtra","Bhandara","342.93","313.47","656.4"
"119","2006","7","Maharashtra","Bhandara","353.82","283.51","637.33"
"119","2007","7","Maharashtra","Bhandara","397.87","336.71","734.58"
"119","2008","7","Maharashtra","Bhandara","408.82","340.01","748.83"
"119","2011","7","Maharashtra","Bhandara","194.12","218.18","412.3"
"119","2012","7","Maharashtra","Bhandara","198.51","228.25","426.76"
"119","2013","7","Maharashtra","Bhandara","204.82","241.66","446.48"
"119","2014","7","Maharashtra","Bhandara","244.32","254.45","498.77"
"119","2015","7","Maharashtra","Bhandara","152.85","331.1","483.95"
"120","1988","7","Maharashtra","Chandrapur","-1.0","-1.0","368.66"
"120","1989","7","Maharashtra","Chandrapur","-1.0","-1.0","382.43"
"120","1990","7","Maharashtra","Chandrapur","385.01","17.82","402.83"
"120","1994","7","Maharashtra","Chandrapur","449.74","53.15","502.89"
"120","1995","7","Maharashtra","Chandrapur","467.34","55.2","522.54"
"120","1996","7","Maharashtra","Chandrapur","483.84","56.86","540.7"
"120","1997","7","Maharashtra","Chandrapur","498.41","58.5","556.91"
"120","1998","7","Maharashtra","Chandrapur","-1.0","-1.0","591.34"
"120","1999","7","Maharashtra","Chandrapur","-1.0","-1.0","602.56"
"120","2000","7","Maharashtra","Chandrapur","-1.0","-1.0","613.85"
"120","2001","7","Maharashtra","Chandrapur","-1.0","-1.0","643.95"
"120","2002","7","Maharashtra","Chandrapur","-1.0","-1.0","663.63"
"120","2003","7","Maharashtra","Chandrapur","-1.0","-1.0","675.04"
"120","2004","7","Maharashtra","Chandrapur","596.33","86.44","682.77"
"120","2005","7","Maharashtra","Chandrapur","605.66","89.28","694.94"
"120","2006","7","Maharashtra","Chandrapur","616.13","74.18","690.31"
"120","2007","7","Maharashtra","Chandrapur","634.02","109.98","744.0"
"120","2008","7","Maharashtra","Chandrapur","655.4","111.03","766.43"
"120","2011","7","Maharashtra","Chandrapur","518.55","37.61","556.16"
"120","2012","7","Maharashtra","Chandrapur","530.27","39.35","569.62"
"120","2013","7","Maharashtra","Chandrapur","599.56","41.94","641.5"
"120","2014","7","Maharashtra","Chandrapur","350.18","44.16","394.34"
"120","2015","7","Maharashtra","Chandrapur","464.18","16.25","480.43"
"121","1983","3","Gujarat","Ahmedabad","18.4","59.8","78.2"
"121","1984","3","Gujarat","Ahmedabad","18.48","62.6","81.08"
"121","1985","3","Gujarat","Ahmedabad","18.08","63.59","81.67"
"121","1986","3","Gujarat","Ahmedabad","18.59","60.84","79.43"
"121","1987","3","Gujarat","Ahmedabad","16.95","61.86","78.81"
"121","1988","3","Gujarat","Ahmedabad","17.03","176.64","193.67"
"121","1989","3","Gujarat","Ahmedabad","18.77","109.02","127.79"
"121","1990","3","Gujarat","Ahmedabad","19.55","155.22","174.77"
"121","1991","3","Gujarat","Ahmedabad","13.93","233.39","247.32"
"121","1992","3","Gujarat","Ahmedabad","15.36","245.9","261.26"
"121","1993","3","Gujarat","Ahmedabad","13.44","168.3","181.74"
"121","1994","3","Gujarat","Ahmedabad","14.64","106.84","121.48"
"121","1995","3","Gujarat","Ahmedabad","14.55","166.59","181.14"
"121","1996","3","Gujarat","Ahmedabad","13.65","177.01","190.66"
"121","1997","3","Gujarat","Ahmedabad","17.57","158.49","176.06"
"121","1998","3","Gujarat","Ahmedabad","17.93","179.78","197.71"
"121","1999","3","Gujarat","Ahmedabad","15.7","241.68","257.38"
"121","2000","3","Gujarat","Ahmedabad","12.54","145.89","158.43"
"121","2001","3","Gujarat","Ahmedabad","17.36","230.47","247.83"
"121","2002","3","Gujarat","Ahmedabad","17.36","308.28","325.64"
"121","2003","3","Gujarat","Ahmedabad","17.36","296.12","313.48"
"121","2004","3","Gujarat","Ahmedabad","18.36","338.12","342.32"
"121","2005","3","Gujarat","Ahmedabad","18.36","465.06","483.24"
"121","2006","3","Gujarat","Ahmedabad","12.57","797.15","809.72"
"121","2007","3","Gujarat","Ahmedabad","13.83","970.48","984.31"
"121","2008","3","Gujarat","Ahmedabad","17.18","920.14","937.33"
"121","2009","3","Gujarat","Ahmedabad","19.21","1076.53","1095.74"
"121","2010","3","Gujarat","Ahmedabad","20.93","1063.85","1084.77"
"121","2011","3","Gujarat","Ahmedabad","22.24","1022.09","1044.33"
"121","2012","3","Gujarat","Ahmedabad","34.29","982.22","1016.51"
"121","2013","3","Gujarat","Ahmedabad","20.82","1137.32","1158.14"
"121","2014","3","Gujarat","Ahmedabad","27.04","1093.78","1120.82"
"121","2015","3","Gujarat","Ahmedabad","28.33","1225.78","1254.11"
"122","1983","3","Gujarat","Amreli","10.04","5.13","15.17"
"122","1984","3","Gujarat","Amreli","11.56","5.33","16.89"
"122","1985","3","Gujarat","Amreli","12.3","6.24","18.54"
"122","1986","3","Gujarat","Amreli","12.59","6.56","19.15"
"122","1987","3","Gujarat","Amreli","12.94","6.46","19.4"
"122","1988","3","Gujarat","Amreli","13.27","7.76","21.03"
"122","1989","3","Gujarat","Amreli","12.13","7.95","20.08"
"122","1990","3","Gujarat","Amreli","11.98","6.14","18.12"
"122","1991","3","Gujarat","Amreli","12.03","3.76","15.79"
"122","1992","3","Gujarat","Amreli","13.85","5.15","19.0"
"122","1993","3","Gujarat","Amreli","14.7","5.98","20.68"
"122","1994","3","Gujarat","Amreli","12.65","17.11","29.76"
"122","1995","3","Gujarat","Amreli","15.04","19.46","34.5"
"122","1996","3","Gujarat","Amreli","14.47","0.78","15.25"
"122","1997","3","Gujarat","Amreli","14.05","0.82","14.87"
"122","1998","3","Gujarat","Amreli","14.9","0.4","15.3"
"122","1999","3","Gujarat","Amreli","14.43","2.29","16.72"
"122","2000","3","Gujarat","Amreli","15.0","0.0","15.0"
"122","2001","3","Gujarat","Amreli","7.0","0.0","7.0"
"122","2002","3","Gujarat","Amreli","4.0","0.0","4.0"
"122","2003","3","Gujarat","Amreli","5.0","0.0","5.0"
"122","2004","3","Gujarat","Amreli","7.0","0.0","7.0"
"122","2005","3","Gujarat","Amreli","7.0","0.0","7.43"
"122","2006","3","Gujarat","Amreli","4.95","0.0","4.95"
"122","2007","3","Gujarat","Amreli","5.13","0.0","5.13"
"122","2008","3","Gujarat","Amreli","3.96","0.0","3.96"
"122","2009","3","Gujarat","Amreli","4.03","0.0","4.03"
"122","2010","3","Gujarat","Amreli","6.27","0.0","6.27"
"122","2011","3","Gujarat","Amreli","6.17","0.0","6.17"
"122","2012","3","Gujarat","Amreli","5.54","0.0","5.54"
"122","2013","3","Gujarat","Amreli","5.73","0.0","5.73"
"122","2014","3","Gujarat","Amreli","6.96","0.0","6.96"
"122","2015","3","Gujarat","Amreli","7.91","0.0","7.91"
"123","1983","3","Gujarat","Banaskantha","12.15","9.35","21.5"
"123","1984","3","Gujarat","Banaskantha","14.38","25.57","39.95"
"123","1985","3","Gujarat","Banaskantha","15.79","32.1","47.89"
"123","1986","3","Gujarat","Banaskantha","18.16","51.73","69.89"
"123","1987","3","Gujarat","Banaskantha","15.76","62.44","78.2"
"123","1988","3","Gujarat","Banaskantha","13.42","66.95","80.37"
"123","1989","3","Gujarat","Banaskantha","15.59","112.01","127.6"
"123","1990","3","Gujarat","Banaskantha","12.46","101.2","113.66"
"123","1991","3","Gujarat","Banaskantha","13.35","110.28","123.63"
"123","1992","3","Gujarat","Banaskantha","14.99","134.12","149.11"
"123","1993","3","Gujarat","Banaskantha","31.77","112.93","144.7"
"123","1994","3","Gujarat","Banaskantha","16.49","114.28","130.77"
"123","1995","3","Gujarat","Banaskantha","17.99","128.3","146.29"
"123","1996","3","Gujarat","Banaskantha","17.99","142.52","160.51"
"123","1997","3","Gujarat","Banaskantha","19.05","141.35","160.4"
"123","1998","3","Gujarat","Banaskantha","20.11","114.54","134.65"
"123","1999","3","Gujarat","Banaskantha","20.78","132.64","153.42"
"123","2000","3","Gujarat","Banaskantha","23.0","159.0","182.0"
"123","2001","3","Gujarat","Banaskantha","22.0","134.0","156.0"
"123","2002","3","Gujarat","Banaskantha","22.0","108.0","130.0"
"123","2003","3","Gujarat","Banaskantha","25.0","135.0","160.0"
"123","2004","3","Gujarat","Banaskantha","26.0","118.0","144.0"
"123","2005","3","Gujarat","Banaskantha","27.0","145.0","171.64"
"123","2006","3","Gujarat","Banaskantha","30.72","197.72","228.44"
"123","2007","3","Gujarat","Banaskantha","33.11","124.68","157.79"
"123","2008","3","Gujarat","Banaskantha","28.7","116.57","145.27"
"123","2009","3","Gujarat","Banaskantha","28.93","167.1","196.03"
"123","2010","3","Gujarat","Banaskantha","30.42","131.34","161.76"
"123","2011","3","Gujarat","Banaskantha","31.39","144.04","175.43"
"123","2012","3","Gujarat","Banaskantha","33.27","126.06","159.33"
"123","2013","3","Gujarat","Banaskantha","39.23","172.31","211.54"
"123","2014","3","Gujarat","Banaskantha","27.98","164.7","192.68"
"123","2015","3","Gujarat","Banaskantha","61.13","199.89","261.02"
"124","1983","3","Gujarat","Bharuch","60.29","27.45","87.74"
"124","1984","3","Gujarat","Bharuch","59.45","27.58","87.03"
"124","1985","3","Gujarat","Bharuch","59.1","26.81","85.91"
"124","1986","3","Gujarat","Bharuch","66.24","34.04","100.28"
"124","1987","3","Gujarat","Bharuch","60.23","30.42","90.65"
"124","1988","3","Gujarat","Bharuch","64.23","57.9","122.13"
"124","1989","3","Gujarat","Bharuch","65.6","68.35","133.95"
"124","1990","3","Gujarat","Bharuch","66.07","37.82","103.89"
"124","1991","3","Gujarat","Bharuch","63.05","40.2","103.25"
"124","1992","3","Gujarat","Bharuch","79.03","52.98","132.01"
"124","1993","3","Gujarat","Bharuch","69.94","53.0","122.94"
"124","1994","3","Gujarat","Bharuch","79.14","53.56","132.7"
"124","1995","3","Gujarat","Bharuch","75.2","53.56","128.76"
"124","1996","3","Gujarat","Bharuch","65.28","41.99","107.27"
"124","1997","3","Gujarat","Bharuch","66.17","23.14","89.31"
"124","1998","3","Gujarat","Bharuch","71.26","15.4","86.66"
"124","1999","3","Gujarat","Bharuch","70.98","16.64","87.65"
"124","2000","3","Gujarat","Bharuch","63.0","16.0","79.0"
"124","2001","3","Gujarat","Bharuch","75.0","29.0","104.0"
"124","2002","3","Gujarat","Bharuch","85.0","26.0","111.0"
"124","2003","3","Gujarat","Bharuch","67.0","25.0","92.0"
"124","2004","3","Gujarat","Bharuch","74.0","24.0","98.0"
"124","2005","3","Gujarat","Bharuch","72.0","24.0","96.6"
"124","2006","3","Gujarat","Bharuch","91.86","16.29","108.16"
"124","2007","3","Gujarat","Bharuch","95.83","14.72","110.55"
"124","2008","3","Gujarat","Bharuch","113.27","17.5","130.77"
"124","2009","3","Gujarat","Bharuch","124.06","25.15","149.21"
"124","2010","3","Gujarat","Bharuch","146.54","26.62","173.16"
"124","2011","3","Gujarat","Bharuch","177.27","39.64","216.91"
"124","2012","3","Gujarat","Bharuch","179.84","61.58","241.43"
"124","2013","3","Gujarat","Bharuch","176.44","107.41","283.85"
"124","2014","3","Gujarat","Bharuch","143.28","108.09","251.37"
"124","2015","3","Gujarat","Bharuch","127.38","49.66","177.04"
"125","1983","3","Gujarat","Vadodara / Baroda","80.15","41.35","121.5"
"125","1984","3","Gujarat","Vadodara / Baroda","80.46","38.94","119.4"
"125","1985","3","Gujarat","Vadodara / Baroda","77.86","39.85","117.71"
"125","1986","3","Gujarat","Vadodara / Baroda","87.77","47.47","135.24"
"125","1987","3","Gujarat","Vadodara / Baroda","77.57","47.41","124.98"
"125","1988","3","Gujarat","Vadodara / Baroda","87.32","45.79","133.11"
"125","1989","3","Gujarat","Vadodara / Baroda","96.68","55.75","152.43"
"125","1990","3","Gujarat","Vadodara / Baroda","98.71","25.33","124.04"
"125","1991","3","Gujarat","Vadodara / Baroda","91.31","30.76","122.07"
"125","1992","3","Gujarat","Vadodara / Baroda","104.61","33.65","138.26"
"125","1993","3","Gujarat","Vadodara / Baroda","89.85","31.4","121.25"
"125","1994","3","Gujarat","Vadodara / Baroda","104.03","31.5","135.53"
"125","1995","3","Gujarat","Vadodara / Baroda","83.13","31.5","114.63"
"125","1996","3","Gujarat","Vadodara / Baroda","78.34","49.43","127.77"
"125","1997","3","Gujarat","Vadodara / Baroda","82.95","36.37","119.32"
"125","1998","3","Gujarat","Vadodara / Baroda","86.05","27.16","113.21"
"125","1999","3","Gujarat","Vadodara / Baroda","89.26","35.2","124.47"
"125","2000","3","Gujarat","Vadodara / Baroda","69.0","30.0","99.0"
"125","2001","3","Gujarat","Vadodara / Baroda","82.0","30.0","112.0"
"125","2002","3","Gujarat","Vadodara / Baroda","88.0","32.0","120.0"
"125","2003","3","Gujarat","Vadodara / Baroda","88.0","31.0","119.0"
"125","2004","3","Gujarat","Vadodara / Baroda","90.0","31.0","122.0"
"125","2005","3","Gujarat","Vadodara / Baroda","90.0","32.0","122.34"
"125","2006","3","Gujarat","Vadodara / Baroda","94.04","31.77","125.81"
"125","2007","3","Gujarat","Vadodara / Baroda","98.42","20.78","119.2"
"125","2008","3","Gujarat","Vadodara / Baroda","105.07","58.91","163.98"
"125","2009","3","Gujarat","Vadodara / Baroda","110.94","44.45","155.39"
"125","2010","3","Gujarat","Vadodara / Baroda","122.04","44.02","166.06"
"125","2011","3","Gujarat","Vadodara / Baroda","132.33","39.44","171.77"
"125","2012","3","Gujarat","Vadodara / Baroda","124.18","36.37","160.55"
"125","2013","3","Gujarat","Vadodara / Baroda","107.23","35.56","142.79"
"125","2014","3","Gujarat","Vadodara / Baroda","146.79","71.51","218.3"
"125","2015","3","Gujarat","Vadodara / Baroda","182.29","135.75","318.04"
"126","1983","3","Gujarat","Bhavnagar","11.8","13.52","25.32"
"126","1984","3","Gujarat","Bhavnagar","12.09","13.05","25.14"
"126","1985","3","Gujarat","Bhavnagar","11.33","11.56","22.89"
"126","1986","3","Gujarat","Bhavnagar","11.96","5.99","17.95"
"126","1987","3","Gujarat","Bhavnagar","11.8","6.95","18.75"
"126","1988","3","Gujarat","Bhavnagar","11.3","72.96","84.26"
"126","1989","3","Gujarat","Bhavnagar","10.09","78.95","89.04"
"126","1990","3","Gujarat","Bhavnagar","10.73","86.92","97.65"
"126","1991","3","Gujarat","Bhavnagar","9.23","105.47","114.7"
"126","1992","3","Gujarat","Bhavnagar","8.74","105.22","113.96"
"126","1993","3","Gujarat","Bhavnagar","10.45","140.33","150.78"
"126","1994","3","Gujarat","Bhavnagar","12.89","112.4","125.29"
"126","1995","3","Gujarat","Bhavnagar","12.17","149.25","161.42"
"126","1996","3","Gujarat","Bhavnagar","12.58","199.39","211.97"
"126","1997","3","Gujarat","Bhavnagar","13.47","197.95","211.42"
"126","1998","3","Gujarat","Bhavnagar","12.51","219.32","231.83"
"126","1999","3","Gujarat","Bhavnagar","10.38","137.29","147.67"
"126","2000","3","Gujarat","Bhavnagar","11.0","140.0","151.0"
"126","2001","3","Gujarat","Bhavnagar","9.0","82.0","91.0"
"126","2002","3","Gujarat","Bhavnagar","9.0","288.0","297.0"
"126","2003","3","Gujarat","Bhavnagar","9.0","69.0","78.0"
"126","2004","3","Gujarat","Bhavnagar","9.0","69.0","87.0"
"126","2005","3","Gujarat","Bhavnagar","12.0","246.0","257.87"
"126","2006","3","Gujarat","Bhavnagar","9.07","848.63","857.7"
"126","2007","3","Gujarat","Bhavnagar","8.66","850.32","858.98"
"126","2008","3","Gujarat","Bhavnagar","8.66","1950.83","1959.49"
"126","2009","3","Gujarat","Bhavnagar","8.93","1807.31","1816.24"
"126","2010","3","Gujarat","Bhavnagar","10.68","2010.92","2021.6"
"126","2011","3","Gujarat","Bhavnagar","10.45","2185.91","2196.36"
"126","2012","3","Gujarat","Bhavnagar","9.59","2384.6","2394.19"
"126","2013","3","Gujarat","Bhavnagar","8.69","2306.25","2314.94"
"126","2014","3","Gujarat","Bhavnagar","9.74","2339.2","2348.94"
"126","2015","3","Gujarat","Bhavnagar","11.19","2438.18","2449.37"
"127","1983","3","Gujarat","Valsad","305.63","243.73","549.36"
"127","1984","3","Gujarat","Valsad","249.04","358.62","607.66"
"127","1985","3","Gujarat","Valsad","273.18","266.35","539.53"
"127","1986","3","Gujarat","Valsad","273.86","287.58","561.44"
"127","1987","3","Gujarat","Valsad","284.84","316.42","601.26"
"127","1988","3","Gujarat","Valsad","321.24","355.72","676.96"
"127","1989","3","Gujarat","Valsad","322.09","665.33","987.42"
"127","1990","3","Gujarat","Valsad","360.33","678.69","1039.02"
"127","1991","3","Gujarat","Valsad","371.42","611.9","983.32"
"127","1992","3","Gujarat","Valsad","391.51","618.75","1010.26"
"127","1993","3","Gujarat","Valsad","411.44","606.17","1017.61"
"127","1994","3","Gujarat","Valsad","423.58","596.55","1020.13"
"127","1995","3","Gujarat","Valsad","439.85","595.86","1035.71"
"127","1996","3","Gujarat","Valsad","471.43","602.2","1073.63"
"127","1997","3","Gujarat","Valsad","498.49","593.53","1092.02"
"127","1998","3","Gujarat","Valsad","529.93","601.73","1131.66"
"127","1999","3","Gujarat","Valsad","547.51","618.96","1166.47"
"127","2000","3","Gujarat","Valsad","374.0","377.0","751.0"
"127","2001","3","Gujarat","Valsad","248.0","293.0","541.0"
"127","2002","3","Gujarat","Valsad","254.0","241.0","495.0"
"127","2003","3","Gujarat","Valsad","257.0","244.0","501.0"
"127","2004","3","Gujarat","Valsad","261.0","241.0","501.0"
"127","2005","3","Gujarat","Valsad","276.0","420.0","695.98"
"127","2006","3","Gujarat","Valsad","348.77","625.06","973.83"
"127","2007","3","Gujarat","Valsad","359.86","600.28","960.14"
"127","2008","3","Gujarat","Valsad","355.16","460.52","815.68"
"127","2009","3","Gujarat","Valsad","365.28","454.52","819.8"
"127","2010","3","Gujarat","Valsad","372.61","441.25","813.86"
"127","2011","3","Gujarat","Valsad","365.74","465.7","831.44"
"127","2012","3","Gujarat","Valsad","402.77","497.26","900.02"
"127","2013","3","Gujarat","Valsad","444.48","504.31","948.79"
"127","2014","3","Gujarat","Valsad","496.65","593.49","1090.15"
"127","2015","3","Gujarat","Valsad","606.48","747.13","1353.61"
"128","1999","3","Gujarat","Dangs","0.0","0.0","0.0"
"128","2000","3","Gujarat","Dangs","60.0","2.0","62.0"
"128","2001","3","Gujarat","Dangs","29.0","0.0","29.0"
"128","2002","3","Gujarat","Dangs","31.0","0.0","31.0"
"128","2003","3","Gujarat","Dangs","31.0","0.0","31.0"
"128","2004","3","Gujarat","Dangs","32.0","0.0","32.0"
"128","2005","3","Gujarat","Dangs","34.0","0.0","33.77"
"128","2006","3","Gujarat","Dangs","49.68","0.0","49.68"
"128","2007","3","Gujarat","Dangs","50.89","0.0","50.89"
"128","2008","3","Gujarat","Dangs","51.04","0.0","51.04"
"128","2009","3","Gujarat","Dangs","56.0","0.0","56.0"
"128","2010","3","Gujarat","Dangs","58.27","0.0","58.27"
"128","2011","3","Gujarat","Dangs","86.76","0.0","86.76"
"128","2012","3","Gujarat","Dangs","77.49","0.0","77.49"
"128","2013","3","Gujarat","Dangs","91.59","0.0","91.59"
"128","2014","3","Gujarat","Dangs","100.13","0.0","100.13"
"128","2015","3","Gujarat","Dangs","102.08","0.0","102.08"
"129","1983","3","Gujarat","Jamnagar","23.53","4.12","27.65"
"129","1984","3","Gujarat","Jamnagar","20.29","4.03","24.32"
"129","1985","3","Gujarat","Jamnagar","17.82","3.57","21.39"
"129","1986","3","Gujarat","Jamnagar","13.76","3.52","17.28"
"129","1987","3","Gujarat","Jamnagar","24.48","14.84","39.32"
"129","1988","3","Gujarat","Jamnagar","16.37","10.08","26.45"
"129","1989","3","Gujarat","Jamnagar","12.92","21.49","34.41"
"129","1990","3","Gujarat","Jamnagar","12.05","29.5","41.55"
"129","1991","3","Gujarat","Jamnagar","14.42","25.3","39.72"
"129","1992","3","Gujarat","Jamnagar","13.29","27.48","40.77"
"129","1993","3","Gujarat","Jamnagar","10.15","20.86","31.01"
"129","1994","3","Gujarat","Jamnagar","18.57","15.76","34.33"
"129","1995","3","Gujarat","Jamnagar","18.73","16.14","34.87"
"129","1996","3","Gujarat","Jamnagar","18.37","17.36","35.73"
"129","1997","3","Gujarat","Jamnagar","19.62","23.26","42.88"
"129","1998","3","Gujarat","Jamnagar","23.69","21.81","45.5"
"129","1999","3","Gujarat","Jamnagar","28.96","14.63","43.59"
"129","2000","3","Gujarat","Jamnagar","25.0","0.0","25.0"
"129","2001","3","Gujarat","Jamnagar","13.0","0.0","13.0"
"129","2002","3","Gujarat","Jamnagar","15.0","0.0","15.0"
"129","2003","3","Gujarat","Jamnagar","16.0","0.0","16.0"
"129","2004","3","Gujarat","Jamnagar","15.0","0.0","15.0"
"129","2005","3","Gujarat","Jamnagar","17.0","0.0","16.8"
"129","2006","3","Gujarat","Jamnagar","12.77","0.0","12.77"
"129","2007","3","Gujarat","Jamnagar","10.35","0.0","10.35"
"129","2008","3","Gujarat","Jamnagar","10.18","0.0","10.18"
"129","2009","3","Gujarat","Jamnagar","11.32","0.0","11.32"
"129","2010","3","Gujarat","Jamnagar","10.84","0.0","10.84"
"129","2011","3","Gujarat","Jamnagar","9.18","0.0","9.18"
"129","2012","3","Gujarat","Jamnagar","11.97","0.0","11.97"
"129","2013","3","Gujarat","Jamnagar","13.54","0.0","13.54"
"129","2014","3","Gujarat","Jamnagar","7.69","0.0","7.69"
"129","2015","3","Gujarat","Jamnagar","9.33","0.0","9.33"
"130","1983","3","Gujarat","Junagadh","31.32","28.57","59.89"
"130","1984","3","Gujarat","Junagadh","29.62","28.45","58.07"
"130","1985","3","Gujarat","Junagadh","31.34","31.61","62.95"
"130","1986","3","Gujarat","Junagadh","33.17","28.3","61.47"
"130","1987","3","Gujarat","Junagadh","32.34","29.22","61.56"
"130","1988","3","Gujarat","Junagadh","33.37","33.85","67.22"
"130","1989","3","Gujarat","Junagadh","35.78","99.41","135.19"
"130","1990","3","Gujarat","Junagadh","28.49","187.01","215.5"
"130","1991","3","Gujarat","Junagadh","25.85","165.34","191.19"
"130","1992","3","Gujarat","Junagadh","23.29","169.12","192.41"
"130","1993","3","Gujarat","Junagadh","28.4","227.78","256.18"
"130","1994","3","Gujarat","Junagadh","26.82","84.01","110.83"
"130","1995","3","Gujarat","Junagadh","28.36","102.09","130.45"
"130","1996","3","Gujarat","Junagadh","25.14","49.07","74.21"
"130","1997","3","Gujarat","Junagadh","26.75","66.79","93.54"
"130","1998","3","Gujarat","Junagadh","31.29","62.21","93.5"
"130","1999","3","Gujarat","Junagadh","29.52","35.59","65.11"
"130","2000","3","Gujarat","Junagadh","31.0","64.0","95.0"
"130","2001","3","Gujarat","Junagadh","27.0","21.0","48.0"
"130","2002","3","Gujarat","Junagadh","22.0","19.0","41.0"
"130","2003","3","Gujarat","Junagadh","20.0","11.0","31.0"
"130","2004","3","Gujarat","Junagadh","29.0","60.0","89.0"
"130","2005","3","Gujarat","Junagadh","26.0","52.0","77.81"
"130","2006","3","Gujarat","Junagadh","34.1","44.41","78.5"
"130","2007","3","Gujarat","Junagadh","34.13","44.88","79.01"
"130","2008","3","Gujarat","Junagadh","26.08","42.09","68.17"
"130","2009","3","Gujarat","Junagadh","30.17","39.1","69.27"
"130","2010","3","Gujarat","Junagadh","25.24","62.01","87.25"
"130","2011","3","Gujarat","Junagadh","34.75","67.73","102.48"
"130","2012","3","Gujarat","Junagadh","33.93","71.0","104.94"
"130","2013","3","Gujarat","Junagadh","28.0","87.83","115.83"
"130","2014","3","Gujarat","Junagadh","34.83","101.06","135.89"
"130","2015","3","Gujarat","Junagadh","27.84","166.21","194.05"
"131","1983","3","Gujarat","Kheda","28.03","560.41","588.44"
"131","1984","3","Gujarat","Kheda","34.65","572.63","607.28"
"131","1985","3","Gujarat","Kheda","36.35","563.98","600.33"
"131","1986","3","Gujarat","Kheda","36.94","566.55","603.49"
"131","1987","3","Gujarat","Kheda","35.27","560.89","596.16"
"131","1988","3","Gujarat","Kheda","38.71","917.47","956.18"
"131","1989","3","Gujarat","Kheda","35.36","941.12","976.48"
"131","1990","3","Gujarat","Kheda","35.6","888.39","923.99"
"131","1991","3","Gujarat","Kheda","34.09","1221.53","1255.62"
"131","1992","3","Gujarat","Kheda","35.32","1212.61","1247.93"
"131","1993","3","Gujarat","Kheda","41.2","1536.01","1577.21"
"131","1994","3","Gujarat","Kheda","60.74","1415.84","1476.58"
"131","1995","3","Gujarat","Kheda","54.84","1414.6","1469.44"
"131","1996","3","Gujarat","Kheda","47.8","1468.38","1516.18"
"131","1997","3","Gujarat","Kheda","57.28","1396.7","1453.98"
"131","1998","3","Gujarat","Kheda","54.69","1227.46","1282.15"
"131","1999","3","Gujarat","Kheda","52.05","1228.59","1280.65"
"131","2000","3","Gujarat","Kheda","87.0","177.0","264.0"
"131","2001","3","Gujarat","Kheda","121.0","1103.0","1224.0"
"131","2002","3","Gujarat","Kheda","57.0","1119.0","1176.0"
"131","2003","3","Gujarat","Kheda","61.0","1931.0","1992.0"
"131","2004","3","Gujarat","Kheda","66.0","2393.0","2459.0"
"131","2005","3","Gujarat","Kheda","69.0","2482.0","2551.08"
"131","2006","3","Gujarat","Kheda","69.03","2926.13","2995.16"
"131","2007","3","Gujarat","Kheda","63.29","3154.17","3217.46"
"131","2008","3","Gujarat","Kheda","63.86","6701.07","6764.93"
"131","2009","3","Gujarat","Kheda","64.53","6763.78","6828.31"
"131","2010","3","Gujarat","Kheda","54.69","6649.83","6704.52"
"131","2011","3","Gujarat","Kheda","42.4","7287.84","7330.24"
"131","2012","3","Gujarat","Kheda","56.68","7437.12","7493.8"
"131","2013","3","Gujarat","Kheda","48.03","8099.25","8147.29"
"131","2014","3","Gujarat","Kheda","63.82","8584.66","8647.95"
"131","2015","3","Gujarat","Kheda","39.9","8457.37","8497.27"
"132","1983","3","Gujarat","Kutch","12.49","1.69","14.18"
"132","1984","3","Gujarat","Kutch","14.25","2.39","16.64"
"132","1985","3","Gujarat","Kutch","14.04","2.66","16.7"
"132","1986","3","Gujarat","Kutch","15.82","3.0","18.82"
"132","1987","3","Gujarat","Kutch","15.62","3.54","19.16"
"132","1988","3","Gujarat","Kutch","16.1","4.67","20.77"
"132","1989","3","Gujarat","Kutch","15.81","30.32","46.13"
"132","1990","3","Gujarat","Kutch","11.27","26.86","38.13"
"132","1991","3","Gujarat","Kutch","10.06","30.61","40.67"
"132","1992","3","Gujarat","Kutch","8.28","31.86","40.14"
"132","1993","3","Gujarat","Kutch","6.93","43.31","50.24"
"132","1994","3","Gujarat","Kutch","6.93","29.91","36.84"
"132","1995","3","Gujarat","Kutch","6.27","32.05","38.32"
"132","1996","3","Gujarat","Kutch","7.26","13.08","20.34"
"132","1997","3","Gujarat","Kutch","6.51","26.02","32.53"
"132","1998","3","Gujarat","Kutch","7.08","14.73","21.81"
"132","1999","3","Gujarat","Kutch","6.01","15.07","21.08"
"132","2000","3","Gujarat","Kutch","7.0","51.0","58.0"
"132","2001","3","Gujarat","Kutch","4.0","20.0","24.0"
"132","2002","3","Gujarat","Kutch","5.0","0.0","5.0"
"132","2003","3","Gujarat","Kutch","6.0","16.0","22.0"
"132","2004","3","Gujarat","Kutch","6.0","14.0","21.0"
"132","2005","3","Gujarat","Kutch","5.0","9.0","14.34"
"132","2006","3","Gujarat","Kutch","10.7","0.0","10.7"
"132","2007","3","Gujarat","Kutch","10.41","0.0","10.41"
"132","2008","3","Gujarat","Kutch","6.38","0.0","6.38"
"132","2009","3","Gujarat","Kutch","6.11","0.0","6.11"
"132","2010","3","Gujarat","Kutch","5.32","0.0","5.32"
"132","2011","3","Gujarat","Kutch","8.25","0.0","8.25"
"132","2012","3","Gujarat","Kutch","6.01","0.0","6.01"
"132","2013","3","Gujarat","Kutch","7.09","0.0","7.09"
"132","2014","3","Gujarat","Kutch","6.13","0.0","6.13"
"132","2015","3","Gujarat","Kutch","7.85","0.0","7.85"
"133","1983","3","Gujarat","Mehsana","8.1","9.36","17.46"
"133","1984","3","Gujarat","Mehsana","10.04","11.75","21.79"
"133","1985","3","Gujarat","Mehsana","11.3","7.84","19.14"
"133","1986","3","Gujarat","Mehsana","10.82","11.48","22.3"
"133","1987","3","Gujarat","Mehsana","8.52","12.86","21.38"
"133","1988","3","Gujarat","Mehsana","7.7","16.48","24.18"
"133","1989","3","Gujarat","Mehsana","9.9","35.64","45.54"
"133","1990","3","Gujarat","Mehsana","11.62","56.29","67.91"
"133","1991","3","Gujarat","Mehsana","12.99","75.45","88.44"
"133","1992","3","Gujarat","Mehsana","13.2","84.74","97.94"
"133","1993","3","Gujarat","Mehsana","13.04","55.53","68.57"
"133","1994","3","Gujarat","Mehsana","13.5","51.97","65.47"
"133","1995","3","Gujarat","Mehsana","13.54","95.08","108.62"
"133","1996","3","Gujarat","Mehsana","12.44","96.52","108.96"
"133","1997","3","Gujarat","Mehsana","13.53","83.51","97.04"
"133","1998","3","Gujarat","Mehsana","13.97","70.61","84.58"
"133","1999","3","Gujarat","Mehsana","13.35","100.84","114.2"
"133","2000","3","Gujarat","Mehsana","16.46","134.11","150.57"
"133","2001","3","Gujarat","Mehsana","17.64","149.53","167.17"
"133","2002","3","Gujarat","Mehsana","17.64","147.72","165.36"
"133","2003","3","Gujarat","Mehsana","19.64","147.88","167.52"
"133","2004","3","Gujarat","Mehsana","20.64","126.88","137.68"
"133","2005","3","Gujarat","Mehsana","21.64","101.94","122.84"
"133","2006","3","Gujarat","Mehsana","17.43","95.85","113.3"
"133","2007","3","Gujarat","Mehsana","18.65","112.56","131.21"
"133","2008","3","Gujarat","Mehsana","20.31","109.73","130.04"
"133","2009","3","Gujarat","Mehsana","20.56","89.94","110.5"
"133","2010","3","Gujarat","Mehsana","20.26","82.15","102.42"
"133","2011","3","Gujarat","Mehsana","21.6","130.19","151.79"
"133","2012","3","Gujarat","Mehsana","16.65","185.74","202.41"
"133","2013","3","Gujarat","Mehsana","18.61","246.1","264.7"
"133","2014","3","Gujarat","Mehsana","19.6","233.16","252.75"
"133","2015","3","Gujarat","Mehsana","21.39","199.58","220.98"
"134","1983","3","Gujarat","Panchmahal","151.64","6.23","157.87"
"134","1984","3","Gujarat","Panchmahal","145.91","7.96","153.87"
"134","1985","3","Gujarat","Panchmahal","146.08","9.0","155.08"
"134","1986","3","Gujarat","Panchmahal","162.02","8.61","170.63"
"134","1987","3","Gujarat","Panchmahal","173.72","7.2","180.92"
"134","1988","3","Gujarat","Panchmahal","170.06","7.41","177.47"
"134","1989","3","Gujarat","Panchmahal","166.92","28.12","195.04"
"134","1990","3","Gujarat","Panchmahal","181.8","64.57","246.37"
"134","1991","3","Gujarat","Panchmahal","194.59","69.51","264.1"
"134","1992","3","Gujarat","Panchmahal","210.18","69.29","279.47"
"134","1993","3","Gujarat","Panchmahal","261.63","105.04","366.67"
"134","1994","3","Gujarat","Panchmahal","231.3","59.65","290.95"
"134","1995","3","Gujarat","Panchmahal","242.01","71.66","313.67"
"134","1996","3","Gujarat","Panchmahal","300.97","34.2","335.17"
"134","1997","3","Gujarat","Panchmahal","271.12","15.88","287.0"
"134","1998","3","Gujarat","Panchmahal","269.11","7.02","276.13"
"134","1999","3","Gujarat","Panchmahal","276.59","7.49","284.08"
"134","2000","3","Gujarat","Panchmahal","388.0","9.0","397.0"
"134","2001","3","Gujarat","Panchmahal","344.0","44.0","388.0"
"134","2002","3","Gujarat","Panchmahal","366.0","22.0","388.0"
"134","2003","3","Gujarat","Panchmahal","282.0","84.0","366.0"
"134","2004","3","Gujarat","Panchmahal","306.0","103.0","409.0"
"134","2005","3","Gujarat","Panchmahal","334.0","101.0","435.21"
"134","2006","3","Gujarat","Panchmahal","303.95","131.96","435.91"
"134","2007","3","Gujarat","Panchmahal","330.1","118.18","448.28"
"134","2008","3","Gujarat","Panchmahal","314.6","115.38","429.98"
"134","2009","3","Gujarat","Panchmahal","295.77","89.33","385.1"
"134","2010","3","Gujarat","Panchmahal","375.99","89.26","465.25"
"134","2011","3","Gujarat","Panchmahal","410.85","103.21","514.06"
"134","2012","3","Gujarat","Panchmahal","397.13","77.01","474.14"
"134","2013","3","Gujarat","Panchmahal","396.75","32.18","428.93"
"134","2014","3","Gujarat","Panchmahal","552.06","39.21","591.28"
"134","2015","3","Gujarat","Panchmahal","669.31","35.93","705.24"
"135","1983","3","Gujarat","Rajkot","5.82","11.57","17.39"
"135","1984","3","Gujarat","Rajkot","7.39","11.68","19.07"
"135","1985","3","Gujarat","Rajkot","10.57","19.74","30.31"
"135","1986","3","Gujarat","Rajkot","8.03","17.26","25.29"
"135","1987","3","Gujarat","Rajkot","9.15","18.31","27.46"
"135","1988","3","Gujarat","Rajkot","11.6","17.18","28.78"
"135","1989","3","Gujarat","Rajkot","11.07","138.92","149.99"
"135","1990","3","Gujarat","Rajkot","11.61","126.64","138.25"
"135","1991","3","Gujarat","Rajkot","11.56","116.2","127.76"
"135","1992","3","Gujarat","Rajkot","12.73","149.5","162.23"
"135","1993","3","Gujarat","Rajkot","10.86","105.11","115.97"
"135","1994","3","Gujarat","Rajkot","9.47","89.1","98.57"
"135","1995","3","Gujarat","Rajkot","8.72","121.26","129.98"
"135","1996","3","Gujarat","Rajkot","10.07","85.52","95.59"
"135","1997","3","Gujarat","Rajkot","8.28","62.38","70.66"
"135","1998","3","Gujarat","Rajkot","6.3","77.89","84.19"
"135","1999","3","Gujarat","Rajkot","5.45","85.54","90.99"
"135","2000","3","Gujarat","Rajkot","4.0","106.0","110.0"
"135","2001","3","Gujarat","Rajkot","6.0","7.0","13.0"
"135","2002","3","Gujarat","Rajkot","8.0","12.0","20.0"
"135","2003","3","Gujarat","Rajkot","6.0","23.0","29.0"
"135","2004","3","Gujarat","Rajkot","5.0","32.0","37.0"
"135","2005","3","Gujarat","Rajkot","5.0","26.0","30.98"
"135","2006","3","Gujarat","Rajkot","4.76","19.51","24.27"
"135","2007","3","Gujarat","Rajkot","4.32","21.66","25.98"
"135","2008","3","Gujarat","Rajkot","3.53","43.14","46.67"
"135","2009","3","Gujarat","Rajkot","3.92","32.52","36.44"
"135","2010","3","Gujarat","Rajkot","3.34","58.02","61.36"
"135","2011","3","Gujarat","Rajkot","2.97","61.06","64.03"
"135","2012","3","Gujarat","Rajkot","3.06","42.36","45.41"
"135","2013","3","Gujarat","Rajkot","3.1","78.39","81.48"
"135","2014","3","Gujarat","Rajkot","2.57","90.27","92.84"
"135","2015","3","Gujarat","Rajkot","4.21","91.28","95.49"
"136","1983","3","Gujarat","Sabarkantha","50.89","9.25","60.14"
"136","1984","3","Gujarat","Sabarkantha","50.97","9.43","60.4"
"136","1985","3","Gujarat","Sabarkantha","57.6","9.59","67.19"
"136","1986","3","Gujarat","Sabarkantha","51.78","9.42","61.2"
"136","1987","3","Gujarat","Sabarkantha","49.98","9.56","59.54"
"136","1988","3","Gujarat","Sabarkantha","50.54","9.4","59.94"
"136","1989","3","Gujarat","Sabarkantha","50.11","16.97","67.08"
"136","1990","3","Gujarat","Sabarkantha","58.42","34.01","92.43"
"136","1991","3","Gujarat","Sabarkantha","65.27","35.93","101.2"
"136","1992","3","Gujarat","Sabarkantha","67.08","22.82","89.9"
"136","1993","3","Gujarat","Sabarkantha","75.53","12.5","88.03"
"136","1994","3","Gujarat","Sabarkantha","63.01","6.4","69.41"
"136","1995","3","Gujarat","Sabarkantha","63.26","0.0","63.26"
"136","1996","3","Gujarat","Sabarkantha","63.8","0.0","63.8"
"136","1997","3","Gujarat","Sabarkantha","64.25","0.0","64.25"
"136","1998","3","Gujarat","Sabarkantha","68.17","0.0","68.17"
"136","1999","3","Gujarat","Sabarkantha","70.6","3.3","73.89"
"136","2000","3","Gujarat","Sabarkantha","67.0","17.0","84.0"
"136","2001","3","Gujarat","Sabarkantha","90.0","28.0","118.0"
"136","2002","3","Gujarat","Sabarkantha","80.0","26.0","106.0"
"136","2003","3","Gujarat","Sabarkantha","80.0","4.0","84.0"
"136","2004","3","Gujarat","Sabarkantha","86.0","18.0","105.0"
"136","2005","3","Gujarat","Sabarkantha","96.0","9.0","104.4"
"136","2006","3","Gujarat","Sabarkantha","106.19","45.06","151.25"
"136","2007","3","Gujarat","Sabarkantha","107.67","35.46","143.13"
"136","2008","3","Gujarat","Sabarkantha","105.74","41.47","147.21"
"136","2009","3","Gujarat","Sabarkantha","119.58","21.29","140.87"
"136","2010","3","Gujarat","Sabarkantha","110.15","32.28","142.43"
"136","2011","3","Gujarat","Sabarkantha","110.74","10.4","121.14"
"136","2012","3","Gujarat","Sabarkantha","119.42","15.54","134.97"
"136","2013","3","Gujarat","Sabarkantha","115.38","19.61","134.99"
"136","2014","3","Gujarat","Sabarkantha","107.8","19.08","126.89"
"136","2015","3","Gujarat","Sabarkantha","66.85","36.04","102.89"
"137","1983","3","Gujarat","Surat","157.09","372.97","530.06"
"137","1984","3","Gujarat","Surat","157.64","511.87","669.51"
"137","1985","3","Gujarat","Surat","123.95","498.37","622.32"
"137","1986","3","Gujarat","Surat","155.99","411.93","567.92"
"137","1987","3","Gujarat","Surat","146.05","365.28","511.33"
"137","1988","3","Gujarat","Surat","116.79","394.1","510.89"
"137","1989","3","Gujarat","Surat","155.72","411.4","567.12"
"137","1990","3","Gujarat","Surat","163.05","513.46","676.51"
"137","1991","3","Gujarat","Surat","172.03","589.37","761.4"
"137","1992","3","Gujarat","Surat","176.1","568.36","744.46"
"137","1993","3","Gujarat","Surat","184.94","543.87","728.81"
"137","1994","3","Gujarat","Surat","190.46","595.37","785.83"
"137","1995","3","Gujarat","Surat","196.24","636.46","832.7"
"137","1996","3","Gujarat","Surat","205.88","667.65","873.53"
"137","1997","3","Gujarat","Surat","201.61","670.71","872.32"
"137","1998","3","Gujarat","Surat","218.12","674.99","893.11"
"137","1999","3","Gujarat","Surat","211.1","628.86","839.97"
"137","2000","3","Gujarat","Surat","203.0","611.0","814.0"
"137","2001","3","Gujarat","Surat","160.0","254.0","414.0"
"137","2002","3","Gujarat","Surat","162.0","252.0","414.0"
"137","2003","3","Gujarat","Surat","165.0","248.0","413.0"
"137","2004","3","Gujarat","Surat","169.0","254.0","423.0"
"137","2005","3","Gujarat","Surat","184.0","367.0","551.39"
"137","2006","3","Gujarat","Surat","244.31","530.99","775.3"
"137","2007","3","Gujarat","Surat","250.5","691.51","942.01"
"137","2008","3","Gujarat","Surat","249.73","613.21","862.94"
"137","2009","3","Gujarat","Surat","255.48","624.88","880.36"
"137","2010","3","Gujarat","Surat","260.47","942.21","1202.68"
"137","2011","3","Gujarat","Surat","270.18","966.95","1237.13"
"137","2012","3","Gujarat","Surat","276.4","852.26","1128.67"
"137","2013","3","Gujarat","Surat","285.0","913.47","1198.47"
"137","2014","3","Gujarat","Surat","327.57","1048.69","1376.26"
"137","2015","3","Gujarat","Surat","437.19","1021.23","1395.43"
"138","1983","3","Gujarat","Surendranagar","2.52","0.24","2.76"
"138","1984","3","Gujarat","Surendranagar","2.71","0.46","3.17"
"138","1985","3","Gujarat","Surendranagar","2.92","0.96","3.88"
"138","1986","3","Gujarat","Surendranagar","2.82","0.16","2.98"
"138","1987","3","Gujarat","Surendranagar","2.62","0.18","2.8"
"138","1988","3","Gujarat","Surendranagar","3.27","0.24","3.51"
"138","1989","3","Gujarat","Surendranagar","2.03","6.82","8.85"
"138","1990","3","Gujarat","Surendranagar","2.6","9.32","11.92"
"138","1991","3","Gujarat","Surendranagar","2.38","8.71","11.09"
"138","1992","3","Gujarat","Surendranagar","2.63","8.92","11.55"
"138","1993","3","Gujarat","Surendranagar","2.61","13.12","15.73"
"138","1994","3","Gujarat","Surendranagar","2.58","14.59","17.17"
"138","1995","3","Gujarat","Surendranagar","2.48","16.63","19.11"
"138","1996","3","Gujarat","Surendranagar","2.06","4.72","6.78"
"138","1997","3","Gujarat","Surendranagar","2.57","4.39","6.96"
"138","1998","3","Gujarat","Surendranagar","2.41","3.48","5.89"
"138","1999","3","Gujarat","Surendranagar","2.78","1.1","3.88"
"138","2000","3","Gujarat","Surendranagar","2.0","0.0","2.0"
"138","2001","3","Gujarat","Surendranagar","4.0","0.0","4.0"
"138","2002","3","Gujarat","Surendranagar","2.0","0.0","2.0"
"138","2003","3","Gujarat","Surendranagar","1.0","0.0","1.0"
"138","2004","3","Gujarat","Surendranagar","2.0","0.0","2.0"
"138","2005","3","Gujarat","Surendranagar","2.0","0.0","2.36"
"138","2006","3","Gujarat","Surendranagar","1.61","0.0","1.61"
"138","2007","3","Gujarat","Surendranagar","1.57","0.0","1.57"
"138","2008","3","Gujarat","Surendranagar","1.23","0.0","1.23"
"138","2009","3","Gujarat","Surendranagar","1.24","0.0","1.24"
"138","2010","3","Gujarat","Surendranagar","1.41","0.0","1.41"
"138","2011","3","Gujarat","Surendranagar","1.64","0.0","1.64"
"138","2012","3","Gujarat","Surendranagar","1.36","0.0","1.36"
"138","2013","3","Gujarat","Surendranagar","0.78","0.0","0.78"
"138","2014","3","Gujarat","Surendranagar","0.81","0.0","0.81"
"138","2015","3","Gujarat","Surendranagar","1.17","0.0","1.17"
"139","1995","10","Rajasthan","Ajmer","-1.0","-1.0","2680.63"
"139","2001","10","Rajasthan","Ajmer","-1.0","-1.0","3465.4"
"139","2004","10","Rajasthan","Ajmer","-1.0","-1.0","4133.06"
"139","2007","10","Rajasthan","Ajmer","33.15","4941.02","4974.17"
"139","2008","10","Rajasthan","Ajmer","148.81","4403.01","4551.82"
"139","2009","10","Rajasthan","Ajmer","200.46","4264.04","4464.51"
"139","2010","10","Rajasthan","Ajmer","-1.0","-1.0","3979.0"
"139","2011","10","Rajasthan","Ajmer","1247.23","73492.77","74740.0"
"139","2012","10","Rajasthan","Ajmer","1990.0","77160.0","79150.0"
"139","2013","10","Rajasthan","Ajmer","-1.0","-1.0","89157.17"
"140","1995","10","Rajasthan","Alwar","-1.0","-1.0","122.03"
"140","2001","10","Rajasthan","Alwar","-1.0","-1.0","178.8"
"140","2004","10","Rajasthan","Alwar","-1.0","-1.0","181.45"
"140","2007","10","Rajasthan","Alwar","89.91","0.0","89.91"
"140","2008","10","Rajasthan","Alwar","150.9","0.0","150.9"
"140","2009","10","Rajasthan","Alwar","164.56","0.0","164.56"
"140","2010","10","Rajasthan","Alwar","-1.0","-1.0","229.0"
"140","2011","10","Rajasthan","Alwar","1861.43","128.57","1990.0"
"140","2012","10","Rajasthan","Alwar","2454.4","90.0","2544.4"
"140","2013","10","Rajasthan","Alwar","-1.0","-1.0","2059.4"
"141","1995","10","Rajasthan","Banswara","-1.0","-1.0","108.91"
"141","2001","10","Rajasthan","Banswara","-1.0","-1.0","283.72"
"141","2004","10","Rajasthan","Banswara","-1.0","-1.0","312.09"
"141","2007","10","Rajasthan","Banswara","276.33","1.71","278.04"
"141","2008","10","Rajasthan","Banswara","357.71","2.44","360.15"
"141","2009","10","Rajasthan","Banswara","516.78","3.6","520.39"
"141","2010","10","Rajasthan","Banswara","-1.0","-1.0","618.0"
"141","2011","10","Rajasthan","Banswara","2772.66","0.0","2770.0"
"141","2012","10","Rajasthan","Banswara","4322.3","10.0","4332.3"
"141","2013","10","Rajasthan","Banswara","-1.0","-1.0","4644.49"
"142","1995","10","Rajasthan","Barmer","-1.0","-1.0","2.48"
"142","2001","10","Rajasthan","Barmer","-1.0","-1.0","2.45"
"142","2004","10","Rajasthan","Barmer","-1.0","-1.0","3.52"
"142","2007","10","Rajasthan","Barmer","2.71","0.0","2.71"
"142","2008","10","Rajasthan","Barmer","2.82","0.0","2.82"
"142","2009","10","Rajasthan","Barmer","3.58","0.0","3.58"
"142","2010","10","Rajasthan","Barmer","-1.0","-1.0","5.0"
"142","2011","10","Rajasthan","Barmer","86.32","3.68","90.0"
"142","2012","10","Rajasthan","Barmer","82.2","0.0","82.2"
"142","2013","10","Rajasthan","Barmer","-1.0","-1.0","110.22"
"143","1995","10","Rajasthan","Bharatpur","-1.0","-1.0","29.25"
"143","2001","10","Rajasthan","Bharatpur","-1.0","-1.0","40.52"
"143","2004","10","Rajasthan","Bharatpur","-1.0","-1.0","42.04"
"143","2007","10","Rajasthan","Bharatpur","48.03","0.0","48.03"
"143","2008","10","Rajasthan","Bharatpur","42.73","0.0","42.73"
"143","2009","10","Rajasthan","Bharatpur","47.84","0.0","47.84"
"143","2010","10","Rajasthan","Bharatpur","-1.0","-1.0","55.0"
"143","2011","10","Rajasthan","Bharatpur","547.26","3.08","550.0"
"143","2012","10","Rajasthan","Bharatpur","563.3","0.0","563.3"
"143","2013","10","Rajasthan","Bharatpur","-1.0","-1.0","628.83"
"144","1995","10","Rajasthan","Bhilwara","-1.0","-1.0","84.62"
"144","2001","10","Rajasthan","Bhilwara","-1.0","-1.0","100.02"
"144","2004","10","Rajasthan","Bhilwara","-1.0","-1.0","106.2"
"144","2007","10","Rajasthan","Bhilwara","35.63","1.6","37.23"
"144","2008","10","Rajasthan","Bhilwara","53.49","2.3","55.79"
"144","2009","10","Rajasthan","Bhilwara","79.36","3.18","82.55"
"144","2010","10","Rajasthan","Bhilwara","-1.0","-1.0","133.0"
"144","2011","10","Rajasthan","Bhilwara","738.96","571.04","1310.0"
"144","2012","10","Rajasthan","Bhilwara","1004.4","400.0","1404.4"
"144","2013","10","Rajasthan","Bhilwara","-1.0","-1.0","1707.58"
"145","1995","10","Rajasthan","Bikaner","-1.0","-1.0","77.06"
"145","2001","10","Rajasthan","Bikaner","-1.0","-1.0","107.89"
"145","2004","10","Rajasthan","Bikaner","-1.0","-1.0","108.91"
"145","2007","10","Rajasthan","Bikaner","13.14","0.0","13.14"
"145","2008","10","Rajasthan","Bikaner","11.92","0.0","11.92"
"145","2009","10","Rajasthan","Bikaner","12.39","0.0","12.39"
"145","2010","10","Rajasthan","Bikaner","-1.0","-1.0","13.0"
"145","2011","10","Rajasthan","Bikaner","153.67","0.0","150.0"
"145","2012","10","Rajasthan","Bikaner","159.2","0.0","159.2"
"145","2013","10","Rajasthan","Bikaner","-1.0","-1.0","227.53"
"146","1995","10","Rajasthan","Bundi","-1.0","-1.0","20.16"
"146","2001","10","Rajasthan","Bundi","-1.0","-1.0","29.56"
"146","2004","10","Rajasthan","Bundi","-1.0","-1.0","29.85"
"146","2007","10","Rajasthan","Bundi","22.53","4.35","26.88"
"146","2008","10","Rajasthan","Bundi","22.82","6.42","29.24"
"146","2009","10","Rajasthan","Bundi","27.67","9.66","37.32"
"146","2010","10","Rajasthan","Bundi","-1.0","-1.0","39.0"
"146","2011","10","Rajasthan","Bundi","227.03","172.97","400.0"
"146","2012","10","Rajasthan","Bundi","252.2","160.0","412.2"
"146","2013","10","Rajasthan","Bundi","-1.0","-1.0","568.94"
"147","1995","10","Rajasthan","Chittorgarh","-1.0","-1.0","96.5"
"147","2001","10","Rajasthan","Chittorgarh","-1.0","-1.0","121.32"
"147","2004","10","Rajasthan","Chittorgarh","-1.0","-1.0","124.88"
"147","2007","10","Rajasthan","Chittorgarh","67.19","0.0","67.19"
"147","2008","10","Rajasthan","Chittorgarh","64.72","0.0","64.72"
"147","2009","10","Rajasthan","Chittorgarh","78.5","0.0","78.5"
"147","2010","10","Rajasthan","Chittorgarh","-1.0","-1.0","75.0"
"147","2011","10","Rajasthan","Chittorgarh","883.2","0.0","880.0"
"147","2012","10","Rajasthan","Chittorgarh","872.8","0.0","872.8"
"147","2013","10","Rajasthan","Chittorgarh","-1.0","-1.0","997.51"
"148","1995","10","Rajasthan","Churu","-1.0","-1.0","13.55"
"148","2001","10","Rajasthan","Churu","-1.0","-1.0","4.85"
"148","2004","10","Rajasthan","Churu","-1.0","-1.0","4.9"
"148","2007","10","Rajasthan","Churu","4.96","0.0","4.96"
"148","2008","10","Rajasthan","Churu","4.81","0.0","4.81"
"148","2009","10","Rajasthan","Churu","5.65","0.0","5.65"
"148","2010","10","Rajasthan","Churu","-1.0","-1.0","44.0"
"148","2011","10","Rajasthan","Churu","39.33","0.67","40.0"
"148","2012","10","Rajasthan","Churu","41.5","0.0","41.5"
"148","2013","10","Rajasthan","Churu","-1.0","-1.0","57.83"
"149","1995","10","Rajasthan","Dungarpur","-1.0","-1.0","64.85"
"149","2001","10","Rajasthan","Dungarpur","-1.0","-1.0","145.98"
"149","2004","10","Rajasthan","Dungarpur","-1.0","-1.0","151.55"
"149","2007","10","Rajasthan","Dungarpur","73.73","0.0","73.73"
"149","2008","10","Rajasthan","Dungarpur","167.32","0.0","167.32"
"149","2009","10","Rajasthan","Dungarpur","161.02","0.0","161.02"
"149","2010","10","Rajasthan","Dungarpur","-1.0","-1.0","225.0"
"149","2011","10","Rajasthan","Dungarpur","1491.94","0.0","1490.0"
"149","2012","10","Rajasthan","Dungarpur","1639.1","0.0","1639.1"
"149","2013","10","Rajasthan","Dungarpur","-1.0","-1.0","1755.85"
"150","1995","10","Rajasthan","Ganganagar","-1.0","-1.0","94.7"
"150","2001","10","Rajasthan","Ganganagar","-1.0","-1.0","150.93"
"150","2004","10","Rajasthan","Ganganagar","-1.0","-1.0","179.72"
"150","2007","10","Rajasthan","Ganganagar","169.5","0.0","169.5"
"150","2008","10","Rajasthan","Ganganagar","150.87","29.56","180.43"
"150","2009","10","Rajasthan","Ganganagar","181.03","41.9","222.94"
"150","2010","10","Rajasthan","Ganganagar","-1.0","-1.0","191.0"
"150","2011","10","Rajasthan","Ganganagar","1222.82","17.18","1240.0"
"150","2012","10","Rajasthan","Ganganagar","1225.8","150.0","1375.8"
"150","2013","10","Rajasthan","Ganganagar","-1.0","-1.0","2109.35"
"151","1995","10","Rajasthan","Jaipur","-1.0","-1.0","480.94"
"151","2001","10","Rajasthan","Jaipur","-1.0","-1.0","617.65"
"151","2004","10","Rajasthan","Jaipur","-1.0","-1.0","746.4"
"151","2007","10","Rajasthan","Jaipur","96.88","77.67","174.55"
"151","2008","10","Rajasthan","Jaipur","54.94","78.36","133.3"
"151","2009","10","Rajasthan","Jaipur","248.96","114.89","363.85"
"151","2010","10","Rajasthan","Jaipur","-1.0","-1.0","396.0"
"151","2011","10","Rajasthan","Jaipur","1574.72","325.28","1900.0"
"151","2012","10","Rajasthan","Jaipur","2068.2","650.0","2718.2"
"151","2013","10","Rajasthan","Jaipur","-1.0","-1.0","3005.91"
"152","1995","10","Rajasthan","Jaisalmer","-1.0","-1.0","3.89"
"152","2001","10","Rajasthan","Jaisalmer","-1.0","-1.0","5.25"
"152","2004","10","Rajasthan","Jaisalmer","-1.0","-1.0","5.19"
"152","2007","10","Rajasthan","Jaisalmer","5.41","0.0","5.41"
"152","2008","10","Rajasthan","Jaisalmer","134.87","0.0","134.87"
"152","2009","10","Rajasthan","Jaisalmer","4.35","0.0","4.35"
"152","2010","10","Rajasthan","Jaisalmer","-1.0","-1.0","4.0"
"152","2011","10","Rajasthan","Jaisalmer","145.97","4.03","150.0"
"152","2012","10","Rajasthan","Jaisalmer","124.8","0.0","124.8"
"152","2013","10","Rajasthan","Jaisalmer","-1.0","-1.0","172.22"
"153","1995","10","Rajasthan","Jalore","-1.0","-1.0","4.05"
"153","2001","10","Rajasthan","Jalore","-1.0","-1.0","4.17"
"153","2004","10","Rajasthan","Jalore","-1.0","-1.0","4.11"
"153","2007","10","Rajasthan","Jalore","5.16","0.0","5.16"
"153","2008","10","Rajasthan","Jalore","3.23","0.0","3.23"
"153","2009","10","Rajasthan","Jalore","7.12","0.0","7.12"
"153","2010","10","Rajasthan","Jalore","-1.0","-1.0","8.0"
"153","2011","10","Rajasthan","Jalore","99.62","0.38","100.0"
"153","2012","10","Rajasthan","Jalore","106.4","0.0","106.4"
"153","2013","10","Rajasthan","Jalore","-1.0","-1.0","145.14"
"154","1995","10","Rajasthan","Jhalawar","-1.0","-1.0","45.24"
"154","2001","10","Rajasthan","Jhalawar","-1.0","-1.0","43.6"
"154","2004","10","Rajasthan","Jhalawar","-1.0","-1.0","45.8"
"154","2007","10","Rajasthan","Jhalawar","42.72","0.0","42.72"
"154","2008","10","Rajasthan","Jhalawar","6.83","0.0","6.83"
"154","2009","10","Rajasthan","Jhalawar","58.27","0.0","58.27"
"154","2010","10","Rajasthan","Jhalawar","-1.0","-1.0","60.0"
"154","2011","10","Rajasthan","Jhalawar","455.72","0.0","430.0"
"154","2012","10","Rajasthan","Jhalawar","488.6","0.0","488.6"
"154","2013","10","Rajasthan","Jhalawar","-1.0","-1.0","562.79"
"155","1995","10","Rajasthan","Jhunjhunu","-1.0","-1.0","7.28"
"155","2001","10","Rajasthan","Jhunjhunu","-1.0","-1.0","18.0"
"155","2004","10","Rajasthan","Jhunjhunu","-1.0","-1.0","22.5"
"155","2007","10","Rajasthan","Jhunjhunu","18.93","0.0","18.93"
"155","2008","10","Rajasthan","Jhunjhunu","45.05","0.0","45.05"
"155","2009","10","Rajasthan","Jhunjhunu","31.58","0.0","31.58"
"155","2010","10","Rajasthan","Jhunjhunu","-1.0","-1.0","20.0"
"155","2011","10","Rajasthan","Jhunjhunu","277.04","532.96","810.0"
"155","2012","10","Rajasthan","Jhunjhunu","289.5","410.0","699.5"
"155","2013","10","Rajasthan","Jhunjhunu","-1.0","-1.0","906.75"
"156","1995","10","Rajasthan","Jodhpur","-1.0","-1.0","13.46"
"156","2001","10","Rajasthan","Jodhpur","-1.0","-1.0","47.6"
"156","2004","10","Rajasthan","Jodhpur","-1.0","-1.0","58.82"
"156","2007","10","Rajasthan","Jodhpur","17.03","3.74","20.77"
"156","2008","10","Rajasthan","Jodhpur","29.59","7.41","37.0"
"156","2009","10","Rajasthan","Jodhpur","14.76","10.77","25.53"
"156","2010","10","Rajasthan","Jodhpur","-1.0","-1.0","21.0"
"156","2011","10","Rajasthan","Jodhpur","134.87","0.0","130.0"
"156","2012","10","Rajasthan","Jodhpur","140.7","0.0","140.7"
"156","2013","10","Rajasthan","Jodhpur","-1.0","-1.0","246.75"
"157","1995","10","Rajasthan","Kota","-1.0","-1.0","157.08"
"157","2001","10","Rajasthan","Kota","-1.0","-1.0","137.65"
"157","2004","10","Rajasthan","Kota","-1.0","-1.0","130.17"
"157","2007","10","Rajasthan","Kota","77.25","0.0","77.25"
"157","2008","10","Rajasthan","Kota","37.64","0.0","37.64"
"157","2009","10","Rajasthan","Kota","49.77","0.0","49.77"
"157","2010","10","Rajasthan","Kota","-1.0","-1.0","64.0"
"157","2011","10","Rajasthan","Kota","713.37","89.66","800.0"
"157","2012","10","Rajasthan","Kota","762.7","70.0","832.7"
"157","2013","10","Rajasthan","Kota","-1.0","-1.0","958.8"
"158","1995","10","Rajasthan","Nagaur","-1.0","-1.0","8.63"
"158","2001","10","Rajasthan","Nagaur","-1.0","-1.0","13.25"
"158","2004","10","Rajasthan","Nagaur","-1.0","-1.0","13.39"
"158","2007","10","Rajasthan","Nagaur","12.76","0.56","13.32"
"158","2008","10","Rajasthan","Nagaur","39.98","0.89","40.87"
"158","2009","10","Rajasthan","Nagaur","14.39","1.42","15.81"
"158","2010","10","Rajasthan","Nagaur","-1.0","-1.0","16.0"
"158","2011","10","Rajasthan","Nagaur","175.78","4.22","180.0"
"158","2012","10","Rajasthan","Nagaur","231.9","0.0","231.9"
"158","2013","10","Rajasthan","Nagaur","-1.0","-1.0","237.37"
"159","1995","10","Rajasthan","Pali","-1.0","-1.0","19.06"
"159","2001","10","Rajasthan","Pali","-1.0","-1.0","20.16"
"159","2004","10","Rajasthan","Pali","-1.0","-1.0","21.44"
"159","2007","10","Rajasthan","Pali","16.38","7.83","24.21"
"159","2008","10","Rajasthan","Pali","12.39","11.43","23.82"
"159","2009","10","Rajasthan","Pali","12.12","17.45","29.58"
"159","2010","10","Rajasthan","Pali","-1.0","-1.0","36.0"
"159","2011","10","Rajasthan","Pali","456.84","33.16","490.0"
"159","2012","10","Rajasthan","Pali","448.9","30.0","478.9"
"159","2013","10","Rajasthan","Pali","-1.0","-1.0","619.43"
"160","1995","10","Rajasthan","Swami Madhopur","-1.0","-1.0","22.78"
"160","2001","10","Rajasthan","Swami Madhopur","-1.0","-1.0","24.4"
"160","2004","10","Rajasthan","Swami Madhopur","-1.0","-1.0","25.98"
"160","2007","10","Rajasthan","Swami Madhopur","21.17","1.25","22.42"
"160","2008","10","Rajasthan","Swami Madhopur","30.87","1.76","32.63"
"160","2009","10","Rajasthan","Swami Madhopur","31.65","2.53","34.18"
"160","2010","10","Rajasthan","Swami Madhopur","-1.0","-1.0","45.0"
"160","2011","10","Rajasthan","Swami Madhopur","272.27","30.75","300.0"
"160","2012","10","Rajasthan","Swami Madhopur","334.2","30.0","364.2"
"160","2013","10","Rajasthan","Swami Madhopur","-1.0","-1.0","453.58"
"161","1995","10","Rajasthan","Sikar","-1.0","-1.0","63.57"
"161","2001","10","Rajasthan","Sikar","-1.0","-1.0","16.31"
"161","2004","10","Rajasthan","Sikar","-1.0","-1.0","18.26"
"161","2007","10","Rajasthan","Sikar","23.14","0.0","23.14"
"161","2008","10","Rajasthan","Sikar","30.58","0.0","30.58"
"161","2009","10","Rajasthan","Sikar","21.7","0.0","21.7"
"161","2010","10","Rajasthan","Sikar","-1.0","-1.0","82.0"
"161","2011","10","Rajasthan","Sikar","510.17","9.83","520.0"
"161","2012","10","Rajasthan","Sikar","504.4","0.0","504.4"
"161","2013","10","Rajasthan","Sikar","-1.0","-1.0","1005.54"
"162","1995","10","Rajasthan","Sirohi","-1.0","-1.0","12.72"
"162","2001","10","Rajasthan","Sirohi","-1.0","-1.0","44.98"
"162","2004","10","Rajasthan","Sirohi","-1.0","-1.0","46.45"
"162","2007","10","Rajasthan","Sirohi","34.83","0.0","34.83"
"162","2008","10","Rajasthan","Sirohi","31.11","0.0","31.11"
"162","2009","10","Rajasthan","Sirohi","17.83","0.0","17.83"
"162","2010","10","Rajasthan","Sirohi","-1.0","-1.0","26.0"
"162","2011","10","Rajasthan","Sirohi","422.95","0.0","420.0"
"162","2012","10","Rajasthan","Sirohi","438.4","0.0","438.4"
"162","2013","10","Rajasthan","Sirohi","-1.0","-1.0","516.2"
"163","1995","10","Rajasthan","Tonk","-1.0","-1.0","3131.07"
"163","2001","10","Rajasthan","Tonk","-1.0","-1.0","44.13"
"163","2004","10","Rajasthan","Tonk","-1.0","-1.0","49.85"
"163","2007","10","Rajasthan","Tonk","20.72","0.0","20.72"
"163","2008","10","Rajasthan","Tonk","35.26","0.0","35.26"
"163","2009","10","Rajasthan","Tonk","35.28","0.0","35.28"
"163","2010","10","Rajasthan","Tonk","-1.0","-1.0","45.0"
"163","2011","10","Rajasthan","Tonk","433.91","0.0","430.0"
"163","2012","10","Rajasthan","Tonk","490.3","0.0","490.3"
"163","2013","10","Rajasthan","Tonk","-1.0","-1.0","570.89"
"164","1995","10","Rajasthan","Udaipur","-1.0","-1.0","95.57"
"164","2001","10","Rajasthan","Udaipur","-1.0","-1.0","352.64"
"164","2004","10","Rajasthan","Udaipur","-1.0","-1.0","366.1"
"164","2007","10","Rajasthan","Udaipur","267.92","3.73","271.65"
"164","2008","10","Rajasthan","Udaipur","231.97","4.66","236.63"
"164","2009","10","Rajasthan","Udaipur","210.56","6.92","217.48"
"164","2010","10","Rajasthan","Udaipur","-1.0","-1.0","268.0"
"164","2011","10","Rajasthan","Udaipur","3291.76","468.24","3760.0"
"164","2012","10","Rajasthan","Udaipur","2962.8","180.0","3142.8"
"164","2013","10","Rajasthan","Udaipur","-1.0","-1.0","5591.44"
"165","1995","9","Punjab","Gurdaspur","-1.0","-1.0","2967.5"
"165","1997","9","Punjab","Gurdaspur","-1.0","-1.0","3241.4"
"165","1998","9","Punjab","Gurdaspur","72.74","3117.51","3190.25"
"165","1999","9","Punjab","Gurdaspur","-1.0","-1.0","2923.2"
"165","2000","9","Punjab","Gurdaspur","-1.0","-1.0","3111.6"
"165","2001","9","Punjab","Gurdaspur","-1.0","-1.0","3151.3"
"165","2002","9","Punjab","Gurdaspur","-1.0","-1.0","3674.8"
"165","2003","9","Punjab","Gurdaspur","-1.0","-1.0","2357.2"
"165","2004","9","Punjab","Gurdaspur","-1.0","-1.0","2489.57"
"165","2005","9","Punjab","Gurdaspur","-1.0","-1.0","2418.63"
"165","2006","9","Punjab","Gurdaspur","-1.0","-1.0","3141.57"
"165","2007","9","Punjab","Gurdaspur","-1.0","-1.0","3609.31"
"165","2008","9","Punjab","Gurdaspur","-1.0","-1.0","3849.6"
"165","2009","9","Punjab","Gurdaspur","-1.0","-1.0","3496.18"
"165","2010","9","Punjab","Gurdaspur","-1.0","-1.0","3586.88"
"165","2011","9","Punjab","Gurdaspur","-1.0","-1.0","4232.92"
"165","2012","9","Punjab","Gurdaspur","11.36","3889.63","3900.99"
"165","2013","9","Punjab","Gurdaspur","11.98","3134.7","3146.68"
"166","1995","9","Punjab","Amritsar","-1.0","-1.0","1466.5"
"166","1997","9","Punjab","Amritsar","-1.0","-1.0","1952.6"
"166","1998","9","Punjab","Amritsar","58.95","2526.38","2585.33"
"166","1999","9","Punjab","Amritsar","-1.0","-1.0","2082.4"
"166","2000","9","Punjab","Amritsar","-1.0","-1.0","1660.2"
"166","2001","9","Punjab","Amritsar","-1.0","-1.0","1420.2"
"166","2002","9","Punjab","Amritsar","-1.0","-1.0","712.2"
"166","2003","9","Punjab","Amritsar","-1.0","-1.0","3651.1"
"166","2004","9","Punjab","Amritsar","-1.0","-1.0","2499.41"
"166","2005","9","Punjab","Amritsar","-1.0","-1.0","1843.03"
"166","2006","9","Punjab","Amritsar","-1.0","-1.0","2062.6"
"166","2007","9","Punjab","Amritsar","-1.0","-1.0","2054.81"
"166","2008","9","Punjab","Amritsar","-1.0","-1.0","1664.48"
"166","2009","9","Punjab","Amritsar","-1.0","-1.0","1734.45"
"166","2010","9","Punjab","Amritsar","-1.0","-1.0","1712.5"
"166","2011","9","Punjab","Amritsar","-1.0","-1.0","1620.11"
"166","2012","9","Punjab","Amritsar","25.64","1470.42","1496.06"
"166","2013","9","Punjab","Amritsar","21.14","1504.7","1525.84"
"167","1995","9","Punjab","Kapurthala","-1.0","-1.0","506.7"
"167","1997","9","Punjab","Kapurthala","-1.0","-1.0","652.7"
"167","1998","9","Punjab","Kapurthala","10.38","444.9","455.28"
"167","1999","9","Punjab","Kapurthala","-1.0","-1.0","270.7"
"167","2000","9","Punjab","Kapurthala","-1.0","-1.0","605.3"
"167","2001","9","Punjab","Kapurthala","-1.0","-1.0","739.7"
"167","2002","9","Punjab","Kapurthala","-1.0","-1.0","151.4"
"167","2003","9","Punjab","Kapurthala","-1.0","-1.0","273.5"
"167","2004","9","Punjab","Kapurthala","-1.0","-1.0","261.21"
"167","2005","9","Punjab","Kapurthala","-1.0","-1.0","276.49"
"167","2006","9","Punjab","Kapurthala","-1.0","-1.0","302.92"
"167","2007","9","Punjab","Kapurthala","-1.0","-1.0","329.77"
"167","2008","9","Punjab","Kapurthala","-1.0","-1.0","412.07"
"167","2009","9","Punjab","Kapurthala","-1.0","-1.0","118.01"
"167","2010","9","Punjab","Kapurthala","-1.0","-1.0","315.9"
"167","2011","9","Punjab","Kapurthala","-1.0","-1.0","356.49"
"167","2012","9","Punjab","Kapurthala","9.59","435.63","445.22"
"167","2013","9","Punjab","Kapurthala","8.59","633.81","642.4"
"168","1995","9","Punjab","Jalandhar","-1.0","-1.0","1384.3"
"168","1997","9","Punjab","Jalandhar","-1.0","-1.0","1665.9"
"168","1998","9","Punjab","Jalandhar","56.17","2407.3","2463.47"
"168","1999","9","Punjab","Jalandhar","-1.0","-1.0","2419.26"
"168","2000","9","Punjab","Jalandhar","-1.0","-1.0","2024.37"
"168","2001","9","Punjab","Jalandhar","-1.0","-1.0","1692.45"
"168","2002","9","Punjab","Jalandhar","-1.0","-1.0","1768.29"
"168","2003","9","Punjab","Jalandhar","-1.0","-1.0","1674.73"
"168","2004","9","Punjab","Jalandhar","-1.0","-1.0","2256.44"
"168","2005","9","Punjab","Jalandhar","-1.0","-1.0","1719.07"
"168","2006","9","Punjab","Jalandhar","-1.0","-1.0","1778.56"
"168","2007","9","Punjab","Jalandhar","-1.0","-1.0","1804.14"
"168","2008","9","Punjab","Jalandhar","-1.0","-1.0","1297.66"
"168","2009","9","Punjab","Jalandhar","-1.0","-1.0","1824.6"
"168","2010","9","Punjab","Jalandhar","-1.0","-1.0","1312.6"
"168","2011","9","Punjab","Jalandhar","-1.0","-1.0","1448.02"
"168","2012","9","Punjab","Jalandhar","20.66","1292.76","1313.42"
"168","2013","9","Punjab","Jalandhar","18.49","1399.4","1417.89"
"169","1995","9","Punjab","Hoshiarpur","-1.0","-1.0","839.8"
"169","1997","9","Punjab","Hoshiarpur","-1.0","-1.0","1126.01"
"169","1998","9","Punjab","Hoshiarpur","31.04","1330.49","1361.54"
"169","1999","9","Punjab","Hoshiarpur","-1.0","-1.0","1227.74"
"169","2000","9","Punjab","Hoshiarpur","-1.0","-1.0","1045.93"
"169","2001","9","Punjab","Hoshiarpur","-1.0","-1.0","905.85"
"169","2002","9","Punjab","Hoshiarpur","-1.0","-1.0","1086.91"
"169","2003","9","Punjab","Hoshiarpur","-1.0","-1.0","596.17"
"169","2004","9","Punjab","Hoshiarpur","-1.0","-1.0","823.2"
"169","2005","9","Punjab","Hoshiarpur","-1.0","-1.0","747.52"
"169","2006","9","Punjab","Hoshiarpur","-1.0","-1.0","998.03"
"169","2007","9","Punjab","Hoshiarpur","-1.0","-1.0","934.87"
"169","2008","9","Punjab","Hoshiarpur","-1.0","-1.0","873.02"
"169","2009","9","Punjab","Hoshiarpur","-1.0","-1.0","496.03"
"169","2010","9","Punjab","Hoshiarpur","-1.0","-1.0","1327.02"
"169","2011","9","Punjab","Hoshiarpur","-1.0","-1.0","825.03"
"169","2012","9","Punjab","Hoshiarpur","84.7","940.95","1025.65"
"169","2013","9","Punjab","Hoshiarpur","75.82","947.69","1023.5"
"170","1995","9","Punjab","Roopnagar / Ropar","-1.0","-1.0","947.5"
"170","1997","9","Punjab","Roopnagar / Ropar","-1.0","-1.0","1232.6"
"170","1998","9","Punjab","Roopnagar / Ropar","20.5","878.44","898.94"
"170","1999","9","Punjab","Roopnagar / Ropar","-1.0","-1.0","1428.3"
"170","2000","9","Punjab","Roopnagar / Ropar","-1.0","-1.0","1491.8"
"170","2001","9","Punjab","Roopnagar / Ropar","-1.0","-1.0","1798.9"
"170","2002","9","Punjab","Roopnagar / Ropar","-1.0","-1.0","1796.9"
"170","2003","9","Punjab","Roopnagar / Ropar","-1.0","-1.0","1906.1"
"170","2004","9","Punjab","Roopnagar / Ropar","-1.0","-1.0","2617.9"
"170","2005","9","Punjab","Roopnagar / Ropar","-1.0","-1.0","1530.64"
"170","2006","9","Punjab","Roopnagar / Ropar","-1.0","-1.0","1616.09"
"170","2007","9","Punjab","Roopnagar / Ropar","-1.0","-1.0","2832.59"
"170","2008","9","Punjab","Roopnagar / Ropar","-1.0","-1.0","2896.19"
"170","2009","9","Punjab","Roopnagar / Ropar","-1.0","-1.0","2543.89"
"170","2010","9","Punjab","Roopnagar / Ropar","-1.0","-1.0","2615.66"
"170","2011","9","Punjab","Roopnagar / Ropar","-1.0","-1.0","2660.51"
"170","2012","9","Punjab","Roopnagar / Ropar","56.29","2727.69","2783.98"
"170","2013","9","Punjab","Roopnagar / Ropar","50.39","2769.37","2819.76"
"171","1995","9","Punjab","Ludhiana","-1.0","-1.0","9595.94"
"171","1997","9","Punjab","Ludhiana","-1.0","-1.0","10655.43"
"171","1998","9","Punjab","Ludhiana","138.19","5922.63","6060.82"
"171","1999","9","Punjab","Ludhiana","-1.0","-1.0","5771.4"
"171","2000","9","Punjab","Ludhiana","-1.0","-1.0","6054.54"
"171","2001","9","Punjab","Ludhiana","-1.0","-1.0","4590.21"
"171","2002","9","Punjab","Ludhiana","-1.0","-1.0","5143.0"
"171","2003","9","Punjab","Ludhiana","-1.0","-1.0","5936.15"
"171","2004","9","Punjab","Ludhiana","-1.0","-1.0","6397.59"
"171","2005","9","Punjab","Ludhiana","-1.0","-1.0","7427.95"
"171","2006","9","Punjab","Ludhiana","-1.0","-1.0","7172.57"
"171","2007","9","Punjab","Ludhiana","-1.0","-1.0","7068.1"
"171","2008","9","Punjab","Ludhiana","-1.0","-1.0","6998.89"
"171","2009","9","Punjab","Ludhiana","-1.0","-1.0","6329.11"
"171","2010","9","Punjab","Ludhiana","-1.0","-1.0","6557.03"
"171","2011","9","Punjab","Ludhiana","-1.0","-1.0","7114.46"
"171","2012","9","Punjab","Ludhiana","21.9","7595.53","7617.42"
"171","2013","9","Punjab","Ludhiana","19.6","8286.13","8305.73"
"172","1995","9","Punjab","Ferozpur","-1.0","-1.0","2042.25"
"172","1997","9","Punjab","Ferozpur","-1.0","-1.0","2336.69"
"172","1998","9","Punjab","Ferozpur","62.26","2668.38","2730.64"
"172","1999","9","Punjab","Ferozpur","-1.0","-1.0","2381.49"
"172","2000","9","Punjab","Ferozpur","-1.0","-1.0","2344.31"
"172","2001","9","Punjab","Ferozpur","-1.0","-1.0","2530.78"
"172","2002","9","Punjab","Ferozpur","-1.0","-1.0","2460.78"
"172","2003","9","Punjab","Ferozpur","-1.0","-1.0","2125.13"
"172","2004","9","Punjab","Ferozpur","-1.0","-1.0","2722.63"
"172","2005","9","Punjab","Ferozpur","-1.0","-1.0","2610.47"
"172","2006","9","Punjab","Ferozpur","-1.0","-1.0","2714.57"
"172","2007","9","Punjab","Ferozpur","-1.0","-1.0","2763.19"
"172","2008","9","Punjab","Ferozpur","-1.0","-1.0","2392.43"
"172","2009","9","Punjab","Ferozpur","-1.0","-1.0","2140.05"
"172","2010","9","Punjab","Ferozpur","-1.0","-1.0","2192.84"
"172","2011","9","Punjab","Ferozpur","-1.0","-1.0","2177.08"
"172","2012","9","Punjab","Ferozpur","123.33","2256.95","2380.28"
"172","2013","9","Punjab","Ferozpur","113.33","2510.57","2623.9"
"174","1995","9","Punjab","Bhatinda","-1.0","-1.0","1210.15"
"174","1997","9","Punjab","Bhatinda","-1.0","-1.0","1683.51"
"174","1998","9","Punjab","Bhatinda","35.53","1522.73","1558.26"
"174","1999","9","Punjab","Bhatinda","-1.0","-1.0","1554.81"
"174","2000","9","Punjab","Bhatinda","-1.0","-1.0","1741.99"
"174","2001","9","Punjab","Bhatinda","-1.0","-1.0","1719.12"
"174","2002","9","Punjab","Bhatinda","-1.0","-1.0","1816.42"
"174","2003","9","Punjab","Bhatinda","-1.0","-1.0","1298.17"
"174","2004","9","Punjab","Bhatinda","-1.0","-1.0","1886.35"
"174","2005","9","Punjab","Bhatinda","-1.0","-1.0","1563.89"
"174","2006","9","Punjab","Bhatinda","-1.0","-1.0","1689.91"
"174","2007","9","Punjab","Bhatinda","-1.0","-1.0","1592.62"
"174","2008","9","Punjab","Bhatinda","-1.0","-1.0","1463.27"
"174","2009","9","Punjab","Bhatinda","-1.0","-1.0","1337.93"
"174","2010","9","Punjab","Bhatinda","-1.0","-1.0","1252.13"
"174","2011","9","Punjab","Bhatinda","-1.0","-1.0","1143.24"
"174","2012","9","Punjab","Bhatinda","72.89","1264.81","1337.7"
"174","2013","9","Punjab","Bhatinda","62.3","1544.27","1606.57"
"175","1995","9","Punjab","Sangrur","-1.0","-1.0","1899.58"
"175","1997","9","Punjab","Sangrur","-1.0","-1.0","1933.14"
"175","1998","9","Punjab","Sangrur","36.35","1557.68","1594.03"
"175","1999","9","Punjab","Sangrur","-1.0","-1.0","3479.94"
"175","2000","9","Punjab","Sangrur","-1.0","-1.0","5089.53"
"175","2001","9","Punjab","Sangrur","-1.0","-1.0","6817.55"
"175","2002","9","Punjab","Sangrur","-1.0","-1.0","6764.26"
"175","2003","9","Punjab","Sangrur","-1.0","-1.0","7031.84"
"175","2004","9","Punjab","Sangrur","-1.0","-1.0","7693.11"
"175","2005","9","Punjab","Sangrur","-1.0","-1.0","7596.58"
"175","2006","9","Punjab","Sangrur","-1.0","-1.0","7936.07"
"175","2007","9","Punjab","Sangrur","-1.0","-1.0","7699.45"
"175","2008","9","Punjab","Sangrur","-1.0","-1.0","7700.48"
"175","2009","9","Punjab","Sangrur","-1.0","-1.0","7007.15"
"175","2010","9","Punjab","Sangrur","-1.0","-1.0","6836.3"
"175","2011","9","Punjab","Sangrur","-1.0","-1.0","7025.15"
"175","2012","9","Punjab","Sangrur","110.87","7430.35","7541.22"
"175","2013","9","Punjab","Sangrur","99.24","9337.3","9436.54"
"176","1995","9","Punjab","Patiala","-1.0","-1.0","2243.97"
"176","1997","9","Punjab","Patiala","-1.0","-1.0","2617.63"
"176","1998","9","Punjab","Patiala","77.49","3320.96","3398.45"
"176","1999","9","Punjab","Patiala","-1.0","-1.0","4284.76"
"176","2000","9","Punjab","Patiala","-1.0","-1.0","4465.53"
"176","2001","9","Punjab","Patiala","-1.0","-1.0","4247.34"
"176","2002","9","Punjab","Patiala","-1.0","-1.0","5932.04"
"176","2003","9","Punjab","Patiala","-1.0","-1.0","3830.51"
"176","2004","9","Punjab","Patiala","-1.0","-1.0","7155.36"
"176","2005","9","Punjab","Patiala","-1.0","-1.0","7464.66"
"176","2006","9","Punjab","Patiala","-1.0","-1.0","8328.65"
"176","2007","9","Punjab","Patiala","-1.0","-1.0","7224.71"
"176","2008","9","Punjab","Patiala","-1.0","-1.0","7241.61"
"176","2009","9","Punjab","Patiala","-1.0","-1.0","5801.4"
"176","2010","9","Punjab","Patiala","-1.0","-1.0","7725.03"
"176","2011","9","Punjab","Patiala","-1.0","-1.0","7423.69"
"176","2012","9","Punjab","Patiala","68.73","8009.18","8077.92"
"176","2013","9","Punjab","Patiala","61.52","9171.52","9233.05"
"177","1992","4","Haryana","Hissar","84.02","123.35","207.37"
"177","1996","4","Haryana","Hissar","90.33","73.11","163.44"
"177","1997","4","Haryana","Hissar","91.08","75.27","166.35"
"177","1999","4","Haryana","Hissar","239.17","472.57","711.75"
"177","2007","4","Haryana","Hissar","-1.0","-1.0","528.11"
"177","2008","4","Haryana","Hissar","-1.0","-1.0","1019.87"
"177","2009","4","Haryana","Hissar","30.7","1036.75","1067.45"
"177","2010","4","Haryana","Hissar","32.19","1034.21","1066.4"
"177","2011","4","Haryana","Hissar","33.55","1073.27","1106.81"
"177","2012","4","Haryana","Hissar","34.43","1124.8","1159.23"
"177","2013","4","Haryana","Hissar","34.87","1159.49","1194.36"
"177","2014","4","Haryana","Hissar","37.15","1175.09","1212.24"
"177","2015","4","Haryana","Hissar","24.48","1902.82","1927.3"
"180","1992","4","Haryana","Gurgaon","81.47","1510.31","1591.79"
"180","1996","4","Haryana","Gurgaon","69.89","1118.92","1188.8"
"180","1997","4","Haryana","Gurgaon","70.47","1151.8","1222.26"
"180","1999","4","Haryana","Gurgaon","186.94","731.88","918.82"
"180","2007","4","Haryana","Gurgaon","-1.0","-1.0","1759.59"
"180","2008","4","Haryana","Gurgaon","-1.0","-1.0","989.75"
"180","2009","4","Haryana","Gurgaon","75.29","948.8","1024.09"
"180","2010","4","Haryana","Gurgaon","14.99","1062.94","1077.94"
"180","2011","4","Haryana","Gurgaon","15.63","1103.08","1118.71"
"180","2012","4","Haryana","Gurgaon","51.93","16684.89","16736.82"
"180","2013","4","Haryana","Gurgaon","52.66","17246.72","17299.38"
"180","2014","4","Haryana","Gurgaon","39.91","3311.09","3351.01"
"180","2015","4","Haryana","Gurgaon","13.93","2535.78","2549.71"
"181","1992","4","Haryana","Jind","34.9","89.45","124.34"
"181","1996","4","Haryana","Jind","44.7","41.62","86.32"
"181","1997","4","Haryana","Jind","45.07","42.85","87.92"
"181","1999","4","Haryana","Jind","115.5","503.37","618.87"
"181","2007","4","Haryana","Jind","-1.0","-1.0","2300.42"
"181","2008","4","Haryana","Jind","-1.0","-1.0","3712.39"
"181","2009","4","Haryana","Jind","112.78","3670.5","3783.27"
"181","2010","4","Haryana","Jind","115.87","3319.81","3435.67"
"181","2011","4","Haryana","Jind","120.77","3445.17","3565.93"
"181","2012","4","Haryana","Jind","120.95","3982.62","4103.57"
"181","2013","4","Haryana","Jind","127.04","4103.88","4230.92"
"181","2014","4","Haryana","Jind","131.65","4048.82","4180.47"
"181","2015","4","Haryana","Jind","8.82","7237.87","7246.69"
"182","1992","4","Haryana","Mahendragarh / Narnaul","13.7","32.01","45.71"
"182","1996","4","Haryana","Mahendragarh / Narnaul","16.19","8.66","24.85"
"182","1997","4","Haryana","Mahendragarh / Narnaul","16.32","8.92","25.24"
"182","1999","4","Haryana","Mahendragarh / Narnaul","32.72","82.35","115.07"
"182","2007","4","Haryana","Mahendragarh / Narnaul","-1.0","-1.0","273.15"
"182","2008","4","Haryana","Mahendragarh / Narnaul","-1.0","-1.0","130.24"
"182","2009","4","Haryana","Mahendragarh / Narnaul","13.22","119.72","132.94"
"182","2010","4","Haryana","Mahendragarh / Narnaul","13.59","170.34","183.93"
"182","2011","4","Haryana","Mahendragarh / Narnaul","14.16","176.77","190.93"
"182","2012","4","Haryana","Mahendragarh / Narnaul","14.83","126.3","141.13"
"182","2013","4","Haryana","Mahendragarh / Narnaul","15.16","129.9","145.06"
"182","2014","4","Haryana","Mahendragarh / Narnaul","20.5","174.82","195.31"
"182","2015","4","Haryana","Mahendragarh / Narnaul","15.4","724.26","739.66"
"183","1992","4","Haryana","Ambala","77.38","2055.59","2132.97"
"183","1996","4","Haryana","Ambala","135.3","3135.33","3270.63"
"183","1997","4","Haryana","Ambala","136.43","3227.18","3363.6"
"183","1999","4","Haryana","Ambala","429.32","3529.41","3958.73"
"183","2007","4","Haryana","Ambala","-1.0","-1.0","20529.13"
"183","2008","4","Haryana","Ambala","-1.0","-1.0","17685.07"
"183","2009","4","Haryana","Ambala","37.56","17879.73","17917.29"
"183","2010","4","Haryana","Ambala","38.88","18597.31","18636.19"
"183","2011","4","Haryana","Ambala","40.52","19299.58","19340.11"
"183","2012","4","Haryana","Ambala","60.2","5989.19","6049.39"
"183","2013","4","Haryana","Ambala","61.26","6182.71","6243.97"
"183","2014","4","Haryana","Ambala","52.01","4013.84","4065.85"
"183","2015","4","Haryana","Ambala","8.72","3898.25","3906.96"
"184","1992","4","Haryana","Karnal","130.97","507.73","638.7"
"184","1996","4","Haryana","Karnal","107.63","992.78","1100.41"
"184","1997","4","Haryana","Karnal","108.82","1022.05","1130.87"
"184","1999","4","Haryana","Karnal","177.89","855.01","1032.91"
"184","2007","4","Haryana","Karnal","-1.0","-1.0","11292.36"
"184","2008","4","Haryana","Karnal","-1.0","-1.0","12007.1"
"184","2009","4","Haryana","Karnal","175.58","11982.68","12158.26"
"184","2010","4","Haryana","Karnal","180.63","12531.85","12712.48"
"184","2011","4","Haryana","Karnal","188.27","13005.07","13193.34"
"184","2012","4","Haryana","Karnal","213.86","11078.58","11292.44"
"184","2013","4","Haryana","Karnal","219.45","11325.95","11545.4"
"184","2014","4","Haryana","Karnal","191.45","29541.02","29732.47"
"184","2015","4","Haryana","Karnal","20.99","30554.66","30575.65"
"186","1992","4","Haryana","Rohtak","44.96","384.58","429.54"
"186","1996","4","Haryana","Rohtak","44.39","556.98","601.37"
"186","1997","4","Haryana","Rohtak","44.75","573.71","618.46"
"186","1999","4","Haryana","Rohtak","81.11","144.82","225.93"
"186","2007","4","Haryana","Rohtak","-1.0","-1.0","2400.6"
"186","2008","4","Haryana","Rohtak","-1.0","-1.0","2587.54"
"186","2009","4","Haryana","Rohtak","33.69","2569.24","2602.93"
"186","2010","4","Haryana","Rohtak","99.83","2428.08","2527.91"
"186","2011","4","Haryana","Rohtak","104.05","2519.77","2623.82"
"186","2012","4","Haryana","Rohtak","37.78","2802.46","2840.24"
"186","2013","4","Haryana","Rohtak","38.7","2892.85","2931.55"
"186","2014","4","Haryana","Rohtak","98.01","2953.98","3051.99"
"186","2015","4","Haryana","Rohtak","10.29","5424.38","5434.67"
"189","1995","12","Uttar Pradesh","Saharanpur","-1.0","-1.0","156.44"
"189","1996","12","Uttar Pradesh","Saharanpur","-1.0","-1.0","166.57"
"189","1997","12","Uttar Pradesh","Saharanpur","-1.0","-1.0","174.04"
"189","2001","12","Uttar Pradesh","Saharanpur","-1.0","-1.0","49.34"
"189","2002","12","Uttar Pradesh","Saharanpur","-1.0","-1.0","49.73"
"189","2003","12","Uttar Pradesh","Saharanpur","-1.0","-1.0","25.27"
"189","2004","12","Uttar Pradesh","Saharanpur","-1.0","-1.0","25.39"
"189","2005","12","Uttar Pradesh","Saharanpur","-1.0","-1.0","24.44"
"189","2006","12","Uttar Pradesh","Saharanpur","-1.0","-1.0","24.65"
"189","2007","12","Uttar Pradesh","Saharanpur","-1.0","-1.0","27.77"
"189","2008","12","Uttar Pradesh","Saharanpur","-1.0","-1.0","24.9"
"189","2009","12","Uttar Pradesh","Saharanpur","-1.0","-1.0","29.98"
"189","2010","12","Uttar Pradesh","Saharanpur","-1.0","-1.0","31.66"
"189","2011","12","Uttar Pradesh","Saharanpur","-1.0","-1.0","37.55"
"189","2012","12","Uttar Pradesh","Saharanpur","-1.0","-1.0","52.46"
"189","2013","12","Uttar Pradesh","Saharanpur","-1.0","-1.0","80.95"
"189","2014","12","Uttar Pradesh","Saharanpur","-1.0","-1.0","78.45"
"189","2015","12","Uttar Pradesh","Saharanpur","-1.0","-1.0","528.55"
"190","1995","12","Uttar Pradesh","Muzaffarnagar","-1.0","-1.0","96.72"
"190","1996","12","Uttar Pradesh","Muzaffarnagar","-1.0","-1.0","101.86"
"190","1997","12","Uttar Pradesh","Muzaffarnagar","-1.0","-1.0","106.89"
"190","2015","12","Uttar Pradesh","Muzaffarnagar","-1.0","-1.0","511.93"
"191","1995","12","Uttar Pradesh","Meerut","-1.0","-1.0","208.31"
"191","1996","12","Uttar Pradesh","Meerut","-1.0","-1.0","209.95"
"191","1997","12","Uttar Pradesh","Meerut","-1.0","-1.0","219.83"
"191","2015","12","Uttar Pradesh","Meerut","-1.0","-1.0","421.03"
"192","1995","12","Uttar Pradesh","Buland Shahar","-1.0","-1.0","131.35"
"192","1996","12","Uttar Pradesh","Buland Shahar","-1.0","-1.0","141.62"
"192","1997","12","Uttar Pradesh","Buland Shahar","-1.0","-1.0","147.75"
"192","2015","12","Uttar Pradesh","Buland Shahar","-1.0","-1.0","295.47"
"194","1995","12","Uttar Pradesh","Aligarh","-1.0","-1.0","61.99"
"194","1996","12","Uttar Pradesh","Aligarh","-1.0","-1.0","65.43"
"194","1997","12","Uttar Pradesh","Aligarh","-1.0","-1.0","69.51"
"194","2015","12","Uttar Pradesh","Aligarh","-1.0","-1.0","147.22"
"195","1995","12","Uttar Pradesh","Mathura","-1.0","-1.0","25.82"
"195","1996","12","Uttar Pradesh","Mathura","-1.0","-1.0","27.28"
"195","1997","12","Uttar Pradesh","Mathura","-1.0","-1.0","29.41"
"195","2015","12","Uttar Pradesh","Mathura","-1.0","-1.0","65.63"
"196","1995","12","Uttar Pradesh","Agra","-1.0","-1.0","43.09"
"196","1996","12","Uttar Pradesh","Agra","-1.0","-1.0","44.96"
"196","1997","12","Uttar Pradesh","Agra","-1.0","-1.0","47.92"
"196","2015","12","Uttar Pradesh","Agra","-1.0","-1.0","135.8"
"197","1995","12","Uttar Pradesh","Mainpuri","-1.0","-1.0","45.43"
"197","1996","12","Uttar Pradesh","Mainpuri","-1.0","-1.0","47.22"
"197","1997","12","Uttar Pradesh","Mainpuri","-1.0","-1.0","50.34"
"197","2015","12","Uttar Pradesh","Mainpuri","-1.0","-1.0","72.76"
"198","1995","12","Uttar Pradesh","Etah","-1.0","-1.0","81.39"
"198","1996","12","Uttar Pradesh","Etah","-1.0","-1.0","81.7"
"198","1997","12","Uttar Pradesh","Etah","-1.0","-1.0","85.96"
"198","2015","12","Uttar Pradesh","Etah","-1.0","-1.0","114.13"
"199","1995","12","Uttar Pradesh","Bareilly","-1.0","-1.0","108.88"
"199","1996","12","Uttar Pradesh","Bareilly","-1.0","-1.0","113.22"
"199","1997","12","Uttar Pradesh","Bareilly","-1.0","-1.0","117.69"
"199","2015","12","Uttar Pradesh","Bareilly","-1.0","-1.0","166.7"
"200","1995","12","Uttar Pradesh","Budaun","-1.0","-1.0","58.64"
"200","1996","12","Uttar Pradesh","Budaun","-1.0","-1.0","62.6"
"200","1997","12","Uttar Pradesh","Budaun","-1.0","-1.0","65.35"
"201","1995","12","Uttar Pradesh","Moradabad","-1.0","-1.0","356.88"
"201","1996","12","Uttar Pradesh","Moradabad","-1.0","-1.0","378.43"
"201","1997","12","Uttar Pradesh","Moradabad","-1.0","-1.0","396.08"
"201","2015","12","Uttar Pradesh","Moradabad","-1.0","-1.0","299.73"
"202","1995","12","Uttar Pradesh","Shahjahanpur","-1.0","-1.0","68.79"
"202","1996","12","Uttar Pradesh","Shahjahanpur","-1.0","-1.0","72.46"
"202","1997","12","Uttar Pradesh","Shahjahanpur","-1.0","-1.0","75.2"
"202","2015","12","Uttar Pradesh","Shahjahanpur","-1.0","-1.0","209.47"
"203","1995","12","Uttar Pradesh","Pilibhit","-1.0","-1.0","83.75"
"203","1996","12","Uttar Pradesh","Pilibhit","-1.0","-1.0","86.85"
"203","1997","12","Uttar Pradesh","Pilibhit","-1.0","-1.0","90.34"
"203","2015","12","Uttar Pradesh","Pilibhit","-1.0","-1.0","70.11"
"204","2015","12","Uttar Pradesh","Rampur","-1.0","-1.0","311.27"
"205","2015","12","Uttar Pradesh","Bijnor","-1.0","-1.0","207.91"
"206","1995","12","Uttar Pradesh","Farrukhabad","-1.0","-1.0","75.79"
"206","1996","12","Uttar Pradesh","Farrukhabad","-1.0","-1.0","78.85"
"206","1997","12","Uttar Pradesh","Farrukhabad","-1.0","-1.0","81.43"
"206","2015","12","Uttar Pradesh","Farrukhabad","-1.0","-1.0","107.16"
"207","1995","12","Uttar Pradesh","Etawah","-1.0","-1.0","40.65"
"207","1996","12","Uttar Pradesh","Etawah","-1.0","-1.0","42.99"
"207","1997","12","Uttar Pradesh","Etawah","-1.0","-1.0","43.29"
"207","2015","12","Uttar Pradesh","Etawah","-1.0","-1.0","63.17"
"208","1995","12","Uttar Pradesh","Kanpur","-1.0","-1.0","71.62"
"208","1996","12","Uttar Pradesh","Kanpur","-1.0","-1.0","74.85"
"208","1997","12","Uttar Pradesh","Kanpur","-1.0","-1.0","78.6"
"208","2015","12","Uttar Pradesh","Kanpur","-1.0","-1.0","776.57"
"209","1995","12","Uttar Pradesh","Fatehpur","-1.0","-1.0","84.64"
"209","1996","12","Uttar Pradesh","Fatehpur","-1.0","-1.0","86.8"
"209","1997","12","Uttar Pradesh","Fatehpur","-1.0","-1.0","90.91"
"209","2015","12","Uttar Pradesh","Fatehpur","-1.0","-1.0","80.67"
"210","1995","12","Uttar Pradesh","Allahabad","-1.0","-1.0","186.51"
"210","1996","12","Uttar Pradesh","Allahabad","-1.0","-1.0","190.84"
"210","1997","12","Uttar Pradesh","Allahabad","-1.0","-1.0","197.32"
"210","2015","12","Uttar Pradesh","Allahabad","-1.0","-1.0","179.84"
"211","1995","12","Uttar Pradesh","Jhansi","-1.0","-1.0","76.16"
"211","1996","12","Uttar Pradesh","Jhansi","-1.0","-1.0","78.3"
"211","1997","12","Uttar Pradesh","Jhansi","-1.0","-1.0","81.13"
"211","2015","12","Uttar Pradesh","Jhansi","-1.0","-1.0","117.36"
"213","1995","12","Uttar Pradesh","Jalaun","-1.0","-1.0","34.39"
"213","1996","12","Uttar Pradesh","Jalaun","-1.0","-1.0","35.81"
"213","1997","12","Uttar Pradesh","Jalaun","-1.0","-1.0","36.24"
"213","2015","12","Uttar Pradesh","Jalaun","-1.0","-1.0","37.88"
"214","1995","12","Uttar Pradesh","Hamirpur","-1.0","-1.0","49.44"
"214","1996","12","Uttar Pradesh","Hamirpur","-1.0","-1.0","50.44"
"214","1997","12","Uttar Pradesh","Hamirpur","-1.0","-1.0","53.88"
"214","2015","12","Uttar Pradesh","Hamirpur","-1.0","-1.0","95.88"
"215","1995","12","Uttar Pradesh","Banda","-1.0","-1.0","34.44"
"215","1996","12","Uttar Pradesh","Banda","-1.0","-1.0","35.07"
"215","1997","12","Uttar Pradesh","Banda","-1.0","-1.0","38.5"
"215","2015","12","Uttar Pradesh","Banda","-1.0","-1.0","76.63"
"216","1995","12","Uttar Pradesh","Varanasi","-1.0","-1.0","167.26"
"216","1996","12","Uttar Pradesh","Varanasi","-1.0","-1.0","169.03"
"216","1997","12","Uttar Pradesh","Varanasi","-1.0","-1.0","172.95"
"216","2015","12","Uttar Pradesh","Varanasi","-1.0","-1.0","364.2"
"217","1995","12","Uttar Pradesh","Mirzpur","-1.0","-1.0","173.29"
"217","1996","12","Uttar Pradesh","Mirzpur","-1.0","-1.0","173.89"
"217","1997","12","Uttar Pradesh","Mirzpur","-1.0","-1.0","179.82"
"217","2015","12","Uttar Pradesh","Mirzpur","-1.0","-1.0","510.3"
"218","1995","12","Uttar Pradesh","Jaunpur","-1.0","-1.0","211.91"
"218","1996","12","Uttar Pradesh","Jaunpur","-1.0","-1.0","216.86"
"218","1997","12","Uttar Pradesh","Jaunpur","-1.0","-1.0","221.25"
"218","2015","12","Uttar Pradesh","Jaunpur","-1.0","-1.0","257.23"
"219","1995","12","Uttar Pradesh","Ghazipur","-1.0","-1.0","183.16"
"219","1996","12","Uttar Pradesh","Ghazipur","-1.0","-1.0","187.07"
"219","1997","12","Uttar Pradesh","Ghazipur","-1.0","-1.0","190.01"
"219","2015","12","Uttar Pradesh","Ghazipur","-1.0","-1.0","189.1"
"220","1995","12","Uttar Pradesh","Ballia","-1.0","-1.0","112.18"
"220","1996","12","Uttar Pradesh","Ballia","-1.0","-1.0","117.36"
"220","1997","12","Uttar Pradesh","Ballia","-1.0","-1.0","119.29"
"220","2015","12","Uttar Pradesh","Ballia","-1.0","-1.0","118.63"
"221","1995","12","Uttar Pradesh","Gorakhpur","-1.0","-1.0","206.92"
"221","1996","12","Uttar Pradesh","Gorakhpur","-1.0","-1.0","216.85"
"221","1997","12","Uttar Pradesh","Gorakhpur","-1.0","-1.0","230.62"
"221","2015","12","Uttar Pradesh","Gorakhpur","-1.0","-1.0","712.03"
"222","1995","12","Uttar Pradesh","Deoria","-1.0","-1.0","168.31"
"222","1996","12","Uttar Pradesh","Deoria","-1.0","-1.0","180.54"
"222","1997","12","Uttar Pradesh","Deoria","-1.0","-1.0","183.46"
"222","2015","12","Uttar Pradesh","Deoria","-1.0","-1.0","309.73"
"223","1995","12","Uttar Pradesh","Basti","-1.0","-1.0","160.17"
"223","1996","12","Uttar Pradesh","Basti","-1.0","-1.0","167.79"
"223","1997","12","Uttar Pradesh","Basti","-1.0","-1.0","175.71"
"223","2015","12","Uttar Pradesh","Basti","-1.0","-1.0","234.37"
"224","1995","12","Uttar Pradesh","Azamgarh","-1.0","-1.0","343.98"
"224","1996","12","Uttar Pradesh","Azamgarh","-1.0","-1.0","352.83"
"224","1997","12","Uttar Pradesh","Azamgarh","-1.0","-1.0","360.39"
"224","2015","12","Uttar Pradesh","Azamgarh","-1.0","-1.0","370.82"
"225","1995","12","Uttar Pradesh","Lucknow","-1.0","-1.0","95.2"
"225","1996","12","Uttar Pradesh","Lucknow","-1.0","-1.0","96.87"
"225","1997","12","Uttar Pradesh","Lucknow","-1.0","-1.0","98.86"
"225","2015","12","Uttar Pradesh","Lucknow","-1.0","-1.0","946.27"
"226","1995","12","Uttar Pradesh","Unnao","-1.0","-1.0","66.48"
"226","1996","12","Uttar Pradesh","Unnao","-1.0","-1.0","69.97"
"226","1997","12","Uttar Pradesh","Unnao","-1.0","-1.0","73.0"
"226","2015","12","Uttar Pradesh","Unnao","-1.0","-1.0","79.79"
"227","1995","12","Uttar Pradesh","Rae-Bareily","-1.0","-1.0","83.02"
"227","1996","12","Uttar Pradesh","Rae-Bareily","-1.0","-1.0","84.14"
"227","1997","12","Uttar Pradesh","Rae-Bareily","-1.0","-1.0","86.49"
"227","2015","12","Uttar Pradesh","Rae-Bareily","-1.0","-1.0","42.47"
"228","1995","12","Uttar Pradesh","Sitapur","-1.0","-1.0","89.04"
"228","1996","12","Uttar Pradesh","Sitapur","-1.0","-1.0","92.05"
"228","1997","12","Uttar Pradesh","Sitapur","-1.0","-1.0","93.01"
"228","2015","12","Uttar Pradesh","Sitapur","-1.0","-1.0","228.51"
"229","1995","12","Uttar Pradesh","Hardoi","-1.0","-1.0","73.06"
"229","1996","12","Uttar Pradesh","Hardoi","-1.0","-1.0","76.37"
"229","1997","12","Uttar Pradesh","Hardoi","-1.0","-1.0","76.17"
"229","2015","12","Uttar Pradesh","Hardoi","-1.0","-1.0","128.44"
"230","1995","12","Uttar Pradesh","Kheri","-1.0","-1.0","101.63"
"230","1996","12","Uttar Pradesh","Kheri","-1.0","-1.0","103.85"
"230","1997","12","Uttar Pradesh","Kheri","-1.0","-1.0","107.73"
"230","2015","12","Uttar Pradesh","Kheri","-1.0","-1.0","106.29"
"231","1995","12","Uttar Pradesh","Faizabad","-1.0","-1.0","99.98"
"231","1996","12","Uttar Pradesh","Faizabad","-1.0","-1.0","102.06"
"231","1997","12","Uttar Pradesh","Faizabad","-1.0","-1.0","108.11"
"231","2015","12","Uttar Pradesh","Faizabad","-1.0","-1.0","337.19"
"232","1995","12","Uttar Pradesh","Gonda","-1.0","-1.0","133.22"
"232","1996","12","Uttar Pradesh","Gonda","-1.0","-1.0","137.66"
"232","1997","12","Uttar Pradesh","Gonda","-1.0","-1.0","143.05"
"232","2015","12","Uttar Pradesh","Gonda","-1.0","-1.0","260.21"
"233","1995","12","Uttar Pradesh","Bahraich","-1.0","-1.0","77.57"
"233","1996","12","Uttar Pradesh","Bahraich","-1.0","-1.0","81.24"
"233","1997","12","Uttar Pradesh","Bahraich","-1.0","-1.0","83.86"
"233","2015","12","Uttar Pradesh","Bahraich","-1.0","-1.0","228.26"
"234","1995","12","Uttar Pradesh","Sultanpur","-1.0","-1.0","111.42"
"234","1996","12","Uttar Pradesh","Sultanpur","-1.0","-1.0","115.48"
"234","1997","12","Uttar Pradesh","Sultanpur","-1.0","-1.0","122.11"
"234","2015","12","Uttar Pradesh","Sultanpur","-1.0","-1.0","329.63"
"235","1995","12","Uttar Pradesh","Pratapgarh","-1.0","-1.0","89.36"
"235","1996","12","Uttar Pradesh","Pratapgarh","-1.0","-1.0","92.0"
"235","1997","12","Uttar Pradesh","Pratapgarh","-1.0","-1.0","95.85"
"235","2015","12","Uttar Pradesh","Pratapgarh","-1.0","-1.0","110.78"
"236","1995","12","Uttar Pradesh","Barabanki","-1.0","-1.0","105.98"
"236","1996","12","Uttar Pradesh","Barabanki","-1.0","-1.0","109.51"
"236","1997","12","Uttar Pradesh","Barabanki","-1.0","-1.0","114.22"
"236","2015","12","Uttar Pradesh","Barabanki","-1.0","-1.0","295.01"
"237","1995","16","Uttarakhand","Nainital","-1.0","-1.0","394.28"
"237","1996","16","Uttarakhand","Nainital","-1.0","-1.0","412.95"
"237","1997","16","Uttarakhand","Nainital","-1.0","-1.0","441.24"
"237","2001","16","Uttarakhand","Nainital","-1.0","-1.0","419.97"
"237","2002","16","Uttarakhand","Nainital","-1.0","-1.0","423.46"
"237","2003","16","Uttarakhand","Nainital","-1.0","-1.0","1204.67"
"237","2004","16","Uttarakhand","Nainital","-1.0","-1.0","1227.96"
"237","2005","16","Uttarakhand","Nainital","-1.0","-1.0","1230.56"
"237","2006","16","Uttarakhand","Nainital","-1.0","-1.0","1242.98"
"237","2007","16","Uttarakhand","Nainital","-1.0","-1.0","1255.16"
"237","2008","16","Uttarakhand","Nainital","-1.0","-1.0","1301.29"
"237","2009","16","Uttarakhand","Nainital","-1.0","-1.0","1915.51"
"237","2010","16","Uttarakhand","Nainital","-1.0","-1.0","1971.48"
"237","2011","16","Uttarakhand","Nainital","-1.0","-1.0","2022.02"
"237","2012","16","Uttarakhand","Nainital","-1.0","-1.0","2316.37"
"237","2013","16","Uttarakhand","Nainital","-1.0","-1.0","2494.5"
"237","2014","16","Uttarakhand","Nainital","-1.0","-1.0","2711.55"
"237","2015","16","Uttarakhand","Nainital","-1.0","-1.0","2858.48"
"238","2001","16","Uttarakhand","Almorah","-1.0","-1.0","67.28"
"238","2002","16","Uttarakhand","Almorah","-1.0","-1.0","68.85"
"238","2003","16","Uttarakhand","Almorah","-1.0","-1.0","58.42"
"238","2004","16","Uttarakhand","Almorah","-1.0","-1.0","60.62"
"238","2005","16","Uttarakhand","Almorah","-1.0","-1.0","63.0"
"238","2006","16","Uttarakhand","Almorah","-1.0","-1.0","63.46"
"238","2007","16","Uttarakhand","Almorah","-1.0","-1.0","63.41"
"238","2008","16","Uttarakhand","Almorah","-1.0","-1.0","63.19"
"238","2009","16","Uttarakhand","Almorah","-1.0","-1.0","67.06"
"238","2010","16","Uttarakhand","Almorah","-1.0","-1.0","67.82"
"238","2011","16","Uttarakhand","Almorah","-1.0","-1.0","73.52"
"238","2012","16","Uttarakhand","Almorah","-1.0","-1.0","84.64"
"238","2013","16","Uttarakhand","Almorah","-1.0","-1.0","97.22"
"238","2014","16","Uttarakhand","Almorah","-1.0","-1.0","118.35"
"238","2015","16","Uttarakhand","Almorah","-1.0","-1.0","130.81"
"239","2001","16","Uttarakhand","Pithorgarh","-1.0","-1.0","49.07"
"239","2002","16","Uttarakhand","Pithorgarh","-1.0","-1.0","50.21"
"239","2003","16","Uttarakhand","Pithorgarh","-1.0","-1.0","83.68"
"239","2004","16","Uttarakhand","Pithorgarh","-1.0","-1.0","84.07"
"239","2005","16","Uttarakhand","Pithorgarh","-1.0","-1.0","91.35"
"239","2006","16","Uttarakhand","Pithorgarh","-1.0","-1.0","91.93"
"239","2007","16","Uttarakhand","Pithorgarh","-1.0","-1.0","92.29"
"239","2008","16","Uttarakhand","Pithorgarh","-1.0","-1.0","91.99"
"239","2009","16","Uttarakhand","Pithorgarh","-1.0","-1.0","49.48"
"239","2010","16","Uttarakhand","Pithorgarh","-1.0","-1.0","51.93"
"239","2011","16","Uttarakhand","Pithorgarh","-1.0","-1.0","53.88"
"239","2012","16","Uttarakhand","Pithorgarh","-1.0","-1.0","63.17"
"239","2013","16","Uttarakhand","Pithorgarh","-1.0","-1.0","75.32"
"239","2014","16","Uttarakhand","Pithorgarh","-1.0","-1.0","84.01"
"239","2015","16","Uttarakhand","Pithorgarh","-1.0","-1.0","94.53"
"240","2001","16","Uttarakhand","Chamoli","-1.0","-1.0","10.88"
"240","2002","16","Uttarakhand","Chamoli","-1.0","-1.0","11.23"
"240","2003","16","Uttarakhand","Chamoli","-1.0","-1.0","17.32"
"240","2004","16","Uttarakhand","Chamoli","-1.0","-1.0","16.84"
"240","2005","16","Uttarakhand","Chamoli","-1.0","-1.0","16.6"
"240","2006","16","Uttarakhand","Chamoli","-1.0","-1.0","16.46"
"240","2007","16","Uttarakhand","Chamoli","-1.0","-1.0","16.29"
"240","2008","16","Uttarakhand","Chamoli","-1.0","-1.0","16.81"
"240","2009","16","Uttarakhand","Chamoli","-1.0","-1.0","19.3"
"240","2010","16","Uttarakhand","Chamoli","-1.0","-1.0","21.08"
"240","2011","16","Uttarakhand","Chamoli","-1.0","-1.0","24.73"
"240","2012","16","Uttarakhand","Chamoli","-1.0","-1.0","29.69"
"240","2013","16","Uttarakhand","Chamoli","-1.0","-1.0","34.71"
"240","2014","16","Uttarakhand","Chamoli","-1.0","-1.0","45.44"
"240","2015","16","Uttarakhand","Chamoli","-1.0","-1.0","50.41"
"241","2001","16","Uttarakhand","Uttar Kashi","-1.0","-1.0","8.61"
"241","2002","16","Uttarakhand","Uttar Kashi","-1.0","-1.0","8.93"
"241","2003","16","Uttarakhand","Uttar Kashi","-1.0","-1.0","22.14"
"241","2004","16","Uttarakhand","Uttar Kashi","-1.0","-1.0","20.71"
"241","2005","16","Uttarakhand","Uttar Kashi","-1.0","-1.0","22.73"
"241","2006","16","Uttarakhand","Uttar Kashi","-1.0","-1.0","22.89"
"241","2007","16","Uttarakhand","Uttar Kashi","-1.0","-1.0","23.03"
"241","2008","16","Uttarakhand","Uttar Kashi","-1.0","-1.0","23.14"
"241","2009","16","Uttarakhand","Uttar Kashi","-1.0","-1.0","26.05"
"241","2010","16","Uttarakhand","Uttar Kashi","-1.0","-1.0","26.6"
"241","2011","16","Uttarakhand","Uttar Kashi","-1.0","-1.0","28.19"
"241","2012","16","Uttarakhand","Uttar Kashi","-1.0","-1.0","31.54"
"241","2013","16","Uttarakhand","Uttar Kashi","-1.0","-1.0","36.0"
"241","2014","16","Uttarakhand","Uttar Kashi","-1.0","-1.0","40.6"
"241","2015","16","Uttarakhand","Uttar Kashi","-1.0","-1.0","39.71"
"242","2001","16","Uttarakhand","Tehri Garhwal","-1.0","-1.0","30.65"
"242","2002","16","Uttarakhand","Tehri Garhwal","-1.0","-1.0","31.77"
"242","2003","16","Uttarakhand","Tehri Garhwal","-1.0","-1.0","20.94"
"242","2004","16","Uttarakhand","Tehri Garhwal","-1.0","-1.0","21.22"
"242","2005","16","Uttarakhand","Tehri Garhwal","-1.0","-1.0","21.51"
"242","2006","16","Uttarakhand","Tehri Garhwal","-1.0","-1.0","21.65"
"242","2007","16","Uttarakhand","Tehri Garhwal","-1.0","-1.0","21.78"
"242","2008","16","Uttarakhand","Tehri Garhwal","-1.0","-1.0","21.89"
"242","2009","16","Uttarakhand","Tehri Garhwal","-1.0","-1.0","33.06"
"242","2010","16","Uttarakhand","Tehri Garhwal","-1.0","-1.0","34.02"
"242","2011","16","Uttarakhand","Tehri Garhwal","-1.0","-1.0","38.66"
"242","2012","16","Uttarakhand","Tehri Garhwal","-1.0","-1.0","41.83"
"242","2013","16","Uttarakhand","Tehri Garhwal","-1.0","-1.0","46.09"
"242","2014","16","Uttarakhand","Tehri Garhwal","-1.0","-1.0","51.78"
"242","2015","16","Uttarakhand","Tehri Garhwal","-1.0","-1.0","56.07"
"243","1995","16","Uttarakhand","Garhwal","-1.0","-1.0","231.67"
"243","1996","16","Uttarakhand","Garhwal","-1.0","-1.0","252.28"
"243","1997","16","Uttarakhand","Garhwal","-1.0","-1.0","265.83"
"243","2001","16","Uttarakhand","Garhwal","-1.0","-1.0","54.63"
"243","2002","16","Uttarakhand","Garhwal","-1.0","-1.0","56.5"
"243","2003","16","Uttarakhand","Garhwal","-1.0","-1.0","52.75"
"243","2004","16","Uttarakhand","Garhwal","-1.0","-1.0","50.85"
"243","2005","16","Uttarakhand","Garhwal","-1.0","-1.0","50.69"
"243","2006","16","Uttarakhand","Garhwal","-1.0","-1.0","50.23"
"243","2007","16","Uttarakhand","Garhwal","-1.0","-1.0","49.53"
"243","2008","16","Uttarakhand","Garhwal","-1.0","-1.0","51.17"
"243","2009","16","Uttarakhand","Garhwal","-1.0","-1.0","37.51"
"243","2010","16","Uttarakhand","Garhwal","-1.0","-1.0","37.94"
"243","2011","16","Uttarakhand","Garhwal","-1.0","-1.0","40.65"
"243","2012","16","Uttarakhand","Garhwal","-1.0","-1.0","45.77"
"243","2013","16","Uttarakhand","Garhwal","-1.0","-1.0","53.22"
"243","2014","16","Uttarakhand","Garhwal","-1.0","-1.0","66.02"
"243","2015","16","Uttarakhand","Garhwal","-1.0","-1.0","71.01"
"244","2001","16","Uttarakhand","Dehradun","-1.0","-1.0","203.25"
"244","2002","16","Uttarakhand","Dehradun","-1.0","-1.0","208.41"
"244","2003","16","Uttarakhand","Dehradun","-1.0","-1.0","356.57"
"244","2004","16","Uttarakhand","Dehradun","-1.0","-1.0","357.9"
"244","2005","16","Uttarakhand","Dehradun","-1.0","-1.0","352.42"
"244","2006","16","Uttarakhand","Dehradun","-1.0","-1.0","354.43"
"244","2007","16","Uttarakhand","Dehradun","-1.0","-1.0","364.23"
"244","2008","16","Uttarakhand","Dehradun","-1.0","-1.0","367.41"
"244","2009","16","Uttarakhand","Dehradun","-1.0","-1.0","357.77"
"244","2010","16","Uttarakhand","Dehradun","-1.0","-1.0","371.31"
"244","2011","16","Uttarakhand","Dehradun","-1.0","-1.0","389.73"
"244","2012","16","Uttarakhand","Dehradun","-1.0","-1.0","413.71"
"244","2013","16","Uttarakhand","Dehradun","-1.0","-1.0","451.72"
"244","2014","16","Uttarakhand","Dehradun","-1.0","-1.0","501.21"
"244","2015","16","Uttarakhand","Dehradun","-1.0","-1.0","520.44"
"601","1980","17","Assam","Cachar","-1.0","-1.0","460.0"
"601","1981","17","Assam","Cachar","-1.0","-1.0","538.5"
"601","1982","17","Assam","Cachar","-1.0","-1.0","472.1"
"601","1983","17","Assam","Cachar","-1.0","-1.0","553.9"
"601","1984","17","Assam","Cachar","-1.0","-1.0","602.6"
"601","1986","17","Assam","Cachar","-1.0","-1.0","135.19"
"601","1990","17","Assam","Cachar","-1.0","-1.0","398.17"
"601","1996","17","Assam","Cachar","-1.0","-1.0","438.71"
"601","2004","17","Assam","Cachar","295.09","67.82","581.94"
"601","2005","17","Assam","Cachar","256.77","67.12","511.1"
"601","2006","17","Assam","Cachar","267.42","44.82","482.96"
"601","2007","17","Assam","Cachar","226.66","32.96","389.14"
"601","2008","17","Assam","Cachar","312.25","23.07","471.49"
"601","2009","17","Assam","Cachar","335.46","23.33","486.92"
"601","2010","17","Assam","Cachar","320.22","33.63","494.57"
"601","2011","17","Assam","Cachar","338.89","21.27","476.5"
"601","2012","17","Assam","Cachar","378.4","18.44","539.72"
"601","2013","17","Assam","Cachar","350.62","14.97","516.88"
"601","2014","17","Assam","Cachar","458.52","15.84","591.23"
"601","2015","17","Assam","Cachar","457.67","13.22","624.5"
"602","1980","17","Assam","Darrang","-1.0","-1.0","309.2"
"602","1981","17","Assam","Darrang","-1.0","-1.0","317.0"
"602","1982","17","Assam","Darrang","-1.0","-1.0","307.3"
"602","1983","17","Assam","Darrang","-1.0","-1.0","364.4"
"602","1984","17","Assam","Darrang","-1.0","-1.0","382.3"
"602","1986","17","Assam","Darrang","-1.0","-1.0","109.57"
"602","1990","17","Assam","Darrang","-1.0","-1.0","518.52"
"602","1996","17","Assam","Darrang","-1.0","-1.0","561.23"
"602","2004","17","Assam","Darrang","277.07","92.57","603.07"
"602","2005","17","Assam","Darrang","319.48","78.58","615.7"
"602","2006","17","Assam","Darrang","380.25","61.19","707.35"
"602","2007","17","Assam","Darrang","370.74","35.18","610.1"
"602","2008","17","Assam","Darrang","352.93","25.4","577.48"
"602","2009","17","Assam","Darrang","381.21","28.8","619.12"
"602","2010","17","Assam","Darrang","285.17","40.4","522.92"
"602","2011","17","Assam","Darrang","339.02","28.31","555.55"
"602","2012","17","Assam","Darrang","308.6","25.49","518.6"
"602","2013","17","Assam","Darrang","395.83","20.17","578.77"
"602","2014","17","Assam","Darrang","395.31","19.18","549.16"
"602","2015","17","Assam","Darrang","676.21","26.41","846.49"
"603","1980","17","Assam","Dibrugarh","-1.0","-1.0","238.2"
"603","1981","17","Assam","Dibrugarh","-1.0","-1.0","325.1"
"603","1982","17","Assam","Dibrugarh","-1.0","-1.0","274.4"
"603","1983","17","Assam","Dibrugarh","-1.0","-1.0","267.8"
"603","1984","17","Assam","Dibrugarh","-1.0","-1.0","279.7"
"603","1986","17","Assam","Dibrugarh","-1.0","-1.0","89.81"
"603","1990","17","Assam","Dibrugarh","-1.0","-1.0","355.84"
"603","1996","17","Assam","Dibrugarh","-1.0","-1.0","457.98"
"603","2004","17","Assam","Dibrugarh","278.01","71.01","552.36"
"603","2005","17","Assam","Dibrugarh","286.65","65.12","554.12"
"603","2006","17","Assam","Dibrugarh","299.93","52.66","530.63"
"603","2007","17","Assam","Dibrugarh","338.87","27.72","529.98"
"603","2008","17","Assam","Dibrugarh","292.52","20.82","511.02"
"603","2009","17","Assam","Dibrugarh","279.33","19.44","419.8"
"603","2010","17","Assam","Dibrugarh","230.15","26.59","372.68"
"603","2011","17","Assam","Dibrugarh","256.29","17.49","381.17"
"603","2012","17","Assam","Dibrugarh","235.74","14.25","364.05"
"603","2013","17","Assam","Dibrugarh","233.55","11.5","365.29"
"603","2014","17","Assam","Dibrugarh","233.9","12.55","356.01"
"603","2015","17","Assam","Dibrugarh","393.88","20.0","686.05"
"604","1980","17","Assam","Goalpara","-1.0","-1.0","403.1"
"604","1981","17","Assam","Goalpara","-1.0","-1.0","429.8"
"604","1982","17","Assam","Goalpara","-1.0","-1.0","453.5"
"604","1983","17","Assam","Goalpara","-1.0","-1.0","504.6"
"604","1984","17","Assam","Goalpara","-1.0","-1.0","492.0"
"604","1986","17","Assam","Goalpara","-1.0","-1.0","164.2"
"604","1990","17","Assam","Goalpara","-1.0","-1.0","688.63"
"604","1996","17","Assam","Goalpara","-1.0","-1.0","782.55"
"604","2004","17","Assam","Goalpara","360.12","93.55","799.52"
"604","2005","17","Assam","Goalpara","413.77","96.51","776.16"
"604","2006","17","Assam","Goalpara","466.49","87.76","868.13"
"604","2007","17","Assam","Goalpara","324.72","54.39","621.49"
"604","2008","17","Assam","Goalpara","380.77","32.51","613.45"
"604","2009","17","Assam","Goalpara","522.74","30.17","752.47"
"604","2010","17","Assam","Goalpara","631.03","55.37","871.1"
"604","2011","17","Assam","Goalpara","616.71","34.07","841.46"
"604","2012","17","Assam","Goalpara","605.47","35.85","826.3"
"604","2013","17","Assam","Goalpara","606.42","30.37","827.99"
"604","2014","17","Assam","Goalpara","608.01","28.94","798.05"
"604","2015","17","Assam","Goalpara","537.45","25.4","827.59"
"605","1980","17","Assam","Kamrup","-1.0","-1.0","599.5"
"605","1981","17","Assam","Kamrup","-1.0","-1.0","522.8"
"605","1982","17","Assam","Kamrup","-1.0","-1.0","662.9"
"605","1983","17","Assam","Kamrup","-1.0","-1.0","598.0"
"605","1984","17","Assam","Kamrup","-1.0","-1.0","660.8"
"605","1986","17","Assam","Kamrup","-1.0","-1.0","167.97"
"605","1990","17","Assam","Kamrup","-1.0","-1.0","595.18"
"605","1996","17","Assam","Kamrup","-1.0","-1.0","617.68"
"605","2004","17","Assam","Kamrup","304.55","72.21","651.27"
"605","2005","17","Assam","Kamrup","367.66","79.78","691.19"
"605","2006","17","Assam","Kamrup","365.17","70.92","711.46"
"605","2007","17","Assam","Kamrup","466.22","38.9","711.67"
"605","2008","17","Assam","Kamrup","437.9","29.05","637.77"
"605","2009","17","Assam","Kamrup","486.43","31.71","723.22"
"605","2010","17","Assam","Kamrup","496.18","54.19","738.93"
"605","2011","17","Assam","Kamrup","504.08","33.18","759.81"
"605","2012","17","Assam","Kamrup","479.23","32.52","746.36"
"605","2013","17","Assam","Kamrup","531.49","25.09","768.49"
"605","2014","17","Assam","Kamrup","520.48","25.19","771.3"
"605","2015","17","Assam","Kamrup","611.81","38.65","1040.6"
"606","1980","17","Assam","Karbi Anglong","-1.0","-1.0","127.1"
"606","1981","17","Assam","Karbi Anglong","-1.0","-1.0","128.5"
"606","1982","17","Assam","Karbi Anglong","-1.0","-1.0","128.8"
"606","1983","17","Assam","Karbi Anglong","-1.0","-1.0","170.8"
"606","1984","17","Assam","Karbi Anglong","-1.0","-1.0","136.9"
"606","1986","17","Assam","Karbi Anglong","-1.0","-1.0","39.96"
"606","1990","17","Assam","Karbi Anglong","-1.0","-1.0","212.48"
"606","1996","17","Assam","Karbi Anglong","-1.0","-1.0","426.27"
"606","2004","17","Assam","Karbi Anglong","243.51","48.24","429.73"
"606","2005","17","Assam","Karbi Anglong","288.32","60.89","566.26"
"606","2006","17","Assam","Karbi Anglong","225.72","49.69","402.43"
"606","2007","17","Assam","Karbi Anglong","230.2","17.85","392.19"
"606","2008","17","Assam","Karbi Anglong","162.45","18.11","276.86"
"606","2009","17","Assam","Karbi Anglong","152.88","14.35","264.52"
"606","2010","17","Assam","Karbi Anglong","152.36","17.27","264.6"
"606","2011","17","Assam","Karbi Anglong","159.75","12.11","280.44"
"606","2012","17","Assam","Karbi Anglong","159.12","11.71","239.72"
"606","2013","17","Assam","Karbi Anglong","121.26","8.69","196.23"
"606","2014","17","Assam","Karbi Anglong","137.84","6.83","202.18"
"606","2015","17","Assam","Karbi Anglong","410.33","30.72","550.84"
"607","1980","17","Assam","Lakhimpur","-1.0","-1.0","159.2"
"607","1981","17","Assam","Lakhimpur","-1.0","-1.0","169.0"
"607","1982","17","Assam","Lakhimpur","-1.0","-1.0","197.4"
"607","1983","17","Assam","Lakhimpur","-1.0","-1.0","202.5"
"607","1984","17","Assam","Lakhimpur","-1.0","-1.0","161.4"
"607","1986","17","Assam","Lakhimpur","-1.0","-1.0","62.35"
"607","1990","17","Assam","Lakhimpur","-1.0","-1.0","265.09"
"607","1996","17","Assam","Lakhimpur","-1.0","-1.0","444.21"
"607","2004","17","Assam","Lakhimpur","217.75","61.7","449.87"
"607","2005","17","Assam","Lakhimpur","255.4","56.2","484.43"
"607","2006","17","Assam","Lakhimpur","257.91","51.48","479.86"
"607","2007","17","Assam","Lakhimpur","299.63","21.06","472.15"
"607","2008","17","Assam","Lakhimpur","286.25","21.93","454.49"
"607","2009","17","Assam","Lakhimpur","214.95","14.4","343.79"
"607","2010","17","Assam","Lakhimpur","212.39","26.13","342.35"
"607","2011","17","Assam","Lakhimpur","207.34","15.89","338.3"
"607","2012","17","Assam","Lakhimpur","205.14","16.61","336.37"
"607","2013","17","Assam","Lakhimpur","214.94","14.27","344.53"
"607","2014","17","Assam","Lakhimpur","217.43","12.75","320.71"
"607","2015","17","Assam","Lakhimpur","272.31","31.11","393.67"
"608","1980","17","Assam","North Cachar Hil / Dima hasao","-1.0","-1.0","45.0"
"608","1981","17","Assam","North Cachar Hil / Dima hasao","-1.0","-1.0","46.0"
"608","1982","17","Assam","North Cachar Hil / Dima hasao","-1.0","-1.0","70.6"
"608","1983","17","Assam","North Cachar Hil / Dima hasao","-1.0","-1.0","13.7"
"608","1984","17","Assam","North Cachar Hil / Dima hasao","-1.0","-1.0","63.6"
"608","1986","17","Assam","North Cachar Hil / Dima hasao","-1.0","-1.0","13.64"
"608","1990","17","Assam","North Cachar Hil / Dima hasao","-1.0","-1.0","62.85"
"608","1996","17","Assam","North Cachar Hil / Dima hasao","-1.0","-1.0","103.01"
"608","2004","17","Assam","North Cachar Hil / Dima hasao","55.07","16.43","117.9"
"608","2005","17","Assam","North Cachar Hil / Dima hasao","58.89","14.89","116.81"
"608","2006","17","Assam","North Cachar Hil / Dima hasao","65.66","9.34","111.13"
"608","2007","17","Assam","North Cachar Hil / Dima hasao","87.7","10.86","133.85"
"608","2008","17","Assam","North Cachar Hil / Dima hasao","74.93","5.39","112.63"
"608","2009","17","Assam","North Cachar Hil / Dima hasao","102.73","5.05","138.12"
"608","2010","17","Assam","North Cachar Hil / Dima hasao","129.31","10.64","175.17"
"608","2011","17","Assam","North Cachar Hil / Dima hasao","115.82","7.8","152.78"
"608","2012","17","Assam","North Cachar Hil / Dima hasao","111.09","6.78","135.69"
"608","2013","17","Assam","North Cachar Hil / Dima hasao","105.35","5.83","139.28"
"608","2014","17","Assam","North Cachar Hil / Dima hasao","64.09","6.45","101.89"
"608","2015","17","Assam","North Cachar Hil / Dima hasao","23.57","1.77","32.94"
"609","1980","17","Assam","Nagaon","-1.0","-1.0","247.7"
"609","1981","17","Assam","Nagaon","-1.0","-1.0","219.8"
"609","1982","17","Assam","Nagaon","-1.0","-1.0","202.0"
"609","1983","17","Assam","Nagaon","-1.0","-1.0","254.2"
"609","1984","17","Assam","Nagaon","-1.0","-1.0","266.8"
"609","1986","17","Assam","Nagaon","-1.0","-1.0","76.41"
"609","1990","17","Assam","Nagaon","-1.0","-1.0","419.54"
"609","1996","17","Assam","Nagaon","-1.0","-1.0","389.38"
"609","2004","17","Assam","Nagaon","235.8","45.41","457.74"
"609","2005","17","Assam","Nagaon","217.23","51.22","433.9"
"609","2006","17","Assam","Nagaon","238.94","47.68","427.67"
"609","2007","17","Assam","Nagaon","277.78","29.59","438.01"
"609","2008","17","Assam","Nagaon","287.97","19.17","433.65"
"609","2009","17","Assam","Nagaon","280.17","17.81","396.91"
"609","2010","17","Assam","Nagaon","238.9","25.38","358.55"
"609","2011","17","Assam","Nagaon","261.62","17.35","377.97"
"609","2012","17","Assam","Nagaon","235.6","14.44","399.32"
"609","2013","17","Assam","Nagaon","264.8","12.12","409.52"
"609","2014","17","Assam","Nagaon","252.61","12.54","399.5"
"609","2015","17","Assam","Nagaon","509.68","30.51","672.54"
"610","1980","17","Assam","Sibsagar","-1.0","-1.0","212.2"
"610","1981","17","Assam","Sibsagar","-1.0","-1.0","213.2"
"610","1982","17","Assam","Sibsagar","-1.0","-1.0","207.7"
"610","1983","17","Assam","Sibsagar","-1.0","-1.0","218.0"
"610","1984","17","Assam","Sibsagar","-1.0","-1.0","235.5"
"610","1986","17","Assam","Sibsagar","-1.0","-1.0","91.27"
"610","1990","17","Assam","Sibsagar","-1.0","-1.0","528.77"
"610","1996","17","Assam","Sibsagar","-1.0","-1.0","582.83"
"610","2004","17","Assam","Sibsagar","255.01","67.13","572.78"
"610","2005","17","Assam","Sibsagar","299.46","74.44","609.65"
"610","2006","17","Assam","Sibsagar","343.75","58.23","628.38"
"610","2007","17","Assam","Sibsagar","385.55","32.94","606.72"
"610","2008","17","Assam","Sibsagar","357.04","28.96","576.02"
"610","2009","17","Assam","Sibsagar","358.8","24.98","539.2"
"610","2010","17","Assam","Sibsagar","380.19","36.81","559.25"
"610","2011","17","Assam","Sibsagar","369.4","25.04","544.66"
"610","2012","17","Assam","Sibsagar","374.75","21.68","606.04"
"610","2013","17","Assam","Sibsagar","376.0","17.87","570.36"
"610","2014","17","Assam","Sibsagar","409.33","19.26","623.73"
"610","2015","17","Assam","Sibsagar","497.01","44.26","1224.13"
"626","1994","18","Himachal Pradesh","Bilashpur","16.46","38.63","55.09"
"626","1995","18","Himachal Pradesh","Bilashpur","14.14","55.78","69.93"
"626","1996","18","Himachal Pradesh","Bilashpur","15.0","33.52","48.52"
"626","2008","18","Himachal Pradesh","Bilashpur","-1.0","-1.0","160.42"
"626","2009","18","Himachal Pradesh","Bilashpur","-1.0","-1.0","150.01"
"626","2010","18","Himachal Pradesh","Bilashpur","-1.0","-1.0","150.26"
"626","2011","18","Himachal Pradesh","Bilashpur","-1.0","-1.0","159.48"
"626","2012","18","Himachal Pradesh","Bilashpur","-1.0","-1.0","161.83"
"626","2013","18","Himachal Pradesh","Bilashpur","-1.0","-1.0","165.25"
"626","2014","18","Himachal Pradesh","Bilashpur","-1.0","-1.0","166.27"
"626","2015","18","Himachal Pradesh","Bilashpur","-1.0","-1.0","136.85"
"627","1994","18","Himachal Pradesh","Chamba","66.29","8.68","74.97"
"627","1995","18","Himachal Pradesh","Chamba","55.64","9.1","64.75"
"627","1996","18","Himachal Pradesh","Chamba","77.52","12.43","89.96"
"627","2008","18","Himachal Pradesh","Chamba","-1.0","-1.0","89.46"
"627","2009","18","Himachal Pradesh","Chamba","-1.0","-1.0","91.07"
"627","2010","18","Himachal Pradesh","Chamba","-1.0","-1.0","88.79"
"627","2011","18","Himachal Pradesh","Chamba","-1.0","-1.0","92.88"
"627","2012","18","Himachal Pradesh","Chamba","-1.0","-1.0","90.51"
"627","2013","18","Himachal Pradesh","Chamba","-1.0","-1.0","93.23"
"627","2014","18","Himachal Pradesh","Chamba","-1.0","-1.0","89.09"
"627","2015","18","Himachal Pradesh","Chamba","-1.0","-1.0","75.83"
"629","1994","18","Himachal Pradesh","Kangra","133.68","154.78","288.47"
"629","1995","18","Himachal Pradesh","Kangra","141.83","187.67","329.5"
"629","1996","18","Himachal Pradesh","Kangra","131.68","190.46","322.14"
"629","2008","18","Himachal Pradesh","Kangra","-1.0","-1.0","347.56"
"629","2009","18","Himachal Pradesh","Kangra","-1.0","-1.0","367.3"
"629","2010","18","Himachal Pradesh","Kangra","-1.0","-1.0","406.8"
"629","2011","18","Himachal Pradesh","Kangra","-1.0","-1.0","401.0"
"629","2012","18","Himachal Pradesh","Kangra","-1.0","-1.0","429.07"
"629","2013","18","Himachal Pradesh","Kangra","-1.0","-1.0","423.47"
"629","2014","18","Himachal Pradesh","Kangra","-1.0","-1.0","427.7"
"629","2015","18","Himachal Pradesh","Kangra","-1.0","-1.0","254.51"
"630","1994","18","Himachal Pradesh","Kinnaur","3.62","3.1","6.72"
"630","1995","18","Himachal Pradesh","Kinnaur","6.02","2.94","8.96"
"630","1996","18","Himachal Pradesh","Kinnaur","4.05","1.73","5.78"
"630","2008","18","Himachal Pradesh","Kinnaur","-1.0","-1.0","16.75"
"630","2009","18","Himachal Pradesh","Kinnaur","-1.0","-1.0","22.73"
"630","2010","18","Himachal Pradesh","Kinnaur","-1.0","-1.0","22.56"
"630","2011","18","Himachal Pradesh","Kinnaur","-1.0","-1.0","22.37"
"630","2012","18","Himachal Pradesh","Kinnaur","-1.0","-1.0","23.06"
"630","2013","18","Himachal Pradesh","Kinnaur","-1.0","-1.0","22.86"
"630","2014","18","Himachal Pradesh","Kinnaur","-1.0","-1.0","23.04"
"630","2015","18","Himachal Pradesh","Kinnaur","-1.0","-1.0","14.06"
"631","1994","18","Himachal Pradesh","Kullu","16.86","5.59","22.45"
"631","1995","18","Himachal Pradesh","Kullu","17.49","6.15","23.64"
"631","1996","18","Himachal Pradesh","Kullu","15.52","5.83","21.35"
"631","2008","18","Himachal Pradesh","Kullu","-1.0","-1.0","35.36"
"631","2009","18","Himachal Pradesh","Kullu","-1.0","-1.0","33.48"
"631","2010","18","Himachal Pradesh","Kullu","-1.0","-1.0","40.22"
"631","2011","18","Himachal Pradesh","Kullu","-1.0","-1.0","46.28"
"631","2012","18","Himachal Pradesh","Kullu","-1.0","-1.0","42.06"
"631","2013","18","Himachal Pradesh","Kullu","-1.0","-1.0","44.59"
"631","2014","18","Himachal Pradesh","Kullu","-1.0","-1.0","45.05"
"631","2015","18","Himachal Pradesh","Kullu","-1.0","-1.0","42.85"
"632","1994","18","Himachal Pradesh","Lahul & Spiti","5.5","3.59","9.09"
"632","1995","18","Himachal Pradesh","Lahul & Spiti","4.57","3.05","7.62"
"632","1996","18","Himachal Pradesh","Lahul & Spiti","3.36","2.56","5.92"
"632","2008","18","Himachal Pradesh","Lahul & Spiti","-1.0","-1.0","5.47"
"632","2009","18","Himachal Pradesh","Lahul & Spiti","-1.0","-1.0","11.79"
"632","2010","18","Himachal Pradesh","Lahul & Spiti","-1.0","-1.0","10.37"
"632","2011","18","Himachal Pradesh","Lahul & Spiti","-1.0","-1.0","10.52"
"632","2012","18","Himachal Pradesh","Lahul & Spiti","-1.0","-1.0","11.07"
"632","2013","18","Himachal Pradesh","Lahul & Spiti","-1.0","-1.0","9.72"
"632","2014","18","Himachal Pradesh","Lahul & Spiti","-1.0","-1.0","10.86"
"632","2015","18","Himachal Pradesh","Lahul & Spiti","-1.0","-1.0","3.73"
"633","1994","18","Himachal Pradesh","Solan","12.99","9.76","22.75"
"633","1995","18","Himachal Pradesh","Solan","8.8","10.12","18.92"
"633","1996","18","Himachal Pradesh","Solan","14.42","11.46","25.89"
"633","2008","18","Himachal Pradesh","Solan","-1.0","-1.0","120.3"
"633","2009","18","Himachal Pradesh","Solan","-1.0","-1.0","109.03"
"633","2010","18","Himachal Pradesh","Solan","-1.0","-1.0","103.47"
"633","2011","18","Himachal Pradesh","Solan","-1.0","-1.0","108.4"
"633","2012","18","Himachal Pradesh","Solan","-1.0","-1.0","106.89"
"633","2013","18","Himachal Pradesh","Solan","-1.0","-1.0","108.9"
"633","2014","18","Himachal Pradesh","Solan","-1.0","-1.0","112.46"
"633","2015","18","Himachal Pradesh","Solan","-1.0","-1.0","116.66"
"634","1994","18","Himachal Pradesh","Mandi","65.04","50.29","115.33"
"634","1995","18","Himachal Pradesh","Mandi","68.63","40.82","109.44"
"634","1996","18","Himachal Pradesh","Mandi","63.31","34.19","97.5"
"634","2008","18","Himachal Pradesh","Mandi","-1.0","-1.0","83.27"
"634","2009","18","Himachal Pradesh","Mandi","-1.0","-1.0","91.2"
"634","2010","18","Himachal Pradesh","Mandi","-1.0","-1.0","75.27"
"634","2011","18","Himachal Pradesh","Mandi","-1.0","-1.0","79.73"
"634","2012","18","Himachal Pradesh","Mandi","-1.0","-1.0","78.26"
"634","2013","18","Himachal Pradesh","Mandi","-1.0","-1.0","81.14"
"634","2014","18","Himachal Pradesh","Mandi","-1.0","-1.0","81.89"
"634","2015","18","Himachal Pradesh","Mandi","-1.0","-1.0","71.61"
"635","1994","18","Himachal Pradesh","Shimla","47.17","9.05","56.22"
"635","1995","18","Himachal Pradesh","Shimla","49.55","10.77","60.32"
"635","1996","18","Himachal Pradesh","Shimla","48.86","9.05","57.91"
"635","2008","18","Himachal Pradesh","Shimla","-1.0","-1.0","82.46"
"635","2009","18","Himachal Pradesh","Shimla","-1.0","-1.0","77.89"
"635","2010","18","Himachal Pradesh","Shimla","-1.0","-1.0","79.56"
"635","2011","18","Himachal Pradesh","Shimla","-1.0","-1.0","89.94"
"635","2012","18","Himachal Pradesh","Shimla","-1.0","-1.0","81.76"
"635","2013","18","Himachal Pradesh","Shimla","-1.0","-1.0","80.66"
"635","2014","18","Himachal Pradesh","Shimla","-1.0","-1.0","81.45"
"635","2015","18","Himachal Pradesh","Shimla","-1.0","-1.0","71.32"
"636","1994","18","Himachal Pradesh","Sirmaur","15.71","3.9","19.6"
"636","1995","18","Himachal Pradesh","Sirmaur","19.83","7.91","27.74"
"636","1996","18","Himachal Pradesh","Sirmaur","33.03","9.77","42.81"
"636","2008","18","Himachal Pradesh","Sirmaur","-1.0","-1.0","36.26"
"636","2009","18","Himachal Pradesh","Sirmaur","-1.0","-1.0","45.7"
"636","2010","18","Himachal Pradesh","Sirmaur","-1.0","-1.0","43.32"
"636","2011","18","Himachal Pradesh","Sirmaur","-1.0","-1.0","45.06"
"636","2012","18","Himachal Pradesh","Sirmaur","-1.0","-1.0","44.87"
"636","2013","18","Himachal Pradesh","Sirmaur","-1.0","-1.0","45.67"
"636","2014","18","Himachal Pradesh","Sirmaur","-1.0","-1.0","46.52"
"636","2015","18","Himachal Pradesh","Sirmaur","-1.0","-1.0","24.25"
"651","1977","19","Kerala","Alappuzha","390.0","1026.0","1416.0"
"651","1978","19","Kerala","Alappuzha","403.0","1010.0","1413.0"
"651","1979","19","Kerala","Alappuzha","370.0","910.0","1280.0"
"651","1980","19","Kerala","Alappuzha","379.0","816.0","1195.0"
"651","1981","19","Kerala","Alappuzha","544.0","954.0","1498.0"
"651","1982","19","Kerala","Alappuzha","475.0","946.0","1421.0"
"651","1983","19","Kerala","Alappuzha","493.0","1039.0","1532.0"
"651","1984","19","Kerala","Alappuzha","382.0","763.0","1145.0"
"651","1987","19","Kerala","Alappuzha","352.02","715.92","1067.94"
"651","1990","19","Kerala","Alappuzha","363.08","801.6","1164.68"
"651","1991","19","Kerala","Alappuzha","669.06","868.15","1537.21"
"651","1992","19","Kerala","Alappuzha","692.71","912.19","1604.9"
"651","1993","19","Kerala","Alappuzha","669.58","947.69","1617.27"
"651","1994","19","Kerala","Alappuzha","679.4","994.8","1674.2"
"651","1995","19","Kerala","Alappuzha","695.16","1053.77","1748.93"
"651","1996","19","Kerala","Alappuzha","817.98","1118.64","1936.62"
"651","1997","19","Kerala","Alappuzha","753.4","1138.5","1891.9"
"651","1998","19","Kerala","Alappuzha","310.75","1215.15","1525.9"
"651","1999","19","Kerala","Alappuzha","586.05","650.75","1236.8"
"651","2000","19","Kerala","Alappuzha","827.57","496.2","1323.78"
"651","2002","19","Kerala","Alappuzha","1058.85","249.76","1308.61"
"651","2003","19","Kerala","Alappuzha","898.71","299.85","1198.56"
"651","2004","19","Kerala","Alappuzha","814.21","310.28","1124.49"
"651","2005","19","Kerala","Alappuzha","837.95","330.37","1168.31"
"651","2006","19","Kerala","Alappuzha","700.75","379.56","1080.31"
"651","2007","19","Kerala","Alappuzha","457.0","278.53","735.53"
"651","2008","19","Kerala","Alappuzha","480.84","237.81","718.65"
"651","2009","19","Kerala","Alappuzha","554.2","557.32","1111.52"
"651","2010","19","Kerala","Alappuzha","1112.13","651.43","1763.56"
"651","2011","19","Kerala","Alappuzha","623.19","958.0","1581.18"
"652","1977","19","Kerala","Kannur","246.0","474.0","720.0"
"652","1978","19","Kerala","Kannur","265.0","456.0","721.0"
"652","1979","19","Kerala","Kannur","253.0","532.0","785.0"
"652","1980","19","Kerala","Kannur","252.0","520.0","772.0"
"652","1981","19","Kerala","Kannur","265.0","674.0","939.0"
"652","1982","19","Kerala","Kannur","328.48","740.63","1069.11"
"652","1983","19","Kerala","Kannur","327.53","812.66","1140.19"
"652","1984","19","Kerala","Kannur","334.81","852.4","1187.21"
"652","1987","19","Kerala","Kannur","331.23","930.49","1261.72"
"652","1990","19","Kerala","Kannur","391.13","988.73","1379.86"
"652","1991","19","Kerala","Kannur","408.76","1033.64","1442.4"
"652","1992","19","Kerala","Kannur","411.69","1086.2","1497.88"
"652","1993","19","Kerala","Kannur","455.1","1133.21","1588.31"
"652","1994","19","Kerala","Kannur","438.52","1196.48","1635.01"
"652","1995","19","Kerala","Kannur","441.87","1266.47","1708.34"
"652","1996","19","Kerala","Kannur","441.94","1337.88","1779.81"
"652","1997","19","Kerala","Kannur","434.24","1366.72","1800.96"
"652","1998","19","Kerala","Kannur","745.27","1113.74","1859.01"
"652","1999","19","Kerala","Kannur","1118.66","829.38","1948.04"
"652","2000","19","Kerala","Kannur","771.64","677.58","1449.22"
"652","2002","19","Kerala","Kannur","623.08","399.74","1022.82"
"652","2003","19","Kerala","Kannur","653.73","466.61","1120.34"
"652","2004","19","Kerala","Kannur","640.13","404.38","1044.51"
"652","2005","19","Kerala","Kannur","653.48","426.51","1080.0"
"652","2006","19","Kerala","Kannur","667.63","415.11","1082.74"
"652","2007","19","Kerala","Kannur","778.18","543.76","1321.94"
"652","2008","19","Kerala","Kannur","860.86","541.09","1401.96"
"652","2009","19","Kerala","Kannur","580.38","648.71","1229.09"
"652","2010","19","Kerala","Kannur","540.44","1962.27","2502.71"
"652","2011","19","Kerala","Kannur","431.79","695.3","1127.09"
"653","1977","19","Kerala","Eranakulam","385.4","724.8","1110.2"
"653","1978","19","Kerala","Eranakulam","377.8","743.6","1121.4"
"653","1979","19","Kerala","Eranakulam","351.6","747.6","1099.2"
"653","1980","19","Kerala","Eranakulam","344.6","768.6","1113.2"
"653","1981","19","Kerala","Eranakulam","374.2","789.4","1163.6"
"653","1982","19","Kerala","Eranakulam","446.0","883.8","1329.8"
"653","1983","19","Kerala","Eranakulam","463.4","988.4","1451.8"
"653","1984","19","Kerala","Eranakulam","469.4","1005.0","1474.4"
"653","1987","19","Kerala","Eranakulam","470.71","1026.92","1497.63"
"653","1990","19","Kerala","Eranakulam","500.76","1098.43","1599.18"
"653","1991","19","Kerala","Eranakulam","688.47","1171.67","1860.14"
"653","1992","19","Kerala","Eranakulam","700.46","1217.86","1918.32"
"653","1993","19","Kerala","Eranakulam","720.83","1240.83","1961.66"
"653","1994","19","Kerala","Eranakulam","739.7","1299.92","2039.62"
"653","1995","19","Kerala","Eranakulam","753.87","1357.85","2111.72"
"653","1996","19","Kerala","Eranakulam","648.33","1395.34","2043.67"
"653","1997","19","Kerala","Eranakulam","635.84","1443.67","2079.51"
"653","1998","19","Kerala","Eranakulam","659.74","1513.02","2172.76"
"653","1999","19","Kerala","Eranakulam","1053.95","1429.4","2483.35"
"653","2000","19","Kerala","Eranakulam","1174.34","1458.87","2633.21"
"653","2002","19","Kerala","Eranakulam","752.61","404.08","1156.68"
"653","2003","19","Kerala","Eranakulam","742.56","474.34","1216.9"
"653","2004","19","Kerala","Eranakulam","677.82","434.0","1111.81"
"653","2005","19","Kerala","Eranakulam","688.23","414.24","1102.48"
"653","2006","19","Kerala","Eranakulam","683.87","423.74","1107.61"
"653","2007","19","Kerala","Eranakulam","704.08","448.09","1152.17"
"653","2008","19","Kerala","Eranakulam","957.02","516.65","1473.67"
"653","2009","19","Kerala","Eranakulam","1143.9","552.49","1696.39"
"653","2010","19","Kerala","Eranakulam","1040.11","474.42","1514.53"
"653","2011","19","Kerala","Eranakulam","1086.42","838.12","1924.53"
"655","1977","19","Kerala","Kottayam","393.6","926.2","1319.8"
"655","1978","19","Kerala","Kottayam","466.2","851.4","1317.6"
"655","1979","19","Kerala","Kottayam","451.4","833.4","1284.8"
"655","1980","19","Kerala","Kottayam","434.4","799.4","1233.8"
"655","1981","19","Kerala","Kottayam","494.8","709.6","1204.4"
"655","1982","19","Kerala","Kottayam","478.0","817.2","1295.2"
"655","1983","19","Kerala","Kottayam","483.6","892.6","1376.2"
"655","1984","19","Kerala","Kottayam","487.6","953.0","1440.6"
"655","1987","19","Kerala","Kottayam","546.79","1266.36","1813.15"
"655","1990","19","Kerala","Kottayam","541.83","1304.17","1846.01"
"655","1991","19","Kerala","Kottayam","733.58","1378.88","2112.46"
"655","1992","19","Kerala","Kottayam","754.09","1453.05","2207.14"
"655","1993","19","Kerala","Kottayam","784.61","1510.75","2295.36"
"655","1994","19","Kerala","Kottayam","814.78","1584.77","2399.55"
"655","1995","19","Kerala","Kottayam","837.03","1658.14","2495.17"
"655","1996","19","Kerala","Kottayam","686.16","1716.18","2402.34"
"655","1997","19","Kerala","Kottayam","673.34","1747.4","2420.74"
"655","1998","19","Kerala","Kottayam","761.89","1548.78","2310.67"
"655","1999","19","Kerala","Kottayam","1144.98","1437.12","2582.1"
"655","2000","19","Kerala","Kottayam","1098.59","1209.4","2307.99"
"655","2002","19","Kerala","Kottayam","1147.2","497.1","1644.3"
"655","2003","19","Kerala","Kottayam","962.79","514.07","1476.87"
"655","2004","19","Kerala","Kottayam","918.26","507.04","1425.3"
"655","2005","19","Kerala","Kottayam","943.55","532.96","1476.51"
"655","2006","19","Kerala","Kottayam","846.89","548.1","1394.99"
"655","2007","19","Kerala","Kottayam","837.65","676.9","1514.56"
"655","2008","19","Kerala","Kottayam","999.81","557.17","1556.98"
"655","2009","19","Kerala","Kottayam","1066.82","639.82","1706.64"
"655","2010","19","Kerala","Kottayam","1137.69","842.83","1980.52"
"655","2011","19","Kerala","Kottayam","1247.54","1133.18","2380.72"
"656","1977","19","Kerala","Kozhikode","203.0","466.0","669.0"
"656","1978","19","Kerala","Kozhikode","251.0","429.0","680.0"
"656","1979","19","Kerala","Kozhikode","255.0","453.0","708.0"
"656","1980","19","Kerala","Kozhikode","228.0","448.0","676.0"
"656","1981","19","Kerala","Kozhikode","175.0","610.0","785.0"
"656","1982","19","Kerala","Kozhikode","295.52","646.37","941.89"
"656","1983","19","Kerala","Kozhikode","308.47","673.34","981.81"
"656","1984","19","Kerala","Kozhikode","337.19","697.6","1034.79"
"656","1987","19","Kerala","Kozhikode","355.02","883.13","1238.15"
"656","1990","19","Kerala","Kozhikode","404.11","957.82","1361.93"
"656","1991","19","Kerala","Kozhikode","419.57","1003.1","1422.67"
"656","1992","19","Kerala","Kozhikode","423.52","1050.85","1474.38"
"656","1993","19","Kerala","Kozhikode","495.06","1094.81","1589.87"
"656","1994","19","Kerala","Kozhikode","442.73","1153.54","1596.26"
"656","1995","19","Kerala","Kozhikode","446.25","1216.38","1662.63"
"656","1996","19","Kerala","Kozhikode","457.76","1269.72","1727.49"
"656","1997","19","Kerala","Kozhikode","443.68","1299.9","1743.58"
"656","1998","19","Kerala","Kozhikode","454.7","1292.16","1746.86"
"656","1999","19","Kerala","Kozhikode","1030.92","799.67","1830.59"
"656","2000","19","Kerala","Kozhikode","1109.55","1271.85","2381.4"
"656","2002","19","Kerala","Kozhikode","789.84","373.56","1163.4"
"656","2003","19","Kerala","Kozhikode","713.31","371.34","1084.65"
"656","2004","19","Kerala","Kozhikode","652.83","365.59","1018.43"
"656","2005","19","Kerala","Kozhikode","648.58","381.41","1029.99"
"656","2006","19","Kerala","Kozhikode","621.46","364.0","985.45"
"656","2007","19","Kerala","Kozhikode","610.2","358.12","968.32"
"656","2008","19","Kerala","Kozhikode","456.58","421.93","878.51"
"656","2009","19","Kerala","Kozhikode","425.21","548.42","973.63"
"656","2010","19","Kerala","Kozhikode","344.2","516.77","860.97"
"656","2011","19","Kerala","Kozhikode","392.93","770.81","1163.73"
"657","1977","19","Kerala","Malappuram","239.0","440.0","679.0"
"657","1978","19","Kerala","Malappuram","210.0","480.0","690.0"
"657","1979","19","Kerala","Malappuram","256.0","445.0","701.0"
"657","1980","19","Kerala","Malappuram","287.0","490.0","777.0"
"657","1981","19","Kerala","Malappuram","275.0","533.0","808.0"
"657","1982","19","Kerala","Malappuram","405.0","582.0","987.0"
"657","1983","19","Kerala","Malappuram","427.0","659.0","1086.0"
"657","1984","19","Kerala","Malappuram","430.0","716.0","1146.0"
"657","1987","19","Kerala","Malappuram","408.66","926.04","1334.7"
"657","1990","19","Kerala","Malappuram","524.17","982.12","1506.29"
"657","1991","19","Kerala","Malappuram","543.39","1035.49","1578.88"
"657","1992","19","Kerala","Malappuram","543.6","1081.4","1625.0"
"657","1993","19","Kerala","Malappuram","550.95","1103.81","1654.76"
"657","1994","19","Kerala","Malappuram","556.94","1142.94","1699.88"
"657","1995","19","Kerala","Malappuram","559.88","1201.26","1761.14"
"657","1996","19","Kerala","Malappuram","583.72","1251.44","1835.16"
"657","1997","19","Kerala","Malappuram","565.03","1278.6","1843.63"
"657","1998","19","Kerala","Malappuram","599.82","1203.73","1803.55"
"657","1999","19","Kerala","Malappuram","1057.36","596.84","1654.2"
"657","2000","19","Kerala","Malappuram","1266.76","710.74","1977.5"
"657","2002","19","Kerala","Malappuram","1065.76","352.33","1418.09"
"657","2003","19","Kerala","Malappuram","1027.29","585.88","1613.17"
"657","2004","19","Kerala","Malappuram","1027.47","529.52","1556.99"
"657","2005","19","Kerala","Malappuram","972.77","495.76","1468.53"
"657","2006","19","Kerala","Malappuram","991.49","453.23","1444.72"
"657","2007","19","Kerala","Malappuram","1057.93","521.44","1579.37"
"657","2008","19","Kerala","Malappuram","1013.01","244.12","1257.14"
"657","2009","19","Kerala","Malappuram","911.3","426.61","1337.91"
"657","2010","19","Kerala","Malappuram","846.39","473.41","1319.8"
"657","2011","19","Kerala","Malappuram","1056.1","985.6","2041.7"
"658","1977","19","Kerala","Palakkad","238.0","343.0","581.0"
"658","1978","19","Kerala","Palakkad","245.0","288.0","533.0"
"658","1979","19","Kerala","Palakkad","235.0","361.0","596.0"
"658","1980","19","Kerala","Palakkad","279.0","362.0","641.0"
"658","1981","19","Kerala","Palakkad","284.0","474.0","758.0"
"658","1982","19","Kerala","Palakkad","273.0","531.0","804.0"
"658","1983","19","Kerala","Palakkad","282.0","602.0","884.0"
"658","1984","19","Kerala","Palakkad","290.0","650.0","940.0"
"658","1987","19","Kerala","Palakkad","255.97","589.39","845.36"
"658","1990","19","Kerala","Palakkad","247.05","650.61","897.66"
"658","1991","19","Kerala","Palakkad","265.22","682.04","947.26"
"658","1992","19","Kerala","Palakkad","270.62","717.47","988.09"
"658","1993","19","Kerala","Palakkad","274.15","750.16","1024.31"
"658","1994","19","Kerala","Palakkad","282.47","785.2","1067.67"
"658","1995","19","Kerala","Palakkad","284.57","818.63","1103.2"
"658","1996","19","Kerala","Palakkad","290.42","858.25","1148.67"
"658","1997","19","Kerala","Palakkad","277.19","878.02","1155.21"
"658","1998","19","Kerala","Palakkad","338.74","815.27","1154.01"
"658","1999","19","Kerala","Palakkad","931.66","503.5","1435.16"
"658","2000","19","Kerala","Palakkad","862.48","539.49","1401.97"
"658","2002","19","Kerala","Palakkad","590.02","261.74","851.75"
"658","2003","19","Kerala","Palakkad","599.94","216.4","816.34"
"658","2004","19","Kerala","Palakkad","603.35","195.65","799.0"
"658","2005","19","Kerala","Palakkad","624.03","203.04","827.07"
"658","2006","19","Kerala","Palakkad","674.0","208.25","882.25"
"658","2007","19","Kerala","Palakkad","645.31","183.99","829.3"
"658","2008","19","Kerala","Palakkad","890.82","153.37","1044.19"
"658","2009","19","Kerala","Palakkad","786.94","148.26","935.21"
"658","2010","19","Kerala","Palakkad","925.66","192.36","1118.03"
"658","2011","19","Kerala","Palakkad","786.85","744.3","1531.15"
"659","1977","19","Kerala","Kollam","297.0","899.0","1196.0"
"659","1978","19","Kerala","Kollam","220.0","985.0","1205.0"
"659","1979","19","Kerala","Kollam","368.0","902.0","1270.0"
"659","1980","19","Kerala","Kollam","367.0","901.0","1268.0"
"659","1981","19","Kerala","Kollam","348.0","797.0","1145.0"
"659","1982","19","Kerala","Kollam","531.0","909.0","1440.0"
"659","1983","19","Kerala","Kollam","550.0","1010.0","1560.0"
"659","1984","19","Kerala","Kollam","691.0","1305.0","1996.0"
"659","1987","19","Kerala","Kollam","716.66","1623.23","2339.89"
"659","1990","19","Kerala","Kollam","795.76","1692.9","2488.66"
"659","1991","19","Kerala","Kollam","911.23","1798.79","2710.02"
"659","1992","19","Kerala","Kollam","916.88","1887.33","2804.21"
"659","1993","19","Kerala","Kollam","920.05","2030.39","2950.44"
"659","1994","19","Kerala","Kollam","998.51","2126.52","3125.03"
"659","1995","19","Kerala","Kollam","956.25","2218.81","3175.06"
"659","1996","19","Kerala","Kollam","964.91","2311.28","3276.19"
"659","1997","19","Kerala","Kollam","912.93","2355.12","3268.05"
"659","1998","19","Kerala","Kollam","857.98","2333.78","3191.76"
"659","1999","19","Kerala","Kollam","1385.72","1508.02","2893.74"
"659","2000","19","Kerala","Kollam","1201.57","1347.74","2549.31"
"659","2002","19","Kerala","Kollam","1308.88","875.32","2184.19"
"659","2003","19","Kerala","Kollam","938.68","954.56","1893.24"
"659","2004","19","Kerala","Kollam","820.14","867.23","1687.37"
"659","2005","19","Kerala","Kollam","770.02","834.26","1604.28"
"659","2006","19","Kerala","Kollam","815.97","895.1","1711.07"
"659","2007","19","Kerala","Kollam","844.95","1052.02","1896.97"
"659","2008","19","Kerala","Kollam","1148.47","1145.49","2293.96"
"659","2009","19","Kerala","Kollam","1659.13","1475.6","3134.74"
"659","2010","19","Kerala","Kollam","950.09","1781.39","2731.48"
"659","2011","19","Kerala","Kollam","1180.47","1530.33","2710.8"
"660","1977","19","Kerala","Thrissur","223.0","525.0","748.0"
"660","1978","19","Kerala","Thrissur","188.0","627.0","815.0"
"660","1979","19","Kerala","Thrissur","266.0","577.0","843.0"
"660","1980","19","Kerala","Thrissur","262.0","640.0","902.0"
"660","1981","19","Kerala","Thrissur","270.0","684.0","954.0"
"660","1982","19","Kerala","Thrissur","316.0","793.0","1109.0"
"660","1983","19","Kerala","Thrissur","316.0","832.0","1148.0"
"660","1984","19","Kerala","Thrissur","378.0","838.0","1216.0"
"660","1987","19","Kerala","Thrissur","325.62","871.03","1196.65"
"660","1990","19","Kerala","Thrissur","393.65","932.92","1326.57"
"660","1991","19","Kerala","Thrissur","464.0","986.08","1450.08"
"660","1992","19","Kerala","Thrissur","469.37","1031.24","1500.61"
"660","1993","19","Kerala","Thrissur","470.0","1071.33","1541.33"
"660","1994","19","Kerala","Thrissur","500.02","1122.3","1622.32"
"660","1995","19","Kerala","Thrissur","508.29","1171.56","1679.85"
"660","1996","19","Kerala","Thrissur","464.19","1213.7","1677.89"
"660","1997","19","Kerala","Thrissur","455.98","1244.14","1700.12"
"660","1998","19","Kerala","Thrissur","345.09","1407.38","1752.47"
"660","1999","19","Kerala","Thrissur","875.77","733.36","1609.13"
"660","2000","19","Kerala","Thrissur","971.3","1080.54","2051.84"
"660","2002","19","Kerala","Thrissur","1022.94","343.43","1366.37"
"660","2003","19","Kerala","Thrissur","838.38","248.29","1086.67"
"660","2004","19","Kerala","Thrissur","821.34","222.07","1043.41"
"660","2005","19","Kerala","Thrissur","823.98","243.89","1067.87"
"660","2006","19","Kerala","Thrissur","761.59","470.69","1232.28"
"660","2007","19","Kerala","Thrissur","986.19","696.72","1682.91"
"660","2008","19","Kerala","Thrissur","1356.22","729.18","2085.4"
"660","2009","19","Kerala","Thrissur","1388.51","640.5","2029.01"
"660","2010","19","Kerala","Thrissur","1319.52","542.01","1861.53"
"660","2011","19","Kerala","Thrissur","1000.82","662.69","1663.52"
"661","1977","19","Kerala","Thiruvananthapuram","183.0","806.0","989.0"
"661","1978","19","Kerala","Thiruvananthapuram","227.0","757.0","984.0"
"661","1979","19","Kerala","Thiruvananthapuram","237.0","751.0","988.0"
"661","1980","19","Kerala","Thiruvananthapuram","261.0","783.0","1044.0"
"661","1981","19","Kerala","Thiruvananthapuram","242.0","687.0","929.0"
"661","1982","19","Kerala","Thiruvananthapuram","384.0","940.0","1324.0"
"661","1983","19","Kerala","Thiruvananthapuram","427.0","1017.0","1444.0"
"661","1984","19","Kerala","Thiruvananthapuram","480.0","1060.0","1540.0"
"661","1987","19","Kerala","Thiruvananthapuram","491.12","1314.49","1805.61"
"661","1990","19","Kerala","Thiruvananthapuram","577.26","1351.33","1928.59"
"661","1991","19","Kerala","Thiruvananthapuram","625.52","1414.66","2040.18"
"661","1992","19","Kerala","Thiruvananthapuram","639.07","1479.94","2119.01"
"661","1993","19","Kerala","Thiruvananthapuram","654.78","1565.32","2220.1"
"661","1994","19","Kerala","Thiruvananthapuram","671.06","1629.15","2300.21"
"661","1995","19","Kerala","Thiruvananthapuram","678.07","1628.32","2306.39"
"661","1996","19","Kerala","Thiruvananthapuram","654.94","1754.28","2409.22"
"661","1997","19","Kerala","Thiruvananthapuram","635.08","1794.33","2429.41"
"661","1998","19","Kerala","Thiruvananthapuram","325.93","1717.97","2043.9"
"661","1999","19","Kerala","Thiruvananthapuram","879.32","1146.15","2025.47"
"661","2000","19","Kerala","Thiruvananthapuram","789.16","1478.52","2267.68"
"661","2002","19","Kerala","Thiruvananthapuram","768.34","584.32","1352.66"
"661","2003","19","Kerala","Thiruvananthapuram","622.77","638.63","1261.4"
"661","2004","19","Kerala","Thiruvananthapuram","588.11","574.77","1162.87"
"661","2005","19","Kerala","Thiruvananthapuram","588.15","542.76","1130.91"
"661","2006","19","Kerala","Thiruvananthapuram","532.32","533.17","1065.49"
"661","2007","19","Kerala","Thiruvananthapuram","605.18","564.67","1169.85"
"661","2008","19","Kerala","Thiruvananthapuram","546.84","874.83","1421.67"
"661","2009","19","Kerala","Thiruvananthapuram","359.07","1149.17","1508.24"
"661","2010","19","Kerala","Thiruvananthapuram","375.93","828.46","1204.39"
"661","2011","19","Kerala","Thiruvananthapuram","395.87","574.3","970.16"
"701","1988","8","Orissa","Balasore","192.89","3.02","195.91"
"701","1989","8","Orissa","Balasore","190.05","2.94","192.99"
"701","1990","8","Orissa","Balasore","259.64","23.13","282.77"
"701","1991","8","Orissa","Balasore","220.89","20.68","241.57"
"701","1992","8","Orissa","Balasore","251.36","21.29","272.65"
"701","1993","8","Orissa","Balasore","319.51","24.95","344.46"
"701","1994","8","Orissa","Balasore","264.88","33.06","297.94"
"701","1995","8","Orissa","Balasore","268.77","22.95","291.72"
"701","1996","8","Orissa","Balasore","310.01","21.23","331.24"
"701","1998","8","Orissa","Balasore","453.22","29.88","483.1"
"701","1999","8","Orissa","Balasore","425.77","22.05","447.82"
"701","2000","8","Orissa","Balasore","321.03","17.46","338.49"
"701","2001","8","Orissa","Balasore","359.17","60.32","419.49"
"701","2002","8","Orissa","Balasore","409.73","45.82","455.55"
"701","2003","8","Orissa","Balasore","379.45","136.28","515.73"
"701","2004","8","Orissa","Balasore","-1.0","-1.0","683.92"
"701","2005","8","Orissa","Balasore","432.02","148.34","580.36"
"701","2006","8","Orissa","Balasore","495.11","168.98","664.09"
"701","2007","8","Orissa","Balasore","582.31","187.92","770.23"
"701","2008","8","Orissa","Balasore","543.34","223.01","766.35"
"701","2009","8","Orissa","Balasore","642.73","250.52","893.25"
"701","2010","8","Orissa","Balasore","517.0","152.12","669.12"
"701","2011","8","Orissa","Balasore","493.93","134.36","628.28"
"701","2012","8","Orissa","Balasore","545.11","283.36","828.47"
"701","2013","8","Orissa","Balasore","-1.0","-1.0","1709.3"
"701","2014","8","Orissa","Balasore","-1.0","-1.0","1186.9"
"702","1988","8","Orissa","Bolangir","185.85","5.78","191.63"
"702","1989","8","Orissa","Bolangir","189.24","5.65","194.89"
"702","1990","8","Orissa","Bolangir","258.42","2.95","261.37"
"702","1991","8","Orissa","Bolangir","247.85","2.26","250.11"
"702","1992","8","Orissa","Bolangir","322.74","2.45","325.19"
"702","1993","8","Orissa","Bolangir","285.39","1.94","287.33"
"702","1994","8","Orissa","Bolangir","340.98","3.08","344.06"
"702","1995","8","Orissa","Bolangir","120.2","4.88","125.08"
"702","1996","8","Orissa","Bolangir","176.83","21.65","198.48"
"702","1998","8","Orissa","Bolangir","275.58","17.11","292.69"
"702","1999","8","Orissa","Bolangir","228.0","36.84","264.84"
"702","2000","8","Orissa","Bolangir","202.26","33.21","235.47"
"702","2001","8","Orissa","Bolangir","195.38","10.53","205.91"
"702","2002","8","Orissa","Bolangir","194.21","20.38","214.59"
"702","2003","8","Orissa","Bolangir","234.17","35.95","270.12"
"702","2004","8","Orissa","Bolangir","-1.0","-1.0","1267.22"
"702","2005","8","Orissa","Bolangir","259.96","423.06","683.02"
"702","2006","8","Orissa","Bolangir","357.86","500.98","858.84"
"702","2007","8","Orissa","Bolangir","421.59","557.14","978.73"
"702","2008","8","Orissa","Bolangir","393.38","1389.83","1783.21"
"702","2009","8","Orissa","Bolangir","465.34","1561.26","2026.59"
"702","2010","8","Orissa","Bolangir","94.0","854.56","948.56"
"702","2011","8","Orissa","Bolangir","89.81","754.77","844.57"
"702","2012","8","Orissa","Bolangir","617.78","430.4","1048.18"
"702","2013","8","Orissa","Bolangir","-1.0","-1.0","2227.2"
"702","2014","8","Orissa","Bolangir","-1.0","-1.0","2241.1"
"703","1988","8","Orissa","Cuttack","474.42","90.78","565.2"
"703","1989","8","Orissa","Cuttack","444.1","95.27","539.37"
"703","1990","8","Orissa","Cuttack","341.06","91.67","432.73"
"703","1991","8","Orissa","Cuttack","539.97","80.37","620.34"
"703","1992","8","Orissa","Cuttack","468.43","98.28","566.71"
"703","1993","8","Orissa","Cuttack","508.65","109.0","617.65"
"703","1994","8","Orissa","Cuttack","442.88","98.45","541.33"
"703","1995","8","Orissa","Cuttack","430.59","67.97","498.56"
"703","1996","8","Orissa","Cuttack","437.03","73.62","510.65"
"703","1998","8","Orissa","Cuttack","513.56","92.42","605.98"
"703","1999","8","Orissa","Cuttack","460.1","87.33","547.43"
"703","2000","8","Orissa","Cuttack","367.48","63.34","430.82"
"703","2001","8","Orissa","Cuttack","397.74","196.24","593.98"
"703","2002","8","Orissa","Cuttack","458.31","226.69","685.0"
"703","2003","8","Orissa","Cuttack","486.16","286.76","772.92"
"703","2004","8","Orissa","Cuttack","-1.0","-1.0","760.36"
"703","2005","8","Orissa","Cuttack","508.77","242.51","751.28"
"703","2006","8","Orissa","Cuttack","585.91","283.16","869.08"
"703","2007","8","Orissa","Cuttack","689.31","314.9","1004.21"
"703","2008","8","Orissa","Cuttack","643.17","247.85","891.02"
"703","2009","8","Orissa","Cuttack","760.83","278.52","1039.34"
"703","2010","8","Orissa","Cuttack","1292.1","2437.28","3729.38"
"703","2011","8","Orissa","Cuttack","1234.44","2152.67","3387.11"
"703","2012","8","Orissa","Cuttack","964.26","1055.11","2019.37"
"703","2013","8","Orissa","Cuttack","-1.0","-1.0","1534.9"
"703","2014","8","Orissa","Cuttack","-1.0","-1.0","1466.9"
"704","1988","8","Orissa","Dhenkanal","126.1","36.35","162.45"
"704","1989","8","Orissa","Dhenkanal","129.07","33.95","163.02"
"704","1990","8","Orissa","Dhenkanal","122.58","7.1","129.68"
"704","1991","8","Orissa","Dhenkanal","146.66","11.16","157.82"
"704","1992","8","Orissa","Dhenkanal","137.38","6.33","143.71"
"704","1993","8","Orissa","Dhenkanal","156.76","6.22","162.98"
"704","1994","8","Orissa","Dhenkanal","123.59","6.55","130.14"
"704","1995","8","Orissa","Dhenkanal","157.67","12.53","170.2"
"704","1996","8","Orissa","Dhenkanal","147.46","11.57","159.03"
"704","1998","8","Orissa","Dhenkanal","177.1","16.16","193.26"
"704","1999","8","Orissa","Dhenkanal","146.86","13.12","159.98"
"704","2000","8","Orissa","Dhenkanal","141.47","12.56","154.03"
"704","2001","8","Orissa","Dhenkanal","138.48","21.69","160.17"
"704","2002","8","Orissa","Dhenkanal","145.08","21.78","166.86"
"704","2003","8","Orissa","Dhenkanal","154.15","43.62","197.77"
"704","2004","8","Orissa","Dhenkanal","-1.0","-1.0","261.5"
"704","2005","8","Orissa","Dhenkanal","169.32","86.14","255.46"
"704","2006","8","Orissa","Dhenkanal","170.51","80.24","250.75"
"704","2007","8","Orissa","Dhenkanal","200.61","89.23","289.84"
"704","2008","8","Orissa","Dhenkanal","187.18","220.44","407.62"
"704","2009","8","Orissa","Dhenkanal","221.42","247.63","469.06"
"704","2010","8","Orissa","Dhenkanal","420.41","445.25","865.66"
"704","2011","8","Orissa","Dhenkanal","401.65","393.26","794.91"
"704","2012","8","Orissa","Dhenkanal","432.89","248.27","681.16"
"704","2013","8","Orissa","Dhenkanal","-1.0","-1.0","700.3"
"704","2014","8","Orissa","Dhenkanal","-1.0","-1.0","845.5"
"705","1988","8","Orissa","Ganjam","196.53","24.39","220.92"
"705","1989","8","Orissa","Ganjam","185.94","19.07","205.01"
"705","1990","8","Orissa","Ganjam","154.04","12.99","167.03"
"705","1991","8","Orissa","Ganjam","153.14","8.11","161.25"
"705","1992","8","Orissa","Ganjam","139.54","12.46","152.0"
"705","1993","8","Orissa","Ganjam","153.84","16.07","169.91"
"705","1994","8","Orissa","Ganjam","194.09","18.35","212.44"
"705","1995","8","Orissa","Ganjam","285.76","43.07","328.83"
"705","1996","8","Orissa","Ganjam","264.26","11.54","275.8"
"705","1998","8","Orissa","Ganjam","295.18","32.07","327.25"
"705","1999","8","Orissa","Ganjam","266.88","22.23","289.11"
"705","2000","8","Orissa","Ganjam","231.86","104.89","336.75"
"705","2001","8","Orissa","Ganjam","300.63","18.48","319.11"
"705","2002","8","Orissa","Ganjam","344.43","40.63","385.06"
"705","2003","8","Orissa","Ganjam","318.87","192.04","510.91"
"705","2004","8","Orissa","Ganjam","-1.0","-1.0","2504.18"
"705","2005","8","Orissa","Ganjam","294.92","478.81","773.73"
"705","2006","8","Orissa","Ganjam","305.4","531.23","836.63"
"705","2007","8","Orissa","Ganjam","359.63","590.77","950.4"
"705","2008","8","Orissa","Ganjam","335.56","2915.89","3251.44"
"705","2009","8","Orissa","Ganjam","396.94","3275.54","3672.48"
"705","2010","8","Orissa","Ganjam","580.8","2329.82","2910.62"
"705","2011","8","Orissa","Ganjam","554.6","2057.76","2612.35"
"705","2012","8","Orissa","Ganjam","871.11","835.81","1706.92"
"705","2013","8","Orissa","Ganjam","-1.0","-1.0","7751.7"
"705","2014","8","Orissa","Ganjam","-1.0","-1.0","4677.1"
"706","1988","8","Orissa","Kalahandi","177.84","3.19","181.03"
"706","1989","8","Orissa","Kalahandi","198.93","2.79","201.72"
"706","1990","8","Orissa","Kalahandi","192.53","0.76","193.29"
"706","1991","8","Orissa","Kalahandi","140.32","1.27","141.59"
"706","1992","8","Orissa","Kalahandi","370.25","5.56","375.81"
"706","1993","8","Orissa","Kalahandi","315.59","4.36","319.95"
"706","1994","8","Orissa","Kalahandi","164.85","0.82","165.67"
"706","1995","8","Orissa","Kalahandi","136.7","0.94","137.64"
"706","1996","8","Orissa","Kalahandi","173.3","1.13","174.43"
"706","1998","8","Orissa","Kalahandi","226.33","1.42","227.75"
"706","1999","8","Orissa","Kalahandi","207.13","1.38","208.51"
"706","2000","8","Orissa","Kalahandi","207.29","1.23","208.52"
"706","2001","8","Orissa","Kalahandi","212.6","2.53","215.13"
"706","2002","8","Orissa","Kalahandi","225.76","60.89","286.65"
"706","2003","8","Orissa","Kalahandi","271.32","14.78","286.1"
"706","2004","8","Orissa","Kalahandi","-1.0","-1.0","452.72"
"706","2005","8","Orissa","Kalahandi","414.71","82.22","496.93"
"706","2006","8","Orissa","Kalahandi","357.78","48.68","406.46"
"706","2007","8","Orissa","Kalahandi","421.3","54.13","475.43"
"706","2008","8","Orissa","Kalahandi","393.1","165.28","558.38"
"706","2009","8","Orissa","Kalahandi","465.02","185.66","650.68"
"706","2010","8","Orissa","Kalahandi","217.97","105.79","323.76"
"706","2011","8","Orissa","Kalahandi","208.24","93.44","301.68"
"706","2012","8","Orissa","Kalahandi","317.31","209.08","526.39"
"706","2013","8","Orissa","Kalahandi","-1.0","-1.0","1110.6"
"706","2014","8","Orissa","Kalahandi","-1.0","-1.0","951.6"
"707","1988","8","Orissa","Keonjhar","209.67","2.97","212.64"
"707","1989","8","Orissa","Keonjhar","212.7","2.59","215.29"
"707","1990","8","Orissa","Keonjhar","241.22","5.06","246.28"
"707","1991","8","Orissa","Keonjhar","214.54","2.67","217.21"
"707","1992","8","Orissa","Keonjhar","221.52","4.54","226.06"
"707","1993","8","Orissa","Keonjhar","247.3","4.58","251.88"
"707","1994","8","Orissa","Keonjhar","214.41","5.19","219.6"
"707","1995","8","Orissa","Keonjhar","253.24","4.66","257.9"
"707","1996","8","Orissa","Keonjhar","240.57","5.18","245.75"
"707","1998","8","Orissa","Keonjhar","314.05","8.89","322.94"
"707","1999","8","Orissa","Keonjhar","278.03","5.74","283.77"
"707","2000","8","Orissa","Keonjhar","270.62","5.9","276.52"
"707","2001","8","Orissa","Keonjhar","265.46","11.63","277.09"
"707","2002","8","Orissa","Keonjhar","293.0","16.15","309.15"
"707","2003","8","Orissa","Keonjhar","281.71","18.33","300.04"
"707","2004","8","Orissa","Keonjhar","-1.0","-1.0","429.1"
"707","2005","8","Orissa","Keonjhar","472.54","34.84","507.38"
"707","2006","8","Orissa","Keonjhar","466.24","47.57","513.82"
"707","2007","8","Orissa","Keonjhar","549.31","52.9","602.22"
"707","2008","8","Orissa","Keonjhar","512.55","41.64","554.18"
"707","2009","8","Orissa","Keonjhar","606.31","46.78","653.08"
"707","2010","8","Orissa","Keonjhar","364.0","344.24","708.24"
"707","2011","8","Orissa","Keonjhar","347.76","304.04","651.8"
"707","2012","8","Orissa","Keonjhar","302.92","349.16","652.08"
"707","2013","8","Orissa","Keonjhar","-1.0","-1.0","435.2"
"707","2014","8","Orissa","Keonjhar","-1.0","-1.0","324.4"
"708","1988","8","Orissa","Koraput","470.88","11.49","482.37"
"708","1989","8","Orissa","Koraput","451.64","9.82","461.46"
"708","1990","8","Orissa","Koraput","458.5","6.35","464.85"
"708","1991","8","Orissa","Koraput","367.1","3.97","371.07"
"708","1992","8","Orissa","Koraput","133.94","0.6","134.54"
"708","1993","8","Orissa","Koraput","117.67","0.44","118.11"
"708","1994","8","Orissa","Koraput","466.91","3.92","470.83"
"708","1995","8","Orissa","Koraput","371.48","6.88","378.36"
"708","1996","8","Orissa","Koraput","514.42","1.98","516.4"
"708","1998","8","Orissa","Koraput","639.97","4.83","644.8"
"708","1999","8","Orissa","Koraput","626.65","6.99","633.64"
"708","2000","8","Orissa","Koraput","612.7","5.96","618.66"
"708","2001","8","Orissa","Koraput","605.78","15.37","621.15"
"708","2002","8","Orissa","Koraput","631.54","29.47","661.01"
"708","2003","8","Orissa","Koraput","729.75","29.79","759.54"
"708","2004","8","Orissa","Koraput","-1.0","-1.0","773.2"
"708","2005","8","Orissa","Koraput","759.56","51.14","810.7"
"708","2006","8","Orissa","Koraput","880.39","49.3","929.7"
"708","2007","8","Orissa","Koraput","1036.49","54.83","1091.32"
"708","2008","8","Orissa","Koraput","967.12","255.95","1223.07"
"708","2009","8","Orissa","Koraput","1144.04","287.52","1431.56"
"708","2010","8","Orissa","Koraput","1131.93","461.83","1593.76"
"708","2011","8","Orissa","Koraput","1081.42","407.9","1489.32"
"708","2012","8","Orissa","Koraput","1041.37","643.37","1684.74"
"708","2013","8","Orissa","Koraput","-1.0","-1.0","2306.0"
"708","2014","8","Orissa","Koraput","-1.0","-1.0","1391.4"
"709","1988","8","Orissa","Mayurbhanja","324.56","11.67","336.23"
"709","1989","8","Orissa","Mayurbhanja","400.72","11.29","412.01"
"709","1990","8","Orissa","Mayurbhanja","347.46","10.32","357.78"
"709","1991","8","Orissa","Mayurbhanja","451.98","7.03","459.01"
"709","1992","8","Orissa","Mayurbhanja","429.09","8.89","437.98"
"709","1993","8","Orissa","Mayurbhanja","435.41","8.94","444.35"
"709","1994","8","Orissa","Mayurbhanja","343.76","11.36","355.12"
"709","1995","8","Orissa","Mayurbhanja","372.86","40.51","413.37"
"709","1996","8","Orissa","Mayurbhanja","444.49","28.35","472.84"
"709","1998","8","Orissa","Mayurbhanja","509.23","16.9","526.13"
"709","1999","8","Orissa","Mayurbhanja","479.26","12.37","491.63"
"709","2000","8","Orissa","Mayurbhanja","514.99","3.02","518.01"
"709","2001","8","Orissa","Mayurbhanja","457.92","7.27","465.19"
"709","2002","8","Orissa","Mayurbhanja","441.44","18.92","460.36"
"709","2003","8","Orissa","Mayurbhanja","439.6","26.22","465.82"
"709","2004","8","Orissa","Mayurbhanja","-1.0","-1.0","921.2"
"709","2005","8","Orissa","Mayurbhanja","803.2","181.71","984.91"
"709","2006","8","Orissa","Mayurbhanja","787.91","195.46","983.38"
"709","2007","8","Orissa","Mayurbhanja","927.47","217.37","1144.84"
"709","2008","8","Orissa","Mayurbhanja","865.39","171.09","1036.48"
"709","2009","8","Orissa","Mayurbhanja","1023.7","192.19","1215.89"
"709","2010","8","Orissa","Mayurbhanja","413.0","246.57","659.57"
"709","2011","8","Orissa","Mayurbhanja","394.57","217.78","612.35"
"709","2012","8","Orissa","Mayurbhanja","360.78","546.16","906.93"
"709","2013","8","Orissa","Mayurbhanja","-1.0","-1.0","1398.8"
"709","2014","8","Orissa","Mayurbhanja","-1.0","-1.0","1646.0"
"710","1988","8","Orissa","Phulbani ( Kandhamal )","174.14","1.97","176.11"
"710","1989","8","Orissa","Phulbani ( Kandhamal )","184.56","1.46","186.02"
"710","1990","8","Orissa","Phulbani ( Kandhamal )","273.79","1.65","275.44"
"710","1991","8","Orissa","Phulbani ( Kandhamal )","224.88","1.23","226.11"
"710","1992","8","Orissa","Phulbani ( Kandhamal )","311.14","1.42","312.56"
"710","1993","8","Orissa","Phulbani ( Kandhamal )","328.14","1.26","329.4"
"710","1994","8","Orissa","Phulbani ( Kandhamal )","258.89","1.7","260.59"
"710","1995","8","Orissa","Phulbani ( Kandhamal )","125.11","0.78","125.89"
"710","1996","8","Orissa","Phulbani ( Kandhamal )","161.04","1.06","162.1"
"710","1998","8","Orissa","Phulbani ( Kandhamal )","197.22","1.46","198.68"
"710","1999","8","Orissa","Phulbani ( Kandhamal )","185.78","1.23","187.01"
"710","2000","8","Orissa","Phulbani ( Kandhamal )","189.27","1.03","190.3"
"710","2001","8","Orissa","Phulbani ( Kandhamal )","175.46","1.88","177.34"
"710","2002","8","Orissa","Phulbani ( Kandhamal )","176.92","4.63","181.55"
"710","2003","8","Orissa","Phulbani ( Kandhamal )","201.35","5.03","206.38"
"710","2004","8","Orissa","Phulbani ( Kandhamal )","-1.0","-1.0","200.55"
"710","2005","8","Orissa","Phulbani ( Kandhamal )","228.34","15.91","244.25"
"710","2006","8","Orissa","Phulbani ( Kandhamal )","239.18","20.8","259.99"
"710","2007","8","Orissa","Phulbani ( Kandhamal )","281.81","23.14","304.94"
"710","2008","8","Orissa","Phulbani ( Kandhamal )","262.95","18.21","281.16"
"710","2009","8","Orissa","Phulbani ( Kandhamal )","311.05","20.46","331.5"
"710","2010","8","Orissa","Phulbani ( Kandhamal )","1118.23","440.5","1558.73"
"710","2011","8","Orissa","Phulbani ( Kandhamal )","1068.33","389.06","1457.39"
"710","2012","8","Orissa","Phulbani ( Kandhamal )","785.51","1072.63","1858.14"
"710","2013","8","Orissa","Phulbani ( Kandhamal )","-1.0","-1.0","281.4"
"710","2014","8","Orissa","Phulbani ( Kandhamal )","-1.0","-1.0","348.6"
"711","1988","8","Orissa","Puri","120.28","30.15","150.43"
"711","1989","8","Orissa","Puri","131.48","37.02","168.5"
"711","1990","8","Orissa","Puri","124.18","48.75","172.93"
"711","1991","8","Orissa","Puri","186.36","47.09","233.45"
"711","1992","8","Orissa","Puri","172.02","54.35","226.37"
"711","1993","8","Orissa","Puri","184.86","67.38","252.24"
"711","1994","8","Orissa","Puri","153.77","52.98","206.75"
"711","1995","8","Orissa","Puri","166.33","81.25","247.58"
"711","1996","8","Orissa","Puri","163.32","63.29","226.61"
"711","1998","8","Orissa","Puri","183.34","26.22","209.56"
"711","1999","8","Orissa","Puri","159.93","31.87","191.8"
"711","2000","8","Orissa","Puri","153.76","24.36","178.12"
"711","2001","8","Orissa","Puri","147.31","184.09","331.4"
"711","2002","8","Orissa","Puri","178.52","274.21","452.73"
"711","2003","8","Orissa","Puri","182.67","647.31","829.98"
"711","2004","8","Orissa","Puri","-1.0","-1.0","2822.36"
"711","2005","8","Orissa","Puri","170.1","344.14","514.24"
"711","2006","8","Orissa","Puri","188.65","608.2","796.84"
"711","2007","8","Orissa","Puri","222.09","676.37","898.45"
"711","2008","8","Orissa","Puri","207.22","1786.6","1993.82"
"711","2009","8","Orissa","Puri","245.13","2006.97","2252.09"
"711","2010","8","Orissa","Puri","318.08","253.31","571.39"
"711","2011","8","Orissa","Puri","303.89","223.73","527.62"
"711","2012","8","Orissa","Puri","468.78","243.56","712.34"
"711","2013","8","Orissa","Puri","-1.0","-1.0","2652.6"
"711","2014","8","Orissa","Puri","-1.0","-1.0","2514.5"
"712","1988","8","Orissa","Sambalpur","254.94","16.7","271.64"
"712","1989","8","Orissa","Sambalpur","244.9","14.67","259.57"
"712","1990","8","Orissa","Sambalpur","255.98","9.37","265.35"
"712","1991","8","Orissa","Sambalpur","292.36","6.14","298.5"
"712","1992","8","Orissa","Sambalpur","283.34","8.18","291.52"
"712","1993","8","Orissa","Sambalpur","307.97","10.22","318.19"
"712","1994","8","Orissa","Sambalpur","253.28","10.72","264.0"
"712","1995","8","Orissa","Sambalpur","254.48","9.19","263.67"
"712","1996","8","Orissa","Sambalpur","270.77","9.35","280.12"
"712","1998","8","Orissa","Sambalpur","326.6","13.81","340.41"
"712","1999","8","Orissa","Sambalpur","307.17","12.79","319.96"
"712","2000","8","Orissa","Sambalpur","297.95","11.46","309.41"
"712","2001","8","Orissa","Sambalpur","255.66","52.8","308.46"
"712","2002","8","Orissa","Sambalpur","287.08","110.85","397.93"
"712","2003","8","Orissa","Sambalpur","314.68","231.75","546.43"
"712","2004","8","Orissa","Sambalpur","-1.0","-1.0","688.73"
"712","2005","8","Orissa","Sambalpur","397.88","202.8","600.68"
"712","2006","8","Orissa","Sambalpur","427.13","302.31","729.44"
"712","2007","8","Orissa","Sambalpur","503.0","336.36","839.37"
"712","2008","8","Orissa","Sambalpur","469.34","582.56","1051.89"
"712","2009","8","Orissa","Sambalpur","555.19","654.41","1209.6"
"712","2010","8","Orissa","Sambalpur","757.78","453.73","1211.51"
"712","2011","8","Orissa","Sambalpur","723.97","400.75","1124.71"
"712","2012","8","Orissa","Sambalpur","690.28","713.08","1403.35"
"712","2013","8","Orissa","Sambalpur","-1.0","-1.0","1034.7"
"712","2014","8","Orissa","Sambalpur","-1.0","-1.0","953.4"
"713","1988","8","Orissa","Sundargarh","175.01","28.46","203.47"
"713","1989","8","Orissa","Sundargarh","204.98","28.12","233.1"
"713","1990","8","Orissa","Sundargarh","203.39","2.42","205.81"
"713","1991","8","Orissa","Sundargarh","273.07","3.6","276.67"
"713","1992","8","Orissa","Sundargarh","208.48","1.7","210.18"
"713","1993","8","Orissa","Sundargarh","222.0","1.79","223.79"
"713","1994","8","Orissa","Sundargarh","172.92","1.7","174.62"
"713","1995","8","Orissa","Sundargarh","154.37","1.85","156.22"
"713","1996","8","Orissa","Sundargarh","193.99","21.37","215.36"
"713","1998","8","Orissa","Sundargarh","206.69","21.78","228.47"
"713","1999","8","Orissa","Sundargarh","251.03","17.69","268.72"
"713","2000","8","Orissa","Sundargarh","205.33","11.56","216.89"
"713","2001","8","Orissa","Sundargarh","232.13","33.29","265.42"
"713","2002","8","Orissa","Sundargarh","270.51","7.25","277.76"
"713","2003","8","Orissa","Sundargarh","274.0","7.88","281.88"
"713","2004","8","Orissa","Sundargarh","-1.0","-1.0","394.57"
"713","2005","8","Orissa","Sundargarh","404.38","7.02","411.4"
"713","2006","8","Orissa","Sundargarh","437.01","32.57","469.58"
"713","2007","8","Orissa","Sundargarh","514.17","36.23","550.39"
"713","2008","8","Orissa","Sundargarh","479.75","28.51","508.27"
"713","2009","8","Orissa","Sundargarh","567.52","32.03","599.54"
"713","2010","8","Orissa","Sundargarh","58.0","638.0","696.0"
"713","2011","8","Orissa","Sundargarh","55.41","563.5","618.91"
"713","2012","8","Orissa","Sundargarh","269.06","356.43","625.48"
"713","2013","8","Orissa","Sundargarh","-1.0","-1.0","467.0"
"713","2014","8","Orissa","Sundargarh","-1.0","-1.0","698.2"
"800","1989","13","West Bengal","24 Parganas","-1.0","-1.0","5108.0"
"800","1990","13","West Bengal","24 Parganas","-1.0","-1.0","5877.91"
"800","1995","13","West Bengal","24 Parganas","-1.0","-1.0","5966.43"
"800","1996","13","West Bengal","24 Parganas","-1.0","-1.0","5767.68"
"800","1997","13","West Bengal","24 Parganas","-1.0","-1.0","5890.11"
"800","1998","13","West Bengal","24 Parganas","-1.0","-1.0","5996.96"
"800","2000","13","West Bengal","24 Parganas","-1.0","-1.0","6033.35"
"800","2001","13","West Bengal","24 Parganas","-1.0","-1.0","6089.63"
"800","2002","13","West Bengal","24 Parganas","-1.0","-1.0","6164.27"
"800","2003","13","West Bengal","24 Parganas","-1.0","-1.0","6336.03"
"800","2004","13","West Bengal","24 Parganas","-1.0","-1.0","6511.78"
"800","2007","13","West Bengal","24 Parganas","3036.47","1052.94","4089.41"
"803","1989","13","West Bengal","Nadia","-1.0","-1.0","1309.82"
"803","1990","13","West Bengal","Nadia","-1.0","-1.0","1390.07"
"803","1995","13","West Bengal","Nadia","-1.0","-1.0","1859.19"
"803","1996","13","West Bengal","Nadia","-1.0","-1.0","1898.35"
"803","1997","13","West Bengal","Nadia","-1.0","-1.0","1920.43"
"803","1998","13","West Bengal","Nadia","-1.0","-1.0","2020.63"
"803","2000","13","West Bengal","Nadia","-1.0","-1.0","1964.84"
"803","2001","13","West Bengal","Nadia","-1.0","-1.0","2046.24"
"803","2002","13","West Bengal","Nadia","-1.0","-1.0","2088.67"
"803","2003","13","West Bengal","Nadia","-1.0","-1.0","2139.07"
"803","2004","13","West Bengal","Nadia","-1.0","-1.0","2196.25"
"803","2007","13","West Bengal","Nadia","1233.68","158.32","1392.0"
"804","1989","13","West Bengal","Murshidabad","-1.0","-1.0","2380.91"
"804","1990","13","West Bengal","Murshidabad","-1.0","-1.0","2516.91"
"804","1995","13","West Bengal","Murshidabad","-1.0","-1.0","2577.8"
"804","1996","13","West Bengal","Murshidabad","-1.0","-1.0","2508.94"
"804","1997","13","West Bengal","Murshidabad","-1.0","-1.0","2551.21"
"804","1998","13","West Bengal","Murshidabad","-1.0","-1.0","2586.95"
"804","2000","13","West Bengal","Murshidabad","-1.0","-1.0","2470.88"
"804","2001","13","West Bengal","Murshidabad","-1.0","-1.0","2663.86"
"804","2002","13","West Bengal","Murshidabad","-1.0","-1.0","2722.45"
"804","2003","13","West Bengal","Murshidabad","-1.0","-1.0","2836.91"
"804","2004","13","West Bengal","Murshidabad","-1.0","-1.0","2950.58"
"804","2007","13","West Bengal","Murshidabad","2859.01","166.29","3025.3"
"805","1989","13","West Bengal","Burdwan","-1.0","-1.0","1343.82"
"805","1990","13","West Bengal","Burdwan","-1.0","-1.0","1188.95"
"805","1995","13","West Bengal","Burdwan","-1.0","-1.0","2335.08"
"805","1996","13","West Bengal","Burdwan","-1.0","-1.0","2432.72"
"805","1997","13","West Bengal","Burdwan","-1.0","-1.0","2458.1"
"805","1998","13","West Bengal","Burdwan","-1.0","-1.0","2472.26"
"805","2000","13","West Bengal","Burdwan","-1.0","-1.0","2568.54"
"805","2001","13","West Bengal","Burdwan","-1.0","-1.0","2597.22"
"805","2002","13","West Bengal","Burdwan","-1.0","-1.0","2607.05"
"805","2003","13","West Bengal","Burdwan","-1.0","-1.0","2672.4"
"805","2004","13","West Bengal","Burdwan","-1.0","-1.0","2730.66"
"805","2007","13","West Bengal","Burdwan","1586.0","131.27","1717.27"
"806","1989","13","West Bengal","Birbhum","-1.0","-1.0","1305.42"
"806","1990","13","West Bengal","Birbhum","-1.0","-1.0","1030.94"
"806","1995","13","West Bengal","Birbhum","-1.0","-1.0","1738.03"
"806","1996","13","West Bengal","Birbhum","-1.0","-1.0","1652.59"
"806","1997","13","West Bengal","Birbhum","-1.0","-1.0","1667.13"
"806","1998","13","West Bengal","Birbhum","-1.0","-1.0","1541.96"
"806","2000","13","West Bengal","Birbhum","-1.0","-1.0","1497.85"
"806","2001","13","West Bengal","Birbhum","-1.0","-1.0","1642.28"
"806","2002","13","West Bengal","Birbhum","-1.0","-1.0","1648.83"
"806","2003","13","West Bengal","Birbhum","-1.0","-1.0","1698.83"
"806","2004","13","West Bengal","Birbhum","-1.0","-1.0","1759.16"
"806","2007","13","West Bengal","Birbhum","1107.62","397.3","1504.92"
"807","1989","13","West Bengal","Bankura","-1.0","-1.0","931.51"
"807","1990","13","West Bengal","Bankura","-1.0","-1.0","945.27"
"807","1995","13","West Bengal","Bankura","-1.0","-1.0","943.24"
"807","1996","13","West Bengal","Bankura","-1.0","-1.0","1015.31"
"807","1997","13","West Bengal","Bankura","-1.0","-1.0","999.09"
"807","1998","13","West Bengal","Bankura","-1.0","-1.0","1003.82"
"807","2000","13","West Bengal","Bankura","-1.0","-1.0","1054.84"
"807","2001","13","West Bengal","Bankura","-1.0","-1.0","996.04"
"807","2002","13","West Bengal","Bankura","-1.0","-1.0","1000.4"
"807","2003","13","West Bengal","Bankura","-1.0","-1.0","1024.48"
"807","2004","13","West Bengal","Bankura","-1.0","-1.0","1042.88"
"807","2007","13","West Bengal","Bankura","632.63","266.52","899.15"
"810","1989","13","West Bengal","Hooghly","-1.0","-1.0","1392.98"
"810","1990","13","West Bengal","Hooghly","-1.0","-1.0","1652.46"
"810","1995","13","West Bengal","Hooghly","-1.0","-1.0","1831.16"
"810","1996","13","West Bengal","Hooghly","-1.0","-1.0","1787.1"
"810","1997","13","West Bengal","Hooghly","-1.0","-1.0","1853.7"
"810","1998","13","West Bengal","Hooghly","-1.0","-1.0","1891.77"
"810","2000","13","West Bengal","Hooghly","-1.0","-1.0","1918.36"
"810","2001","13","West Bengal","Hooghly","-1.0","-1.0","1928.55"
"810","2002","13","West Bengal","Hooghly","-1.0","-1.0","1935.78"
"810","2003","13","West Bengal","Hooghly","-1.0","-1.0","1979.57"
"810","2004","13","West Bengal","Hooghly","-1.0","-1.0","2017.06"
"810","2007","13","West Bengal","Hooghly","740.08","132.17","872.25"
"811","1989","13","West Bengal","Howrah","-1.0","-1.0","1156.66"
"811","1990","13","West Bengal","Howrah","-1.0","-1.0","1118.71"
"811","1995","13","West Bengal","Howrah","-1.0","-1.0","984.2"
"811","1996","13","West Bengal","Howrah","-1.0","-1.0","1003.45"
"811","1997","13","West Bengal","Howrah","-1.0","-1.0","950.98"
"811","1998","13","West Bengal","Howrah","-1.0","-1.0","972.27"
"811","2000","13","West Bengal","Howrah","-1.0","-1.0","1007.18"
"811","2001","13","West Bengal","Howrah","-1.0","-1.0","994.56"
"811","2002","13","West Bengal","Howrah","-1.0","-1.0","1037.67"
"811","2003","13","West Bengal","Howrah","-1.0","-1.0","1065.42"
"811","2004","13","West Bengal","Howrah","-1.0","-1.0","1094.11"
"811","2007","13","West Bengal","Howrah","348.17","98.55","446.72"
"812","1989","13","West Bengal","Jalpaiguri","-1.0","-1.0","824.99"
"812","1990","13","West Bengal","Jalpaiguri","-1.0","-1.0","980.27"
"812","1995","13","West Bengal","Jalpaiguri","-1.0","-1.0","705.2"
"812","1996","13","West Bengal","Jalpaiguri","-1.0","-1.0","798.27"
"812","1997","13","West Bengal","Jalpaiguri","-1.0","-1.0","802.6"
"812","1998","13","West Bengal","Jalpaiguri","-1.0","-1.0","794.71"
"812","2000","13","West Bengal","Jalpaiguri","-1.0","-1.0","831.32"
"812","2001","13","West Bengal","Jalpaiguri","-1.0","-1.0","790.2"
"812","2002","13","West Bengal","Jalpaiguri","-1.0","-1.0","784.98"
"812","2003","13","West Bengal","Jalpaiguri","-1.0","-1.0","806.98"
"812","2004","13","West Bengal","Jalpaiguri","-1.0","-1.0","825.0"
"812","2007","13","West Bengal","Jalpaiguri","702.79","64.66","767.45"
"813","1989","13","West Bengal","Darjeeling","-1.0","-1.0","331.03"
"813","1990","13","West Bengal","Darjeeling","-1.0","-1.0","386.64"
"813","1995","13","West Bengal","Darjeeling","-1.0","-1.0","233.28"
"813","1996","13","West Bengal","Darjeeling","-1.0","-1.0","556.15"
"813","1997","13","West Bengal","Darjeeling","-1.0","-1.0","556.77"
"813","1998","13","West Bengal","Darjeeling","-1.0","-1.0","559.06"
"813","2000","13","West Bengal","Darjeeling","-1.0","-1.0","561.12"
"813","2001","13","West Bengal","Darjeeling","-1.0","-1.0","552.22"
"813","2002","13","West Bengal","Darjeeling","-1.0","-1.0","565.36"
"813","2003","13","West Bengal","Darjeeling","-1.0","-1.0","573.23"
"813","2004","13","West Bengal","Darjeeling","-1.0","-1.0","582.83"
"813","2007","13","West Bengal","Darjeeling","265.82","94.77","360.59"
"814","1989","13","West Bengal","Malda","-1.0","-1.0","1056.39"
"814","1990","13","West Bengal","Malda","-1.0","-1.0","710.28"
"814","1995","13","West Bengal","Malda","-1.0","-1.0","940.18"
"814","1996","13","West Bengal","Malda","-1.0","-1.0","1097.16"
"814","1997","13","West Bengal","Malda","-1.0","-1.0","1063.13"
"814","1998","13","West Bengal","Malda","-1.0","-1.0","1079.23"
"814","2000","13","West Bengal","Malda","-1.0","-1.0","1133.48"
"814","2001","13","West Bengal","Malda","-1.0","-1.0","1105.85"
"814","2002","13","West Bengal","Malda","-1.0","-1.0","1105.6"
"814","2003","13","West Bengal","Malda","-1.0","-1.0","1117.91"
"814","2004","13","West Bengal","Malda","-1.0","-1.0","1129.94"
"814","2007","13","West Bengal","Malda","1036.57","74.01","1110.58"
"816","1989","13","West Bengal","Cooch Behar","-1.0","-1.0","472.42"
"816","1990","13","West Bengal","Cooch Behar","-1.0","-1.0","497.3"
"816","1995","13","West Bengal","Cooch Behar","-1.0","-1.0","945.03"
"816","1996","13","West Bengal","Cooch Behar","-1.0","-1.0","988.52"
"816","1997","13","West Bengal","Cooch Behar","-1.0","-1.0","1019.65"
"816","1998","13","West Bengal","Cooch Behar","-1.0","-1.0","960.33"
"816","2000","13","West Bengal","Cooch Behar","-1.0","-1.0","980.92"
"816","2001","13","West Bengal","Cooch Behar","-1.0","-1.0","968.75"
"816","2002","13","West Bengal","Cooch Behar","-1.0","-1.0","948.35"
"816","2003","13","West Bengal","Cooch Behar","-1.0","-1.0","980.21"
"816","2004","13","West Bengal","Cooch Behar","-1.0","-1.0","1005.39"
"816","2007","13","West Bengal","Cooch Behar","448.14","55.17","503.31"
"817","1989","13","West Bengal","Purulia","-1.0","-1.0","554.06"
"817","1990","13","West Bengal","Purulia","-1.0","-1.0","495.94"
"817","1995","13","West Bengal","Purulia","-1.0","-1.0","707.54"
"817","1996","13","West Bengal","Purulia","-1.0","-1.0","728.5"
"817","1997","13","West Bengal","Purulia","-1.0","-1.0","747.34"
"817","1998","13","West Bengal","Purulia","-1.0","-1.0","732.17"
"817","2000","13","West Bengal","Purulia","-1.0","-1.0","747.68"
"817","2001","13","West Bengal","Purulia","-1.0","-1.0","726.22"
"817","2002","13","West Bengal","Purulia","-1.0","-1.0","766.56"
"817","2003","13","West Bengal","Purulia","-1.0","-1.0","769.33"
"817","2004","13","West Bengal","Purulia","-1.0","-1.0","764.5"
"817","2007","13","West Bengal","Purulia","412.31","69.84","482.15"
"818","1989","13","West Bengal","Midnapur","-1.0","-1.0","3147.23"
"818","1990","13","West Bengal","Midnapur","-1.0","-1.0","2970.44"
"818","1995","13","West Bengal","Midnapur","-1.0","-1.0","2786.39"
"818","1996","13","West Bengal","Midnapur","-1.0","-1.0","2631.69"
"818","1997","13","West Bengal","Midnapur","-1.0","-1.0","2707.7"
"818","1998","13","West Bengal","Midnapur","-1.0","-1.0","2747.63"
"818","2000","13","West Bengal","Midnapur","-1.0","-1.0","2802.85"
"818","2001","13","West Bengal","Midnapur","-1.0","-1.0","2749.75"
"818","2002","13","West Bengal","Midnapur","-1.0","-1.0","2879.54"
"818","2003","13","West Bengal","Midnapur","-1.0","-1.0","2932.64"
"818","2004","13","West Bengal","Midnapur","-1.0","-1.0","2977.29"
"818","2007","13","West Bengal","Midnapur","1495.17","779.81","2274.98"
"822","1989","13","West Bengal","West Dinajpur","-1.0","-1.0","853.83"
"822","1990","13","West Bengal","West Dinajpur","-1.0","-1.0","994.61"
"822","1995","13","West Bengal","West Dinajpur","-1.0","-1.0","1047.43"
"822","1996","13","West Bengal","West Dinajpur","-1.0","-1.0","1084.51"
"822","1997","13","West Bengal","West Dinajpur","-1.0","-1.0","1075.01"
"822","1998","13","West Bengal","West Dinajpur","-1.0","-1.0","1091.0"
"822","2000","13","West Bengal","West Dinajpur","-1.0","-1.0","1180.46"
"822","2001","13","West Bengal","West Dinajpur","-1.0","-1.0","1157.18"
"822","2002","13","West Bengal","West Dinajpur","-1.0","-1.0","1174.54"
"822","2003","13","West Bengal","West Dinajpur","-1.0","-1.0","1198.86"
"822","2004","13","West Bengal","West Dinajpur","-1.0","-1.0","1215.74"
"822","2007","13","West Bengal","West Dinajpur","1131.63","35.26","1166.89"
"910","2009","15","Jharkhand","Santhal Paragana / Dumka","-1.0","-1.0","12.81"
"910","2010","15","Jharkhand","Santhal Paragana / Dumka","-1.0","-1.0","953.2"
"910","2011","15","Jharkhand","Santhal Paragana / Dumka","-1.0","-1.0","985.45"
"910","2012","15","Jharkhand","Santhal Paragana / Dumka","-1.0","-1.0","997.8"
"910","2013","15","Jharkhand","Santhal Paragana / Dumka","-1.0","-1.0","1043.48"
"910","2014","15","Jharkhand","Santhal Paragana / Dumka","-1.0","-1.0","1048.09"
"910","2015","15","Jharkhand","Santhal Paragana / Dumka","-1.0","-1.0","1078.11"
"913","2009","15","Jharkhand","Hazaribagh","-1.0","-1.0","9.72"
"913","2010","15","Jharkhand","Hazaribagh","-1.0","-1.0","666.83"
"913","2011","15","Jharkhand","Hazaribagh","-1.0","-1.0","682.76"
"913","2012","15","Jharkhand","Hazaribagh","-1.0","-1.0","663.52"
"913","2013","15","Jharkhand","Hazaribagh","-1.0","-1.0","712.72"
"913","2014","15","Jharkhand","Hazaribagh","-1.0","-1.0","759.95"
"913","2015","15","Jharkhand","Hazaribagh","-1.0","-1.0","835.3"
"914","2009","15","Jharkhand","Dhanbad","-1.0","-1.0","2.21"
"914","2010","15","Jharkhand","Dhanbad","-1.0","-1.0","246.2"
"914","2011","15","Jharkhand","Dhanbad","-1.0","-1.0","253.27"
"914","2012","15","Jharkhand","Dhanbad","-1.0","-1.0","248.04"
"914","2013","15","Jharkhand","Dhanbad","-1.0","-1.0","266.15"
"914","2014","15","Jharkhand","Dhanbad","-1.0","-1.0","274.96"
"914","2015","15","Jharkhand","Dhanbad","-1.0","-1.0","287.35"
"915","2009","15","Jharkhand","Palamau","-1.0","-1.0","5.04"
"915","2010","15","Jharkhand","Palamau","-1.0","-1.0","261.81"
"915","2011","15","Jharkhand","Palamau","-1.0","-1.0","261.16"
"915","2012","15","Jharkhand","Palamau","-1.0","-1.0","238.14"
"915","2013","15","Jharkhand","Palamau","-1.0","-1.0","280.88"
"915","2014","15","Jharkhand","Palamau","-1.0","-1.0","308.02"
"915","2015","15","Jharkhand","Palamau","-1.0","-1.0","329.7"
"916","2009","15","Jharkhand","Ranchi","-1.0","-1.0","10.06"
"916","2010","15","Jharkhand","Ranchi","-1.0","-1.0","968.3"
"916","2011","15","Jharkhand","Ranchi","-1.0","-1.0","1004.93"
"916","2012","15","Jharkhand","Ranchi","-1.0","-1.0","985.58"
"916","2013","15","Jharkhand","Ranchi","-1.0","-1.0","1019.1"
"916","2014","15","Jharkhand","Ranchi","-1.0","-1.0","1093.61"
"916","2015","15","Jharkhand","Ranchi","-1.0","-1.0","1163.74"
"917","2009","15","Jharkhand","Singhbhum","-1.0","-1.0","6.93"
"917","2010","15","Jharkhand","Singhbhum","-1.0","-1.0","1056.82"
"917","2011","15","Jharkhand","Singhbhum","-1.0","-1.0","1106.93"
"917","2012","15","Jharkhand","Singhbhum","-1.0","-1.0","1105.87"
"917","2013","15","Jharkhand","Singhbhum","-1.0","-1.0","1122.66"
"917","2014","15","Jharkhand","Singhbhum","-1.0","-1.0","1178.54"
"917","2015","15","Jharkhand","Singhbhum","-1.0","-1.0","1141.65"