"Dist Code","Year","State Code","State Name","Dist Name","MARGINAL NUMBER (1000 Number)","MARGINAL AREA (1000 ha)","SMALL NUMBER (1000 Number)","SMALL AREA (1000 ha)","SEMI MEDIUM NUMBER (1000 Number)","SEMI MEDIUM AREA (1000 ha)","MEDIUM NUMBER (1000 Number)","MEDIUM AREA (1000 ha)","LARGE NUMBER (1000 Number)","LARGE AREA (1000 ha)","TOTAL NUMBER (1000 Number)","TOTAL AREA (1000 ha)"
"1","1970","14","Chhattisgarh","Durg","110.3","51.1","60.3","88.5","66.9","191.9","63.2","390.9","21.9","427.4","322.6","1149.8"
"1","1976","14","Chhattisgarh","Durg","143.99","66.85","75.98","112.03","77.92","221.87","65.96","399.69","20.0","358.88","383.86","1159.3"
"1","1980","14","Chhattisgarh","Durg","151.56","70.59","79.95","117.32","79.32","225.35","65.44","398.55","19.47","355.85","395.74","1167.68"
"1","1985","14","Chhattisgarh","Durg","204.56","93.19","101.09","145.06","90.69","252.07","65.62","392.83","16.56","284.01","478.52","1167.17"
"1","1990","14","Chhattisgarh","Durg","235.72","109.02","118.1","171.43","96.3","269.64","63.14","375.16","14.13","236.29","527.36","1161.53"
"1","1995","14","Chhattisgarh","Durg","316.6","146.08","145.35","207.57","106.16","291.94","57.98","338.86","10.13","166.04","636.2","1150.5"
"1","2000","14","Chhattisgarh","Durg","373.17","175.74","163.65","233.34","108.85","299.56","53.35","305.56","7.82","124.96","706.86","1139.15"
"1","2005","14","Chhattisgarh","Durg","425.88","192.8","176.15","251.31","110.49","300.74","49.47","283.08","6.65","105.51","768.62","1133.45"
"1","2010","14","Chhattisgarh","Durg","488.04","223.33","198.72","284.17","109.12","294.67","41.63","236.69","4.97","76.13","842.47","1114.97"
"2","1970","14","Chhattisgarh","Bastar","31.8","13.6","19.9","29.3","30.7","87.1","37.9","240.2","22.0","451.7","142.3","821.9"
"2","1976","14","Chhattisgarh","Bastar","41.77","18.86","27.59","41.13","44.28","125.71","48.66","302.07","22.07","400.26","184.37","888.02"
"2","1980","14","Chhattisgarh","Bastar","53.04","24.2","35.27","52.02","55.02","153.98","48.7","304.45","21.24","404.36","213.28","939.0"
"2","1985","14","Chhattisgarh","Bastar","69.53","32.22","46.4","68.49","72.49","191.14","50.09","305.26","19.1","374.75","257.6","971.86"
"2","1990","14","Chhattisgarh","Bastar","85.23","38.03","57.19","81.65","78.62","206.76","50.58","300.22","17.95","325.37","289.56","952.03"
"2","1995","14","Chhattisgarh","Bastar","90.91","42.36","71.95","106.91","89.76","234.08","52.99","316.59","15.2","285.59","320.8","985.52"
"2","2000","14","Chhattisgarh","Bastar","108.81","53.7","91.09","131.04","93.97","242.05","47.18","273.25","12.8","239.32","353.85","939.36"
"2","2005","14","Chhattisgarh","Bastar","120.52","60.72","98.0","141.82","96.54","252.05","46.48","274.63","12.01","229.26","373.53","958.48"
"2","2010","14","Chhattisgarh","Bastar","137.49","71.32","108.06","157.5","94.07","245.79","43.25","254.36","10.62","197.74","393.49","926.7"
"3","1970","14","Chhattisgarh","Raipur","161.6","75.4","75.0","110.8","68.6","195.3","51.7","315.1","15.9","300.7","372.8","997.3"
"3","1976","14","Chhattisgarh","Raipur","174.2","83.43","80.96","117.9","73.29","196.35","54.44","324.22","15.22","279.29","398.11","1001.18"
"3","1980","14","Chhattisgarh","Raipur","200.79","89.32","89.77","129.87","76.95","215.44","54.26","322.7","14.62","264.44","436.39","1021.77"
"3","1985","14","Chhattisgarh","Raipur","266.53","117.36","110.61","161.06","86.99","245.79","51.7","306.46","10.84","205.14","526.65","1035.82"
"3","1990","14","Chhattisgarh","Raipur","300.7","134.96","127.2","183.46","89.95","246.79","51.11","297.25","9.97","170.53","578.93","1032.99"
"3","1995","14","Chhattisgarh","Raipur","366.88","164.38","141.97","202.35","95.13","259.07","45.36","259.76","6.8","113.07","656.13","998.62"
"3","2000","14","Chhattisgarh","Raipur","426.97","192.62","165.42","235.04","95.75","261.53","41.46","237.71","5.12","79.73","734.72","1006.64"
"3","2005","14","Chhattisgarh","Raipur","460.92","206.18","171.63","240.92","95.17","258.13","38.95","219.58","4.19","68.05","770.86","992.85"
"3","2010","14","Chhattisgarh","Raipur","521.94","231.75","188.89","266.22","92.01","248.38","31.95","179.42","3.11","48.64","837.91","974.4"
"4","1970","14","Chhattisgarh","Bilaspur","238.3","96.7","81.8","120.0","68.3","197.8","46.4","280.6","11.3","195.9","446.1","891.0"
"4","1976","14","Chhattisgarh","Bilaspur","270.02","108.82","87.37","126.45","72.72","205.43","47.0","279.1","10.29","173.08","487.39","892.88"
"4","1980","14","Chhattisgarh","Bilaspur","287.6","115.37","94.0","135.4","74.95","209.04","45.54","269.08","9.46","157.03","511.53","885.9"
"4","1985","14","Chhattisgarh","Bilaspur","335.29","130.74","107.94","154.5","80.08","217.96","43.79","254.98","8.28","140.17","575.38","898.35"
"4","1990","14","Chhattisgarh","Bilaspur","382.62","147.13","116.89","166.95","80.07","220.64","41.42","240.47","6.93","116.91","627.94","892.1"
"4","1995","14","Chhattisgarh","Bilaspur","466.31","182.76","127.87","184.37","80.89","220.34","36.84","211.27","5.1","80.6","717.02","879.35"
"4","2000","14","Chhattisgarh","Bilaspur","504.25","205.95","140.25","195.26","77.85","213.31","33.47","189.84","3.92","61.3","759.74","865.67"
"4","2005","14","Chhattisgarh","Bilaspur","543.54","219.66","148.36","206.34","81.18","220.23","30.03","169.7","3.18","48.62","806.3","864.55"
"4","2010","14","Chhattisgarh","Bilaspur","607.94","242.92","157.07","219.27","77.08","206.32","26.17","146.49","2.36","35.03","870.63","850.03"
"5","1970","14","Chhattisgarh","Raigarh","54.1","23.0","23.1","33.6","26.8","77.9","32.0","203.3","13.3","231.6","149.3","569.4"
"5","1976","14","Chhattisgarh","Raigarh","68.38","31.12","34.22","49.85","37.87","107.38","36.07","228.27","11.77","191.82","188.3","608.44"
"5","1980","14","Chhattisgarh","Raigarh","69.05","31.82","39.45","57.62","44.51","125.42","37.72","231.74","10.16","168.57","200.89","615.16"
"5","1985","14","Chhattisgarh","Raigarh","88.77","40.05","46.97","69.16","48.18","135.74","37.83","230.3","8.85","144.19","230.6","619.43"
"5","1990","14","Chhattisgarh","Raigarh","99.98","44.41","52.37","77.19","53.02","148.53","38.01","230.05","7.74","124.01","251.12","624.19"
"5","1995","14","Chhattisgarh","Raigarh","128.7","57.77","59.82","87.31","55.43","155.06","36.16","218.32","6.62","102.44","286.75","620.89"
"5","2000","14","Chhattisgarh","Raigarh","144.31","64.76","64.55","92.73","55.29","152.14","34.49","204.82","5.8","88.11","304.43","602.56"
"5","2005","14","Chhattisgarh","Raigarh","157.31","69.94","69.08","99.29","55.93","154.88","32.9","192.78","5.1","75.12","320.29","592.0"
"5","2010","14","Chhattisgarh","Raigarh","174.12","75.6","72.75","104.32","55.55","151.76","30.07","174.52","4.24","61.91","336.72","568.09"
"6","1970","14","Chhattisgarh","Surguja","62.1","25.8","29.7","43.8","38.5","111.6","39.2","243.5","10.2","156.5","179.7","581.2"
"6","1976","14","Chhattisgarh","Surguja","72.96","32.12","40.54","59.93","50.69","143.21","44.36","273.15","10.09","153.67","218.63","662.09"
"6","1980","14","Chhattisgarh","Surguja","80.98","36.16","49.56","73.92","59.37","163.91","44.57","271.98","9.39","144.91","243.88","690.89"
"6","1985","14","Chhattisgarh","Surguja","103.84","47.69","60.45","90.34","65.68","180.39","44.3","267.01","8.02","122.25","282.28","707.68"
"6","1990","14","Chhattisgarh","Surguja","126.7","56.9","69.22","100.88","70.4","192.7","43.14","254.49","6.82","100.49","316.27","705.46"
"6","1995","14","Chhattisgarh","Surguja","152.85","66.82","77.29","110.07","74.16","199.48","40.26","231.13","4.94","69.98","349.49","677.47"
"6","2000","14","Chhattisgarh","Surguja","189.05","83.42","91.28","131.06","76.73","206.51","34.92","199.0","3.53","49.69","395.49","669.67"
"6","2005","14","Chhattisgarh","Surguja","210.39","90.24","96.51","138.14","77.77","209.64","33.32","187.69","3.08","42.59","421.07","668.3"
"6","2010","14","Chhattisgarh","Surguja","253.29","107.88","105.64","147.92","75.17","200.75","28.79","161.39","2.39","31.91","465.28","649.86"
"7","1970","6","Madhya Pradesh","Jabalpur","81.7","35.7","38.2","56.1","36.0","103.1","31.0","193.5","11.5","200.4","198.4","588.8"
"7","1976","6","Madhya Pradesh","Jabalpur","93.39","41.15","44.49","64.74","39.52","110.48","30.4","186.21","8.65","143.86","216.45","546.44"
"7","1980","6","Madhya Pradesh","Jabalpur","94.54","41.52","46.93","68.08","41.08","115.58","31.29","190.66","9.31","156.99","223.15","572.83"
"7","1985","6","Madhya Pradesh","Jabalpur","123.89","54.2","58.27","84.25","46.63","130.17","30.85","185.81","7.42","120.15","267.06","574.58"
"7","1990","6","Madhya Pradesh","Jabalpur","139.44","60.95","69.85","99.77","51.66","142.91","30.36","179.61","5.96","96.02","297.26","579.25"
"7","1995","6","Madhya Pradesh","Jabalpur","173.74","81.54","81.1","112.52","57.45","156.42","28.98","165.05","3.59","56.79","344.87","572.31"
"7","2000","6","Madhya Pradesh","Jabalpur","193.76","91.46","88.34","125.65","52.11","143.45","24.36","140.71","2.86","43.14","361.42","544.41"
"7","2005","6","Madhya Pradesh","Jabalpur","209.93","98.94","91.94","133.31","53.86","147.45","22.88","130.81","2.15","32.32","380.75","542.82"
"7","2010","6","Madhya Pradesh","Jabalpur","225.0","104.0","96.0","135.0","53.0","145.0","21.0","116.0","2.0","33.0","395.0","535.0"
"8","1970","6","Madhya Pradesh","Balaghat","58.5","24.1","24.4","37.3","23.6","66.6","29.6","110.4","4.9","78.8","141.0","317.2"
"8","1976","6","Madhya Pradesh","Balaghat","82.31","35.7","30.73","44.7","26.61","75.17","18.67","112.86","3.97","61.58","162.29","330.01"
"8","1980","6","Madhya Pradesh","Balaghat","86.94","34.37","31.89","46.18","27.36","76.6","18.47","109.9","3.67","57.73","168.32","324.78"
"8","1985","6","Madhya Pradesh","Balaghat","112.13","43.75","39.5","56.16","29.32","80.18","17.77","104.71","2.5","38.42","201.21","323.21"
"8","1990","6","Madhya Pradesh","Balaghat","127.72","47.57","43.24","60.53","29.85","81.42","16.43","93.86","2.29","35.3","219.53","318.68"
"8","1995","6","Madhya Pradesh","Balaghat","136.72","56.63","49.06","69.7","30.71","83.06","13.87","80.37","1.59","23.47","231.95","313.23"
"8","2000","6","Madhya Pradesh","Balaghat","158.05","67.91","53.89","74.74","29.57","79.39","11.54","65.78","1.29","18.55","254.33","306.37"
"8","2005","6","Madhya Pradesh","Balaghat","165.53","68.76","56.2","76.89","30.72","81.16","11.89","68.36","1.24","17.23","265.58","312.39"
"8","2010","6","Madhya Pradesh","Balaghat","188.0","79.0","60.0","83.0","28.0","75.0","9.0","49.0","1.0","9.0","286.0","294.0"
"9","1970","6","Madhya Pradesh","Chhindwara","36.6","11.9","20.2","30.1","30.6","89.5","36.2","223.7","12.9","219.7","136.5","574.9"
"9","1976","6","Madhya Pradesh","Chhindwara","32.6","12.1","23.93","35.66","35.18","100.93","37.91","233.39","11.63","182.58","141.24","564.67"
"9","1980","6","Madhya Pradesh","Chhindwara","37.37","14.65","28.25","42.1","37.15","106.11","37.51","230.56","11.54","182.92","151.83","576.34"
"9","1985","6","Madhya Pradesh","Chhindwara","44.33","18.58","37.18","54.86","42.98","120.91","38.43","233.71","10.04","154.22","172.95","582.27"
"9","1990","6","Madhya Pradesh","Chhindwara","52.83","23.01","46.56","68.63","47.15","132.33","37.37","225.84","8.18","123.28","192.08","573.09"
"9","1995","6","Madhya Pradesh","Chhindwara","76.09","37.48","65.37","92.91","53.93","150.54","34.29","201.6","4.36","63.23","234.04","545.75"
"9","2000","6","Madhya Pradesh","Chhindwara","84.18","40.74","73.64","106.59","57.05","157.12","33.39","195.09","4.61","64.89","252.87","564.43"
"9","2005","6","Madhya Pradesh","Chhindwara","101.38","48.6","87.15","125.18","59.89","162.4","30.66","176.45","3.67","52.43","282.75","565.05"
"9","2010","6","Madhya Pradesh","Chhindwara","114.0","61.0","93.0","134.0","59.0","160.0","25.0","143.0","2.0","34.0","295.0","531.0"
"10","1970","6","Madhya Pradesh","Narsinghpur","19.2","8.2","13.6","20.3","17.5","50.5","18.0","112.9","7.2","117.3","75.5","309.2"
"10","1976","6","Madhya Pradesh","Narsinghpur","23.22","10.02","16.94","24.72","19.88","56.96","20.16","121.9","6.21","97.73","86.42","311.33"
"10","1980","6","Madhya Pradesh","Narsinghpur","21.24","10.29","18.77","27.29","20.09","57.09","19.21","118.26","6.1","95.07","85.4","307.99"
"10","1985","6","Madhya Pradesh","Narsinghpur","31.23","15.74","27.67","40.37","24.65","69.73","20.0","121.84","4.4","66.43","107.95","314.11"
"10","1990","6","Madhya Pradesh","Narsinghpur","33.96","17.11","34.83","51.17","25.39","70.99","19.44","117.33","3.83","58.96","117.45","315.56"
"10","1995","6","Madhya Pradesh","Narsinghpur","38.17","19.64","38.06","56.7","26.47","74.52","18.72","111.74","3.33","51.16","124.75","313.75"
"10","2000","6","Madhya Pradesh","Narsinghpur","43.43","23.99","42.54","62.45","28.52","80.34","17.23","102.02","2.65","38.71","134.36","307.5"
"10","2005","6","Madhya Pradesh","Narsinghpur","46.36","26.12","45.75","64.4","29.79","82.92","16.53","97.22","1.93","29.4","140.35","300.05"
"10","2010","6","Madhya Pradesh","Narsinghpur","55.0","30.0","53.0","74.0","33.0","91.0","16.0","90.0","1.0","19.0","157.0","304.0"
"11","1970","6","Madhya Pradesh","Seoni / Shivani","29.4","7.6","12.3","18.5","18.6","54.6","25.0","159.1","12.7","219.6","98.0","459.4"
"11","1976","6","Madhya Pradesh","Seoni / Shivani","30.28","9.39","16.57","24.55","22.4","64.56","26.61","167.51","11.18","182.53","107.02","448.54"
"11","1980","6","Madhya Pradesh","Seoni / Shivani","34.57","11.09","18.19","27.07","23.99","68.72","27.86","174.98","11.02","179.53","115.64","461.39"
"11","1985","6","Madhya Pradesh","Seoni / Shivani","39.57","13.65","23.61","34.59","27.59","78.92","28.58","176.97","9.42","145.38","128.77","449.5"
"11","1990","6","Madhya Pradesh","Seoni / Shivani","47.39","17.55","30.26","44.71","31.56","90.12","28.25","173.82","7.69","116.12","145.15","442.31"
"11","1995","6","Madhya Pradesh","Seoni / Shivani","56.24","23.32","40.45","59.58","36.0","102.01","27.22","163.19","6.12","91.78","166.02","439.87"
"11","2000","6","Madhya Pradesh","Seoni / Shivani","72.09","31.4","50.03","73.16","38.82","109.41","26.55","157.62","4.47","66.09","191.96","437.68"
"11","2005","6","Madhya Pradesh","Seoni / Shivani","80.1","35.27","56.49","81.57","41.57","115.35","24.99","147.44","3.83","55.35","206.98","434.98"
"11","2010","6","Madhya Pradesh","Seoni / Shivani","109.0","49.0","71.0","101.0","47.0","127.0","21.0","122.0","2.0","31.0","250.0","431.0"
"12","1970","6","Madhya Pradesh","Mandla","35.0","14.1","17.2","25.1","22.7","65.6","30.7","199.2","16.3","268.4","121.9","572.4"
"12","1976","6","Madhya Pradesh","Mandla","45.25","18.97","22.86","33.29","27.3","78.81","34.09","215.82","15.57","238.5","145.07","585.39"
"12","1980","6","Madhya Pradesh","Mandla","54.74","23.34","27.2","39.99","30.61","88.11","35.1","222.82","13.64","214.75","161.28","589.0"
"12","1985","6","Madhya Pradesh","Mandla","71.96","29.24","33.25","48.88","35.7","102.21","36.51","227.58","12.08","180.4","189.49","588.3"
"12","1990","6","Madhya Pradesh","Mandla","83.67","36.93","44.12","64.36","43.97","125.94","38.87","238.31","8.15","117.78","218.77","583.32"
"12","1995","6","Madhya Pradesh","Mandla","95.93","43.99","52.29","76.18","48.33","138.02","37.08","221.65","5.9","84.21","239.52","564.05"
"12","2000","6","Madhya Pradesh","Mandla","122.63","56.38","62.38","91.86","50.96","143.33","34.5","206.06","4.71","65.47","275.16","563.11"
"12","2005","6","Madhya Pradesh","Mandla","133.77","61.43","68.05","97.35","52.26","144.82","33.29","193.87","4.33","57.95","291.7","555.42"
"12","2010","6","Madhya Pradesh","Mandla","160.0","72.0","76.0","108.0","52.0","144.0","30.0","176.0","3.0","47.0","321.0","548.0"
"13","1970","6","Madhya Pradesh","Sagar","48.5","17.9","30.1","43.6","33.7","95.7","31.2","194.7","12.4","210.5","155.9","562.4"
"13","1976","6","Madhya Pradesh","Sagar","49.81","20.06","33.25","47.93","34.41","96.89","31.02","190.17","11.48","195.96","159.96","551.0"
"13","1980","6","Madhya Pradesh","Sagar","52.31","22.23","36.58","52.5","35.5","99.94","31.01","189.75","11.4","197.06","166.8","561.48"
"13","1985","6","Madhya Pradesh","Sagar","61.43","27.39","45.03","64.72","38.46","108.01","30.94","189.12","10.27","174.78","186.12","564.03"
"13","1990","6","Madhya Pradesh","Sagar","62.4","29.67","51.51","73.63","40.14","112.14","30.34","183.79","9.42","164.45","193.82","563.68"
"13","1995","6","Madhya Pradesh","Sagar","79.68","39.18","62.9","89.81","44.93","125.24","28.9","174.24","7.63","131.04","224.04","559.51"
"13","2000","6","Madhya Pradesh","Sagar","99.65","51.37","72.81","107.25","48.15","134.82","28.52","170.12","5.97","98.33","255.1","561.9"
"13","2005","6","Madhya Pradesh","Sagar","118.22","61.24","84.37","118.31","53.22","146.46","27.64","161.41","4.21","64.9","287.66","552.32"
"13","2010","6","Madhya Pradesh","Sagar","135.0","73.0","99.0","140.0","52.0","142.0","25.0","142.0","3.0","50.0","313.0","547.0"
"14","1970","6","Madhya Pradesh","Damoh","28.0","12.5","15.4","23.6","17.1","48.6","16.5","103.3","7.4","132.7","84.4","320.7"
"14","1976","6","Madhya Pradesh","Damoh","34.39","14.51","18.35","27.05","18.11","51.58","17.24","106.85","6.9","120.83","94.99","320.82"
"14","1980","6","Madhya Pradesh","Damoh","39.91","17.66","21.13","30.61","20.1","56.61","17.33","106.4","6.35","107.02","104.82","318.3"
"14","1985","6","Madhya Pradesh","Damoh","49.2","21.61","25.53","36.93","22.24","62.6","17.42","105.93","5.63","90.78","120.02","317.84"
"14","1990","6","Madhya Pradesh","Damoh","56.04","24.8","28.85","41.7","24.09","66.72","17.07","101.93","4.63","74.49","130.69","309.63"
"14","1995","6","Madhya Pradesh","Damoh","60.03","29.37","34.32","48.56","25.75","72.26","17.12","102.94","4.49","74.23","141.7","327.36"
"14","2000","6","Madhya Pradesh","Damoh","74.57","36.28","38.21","54.39","27.3","76.03","16.07","96.59","2.86","47.15","159.02","310.44"
"14","2005","6","Madhya Pradesh","Damoh","76.47","37.99","42.74","58.58","28.49","78.93","15.27","90.5","2.63","42.28","165.59","308.27"
"14","2010","6","Madhya Pradesh","Damoh","83.0","42.0","46.0","66.0","29.0","79.0","13.0","72.0","2.0","28.0","172.0","288.0"
"15","1970","6","Madhya Pradesh","Tikamgarh","39.5","19.0","24.6","37.3","26.0","75.9","13.6","92.6","2.1","33.7","105.8","258.5"
"15","1976","6","Madhya Pradesh","Tikamgarh","48.58","22.18","29.29","42.55","28.64","79.67","15.71","89.83","1.95","31.41","124.17","265.63"
"15","1980","6","Madhya Pradesh","Tikamgarh","56.23","25.54","33.83","49.28","30.74","84.71","15.29","86.15","1.78","28.96","137.87","274.63"
"15","1985","6","Madhya Pradesh","Tikamgarh","60.33","30.06","42.43","60.09","33.02","89.85","14.52","81.75","1.44","21.65","151.74","283.4"
"15","1990","6","Madhya Pradesh","Tikamgarh","57.53","29.32","42.57","61.15","33.04","89.84","14.48","79.98","1.41","20.75","149.04","281.04"
"15","1995","6","Madhya Pradesh","Tikamgarh","72.21","37.21","47.81","67.05","34.21","91.71","13.31","74.19","1.07","15.25","168.6","285.41"
"15","2000","6","Madhya Pradesh","Tikamgarh","77.59","39.2","48.78","68.78","33.5","90.4","12.38","68.61","0.9","12.78","173.16","279.76"
"15","2005","6","Madhya Pradesh","Tikamgarh","79.15","41.56","49.83","69.85","32.65","88.49","9.55","53.81","0.62","10.13","171.8","263.84"
"15","2010","6","Madhya Pradesh","Tikamgarh","62.0","31.0","37.0","46.0","30.0","78.0","10.0","54.0","0.0","6.0","140.0","215.0"
"16","1970","6","Madhya Pradesh","Chhatarpur","28.0","11.8","18.2","27.2","25.1","74.4","26.0","158.8","10.0","185.7","107.3","457.9"
"16","1976","6","Madhya Pradesh","Chhatarpur","37.34","18.83","32.18","48.88","34.05","98.49","27.67","166.38","8.78","159.92","140.01","492.5"
"16","1980","6","Madhya Pradesh","Chhatarpur","36.52","18.99","32.54","47.77","35.39","99.1","27.92","169.75","8.11","136.91","140.47","472.52"
"16","1985","6","Madhya Pradesh","Chhatarpur","45.57","23.59","42.95","62.89","40.16","111.79","27.55","164.05","6.68","108.77","162.9","471.08"
"16","1990","6","Madhya Pradesh","Chhatarpur","54.98","29.29","53.69","78.89","44.69","122.39","27.42","163.07","5.51","87.51","186.29","481.15"
"16","1995","6","Madhya Pradesh","Chhatarpur","67.56","36.04","64.72","95.07","47.3","128.62","25.75","150.96","4.26","65.8","209.59","476.48"
"16","2000","6","Madhya Pradesh","Chhatarpur","83.6","45.58","75.07","109.49","48.44","130.86","24.46","142.06","3.67","55.94","235.24","483.93"
"16","2005","6","Madhya Pradesh","Chhatarpur","90.48","49.69","80.68","115.72","50.17","134.96","23.23","133.38","2.99","44.46","247.54","478.2"
"16","2010","6","Madhya Pradesh","Chhatarpur","107.0","58.0","86.0","122.0","52.0","139.0","21.0","120.0","2.0","34.0","268.0","472.0"
"17","1970","6","Madhya Pradesh","Panna","18.6","8.2","11.7","17.4","14.2","39.7","14.7","94.2","6.1","101.8","65.3","261.3"
"17","1976","6","Madhya Pradesh","Panna","25.43","11.3","16.63","24.83","18.47","51.14","16.21","100.46","5.49","89.45","82.22","277.19"
"17","1980","6","Madhya Pradesh","Panna","25.6","11.84","17.56","25.7","18.36","51.27","16.04","99.06","5.15","82.4","82.71","270.26"
"17","1985","6","Madhya Pradesh","Panna","34.07","15.15","21.54","31.85","21.66","59.25","16.52","101.79","4.62","72.06","98.42","280.1"
"17","1990","6","Madhya Pradesh","Panna","42.42","20.0","30.08","45.3","26.07","71.83","17.55","105.36","3.15","46.62","119.26","289.1"
"17","1995","6","Madhya Pradesh","Panna","57.7","26.89","36.84","54.05","28.6","78.26","16.02","94.95","2.24","32.85","141.4","286.99"
"17","2000","6","Madhya Pradesh","Panna","65.6","32.04","44.84","62.83","29.73","81.06","15.24","88.01","1.63","22.31","157.05","286.25"
"17","2005","6","Madhya Pradesh","Panna","77.3","36.09","44.62","64.51","30.24","82.2","13.14","76.2","1.23","18.42","166.52","277.41"
"17","2010","6","Madhya Pradesh","Panna","93.0","44.0","57.0","80.0","33.0","89.0","13.0","73.0","1.0","14.0","197.0","300.0"
"18","1970","6","Madhya Pradesh","Rewa","40.0","16.8","15.7","23.7","17.6","51.5","19.5","127.3","11.9","255.0","104.7","474.3"
"18","1976","6","Madhya Pradesh","Rewa","59.18","22.75","21.35","31.52","22.05","63.35","21.51","134.12","10.62","206.37","134.71","458.1"
"18","1980","6","Madhya Pradesh","Rewa","59.48","24.06","22.29","33.04","23.46","66.92","22.86","141.82","10.4","208.99","138.49","474.83"
"18","1985","6","Madhya Pradesh","Rewa","75.33","29.61","30.94","45.53","27.58","78.33","23.22","142.65","8.69","160.8","165.76","456.92"
"18","1990","6","Madhya Pradesh","Rewa","91.42","36.95","37.55","52.65","30.0","84.56","23.49","142.6","7.34","134.41","189.8","451.16"
"18","1995","6","Madhya Pradesh","Rewa","107.04","44.8","41.66","59.08","33.6","93.53","22.47","133.65","5.92","105.82","210.69","436.87"
"18","2000","6","Madhya Pradesh","Rewa","136.91","58.9","48.14","69.19","35.35","97.95","20.56","119.24","5.24","92.14","246.2","437.43"
"18","2005","6","Madhya Pradesh","Rewa","60.59","24.05","16.59","22.87","10.82","29.5","6.22","36.48","1.38","23.62","95.6","136.52"
"18","2010","6","Madhya Pradesh","Rewa","174.0","73.0","56.0","78.0","35.0","95.0","17.0","100.0","3.0","41.0","284.0","387.0"
"19","1970","6","Madhya Pradesh","Sidhi","31.6","12.0","12.6","18.6","14.9","42.7","16.9","107.0","8.8","180.7","84.8","361.0"
"19","1976","6","Madhya Pradesh","Sidhi","51.18","21.32","20.57","30.68","22.54","63.14","20.18","124.2","8.48","164.56","122.95","403.89"
"19","1980","6","Madhya Pradesh","Sidhi","55.87","22.3","25.18","36.13","29.85","77.85","20.32","124.39","8.18","150.91","139.39","411.57"
"19","1985","6","Madhya Pradesh","Sidhi","69.6","27.15","32.53","46.19","33.96","87.82","21.38","129.6","7.86","141.5","165.32","432.25"
"19","1990","6","Madhya Pradesh","Sidhi","81.43","32.39","39.33","55.44","35.77","94.12","21.55","130.51","6.75","119.8","184.82","432.26"
"19","1995","6","Madhya Pradesh","Sidhi","99.93","42.29","44.81","63.82","40.42","105.63","21.26","126.16","5.47","90.43","211.88","428.32"
"19","2000","6","Madhya Pradesh","Sidhi","112.06","52.39","53.53","87.05","40.72","111.22","20.21","118.74","4.48","73.49","230.99","442.88"
"19","2005","6","Madhya Pradesh","Sidhi","128.16","52.24","55.72","78.94","40.75","107.23","19.45","113.01","3.71","57.99","247.79","409.4"
"19","2010","6","Madhya Pradesh","Sidhi","154.0","61.0","57.0","82.0","42.0","113.0","18.0","103.0","3.0","43.0","274.0","401.0"
"20","1970","6","Madhya Pradesh","Satna","53.2","20.2","21.9","32.5","23.7","68.0","22.2","139.2","9.4","167.2","130.4","427.1"
"20","1976","6","Madhya Pradesh","Satna","64.3","25.31","28.21","40.94","28.14","80.02","23.95","146.26","7.67","128.47","152.27","421.01"
"20","1980","6","Madhya Pradesh","Satna","70.49","28.33","33.18","47.25","30.7","86.81","24.28","148.89","6.85","111.51","165.5","422.8"
"20","1985","6","Madhya Pradesh","Satna","91.34","37.08","40.27","58.11","34.74","97.36","23.86","143.37","5.49","90.68","195.71","426.61"
"20","1990","6","Madhya Pradesh","Satna","101.02","40.48","47.22","68.27","36.53","101.37","23.54","140.37","4.53","73.23","212.83","423.72"
"20","1995","6","Madhya Pradesh","Satna","109.6","45.83","50.27","71.63","36.34","99.83","21.3","125.05","3.45","54.52","220.96","396.86"
"20","2000","6","Madhya Pradesh","Satna","124.62","53.74","56.23","80.29","37.39","103.42","19.25","111.95","2.67","40.72","240.16","390.11"
"20","2005","6","Madhya Pradesh","Satna","135.07","58.51","57.18","82.37","36.11","98.63","17.7","101.8","2.07","30.72","248.13","372.03"
"20","2010","6","Madhya Pradesh","Satna","159.0","69.0","62.0","86.0","36.0","97.0","15.0","87.0","1.0","22.0","274.0","361.0"
"21","1970","6","Madhya Pradesh","Shahdol","62.8","25.7","27.2","39.7","29.4","86.1","31.2","201.5","13.7","239.4","164.3","592.4"
"21","1976","6","Madhya Pradesh","Shahdol","81.17","33.3","34.98","50.91","37.65","105.35","34.87","213.39","11.85","195.82","200.51","598.78"
"21","1980","6","Madhya Pradesh","Shahdol","82.99","33.81","38.26","56.83","39.8","110.52","34.68","219.25","11.6","191.24","207.34","611.65"
"21","1985","6","Madhya Pradesh","Shahdol","96.04","40.92","45.9","68.89","44.45","123.27","36.09","220.93","10.67","183.23","233.15","637.25"
"21","1990","6","Madhya Pradesh","Shahdol","111.64","46.53","53.64","76.48","50.56","138.72","36.45","220.35","8.56","144.29","260.86","626.37"
"21","1995","6","Madhya Pradesh","Shahdol","124.77","55.09","60.98","85.95","55.25","152.59","34.55","204.37","6.28","95.1","281.83","593.1"
"21","2000","6","Madhya Pradesh","Shahdol","147.64","62.7","65.61","92.25","56.97","156.3","32.79","192.21","5.42","78.58","308.43","582.03"
"21","2005","6","Madhya Pradesh","Shahdol","204.61","98.7","123.39","174.26","102.77","279.56","52.26","304.88","8.29","132.25","491.3","989.64"
"21","2010","6","Madhya Pradesh","Shahdol","244.0","111.0","136.0","189.0","106.0","292.0","48.0","272.0","6.0","94.0","541.0","959.0"
"22","1970","6","Madhya Pradesh","Gwalior","16.6","8.3","12.9","18.9","15.9","45.6","15.7","98.2","5.0","94.0","66.1","265.0"
"22","1976","6","Madhya Pradesh","Gwalior","16.08","7.91","13.29","19.98","17.39","50.64","17.66","108.15","5.09","91.34","69.52","278.01"
"22","1980","6","Madhya Pradesh","Gwalior","18.92","9.67","16.57","24.21","18.76","53.51","17.36","105.5","4.71","82.29","76.32","275.18"
"22","1985","6","Madhya Pradesh","Gwalior","32.54","15.6","22.45","34.1","21.46","60.49","17.14","103.28","3.75","65.25","97.34","278.72"
"22","1990","6","Madhya Pradesh","Gwalior","34.45","17.18","26.16","37.79","22.37","63.15","16.74","100.56","3.88","64.23","103.59","282.9"
"22","1995","6","Madhya Pradesh","Gwalior","42.29","20.86","29.37","43.27","23.69","67.62","16.25","97.31","2.88","50.73","114.48","279.79"
"22","2000","6","Madhya Pradesh","Gwalior","47.83","23.84","28.43","40.95","20.34","56.6","11.36","66.74","1.87","30.96","109.83","219.09"
"22","2005","6","Madhya Pradesh","Gwalior","58.63","27.58","34.09","48.56","23.75","65.44","11.18","63.81","1.32","20.28","128.97","225.67"
"22","2010","6","Madhya Pradesh","Gwalior","57.0","29.0","32.0","49.0","22.0","60.0","9.0","53.0","1.0","16.0","121.0","206.0"
"23","1970","6","Madhya Pradesh","Shivpuri","20.3","10.3","18.2","27.3","27.5","79.7","27.1","169.7","7.7","135.9","100.8","422.9"
"23","1976","6","Madhya Pradesh","Shivpuri","26.8","13.2","24.91","36.51","32.56","92.97","28.43","171.02","7.41","127.34","120.1","441.03"
"23","1980","6","Madhya Pradesh","Shivpuri","21.59","11.33","23.87","35.36","32.48","92.77","28.76","174.86","7.8","131.31","114.5","445.63"
"23","1985","6","Madhya Pradesh","Shivpuri","34.26","17.75","35.13","51.51","38.4","108.45","28.72","171.61","6.54","109.59","143.05","458.91"
"23","1990","6","Madhya Pradesh","Shivpuri","39.58","20.58","41.68","60.93","42.25","118.37","28.83","171.67","5.94","96.94","158.28","468.49"
"23","1995","6","Madhya Pradesh","Shivpuri","52.35","27.19","48.77","71.19","46.97","129.22","28.12","164.04","5.15","84.64","181.37","476.29"
"23","2000","6","Madhya Pradesh","Shivpuri","61.94","34.34","53.32","76.16","41.46","115.19","22.73","132.72","3.48","54.8","182.94","413.2"
"23","2005","6","Madhya Pradesh","Shivpuri","93.0","50.8","69.3","96.83","49.17","134.68","23.75","136.47","3.5","55.65","238.72","474.43"
"23","2010","6","Madhya Pradesh","Shivpuri","105.0","59.0","76.0","109.0","50.0","136.0","21.0","122.0","2.0","36.0","255.0","462.0"
"24","1970","6","Madhya Pradesh","Guna","22.0","9.6","19.3","28.7","30.2","87.5","32.5","199.1","12.3","229.6","116.3","554.5"
"24","1976","6","Madhya Pradesh","Guna","25.2","11.67","24.48","35.76","34.06","96.99","34.59","208.5","12.97","241.6","131.3","594.5"
"24","1980","6","Madhya Pradesh","Guna","25.06","12.19","26.78","38.84","35.73","100.23","34.73","211.82","13.06","245.04","135.34","608.13"
"24","1985","6","Madhya Pradesh","Guna","40.33","20.13","43.98","62.51","45.28","124.1","35.57","214.2","11.15","199.89","176.31","620.84"
"24","1990","6","Madhya Pradesh","Guna","43.61","21.55","48.08","67.56","49.18","133.7","36.11","218.37","10.91","195.98","187.88","637.17"
"24","1995","6","Madhya Pradesh","Guna","62.32","30.14","61.13","80.85","55.2","142.99","39.55","223.3","10.55","161.06","228.75","638.33"
"24","2000","6","Madhya Pradesh","Guna","73.77","39.99","68.5","100.13","58.22","160.76","34.39","204.47","7.2","117.08","242.07","622.43"
"24","2005","6","Madhya Pradesh","Guna","43.35","23.6","45.89","65.89","37.76","101.27","19.34","111.1","2.41","35.85","148.74","337.71"
"24","2010","6","Madhya Pradesh","Guna","49.0","27.0","43.0","60.0","40.0","106.0","18.0","103.0","1.0","20.0","152.0","316.0"
"25","1970","6","Madhya Pradesh","Datia","8.3","4.4","6.8","10.2","8.1","24.2","8.4","53.6","2.8","48.0","34.4","140.4"
"25","1976","6","Madhya Pradesh","Datia","8.52","4.56","7.26","10.78","9.1","26.06","8.93","53.18","2.78","43.23","36.59","137.8"
"25","1980","6","Madhya Pradesh","Datia","10.42","5.71","8.85","13.07","10.21","29.27","9.05","55.22","2.38","38.09","40.91","141.36"
"25","1985","6","Madhya Pradesh","Datia","14.1","7.4","11.08","16.13","11.49","32.56","9.03","54.84","2.04","32.69","47.74","143.62"
"25","1990","6","Madhya Pradesh","Datia","15.65","8.07","12.79","18.51","12.11","34.08","9.07","53.53","1.93","29.58","51.54","143.77"
"25","1995","6","Madhya Pradesh","Datia","18.36","9.85","14.47","21.04","12.93","35.88","8.39","50.02","1.5","22.18","55.65","138.96"
"25","2000","6","Madhya Pradesh","Datia","41.31","20.75","25.8","37.52","21.36","58.27","12.48","72.27","1.66","23.94","102.61","212.75"
"25","2005","6","Madhya Pradesh","Datia","57.74","26.53","29.27","42.05","21.46","58.67","11.26","62.92","1.24","17.37","120.97","207.55"
"25","2010","6","Madhya Pradesh","Datia","69.0","34.0","34.0","48.0","22.0","60.0","11.0","61.0","1.0","12.0","137.0","214.0"
"26","1970","6","Madhya Pradesh","Morena","66.0","35.2","41.4","60.6","39.9","113.0","22.9","133.3","3.2","50.6","173.4","392.7"
"26","1976","6","Madhya Pradesh","Morena","49.59","26.4","38.22","55.52","41.24","116.84","26.66","153.87","3.72","56.4","159.42","409.03"
"26","1980","6","Madhya Pradesh","Morena","58.56","31.94","42.61","61.88","43.43","121.85","25.77","148.64","3.38","51.99","173.75","416.29"
"26","1985","6","Madhya Pradesh","Morena","82.71","42.64","52.31","75.86","45.86","128.71","24.84","142.09","2.54","39.31","208.26","428.59"
"26","1990","6","Madhya Pradesh","Morena","95.13","49.04","61.06","87.4","46.9","130.14","22.93","131.59","2.42","36.51","228.44","434.69"
"26","1995","6","Madhya Pradesh","Morena","109.19","56.28","66.66","96.67","47.02","129.21","21.46","122.87","2.0","30.69","246.34","435.73"
"26","2000","6","Madhya Pradesh","Morena","119.14","63.03","71.44","101.31","47.48","130.38","19.51","109.58","1.63","24.45","259.19","428.74"
"26","2005","6","Madhya Pradesh","Morena","143.98","77.67","80.45","113.01","47.39","129.6","18.37","104.29","1.43","20.65","291.61","445.22"
"26","2010","6","Madhya Pradesh","Morena","179.0","88.0","85.0","118.0","48.0","132.0","16.0","88.0","0.0","13.0","329.0","438.0"
"27","1970","6","Madhya Pradesh","Bhind","58.3","19.0","23.9","35.4","27.0","78.0","23.6","143.5","4.6","67.0","137.4","342.9"
"27","1976","6","Madhya Pradesh","Bhind","43.3","21.56","26.33","40.38","28.77","83.23","24.63","149.45","3.98","57.56","126.99","352.17"
"27","1980","6","Madhya Pradesh","Bhind","36.26","18.29","24.95","36.83","28.76","83.15","25.31","154.02","4.07","58.57","119.35","350.85"
"27","1985","6","Madhya Pradesh","Bhind","49.57","24.78","29.73","43.61","30.05","86.63","23.79","143.14","3.69","53.69","136.84","351.84"
"27","1990","6","Madhya Pradesh","Bhind","48.67","24.85","31.3","46.37","30.64","88.38","23.41","139.77","3.58","51.54","137.6","350.91"
"27","1995","6","Madhya Pradesh","Bhind","65.34","32.91","35.0","52.23","32.17","91.71","21.64","128.04","2.67","37.84","156.83","342.73"
"27","2000","6","Madhya Pradesh","Bhind","79.13","40.18","41.77","61.39","34.49","97.39","20.59","120.49","2.07","28.49","178.04","347.93"
"27","2005","6","Madhya Pradesh","Bhind","103.69","52.72","50.08","73.48","36.68","102.63","18.08","102.29","1.57","20.87","210.09","351.97"
"27","2010","6","Madhya Pradesh","Bhind","107.0","54.0","51.0","70.0","36.0","100.0","16.0","91.0","1.0","21.0","211.0","336.0"
"28","1970","6","Madhya Pradesh","Indore","6.9","3.0","5.2","7.7","7.4","22.1","11.9","78.9","8.8","168.1","40.2","279.8"
"28","1976","6","Madhya Pradesh","Indore","7.72","3.75","6.38","9.48","9.47","27.91","14.46","94.98","8.01","145.02","46.03","281.13"
"28","1980","6","Madhya Pradesh","Indore","9.05","4.48","8.4","12.33","10.92","31.57","14.64","93.14","7.54","135.99","50.55","277.51"
"28","1985","6","Madhya Pradesh","Indore","14.3","7.04","13.92","20.5","14.74","42.05","15.71","98.81","6.22","108.87","64.89","277.27"
"28","1990","6","Madhya Pradesh","Indore","18.98","9.64","18.75","27.84","16.36","49.7","16.44","100.92","5.25","88.74","75.79","276.85"
"28","1995","6","Madhya Pradesh","Indore","27.14","13.29","23.69","35.46","21.16","58.63","16.35","99.25","4.08","66.95","92.42","273.58"
"28","2000","6","Madhya Pradesh","Indore","36.87","18.13","30.2","44.12","22.57","63.29","15.3","91.76","2.79","42.42","107.72","259.72"
"28","2005","6","Madhya Pradesh","Indore","46.7","23.45","33.06","47.3","24.39","67.31","14.31","85.1","1.93","31.59","120.39","254.74"
"28","2010","6","Madhya Pradesh","Indore","56.0","29.0","34.0","48.0","25.0","68.0","14.0","78.0","1.0","21.0","129.0","244.0"
"29","1970","6","Madhya Pradesh","Ratlam","15.8","7.8","12.7","18.4","15.3","43.9","20.1","128.5","8.0","130.3","71.9","328.9"
"29","1976","6","Madhya Pradesh","Ratlam","17.69","9.29","16.91","25.03","20.58","59.38","22.51","139.51","6.7","105.41","84.38","338.62"
"29","1980","6","Madhya Pradesh","Ratlam","18.82","10.17","19.18","26.53","22.0","62.98","22.86","141.08","6.62","103.86","89.48","344.62"
"29","1985","6","Madhya Pradesh","Ratlam","27.57","14.62","25.42","36.36","26.15","73.02","22.93","140.78","5.5","83.38","107.57","348.16"
"29","1990","6","Madhya Pradesh","Ratlam","32.63","17.57","28.79","42.54","27.98","78.99","22.27","135.25","4.71","74.31","116.37","348.66"
"29","1995","6","Madhya Pradesh","Ratlam","40.01","21.74","34.69","50.11","29.9","84.13","21.66","130.25","4.19","62.11","130.46","348.34"
"29","2000","6","Madhya Pradesh","Ratlam","54.97","29.23","42.34","60.72","32.81","91.63","19.72","117.88","3.24","47.44","153.06","346.9"
"29","2005","6","Madhya Pradesh","Ratlam","72.14","37.96","47.87","67.99","33.78","94.02","19.24","112.74","2.41","36.93","175.44","349.64"
"29","2010","6","Madhya Pradesh","Ratlam","81.0","42.0","49.0","69.0","34.0","94.0","16.0","94.0","1.0","25.0","182.0","324.0"
"30","1970","6","Madhya Pradesh","Ujjain","11.7","6.1","10.7","15.7","14.7","42.7","24.3","160.2","16.3","295.9","77.7","520.6"
"30","1976","6","Madhya Pradesh","Ujjain","14.77","7.99","13.64","20.0","17.83","51.98","27.76","180.93","15.53","263.23","89.51","524.12"
"30","1980","6","Madhya Pradesh","Ujjain","13.38","7.52","13.14","19.4","18.52","53.77","27.58","177.74","15.21","268.5","87.83","526.93"
"30","1985","6","Madhya Pradesh","Ujjain","21.89","11.9","19.91","28.91","22.49","64.33","28.64","184.98","13.96","236.72","106.89","526.85"
"30","1990","6","Madhya Pradesh","Ujjain","26.53","14.49","25.68","37.39","26.71","76.48","30.3","190.82","12.49","206.04","121.72","525.21"
"30","1995","6","Madhya Pradesh","Ujjain","35.58","19.62","34.91","50.3","32.08","91.21","31.63","197.27","10.23","164.91","144.42","523.31"
"30","2000","6","Madhya Pradesh","Ujjain","44.92","25.2","38.18","54.97","35.93","102.23","32.63","202.86","8.72","138.63","160.38","523.89"
"30","2005","6","Madhya Pradesh","Ujjain","55.77","30.06","44.66","64.12","40.75","115.7","33.26","205.21","7.01","111.17","181.46","526.26"
"30","2010","6","Madhya Pradesh","Ujjain","88.0","45.0","60.0","86.0","47.0","132.0","32.0","185.0","5.0","65.0","232.0","513.0"
"31","1970","6","Madhya Pradesh","Mandsaur","39.7","18.4","29.8","43.6","33.0","94.1","34.1","216.7","9.5","142.1","146.1","514.9"
"31","1976","6","Madhya Pradesh","Mandsaur","33.87","18.04","31.29","46.6","37.03","106.91","38.8","241.01","9.12","135.91","150.11","548.47"
"31","1980","6","Madhya Pradesh","Mandsaur","34.65","19.23","34.56","50.26","39.91","114.51","38.75","240.57","8.47","125.01","156.34","549.57"
"31","1985","6","Madhya Pradesh","Mandsaur","49.39","26.06","43.81","63.52","44.09","125.51","37.93","235.92","7.32","107.82","182.55","558.83"
"31","1990","6","Madhya Pradesh","Mandsaur","57.97","31.07","50.22","72.77","47.06","133.8","36.74","223.82","6.62","94.09","198.61","555.55"
"31","1995","6","Madhya Pradesh","Mandsaur","78.57","41.69","59.24","85.35","50.63","142.14","35.23","212.18","5.19","75.5","228.86","556.86"
"31","2000","6","Madhya Pradesh","Mandsaur","99.86","52.59","69.22","100.31","52.14","146.62","31.13","189.09","3.87","53.81","256.23","542.43"
"31","2005","6","Madhya Pradesh","Mandsaur","126.85","65.74","80.51","112.59","55.93","154.01","28.79","167.07","2.79","39.0","294.87","538.4"
"31","2010","6","Madhya Pradesh","Mandsaur","160.0","81.0","90.0","132.0","56.0","155.0","24.0","140.0","2.0","25.0","332.0","533.0"
"32","1970","6","Madhya Pradesh","Dewas","13.5","5.0","7.3","10.8","10.8","31.5","19.8","128.9","13.0","235.7","64.4","411.9"
"32","1976","6","Madhya Pradesh","Dewas","11.34","4.72","7.9","11.51","12.61","36.28","21.65","140.58","13.0","227.27","66.5","420.35"
"32","1980","6","Madhya Pradesh","Dewas","12.17","5.21","9.6","14.41","14.48","41.49","22.57","143.82","12.39","222.13","71.2","427.06"
"32","1985","6","Madhya Pradesh","Dewas","16.81","7.22","14.75","21.76","18.03","51.38","24.06","151.68","11.15","194.12","84.8","426.16"
"32","1990","6","Madhya Pradesh","Dewas","18.37","8.49","18.37","27.01","21.23","60.21","25.43","159.43","9.98","170.78","93.38","425.92"
"32","1995","6","Madhya Pradesh","Dewas","27.15","13.03","27.98","41.94","25.93","72.56","25.5","157.5","8.47","141.17","115.02","426.2"
"32","2000","6","Madhya Pradesh","Dewas","37.38","19.12","41.93","59.65","33.34","90.91","26.54","155.2","6.43","93.12","145.62","418.02"
"32","2005","6","Madhya Pradesh","Dewas","46.62","23.99","46.49","67.16","36.22","99.1","26.6","155.88","4.73","71.66","160.66","417.79"
"32","2010","6","Madhya Pradesh","Dewas","55.0","28.0","53.0","75.0","39.0","106.0","25.0","149.0","4.0","60.0","177.0","419.0"
"33","1970","6","Madhya Pradesh","Dhar","12.5","5.9","12.2","18.7","18.5","55.2","27.8","181.1","14.9","256.4","85.9","517.3"
"33","1976","6","Madhya Pradesh","Dhar","14.49","7.53","15.38","22.71","21.97","63.58","29.83","191.93","14.06","241.21","95.72","526.95"
"33","1980","6","Madhya Pradesh","Dhar","16.23","8.6","19.08","28.1","26.58","76.6","31.88","201.39","12.96","214.35","106.73","529.03"
"33","1985","6","Madhya Pradesh","Dhar","24.65","13.06","28.56","42.8","32.93","94.17","32.98","202.93","11.0","176.91","130.12","529.87"
"33","1990","6","Madhya Pradesh","Dhar","28.34","15.48","33.89","50.72","36.56","104.3","32.54","201.55","9.49","155.43","140.82","527.48"
"33","1995","6","Madhya Pradesh","Dhar","42.8","23.0","44.8","66.27","42.46","117.97","32.57","196.5","7.79","119.89","170.42","523.64"
"33","2000","6","Madhya Pradesh","Dhar","52.91","28.99","51.25","74.97","45.17","126.99","31.31","189.66","6.55","103.09","187.17","523.7"
"33","2005","6","Madhya Pradesh","Dhar","64.57","34.36","56.33","82.0","48.48","135.71","31.61","188.94","5.19","79.56","206.17","520.57"
"33","2010","6","Madhya Pradesh","Dhar","89.0","48.0","70.0","100.0","53.0","147.0","28.0","164.0","3.0","40.0","242.0","499.0"
"34","1970","6","Madhya Pradesh","Jhabua","10.3","5.2","8.3","12.3","13.1","38.6","23.4","149.7","8.9","135.8","64.0","341.6"
"34","1976","6","Madhya Pradesh","Jhabua","18.48","9.48","15.78","23.43","22.63","65.44","27.64","171.13","6.66","95.02","91.2","364.5"
"34","1980","6","Madhya Pradesh","Jhabua","19.67","10.13","18.83","27.47","25.18","72.04","27.84","172.13","6.17","86.92","97.67","368.68"
"34","1985","6","Madhya Pradesh","Jhabua","28.17","14.95","28.2","41.3","32.65","92.84","26.68","160.45","4.35","60.53","120.04","370.07"
"34","1990","6","Madhya Pradesh","Jhabua","38.35","21.37","39.97","58.84","38.52","108.69","24.5","144.33","3.06","41.64","144.4","374.87"
"34","1995","6","Madhya Pradesh","Jhabua","50.8","28.36","50.49","73.88","43.47","121.56","22.22","127.81","1.85","24.34","168.84","375.96"
"34","2000","6","Madhya Pradesh","Jhabua","63.01","36.05","57.37","84.98","44.67","124.18","19.54","111.15","1.5","19.53","186.09","375.89"
"34","2005","6","Madhya Pradesh","Jhabua","75.23","41.7","61.01","88.45","43.79","120.52","18.59","105.04","1.22","16.23","199.84","371.93"
"34","2010","6","Madhya Pradesh","Jhabua","101.0","55.0","70.0","100.0","43.0","118.0","15.0","88.0","1.0","13.0","231.0","372.0"
"35","1970","6","Madhya Pradesh","Khargone (West Nimar)","13.7","5.0","10.0","15.2","20.8","61.7","40.5","265.0","20.1","325.3","105.1","672.2"
"35","1976","6","Madhya Pradesh","Khargone (West Nimar)","15.38","6.61","15.54","23.23","29.38","85.83","44.6","286.51","17.77","275.0","122.67","677.17"
"35","1980","6","Madhya Pradesh","Khargone (West Nimar)","17.19","8.29","20.77","30.84","35.93","103.44","46.88","295.11","16.06","248.25","136.83","685.93"
"35","1985","6","Madhya Pradesh","Khargone (West Nimar)","23.98","12.48","34.82","52.62","44.55","128.45","46.58","291.76","13.66","199.23","163.59","684.53"
"35","1990","6","Madhya Pradesh","Khargone (West Nimar)","30.46","16.39","46.05","69.82","50.62","144.34","46.43","286.67","11.19","166.58","184.74","683.81"
"35","1995","6","Madhya Pradesh","Khargone (West Nimar)","45.26","26.21","67.37","100.48","63.4","175.44","43.36","263.03","8.88","130.02","228.27","695.18"
"35","2000","6","Madhya Pradesh","Khargone (West Nimar)","55.55","32.28","80.22","118.21","68.32","186.42","40.73","245.77","6.91","97.62","251.73","680.28"
"35","2005","6","Madhya Pradesh","Khargone (West Nimar)","67.95","40.26","88.55","129.64","72.13","196.19","38.32","227.81","5.29","74.19","272.25","668.09"
"35","2010","6","Madhya Pradesh","Khargone (West Nimar)","98.0","58.0","111.0","161.0","77.0","207.0","32.0","186.0","3.0","50.0","322.0","662.0"
"36","1970","6","Madhya Pradesh","Khandwa (East Nimar)","12.3","4.9","9.9","14.9","18.5","53.7","30.2","193.0","13.5","224.2","84.4","490.7"
"36","1976","6","Madhya Pradesh","Khandwa (East Nimar)","12.73","5.8","13.77","20.51","23.19","66.11","32.41","203.78","12.77","205.41","94.88","501.61"
"36","1980","6","Madhya Pradesh","Khandwa (East Nimar)","12.63","6.09","15.38","22.84","24.58","68.9","31.45","196.56","12.26","198.53","96.31","492.92"
"36","1985","6","Madhya Pradesh","Khandwa (East Nimar)","17.93","9.37","26.62","40.22","30.8","87.38","32.22","200.34","10.2","160.56","117.76","497.88"
"36","1990","6","Madhya Pradesh","Khandwa (East Nimar)","20.85","11.63","33.99","50.59","35.83","99.96","31.95","196.42","8.97","138.75","131.59","497.34"
"36","1995","6","Madhya Pradesh","Khandwa (East Nimar)","26.35","15.54","47.37","70.61","41.11","114.45","31.12","186.8","6.67","99.9","152.62","487.29"
"36","2000","6","Madhya Pradesh","Khandwa (East Nimar)","33.48","19.55","55.77","82.62","44.28","122.51","29.59","176.81","5.36","79.43","168.48","480.93"
"36","2005","6","Madhya Pradesh","Khandwa (East Nimar)","28.13","16.4","49.31","70.12","35.91","99.01","20.2","116.67","2.33","31.92","135.88","334.11"
"36","2010","6","Madhya Pradesh","Khandwa (East Nimar)","37.0","21.0","58.0","83.0","38.0","103.0","17.0","93.0","1.0","19.0","151.0","321.0"
"37","1970","6","Madhya Pradesh","Sehore","11.0","2.8","4.5","6.6","12.8","37.6","28.1","180.9","17.5","333.8","73.9","561.7"
"37","1976","6","Madhya Pradesh","Sehore","12.18","3.9","8.55","12.95","18.5","52.82","31.49","201.98","16.64","299.12","87.36","570.77"
"37","1980","6","Madhya Pradesh","Sehore","13.88","5.09","12.58","18.92","21.91","61.79","32.05","204.84","15.64","286.23","96.05","576.88"
"37","1985","6","Madhya Pradesh","Sehore","20.85","8.61","24.19","35.7","28.89","79.95","34.63","217.06","13.5","234.25","122.06","575.57"
"37","1990","6","Madhya Pradesh","Sehore","26.31","12.25","33.28","49.29","35.2","96.68","36.04","224.69","11.31","190.67","142.15","573.58"
"37","1995","6","Madhya Pradesh","Sehore","35.55","18.19","44.57","66.03","41.84","115.51","36.49","222.0","9.02","149.71","167.46","571.44"
"37","2000","6","Madhya Pradesh","Sehore","47.28","24.96","56.57","83.81","46.52","126.58","35.21","213.83","7.22","115.67","192.79","564.85"
"37","2005","6","Madhya Pradesh","Sehore","53.6","29.54","64.9","95.08","54.15","147.37","35.47","208.74","5.38","80.76","213.49","561.49"
"37","2010","6","Madhya Pradesh","Sehore","67.0","36.0","81.0","114.0","59.0","160.0","31.0","183.0","4.0","54.0","243.0","548.0"
"38","1970","6","Madhya Pradesh","Raisen","8.6","2.0","4.8","7.0","13.1","38.1","23.4","139.7","13.4","233.5","63.3","420.3"
"38","1976","6","Madhya Pradesh","Raisen","9.24","3.1","7.31","10.56","15.13","43.73","24.56","154.29","11.86","218.01","68.1","429.68"
"38","1980","6","Madhya Pradesh","Raisen","10.93","4.53","11.34","16.61","17.51","49.75","24.2","151.55","11.3","214.1","75.28","436.54"
"38","1985","6","Madhya Pradesh","Raisen","14.94","6.32","17.81","26.14","21.34","60.08","25.52","159.09","10.23","187.67","89.85","439.29"
"38","1990","6","Madhya Pradesh","Raisen","19.2","9.06","27.82","41.4","26.02","73.09","26.99","165.69","8.48","151.74","108.5","440.98"
"38","1995","6","Madhya Pradesh","Raisen","23.82","12.39","34.76","52.35","30.14","85.01","27.34","167.68","7.1","122.17","123.15","439.6"
"38","2000","6","Madhya Pradesh","Raisen","32.46","17.8","47.51","69.67","35.64","98.21","27.63","166.17","5.42","88.15","148.65","439.99"
"38","2005","6","Madhya Pradesh","Raisen","40.75","22.94","52.67","80.44","39.35","109.17","27.76","163.71","4.02","63.47","164.54","439.74"
"38","2010","6","Madhya Pradesh","Raisen","48.0","26.0","51.0","70.0","38.0","102.0","20.0","122.0","3.0","110.0","160.0","429.0"
"39","1970","6","Madhya Pradesh","Vidisha","13.9","5.1","10.9","16.1","18.8","55.4","24.6","160.3","15.5","273.1","83.7","510.0"
"39","1976","6","Madhya Pradesh","Vidisha","10.46","3.7","8.94","13.26","16.8","49.6","24.56","155.34","15.52","313.54","76.28","535.44"
"39","1980","6","Madhya Pradesh","Vidisha","11.84","4.59","10.7","16.08","18.34","53.51","24.7","157.34","15.6","309.85","81.18","541.36"
"39","1985","6","Madhya Pradesh","Vidisha","19.58","8.59","18.82","27.91","23.35","67.45","26.91","169.39","14.38","272.92","103.03","546.27"
"39","1990","6","Madhya Pradesh","Vidisha","19.91","9.05","21.29","31.05","25.38","73.15","28.02","175.82","13.66","256.0","108.27","545.07"
"39","1995","6","Madhya Pradesh","Vidisha","24.96","11.99","27.54","40.77","29.15","83.59","29.1","181.36","11.85","221.85","122.59","539.56"
"39","2000","6","Madhya Pradesh","Vidisha","32.03","16.09","34.69","49.01","32.37","92.28","30.23","188.4","11.03","194.27","140.35","540.06"
"39","2005","6","Madhya Pradesh","Vidisha","40.77","20.82","41.07","59.0","37.32","105.15","31.69","196.46","9.29","165.02","160.14","546.45"
"39","2010","6","Madhya Pradesh","Vidisha","58.0","31.0","56.0","81.0","51.0","143.0","32.0","190.0","5.0","84.0","202.0","530.0"
"40","1970","6","Madhya Pradesh","Betul","21.2","6.3","9.1","13.7","15.2","45.1","25.0","162.7","15.2","267.7","85.7","495.5"
"40","1976","6","Madhya Pradesh","Betul","29.18","9.82","15.17","22.6","22.26","63.88","29.71","188.38","13.49","220.86","109.81","505.54"
"40","1980","6","Madhya Pradesh","Betul","29.24","10.77","18.21","26.99","26.1","73.18","30.36","192.19","12.58","202.7","116.49","505.83"
"40","1985","6","Madhya Pradesh","Betul","38.13","14.39","25.8","38.44","32.25","89.3","32.2","198.76","10.6","165.24","138.97","506.12"
"40","1990","6","Madhya Pradesh","Betul","42.25","16.58","31.32","46.44","36.66","100.69","32.36","199.77","9.63","146.93","152.22","510.41"
"40","1995","6","Madhya Pradesh","Betul","51.91","22.35","42.5","63.83","42.8","121.16","31.23","190.87","7.55","111.08","175.99","509.28"
"40","2000","6","Madhya Pradesh","Betul","58.19","21.64","41.49","60.38","42.05","114.83","29.8","180.06","6.5","93.12","178.03","470.04"
"40","2005","6","Madhya Pradesh","Betul","65.53","31.9","49.79","74.62","46.75","130.59","29.65","174.34","4.8","67.3","196.51","478.76"
"40","2010","6","Madhya Pradesh","Betul","74.0","33.0","60.0","86.0","49.0","133.0","28.0","164.0","4.0","58.0","215.0","475.0"
"41","1970","6","Madhya Pradesh","Rajgarh","19.5","8.6","14.8","21.7","20.6","60.0","27.2","174.0","11.5","190.7","93.6","455.0"
"41","1976","6","Madhya Pradesh","Rajgarh","21.93","10.17","17.14","25.09","23.02","66.86","28.78","181.73","11.05","175.08","101.91","458.93"
"41","1980","6","Madhya Pradesh","Rajgarh","22.13","10.93","18.92","27.48","24.43","69.89","28.97","181.92","10.63","167.85","105.08","458.05"
"41","1985","6","Madhya Pradesh","Rajgarh","37.09","17.66","28.96","41.92","28.68","81.6","29.84","186.96","9.22","141.3","133.79","469.44"
"41","1990","6","Madhya Pradesh","Rajgarh","42.42","20.14","33.61","48.03","32.8","92.25","30.33","185.36","7.76","118.58","146.92","464.35"
"41","1995","6","Madhya Pradesh","Rajgarh","66.53","31.32","48.68","64.34","40.86","113.7","29.19","172.18","5.62","81.56","190.88","463.09"
"41","2000","6","Madhya Pradesh","Rajgarh","70.44","35.72","52.96","73.86","40.51","113.89","29.24","174.69","4.81","71.33","197.96","469.49"
"41","2005","6","Madhya Pradesh","Rajgarh","82.94","45.41","60.83","90.43","45.46","127.06","27.43","162.88","2.96","43.84","219.62","469.63"
"41","2010","6","Madhya Pradesh","Rajgarh","99.0","52.0","76.0","106.0","48.0","130.0","25.0","141.0","2.0","29.0","249.0","457.0"
"42","1970","6","Madhya Pradesh","Shajapur","17.1","8.1","14.4","21.0","18.3","52.9","25.7","168.0","13.0","216.7","88.5","466.7"
"42","1976","6","Madhya Pradesh","Shajapur","22.14","10.28","16.46","23.72","19.8","56.95","27.65","175.98","12.93","212.32","98.98","479.25"
"42","1980","6","Madhya Pradesh","Shajapur","21.83","10.88","17.51","25.24","20.03","57.53","27.45","176.26","12.9","211.23","99.72","481.14"
"42","1985","6","Madhya Pradesh","Shajapur","27.21","14.0","22.78","32.82","24.39","70.25","29.54","186.6","11.56","184.92","115.47","488.58"
"42","1990","6","Madhya Pradesh","Shajapur","34.54","17.95","29.18","42.0","27.92","79.41","29.98","187.27","10.21","161.41","131.83","488.04"
"42","1995","6","Madhya Pradesh","Shajapur","45.36","24.07","37.28","53.78","31.75","90.23","30.24","186.48","8.19","126.85","152.83","481.41"
"42","2000","6","Madhya Pradesh","Shajapur","64.61","34.82","48.36","70.35","37.87","107.98","30.75","187.81","6.01","91.4","187.6","492.36"
"42","2005","6","Madhya Pradesh","Shajapur","82.21","41.88","55.73","77.42","43.66","122.93","29.59","176.45","4.44","61.3","215.63","479.97"
"42","2010","6","Madhya Pradesh","Shajapur","102.0","51.0","68.0","96.0","46.0","129.0","27.0","157.0","3.0","40.0","247.0","473.0"
"43","1970","6","Madhya Pradesh","Hoshangabad","15.3","5.2","10.4","15.5","17.4","51.2","25.8","164.8","15.4","294.1","84.3","530.8"
"43","1976","6","Madhya Pradesh","Hoshangabad","17.32","7.31","13.61","20.39","20.76","59.15","26.79","167.19","14.37","274.87","92.85","528.92"
"43","1980","6","Madhya Pradesh","Hoshangabad","16.2","7.01","14.78","21.94","21.47","60.7","26.89","169.14","13.88","262.05","93.23","520.85"
"43","1985","6","Madhya Pradesh","Hoshangabad","22.41","10.65","23.53","35.24","27.45","77.5","29.42","184.21","11.85","218.54","114.66","526.15"
"43","1990","6","Madhya Pradesh","Hoshangabad","26.95","13.46","29.69","44.57","31.04","87.61","30.02","184.77","10.28","186.41","127.98","516.83"
"43","1995","6","Madhya Pradesh","Hoshangabad","28.5","15.92","35.51","53.79","33.28","92.95","29.99","180.77","9.47","168.16","136.74","511.59"
"43","2000","6","Madhya Pradesh","Hoshangabad","34.37","19.35","39.7","57.36","35.94","99.49","29.27","175.56","8.51","148.67","147.79","500.42"
"43","2005","6","Madhya Pradesh","Hoshangabad","40.68","22.98","45.21","66.19","38.87","107.57","28.99","173.41","7.27","124.99","161.01","495.13"
"43","2010","6","Madhya Pradesh","Hoshangabad","53.0","30.0","56.0","81.0","46.0","126.0","30.0","172.0","5.0","81.0","189.0","491.0"
"44","1970","1","Andhra Pradesh","Srikakulam","264.35","101.37","72.08","101.71","42.16","115.34","17.91","103.36","2.98","49.85","399.48","471.62"
"44","1976","1","Andhra Pradesh","Srikakulam","273.49","113.27","81.37","117.97","49.42","136.24","19.17","111.19","2.56","43.33","426.0","522.0"
"44","1980","1","Andhra Pradesh","Srikakulam","317.85","137.93","81.78","116.47","43.62","118.74","14.93","85.64","2.35","52.65","460.54","511.42"
"44","1986","1","Andhra Pradesh","Srikakulam","396.0","166.81","85.06","119.82","43.78","116.7","14.35","81.28","1.71","27.77","540.9","512.37"
"44","1990","1","Andhra Pradesh","Srikakulam","463.65","174.89","91.28","129.32","44.38","120.37","14.56","82.22","1.45","21.58","615.29","528.37"
"44","1995","1","Andhra Pradesh","Srikakulam","500.18","210.86","95.01","137.61","41.29","111.69","10.62","58.38","0.88","13.61","647.96","532.13"
"44","2000","1","Andhra Pradesh","Srikakulam","535.49","199.3","102.34","141.7","39.86","106.93","10.79","59.47","0.88","16.08","689.35","523.47"
"44","2005","1","Andhra Pradesh","Srikakulam","562.28","210.39","107.34","148.06","39.52","105.92","10.09","55.02","0.81","13.01","720.03","532.39"
"44","2010","1","Andhra Pradesh","Srikakulam","600.15","221.54","104.49","143.69","34.93","93.11","8.97","48.58","0.75","13.75","749.29","520.65"
"45","1970","1","Andhra Pradesh","Visakhapatnam","179.6","69.59","51.73","73.06","42.68","108.75","21.94","118.76","3.27","57.95","299.22","428.1"
"45","1976","1","Andhra Pradesh","Visakhapatnam","175.53","73.63","65.31","96.15","45.53","121.47","25.12","134.13","2.51","43.62","314.0","469.0"
"45","1980","1","Andhra Pradesh","Visakhapatnam","261.4","127.26","82.82","117.17","53.91","140.59","18.88","103.93","2.25","44.57","419.26","533.51"
"45","1986","1","Andhra Pradesh","Visakhapatnam","333.57","139.3","84.46","118.7","47.19","127.31","19.57","113.23","2.55","40.01","487.33","538.55"
"45","1990","1","Andhra Pradesh","Visakhapatnam","381.87","152.72","94.38","131.68","49.77","135.64","19.47","111.62","2.35","35.74","547.82","567.38"
"45","1995","1","Andhra Pradesh","Visakhapatnam","426.87","176.84","99.31","139.12","50.46","135.67","17.0","95.89","1.68","25.87","595.31","573.38"
"45","2000","1","Andhra Pradesh","Visakhapatnam","485.24","187.71","103.14","143.91","49.19","133.13","16.91","95.2","1.58","25.96","656.06","585.9"
"45","2005","1","Andhra Pradesh","Visakhapatnam","501.06","193.54","103.62","144.3","48.57","131.33","16.22","91.42","1.61","24.61","671.07","585.18"
"45","2010","1","Andhra Pradesh","Visakhapatnam","533.55","200.95","102.53","141.88","45.4","122.24","15.3","85.66","1.38","20.61","698.16","571.32"
"46","1970","1","Andhra Pradesh","East Godavari","162.94","66.55","46.5","66.22","33.27","92.19","20.36","120.9","4.55","74.49","267.61","420.34"
"46","1976","1","Andhra Pradesh","East Godavari","195.78","81.41","55.71","79.87","40.89","114.69","24.47","148.99","5.15","87.04","322.0","512.0"
"46","1980","1","Andhra Pradesh","East Godavari","254.98","102.09","64.92","92.0","39.02","107.58","20.74","122.2","3.6","55.71","383.27","479.58"
"46","1986","1","Andhra Pradesh","East Godavari","295.99","121.45","71.82","99.25","43.18","116.39","19.87","115.11","3.02","48.32","433.88","500.51"
"46","1990","1","Andhra Pradesh","East Godavari","353.69","147.9","78.54","109.43","44.56","120.15","19.16","110.21","2.38","35.43","498.32","523.12"
"46","1995","1","Andhra Pradesh","East Godavari","475.34","187.83","83.85","114.88","41.78","111.59","13.73","75.98","1.27","20.63","615.96","510.91"
"46","2000","1","Andhra Pradesh","East Godavari","520.76","191.88","87.77","122.07","40.54","109.34","13.34","74.28","1.32","24.79","663.74","522.36"
"46","2005","1","Andhra Pradesh","East Godavari","541.69","198.84","90.32","125.2","40.33","108.41","12.41","68.35","1.03","18.45","685.78","519.26"
"46","2010","1","Andhra Pradesh","East Godavari","562.52","203.51","86.67","119.73","37.11","99.29","11.4","62.86","1.02","15.98","698.71","501.37"
"47","1970","1","Andhra Pradesh","West Godavari","137.74","59.25","47.32","66.91","33.33","91.46","20.74","124.41","6.43","113.83","245.56","455.85"
"47","1976","1","Andhra Pradesh","West Godavari","154.84","69.09","52.99","76.2","37.81","105.66","23.74","143.76","6.62","113.28","276.0","508.0"
"47","1980","1","Andhra Pradesh","West Godavari","194.21","95.31","64.5","92.05","41.15","114.58","22.53","133.92","5.04","81.55","327.43","517.41"
"47","1986","1","Andhra Pradesh","West Godavari","239.18","105.29","72.72","102.12","44.05","120.6","21.79","126.32","3.96","62.84","381.7","517.16"
"47","1990","1","Andhra Pradesh","West Godavari","313.41","139.66","77.65","110.41","45.13","121.97","19.57","112.94","2.54","40.62","458.3","525.6"
"47","1995","1","Andhra Pradesh","West Godavari","385.14","165.98","85.1","120.0","44.32","120.22","16.74","95.52","1.76","26.39","533.06","528.1"
"47","2000","1","Andhra Pradesh","West Godavari","395.41","163.36","90.3","126.34","44.33","119.21","14.16","78.85","1.1","17.45","545.3","505.2"
"47","2005","1","Andhra Pradesh","West Godavari","429.75","175.91","92.03","128.4","44.31","118.95","14.3","78.74","1.0","16.31","581.38","518.3"
"47","2010","1","Andhra Pradesh","West Godavari","428.7","173.33","87.3","121.29","37.86","101.31","11.13","61.47","0.85","12.65","565.83","470.05"
"48","1970","1","Andhra Pradesh","Krishna","169.18","76.85","60.65","85.9","41.5","116.11","26.27","157.77","6.78","116.44","304.39","553.08"
"48","1976","1","Andhra Pradesh","Krishna","204.28","96.36","67.04","94.61","48.44","148.34","26.33","165.27","4.91","79.42","351.0","584.0"
"48","1980","1","Andhra Pradesh","Krishna","258.51","120.5","79.23","113.09","47.6","133.45","24.57","144.09","3.72","57.84","413.63","568.97"
"48","1986","1","Andhra Pradesh","Krishna","281.91","125.75","82.38","115.37","48.82","134.76","23.77","137.1","3.07","47.07","439.95","560.04"
"48","1990","1","Andhra Pradesh","Krishna","302.39","137.26","88.0","123.55","50.79","139.5","22.92","130.53","2.32","34.72","466.42","565.57"
"48","1995","1","Andhra Pradesh","Krishna","351.02","163.95","100.22","139.47","52.26","142.74","19.23","107.44","1.54","23.82","524.27","577.41"
"48","2000","1","Andhra Pradesh","Krishna","380.8","171.33","106.45","147.06","49.94","135.17","16.41","90.83","1.3","21.53","554.9","565.91"
"48","2005","1","Andhra Pradesh","Krishna","388.67","173.29","106.01","145.85","48.78","131.03","15.03","82.18","1.04","18.05","559.53","550.4"
"48","2010","1","Andhra Pradesh","Krishna","396.42","173.23","97.7","136.48","43.87","118.65","12.9","70.06","0.68","9.99","551.57","508.41"
"49","1970","1","Andhra Pradesh","Guntur","222.53","106.44","98.77","141.0","74.25","207.64","46.8","279.62","9.55","150.07","451.9","884.77"
"49","1976","1","Andhra Pradesh","Guntur","307.67","151.62","133.81","196.04","94.08","265.81","49.05","290.08","8.0","121.27","592.6","1024.82"
"49","1980","1","Andhra Pradesh","Guntur","399.94","200.18","152.51","221.59","91.01","251.32","39.64","231.8","5.87","104.25","688.97","1009.13"
"49","1986","1","Andhra Pradesh","Guntur","455.58","220.84","160.79","226.76","96.9","262.95","40.5","233.24","5.3","79.48","759.07","1023.26"
"49","1990","1","Andhra Pradesh","Guntur","496.08","239.66","171.84","242.42","100.2","272.78","38.3","218.52","4.15","60.73","810.57","1034.11"
"49","1995","1","Andhra Pradesh","Guntur","577.93","278.04","184.52","260.22","105.15","284.08","35.07","194.49","2.46","38.07","905.12","1054.89"
"49","2000","1","Andhra Pradesh","Guntur","619.95","288.6","201.42","283.31","102.55","274.81","31.29","173.02","2.26","36.57","957.46","1056.29"
"49","2005","1","Andhra Pradesh","Guntur","644.98","299.17","204.58","286.6","101.78","272.91","30.42","168.41","2.01","32.13","983.76","1059.22"
"49","2010","1","Andhra Pradesh","Guntur","710.77","331.89","229.09","320.57","101.28","269.48","26.39","143.38","1.58","25.94","1069.1","1091.26"
"50","1970","1","Andhra Pradesh","S.P.S. Nellore","169.0","70.41","60.75","87.3","47.71","132.76","32.75","199.11","10.07","179.34","320.29","668.92"
"50","1976","1","Andhra Pradesh","S.P.S. Nellore","183.2","91.5","75.15","108.43","57.01","157.93","37.8","229.26","9.64","161.34","362.8","748.46"
"50","1980","1","Andhra Pradesh","S.P.S. Nellore","254.38","123.43","93.72","138.52","58.63","161.9","30.85","184.64","6.44","112.43","444.0","720.92"
"50","1986","1","Andhra Pradesh","S.P.S. Nellore","279.84","128.98","101.65","145.73","66.63","179.17","32.91","191.45","6.05","93.49","487.08","738.82"
"50","1990","1","Andhra Pradesh","S.P.S. Nellore","329.77","150.2","115.67","165.48","70.93","191.69","31.17","182.19","4.67","69.29","552.22","758.85"
"50","1995","1","Andhra Pradesh","S.P.S. Nellore","352.05","161.84","122.87","176.01","71.36","190.54","27.33","156.97","3.4","51.72","577.0","737.08"
"50","2000","1","Andhra Pradesh","S.P.S. Nellore","377.51","167.77","134.73","190.87","71.5","190.46","24.89","142.07","3.04","50.39","611.66","741.57"
"50","2005","1","Andhra Pradesh","S.P.S. Nellore","407.09","180.33","142.6","202.21","74.61","198.58","25.38","145.05","2.91","46.96","652.6","773.13"
"50","2010","1","Andhra Pradesh","S.P.S. Nellore","452.61","201.34","156.89","221.31","75.94","201.25","23.59","133.44","2.8","43.64","711.83","800.97"
"51","1970","1","Andhra Pradesh","Kurnool","82.96","42.62","63.87","93.3","67.59","191.05","59.04","364.7","23.41","421.15","296.87","1112.81"
"51","1976","1","Andhra Pradesh","Kurnool","83.99","44.59","65.54","99.67","70.03","199.05","62.08","390.22","23.96","424.19","305.6","1157.72"
"51","1980","1","Andhra Pradesh","Kurnool","127.59","77.81","84.03","135.6","74.48","219.13","53.32","365.18","18.31","381.48","357.71","1179.19"
"51","1986","1","Andhra Pradesh","Kurnool","149.89","81.23","102.21","148.89","93.53","260.13","63.52","385.26","19.41","320.16","428.55","1195.67"
"51","1990","1","Andhra Pradesh","Kurnool","172.53","93.18","117.39","170.56","102.4","283.3","66.05","399.38","17.03","265.64","475.39","1212.07"
"51","1995","1","Andhra Pradesh","Kurnool","205.89","113.39","134.52","196.54","110.93","306.33","62.46","371.66","13.03","197.48","526.82","1185.37"
"51","2000","1","Andhra Pradesh","Kurnool","253.78","136.52","163.84","234.85","121.27","331.32","55.87","328.03","10.31","157.63","605.06","1188.34"
"51","2005","1","Andhra Pradesh","Kurnool","277.22","151.3","181.47","259.18","126.64","342.61","57.06","329.62","7.44","107.86","649.83","1190.58"
"51","2010","1","Andhra Pradesh","Kurnool","343.04","187.29","214.91","306.52","127.36","342.66","50.44","285.3","4.44","63.91","740.19","1185.69"
"52","1970","1","Andhra Pradesh","Ananthapur","63.91","30.92","54.35","82.24","65.79","175.49","53.6","334.17","27.73","546.4","265.38","1169.22"
"52","1976","1","Andhra Pradesh","Ananthapur","69.97","35.53","61.54","96.26","69.41","189.09","57.04","372.45","23.04","452.67","281.0","1146.0"
"52","1980","1","Andhra Pradesh","Ananthapur","82.57","50.03","74.18","132.98","84.06","221.87","55.13","364.33","20.71","371.49","316.65","1140.69"
"52","1986","1","Andhra Pradesh","Ananthapur","122.49","65.41","105.82","158.96","103.65","264.7","57.47","351.4","20.87","368.92","410.31","1209.4"
"52","1990","1","Andhra Pradesh","Ananthapur","129.54","68.83","114.67","175.08","112.69","290.02","59.86","362.38","18.51","303.5","435.27","1199.81"
"52","1995","1","Andhra Pradesh","Ananthapur","148.65","81.64","130.15","196.19","120.37","314.03","59.65","357.19","14.94","239.78","473.76","1188.82"
"52","2000","1","Andhra Pradesh","Ananthapur","206.33","113.9","185.71","272.94","146.24","373.87","51.43","299.53","8.97","137.73","598.67","1197.97"
"52","2005","1","Andhra Pradesh","Ananthapur","226.56","127.0","208.27","305.6","161.89","411.23","53.08","307.07","7.81","118.79","657.62","1269.69"
"52","2010","1","Andhra Pradesh","Ananthapur","258.95","147.2","243.53","358.83","175.19","447.42","45.85","257.6","4.43","66.95","727.95","1278.01"
"53","1970","1","Andhra Pradesh","Kadapa YSR","84.72","38.63","42.85","62.15","36.41","101.49","24.69","149.25","6.66","105.92","195.33","457.44"
"53","1976","1","Andhra Pradesh","Kadapa YSR","90.1","42.33","47.71","70.38","40.68","113.73","27.26","167.28","7.24","116.28","213.0","510.0"
"53","1980","1","Andhra Pradesh","Kadapa YSR","103.65","65.1","52.02","96.27","39.2","121.68","20.0","94.65","4.34","75.42","219.2","453.12"
"53","1986","1","Andhra Pradesh","Kadapa YSR","129.59","64.33","67.4","97.72","50.15","135.68","23.97","136.55","4.13","59.81","275.24","494.09"
"53","1990","1","Andhra Pradesh","Kadapa YSR","128.73","63.56","73.53","107.39","52.12","140.64","24.17","143.33","4.13","61.48","282.68","516.41"
"53","1995","1","Andhra Pradesh","Kadapa YSR","183.6","92.89","92.83","136.43","58.1","153.89","18.75","105.94","1.65","23.24","354.93","512.39"
"53","2000","1","Andhra Pradesh","Kadapa YSR","208.76","102.75","109.86","158.32","64.94","170.71","17.65","98.2","1.36","19.07","402.56","549.04"
"53","2005","1","Andhra Pradesh","Kadapa YSR","219.67","109.3","116.24","167.59","66.93","175.2","16.21","89.54","1.06","15.21","420.1","556.84"
"53","2010","1","Andhra Pradesh","Kadapa YSR","241.72","121.07","123.47","176.99","62.29","161.92","12.95","69.91","0.87","12.5","441.31","542.4"
"54","1970","1","Andhra Pradesh","Chittoor","153.22","66.75","68.13","98.07","50.36","138.47","24.1","141.47","4.52","74.97","300.32","519.73"
"54","1976","1","Andhra Pradesh","Chittoor","176.44","83.42","85.2","125.77","60.0","166.85","28.05","166.85","5.33","89.11","355.0","632.0"
"54","1980","1","Andhra Pradesh","Chittoor","209.47","102.07","105.26","154.18","69.35","187.04","27.58","159.98","4.15","85.49","415.81","688.77"
"54","1986","1","Andhra Pradesh","Chittoor","254.8","116.44","101.51","145.93","58.98","156.52","21.82","126.12","3.45","58.03","440.57","603.03"
"54","1990","1","Andhra Pradesh","Chittoor","282.23","126.53","111.65","161.33","62.03","165.48","21.58","123.71","3.14","49.48","480.62","626.53"
"54","1995","1","Andhra Pradesh","Chittoor","369.39","164.6","125.77","180.4","59.21","156.63","15.83","89.57","1.67","25.17","571.87","616.37"
"54","2000","1","Andhra Pradesh","Chittoor","399.38","172.42","134.29","190.1","58.75","153.26","13.83","77.15","1.55","25.1","607.8","618.04"
"54","2005","1","Andhra Pradesh","Chittoor","419.88","182.42","140.09","198.08","59.63","155.16","13.64","75.96","1.44","22.79","634.68","634.42"
"54","2010","1","Andhra Pradesh","Chittoor","455.19","199.01","144.43","203.3","54.98","142.47","11.51","63.76","1.07","17.76","667.18","626.31"
"55","1970","20","Telangana","Hyderabad","31.1","16.02","23.62","34.35","27.33","76.57","24.79","153.67","11.26","222.06","118.11","502.67"
"55","1976","20","Telangana","Hyderabad","42.5","22.64","51.13","43.12","30.54","86.78","32.54","225.3","9.3","161.16","166.0","539.0"
"55","1980","20","Telangana","Hyderabad","60.31","35.5","40.77","69.68","46.44","105.68","23.46","158.2","7.29","142.51","178.27","511.57"
"55","1986","20","Telangana","Hyderabad","73.92","39.07","43.61","61.88","38.03","106.94","26.99","159.57","8.49","151.58","191.04","519.03"
"55","1990","20","Telangana","Hyderabad","88.99","45.76","51.76","73.83","40.65","110.68","24.96","149.87","6.79","118.85","213.15","498.98"
"55","1995","20","Telangana","Hyderabad","130.63","66.89","72.3","102.98","48.24","128.31","20.6","120.7","4.0","65.3","275.77","484.18"
"55","2000","20","Telangana","Hyderabad","159.79","79.74","83.67","118.43","49.0","131.18","18.21","104.65","2.86","46.09","313.54","480.08"
"55","2005","20","Telangana","Hyderabad","162.72","81.55","83.64","118.41","48.02","127.8","17.31","98.71","2.3","41.68","314.0","468.14"
"55","2010","20","Telangana","Hyderabad","199.95","98.74","87.96","123.36","41.52","109.7","11.83","66.5","1.42","21.34","342.67","419.63"
"56","1970","20","Telangana","Nizamabad","104.22","44.78","40.68","57.88","31.45","87.47","20.24","121.63","5.24","95.6","201.83","407.36"
"56","1976","20","Telangana","Nizamabad","121.51","56.85","48.51","72.48","36.04","100.25","20.79","127.16","4.16","77.25","231.0","434.0"
"56","1980","20","Telangana","Nizamabad","164.38","73.63","59.47","93.73","36.14","108.09","16.29","104.53","2.66","51.2","278.93","431.18"
"56","1986","20","Telangana","Nizamabad","190.65","85.88","66.48","92.99","39.84","104.73","16.94","99.12","2.63","45.99","316.54","428.71"
"56","1990","20","Telangana","Nizamabad","204.82","90.51","69.77","98.27","40.74","109.69","16.42","94.98","2.35","41.38","334.1","434.84"
"56","1995","20","Telangana","Nizamabad","250.66","114.72","85.9","119.98","38.02","99.07","11.06","61.42","1.04","14.81","386.68","409.99"
"56","2000","20","Telangana","Nizamabad","268.77","119.54","91.01","126.59","35.56","93.48","8.74","48.41","0.78","21.8","404.86","409.81"
"56","2005","20","Telangana","Nizamabad","289.87","132.94","101.4","140.54","35.69","93.32","7.72","42.32","0.51","9.04","435.18","418.16"
"56","2010","20","Telangana","Nizamabad","319.43","147.4","112.84","156.79","34.52","89.42","6.31","34.28","0.43","6.6","473.53","434.48"
"57","1970","20","Telangana","Medak","100.04","46.38","52.91","76.15","44.82","124.68","31.77","193.76","11.99","217.02","241.52","657.99"
"57","1976","20","Telangana","Medak","120.93","58.86","40.73","87.64","49.34","128.84","31.37","196.2","10.63","182.47","253.0","654.0"
"57","1980","20","Telangana","Medak","169.78","85.13","80.32","134.49","53.07","145.92","27.36","182.83","6.53","132.38","337.06","680.74"
"57","1986","20","Telangana","Medak","191.74","80.68","79.51","116.23","52.87","144.39","28.53","169.01","7.11","116.34","359.74","626.64"
"57","1990","20","Telangana","Medak","233.78","107.32","95.47","135.5","60.16","163.01","28.72","169.2","5.8","92.9","423.93","667.93"
"57","1995","20","Telangana","Medak","325.92","148.36","119.82","168.79","60.28","160.24","22.88","132.56","3.68","56.64","532.59","666.58"
"57","2000","20","Telangana","Medak","351.49","153.82","126.93","178.38","57.34","153.45","20.44","117.89","3.44","63.84","559.64","667.37"
"57","2005","20","Telangana","Medak","371.55","163.24","130.55","183.13","57.28","153.09","19.55","112.31","2.78","44.64","581.7","656.41"
"57","2010","20","Telangana","Medak","465.1","198.48","148.88","207.68","53.34","140.62","15.42","87.11","1.81","29.03","684.54","662.93"
"58","1970","20","Telangana","Mahabubnagar","52.49","28.01","43.8","64.17","57.96","165.53","66.6","419.15","32.28","593.55","253.14","1270.41"
"58","1976","20","Telangana","Mahabubnagar","85.86","46.73","60.74","90.94","72.82","213.45","71.55","447.1","27.03","464.78","318.0","1263.0"
"58","1980","20","Telangana","Mahabubnagar","117.71","71.58","85.8","135.41","88.02","246.79","69.79","426.51","21.8","380.39","383.11","1260.67"
"58","1986","20","Telangana","Mahabubnagar","134.36","73.49","86.84","126.72","88.01","241.58","67.19","396.91","19.58","311.38","395.99","1150.08"
"58","1990","20","Telangana","Mahabubnagar","225.73","116.13","131.06","190.27","109.33","301.19","64.87","386.14","14.36","223.77","545.35","1217.5"
"58","1995","20","Telangana","Mahabubnagar","292.49","152.08","171.94","247.99","123.92","332.03","55.07","322.98","10.13","155.03","653.56","1210.1"
"58","2000","20","Telangana","Mahabubnagar","356.18","180.38","196.17","278.99","130.61","349.0","51.21","296.78","8.47","135.59","742.64","1240.75"
"58","2005","20","Telangana","Mahabubnagar","386.64","191.07","202.33","288.21","126.8","340.07","46.38","267.76","6.99","104.96","769.13","1192.07"
"58","2010","20","Telangana","Mahabubnagar","569.13","265.07","249.39","355.36","124.2","328.08","36.01","202.45","3.58","53.9","982.31","1204.86"
"59","1970","20","Telangana","Nalgonda","89.15","42.87","55.27","80.36","61.39","175.24","59.04","365.6","22.95","396.41","287.8","1060.48"
"59","1976","20","Telangana","Nalgonda","112.79","54.44","60.56","89.77","63.04","169.04","54.69","335.21","17.92","306.56","309.0","955.0"
"59","1980","20","Telangana","Nalgonda","149.51","80.34","88.94","129.71","82.08","230.1","57.71","350.1","15.06","245.24","393.3","1035.49"
"59","1986","20","Telangana","Nalgonda","182.97","89.28","94.13","134.91","86.75","240.04","55.8","334.49","14.13","236.64","433.78","1035.36"
"59","1990","20","Telangana","Nalgonda","221.1","107.41","108.12","155.19","87.47","241.92","52.15","309.2","10.6","166.12","479.44","979.84"
"59","1995","20","Telangana","Nalgonda","313.16","151.79","148.43","210.22","99.88","271.6","52.82","293.58","6.66","101.47","620.94","1028.65"
"59","2000","20","Telangana","Nalgonda","364.58","169.92","169.1","240.35","101.12","274.4","41.9","240.47","5.63","86.45","682.33","1011.58"
"59","2005","20","Telangana","Nalgonda","383.59","177.9","171.15","243.07","98.75","267.37","39.04","222.21","4.73","72.06","697.27","982.61"
"59","2010","20","Telangana","Nalgonda","445.27","208.55","191.51","270.76","91.36","243.42","26.85","149.2","2.2","32.3","757.19","904.24"
"60","1970","20","Telangana","Warangal","125.63","55.74","53.15","76.16","44.42","124.68","32.69","199.46","11.35","205.38","267.22","661.43"
"60","1976","20","Telangana","Warangal","140.3","68.58","62.22","91.91","53.68","147.76","36.6","222.0","12.2","176.75","305.0","707.0"
"60","1980","20","Telangana","Warangal","206.62","106.75","98.98","143.4","63.84","178.35","25.42","149.84","6.21","99.82","401.06","678.16"
"60","1986","20","Telangana","Warangal","242.62","118.56","92.41","135.36","64.72","181.55","28.14","165.56","5.16","85.27","433.05","686.3"
"60","1990","20","Telangana","Warangal","269.82","126.98","115.67","165.96","65.88","179.58","25.82","148.34","3.55","53.24","480.73","674.1"
"60","1995","20","Telangana","Warangal","308.15","147.17","116.44","165.11","65.38","176.53","24.19","139.16","3.6","54.92","517.75","682.88"
"60","2000","20","Telangana","Warangal","337.77","145.13","110.09","154.89","58.2","157.36","22.64","130.59","4.08","80.95","532.77","668.93"
"60","2005","20","Telangana","Warangal","354.14","154.2","117.57","165.09","60.02","162.45","25.39","144.68","4.16","71.21","561.27","697.63"
"60","2010","20","Telangana","Warangal","444.89","190.93","141.88","198.41","57.39","151.87","17.05","94.95","1.85","31.15","663.06","667.31"
"61","1970","20","Telangana","Khammam","61.51","29.54","38.29","55.66","41.0","112.23","28.43","170.49","9.26","160.98","178.48","528.9"
"61","1976","20","Telangana","Khammam","65.7","33.15","39.1","55.59","40.0","110.16","27.69","168.81","8.51","142.29","181.0","510.0"
"61","1980","20","Telangana","Khammam","104.12","60.14","56.08","85.65","44.78","122.53","25.27","157.42","4.61","95.52","234.86","521.27"
"61","1986","20","Telangana","Khammam","110.75","55.34","62.39","89.32","53.98","145.39","26.41","150.54","4.59","74.81","258.13","515.4"
"61","1990","20","Telangana","Khammam","147.61","74.6","77.89","111.94","57.99","157.2","28.87","167.53","4.08","58.09","316.43","569.36"
"61","1995","20","Telangana","Khammam","189.42","94.27","86.04","122.52","61.01","163.34","24.7","139.51","3.06","46.69","364.23","566.32"
"61","2000","20","Telangana","Khammam","213.99","101.42","89.02","126.29","58.75","157.91","23.02","129.26","2.54","41.96","387.32","556.83"
"61","2005","20","Telangana","Khammam","237.31","111.54","94.18","132.64","58.76","157.1","22.87","126.81","2.09","32.67","415.21","560.76"
"61","2010","20","Telangana","Khammam","291.11","137.14","105.97","148.01","54.44","143.27","15.55","84.86","1.27","22.82","468.34","536.1"
"62","1970","20","Telangana","Karimnagar","178.04","68.19","58.07","83.4","49.49","139.36","35.71","216.38","11.2","192.23","332.51","699.56"
"62","1976","20","Telangana","Karimnagar","191.87","82.69","58.41","86.28","55.58","157.46","38.23","237.27","9.91","155.3","354.0","719.0"
"62","1980","20","Telangana","Karimnagar","279.8","126.71","96.35","137.47","63.62","175.53","30.36","177.19","4.99","90.7","475.12","707.59"
"62","1986","20","Telangana","Karimnagar","277.71","123.12","92.02","131.59","63.65","172.92","29.52","170.43","4.86","73.97","467.75","672.03"
"62","1990","20","Telangana","Karimnagar","311.39","137.44","106.59","152.37","66.09","180.33","26.66","151.94","3.24","44.92","513.96","666.99"
"62","1995","20","Telangana","Karimnagar","346.58","152.76","110.71","155.63","58.79","157.33","20.68","116.53","2.42","36.39","539.18","618.65"
"62","2000","20","Telangana","Karimnagar","379.03","164.45","122.53","171.94","56.62","152.28","16.9","94.53","1.69","24.89","576.78","608.09"
"62","2005","20","Telangana","Karimnagar","397.0","173.44","127.43","178.42","57.33","153.54","16.33","90.81","1.68","27.01","599.78","623.22"
"62","2010","20","Telangana","Karimnagar","447.04","197.26","145.01","203.1","55.39","146.02","13.83","75.43","1.08","16.88","662.35","638.69"
"63","1970","20","Telangana","Adilabad","59.23","24.43","32.05","46.82","48.84","130.85","41.28","252.5","12.11","200.53","193.5","655.13"
"63","1976","20","Telangana","Adilabad","71.64","31.4","39.03","55.74","57.83","160.14","58.79","367.38","10.71","170.35","238.0","785.0"
"63","1980","20","Telangana","Adilabad","87.63","45.41","49.04","72.39","63.64","169.71","42.06","251.38","8.86","134.4","251.22","673.28"
"63","1986","20","Telangana","Adilabad","117.03","52.23","60.51","86.13","69.41","178.8","37.88","222.58","6.05","91.77","290.87","631.5"
"63","1990","20","Telangana","Adilabad","153.59","68.24","80.96","116.58","81.94","214.59","38.9","222.88","4.98","70.55","360.37","692.84"
"63","1995","20","Telangana","Adilabad","166.75","78.19","96.4","139.24","84.73","220.4","34.86","195.45","3.89","56.18","386.62","689.44"
"63","2000","20","Telangana","Adilabad","208.11","94.31","109.77","157.47","87.19","227.94","31.49","176.22","2.95","45.82","439.51","701.76"
"63","2005","20","Telangana","Adilabad","215.79","99.69","118.31","169.69","88.45","229.0","29.01","161.81","2.66","40.31","454.21","700.5"
"63","2010","20","Telangana","Adilabad","259.18","123.21","143.93","205.87","90.77","232.73","23.99","131.98","2.13","34.79","520.0","728.58"
"64","1970","5","Karnataka","Bangalore","106.99","55.65","64.48","92.55","45.03","122.6","20.52","117.6","3.69","60.29","240.71","448.68"
"64","1976","5","Karnataka","Bangalore","122.43","64.26","58.43","85.0","41.32","113.99","20.5","118.5","3.1","47.56","245.78","429.3"
"64","1980","5","Karnataka","Bangalore","122.42","61.62","62.72","90.78","45.23","124.98","22.52","130.97","3.93","59.61","256.82","467.95"
"64","1985","5","Karnataka","Bangalore","144.86","71.03","69.47","100.04","44.75","122.52","19.96","113.85","3.04","47.02","282.07","454.46"
"64","1990","5","Karnataka","Bangalore","191.0","91.0","80.0","115.0","45.0","123.0","18.0","103.0","3.0","36.0","337.0","468.0"
"64","1995","5","Karnataka","Bangalore","208.0","97.27","77.58","110.7","43.63","118.73","16.83","95.09","2.1","31.96","348.14","453.75"
"64","2000","5","Karnataka","Bangalore","242.93","110.28","83.01","116.7","43.19","116.07","14.57","81.74","1.59","23.75","385.28","448.53"
"64","2005","5","Karnataka","Bangalore","280.59","121.74","83.67","116.56","41.16","109.99","14.31","79.75","1.67","24.11","421.38","452.14"
"64","2010","5","Karnataka","Bangalore","396.38","150.36","86.73","118.84","36.54","95.71","10.47","56.91","0.83","12.12","530.94","433.95"
"65","1970","5","Karnataka","Kolar","91.45","48.09","56.65","81.39","39.86","109.09","18.23","104.06","3.15","51.42","209.34","394.04"
"65","1976","5","Karnataka","Kolar","98.63","49.12","57.57","93.77","35.93","98.41","17.48","98.22","2.93","45.88","212.54","385.4"
"65","1980","5","Karnataka","Kolar","111.51","54.94","58.76","84.5","39.01","108.01","18.57","107.17","2.84","43.08","230.7","397.7"
"65","1985","5","Karnataka","Kolar","130.35","64.13","66.83","95.41","40.12","110.39","17.89","102.71","2.73","41.71","257.93","414.36"
"65","1990","5","Karnataka","Kolar","163.0","81.0","79.0","111.0","44.0","119.0","18.0","101.0","2.0","36.0","306.0","448.0"
"65","1995","5","Karnataka","Kolar","191.49","92.18","82.0","115.63","44.32","120.31","17.68","99.77","2.28","33.48","337.77","461.37"
"65","2000","5","Karnataka","Kolar","234.62","108.85","91.82","128.32","43.57","117.77","15.23","85.85","1.81","27.55","387.05","468.34"
"65","2005","5","Karnataka","Kolar","260.68","118.18","93.74","129.82","45.5","121.46","16.16","90.02","1.73","23.53","417.82","483.0"
"65","2010","5","Karnataka","Kolar","300.12","127.77","94.96","130.8","42.11","111.45","12.84","70.89","1.3","19.38","451.32","460.28"
"66","1970","5","Karnataka","Tumkur","120.64","58.59","72.53","105.2","53.95","148.55","30.81","180.83","7.4","120.35","285.33","613.52"
"66","1976","5","Karnataka","Tumkur","119.77","60.45","75.57","115.5","53.97","146.52","29.73","174.74","7.14","117.1","286.18","614.31"
"66","1980","5","Karnataka","Tumkur","157.01","76.21","88.24","127.87","56.64","156.11","29.65","173.28","6.26","99.56","337.8","633.04"
"66","1985","5","Karnataka","Tumkur","174.0","83.16","97.18","140.48","61.21","167.45","31.05","181.32","6.45","103.84","369.89","676.25"
"66","1990","5","Karnataka","Tumkur","209.0","99.0","107.0","153.0","65.0","176.0","31.0","179.0","5.0","82.0","417.0","689.0"
"66","1995","5","Karnataka","Tumkur","199.74","96.74","104.84","151.06","68.67","187.94","31.69","182.43","4.87","73.6","409.82","691.77"
"66","2000","5","Karnataka","Tumkur","203.46","96.73","107.34","153.32","71.29","195.06","32.25","184.96","4.83","71.93","419.17","702.0"
"66","2005","5","Karnataka","Tumkur","206.99","99.02","107.92","154.04","71.34","195.38","31.93","184.67","4.43","65.54","422.6","698.64"
"66","2010","5","Karnataka","Tumkur","197.26","108.98","113.44","159.94","71.07","192.43","29.13","163.53","3.53","51.5","414.43","676.39"
"67","1970","5","Karnataka","Mysore","103.82","55.66","84.63","122.9","56.49","153.56","23.8","134.97","3.17","46.72","271.91","513.8"
"67","1976","5","Karnataka","Mysore","119.84","61.16","78.98","122.75","49.46","144.53","21.75","123.53","2.93","43.36","272.96","495.32"
"67","1980","5","Karnataka","Mysore","159.54","81.01","103.35","149.51","57.62","156.79","22.17","125.91","2.6","38.32","345.28","551.53"
"67","1985","5","Karnataka","Mysore","183.53","91.85","114.4","164.87","58.38","157.42","20.83","117.34","2.12","33.32","379.25","564.8"
"67","1990","5","Karnataka","Mysore","223.0","110.0","128.0","181.0","63.0","167.0","21.0","114.0","2.0","36.0","437.0","608.0"
"67","1995","5","Karnataka","Mysore","257.93","124.34","127.28","180.79","56.8","149.57","15.54","85.22","1.27","19.41","458.83","559.34"
"67","2000","5","Karnataka","Mysore","342.91","152.18","138.37","193.77","54.88","145.07","13.41","73.24","1.07","17.78","550.65","582.05"
"67","2005","5","Karnataka","Mysore","364.63","157.8","136.99","190.22","53.49","140.47","12.81","69.63","0.91","14.37","568.82","572.48"
"67","2010","5","Karnataka","Mysore","394.36","184.9","139.39","192.12","52.42","135.66","10.96","58.33","0.8","12.65","597.93","583.67"
"68","1970","5","Karnataka","Mandya","118.9","211.64","51.31","72.46","32.72","88.57","11.79","65.21","1.09","15.77","215.81","453.64"
"68","1976","5","Karnataka","Mandya","134.12","57.22","49.61","69.99","29.62","80.98","9.9","54.84","0.73","12.84","223.98","275.87"
"68","1980","5","Karnataka","Mandya","186.01","75.0","60.04","84.38","32.51","87.88","9.97","54.61","0.63","10.56","289.16","312.43"
"68","1985","5","Karnataka","Mandya","220.46","85.08","62.19","87.0","30.29","81.34","8.51","46.42","0.63","10.74","322.07","310.57"
"68","1990","5","Karnataka","Mandya","288.0","107.0","68.0","94.0","30.0","80.0","7.0","39.0","-1.0","6.0","393.0","326.0"
"68","1995","5","Karnataka","Mandya","333.71","127.05","69.42","96.44","27.35","72.92","5.86","31.78","0.32","6.02","436.66","334.21"
"68","2000","5","Karnataka","Mandya","391.35","135.15","71.48","98.14","24.87","65.51","4.51","23.96","0.23","3.62","492.44","326.38"
"68","2005","5","Karnataka","Mandya","425.13","139.99","70.63","95.42","24.23","63.23","4.29","22.57","0.19","2.85","524.47","324.06"
"68","2010","5","Karnataka","Mandya","299.2","138.13","69.13","90.34","23.63","59.28","3.65","18.66","0.17","3.03","395.77","309.43"
"69","1970","5","Karnataka","Hassan","59.83","31.47","48.49","70.18","37.15","102.11","17.98","103.08","3.21","53.09","166.66","359.93"
"69","1976","5","Karnataka","Hassan","77.1","39.33","48.85","70.28","37.11","99.22","17.9","103.49","3.16","54.59","184.11","366.9"
"69","1980","5","Karnataka","Hassan","103.96","49.58","60.44","87.45","37.5","103.69","18.02","104.62","3.01","52.87","222.92","398.21"
"69","1985","5","Karnataka","Hassan","129.84","61.56","69.69","100.23","36.55","100.23","15.52","89.03","2.35","40.95","253.95","392.0"
"69","1990","5","Karnataka","Hassan","188.0","86.0","84.0","118.0","40.0","108.0","14.0","83.0","2.0","37.0","328.0","432.0"
"69","1995","5","Karnataka","Hassan","219.35","99.02","90.94","129.23","40.17","107.97","13.3","74.67","1.73","34.29","365.49","445.18"
"69","2000","5","Karnataka","Hassan","288.28","119.17","96.31","134.32","38.62","102.81","11.36","63.44","1.48","30.4","436.06","450.13"
"69","2005","5","Karnataka","Hassan","317.43","131.5","102.87","143.79","38.39","102.26","10.74","60.08","1.35","28.53","470.77","466.16"
"69","2010","5","Karnataka","Hassan","285.67","146.21","102.15","140.72","36.89","96.71","9.74","53.81","1.23","26.05","435.68","463.5"
"70","1970","5","Karnataka","Shimoga","49.34","29.29","44.9","64.07","33.34","91.11","16.76","96.46","2.9","45.68","147.23","326.61"
"70","1976","5","Karnataka","Shimoga","53.56","30.67","43.97","62.83","33.18","91.1","17.72","103.45","3.16","47.75","151.59","335.79"
"70","1980","5","Karnataka","Shimoga","64.44","37.67","49.65","70.98","35.49","97.94","18.63","108.72","3.06","47.01","171.28","362.32"
"70","1985","5","Karnataka","Shimoga","79.88","45.98","58.66","83.57","36.45","99.95","17.49","101.33","2.53","38.6","195.01","369.42"
"70","1990","5","Karnataka","Shimoga","95.0","54.0","67.0","95.0","37.0","101.0","16.0","95.0","2.0","36.0","217.0","381.0"
"70","1995","5","Karnataka","Shimoga","111.78","62.98","69.49","98.33","38.13","103.86","15.93","90.99","2.13","31.3","237.47","387.46"
"70","2000","5","Karnataka","Shimoga","100.07","53.6","51.52","72.12","24.23","65.22","8.91","50.27","1.2","17.55","185.92","258.76"
"70","2005","5","Karnataka","Shimoga","114.11","59.66","54.05","75.6","24.28","65.11","8.17","46.38","0.95","14.22","201.56","260.96"
"70","2010","5","Karnataka","Shimoga","125.13","63.75","55.71","76.74","24.3","64.29","7.95","44.06","0.93","13.46","214.01","262.3"
"71","1970","5","Karnataka","Chikmagalur","28.32","16.58","26.56","38.26","21.68","59.29","12.26","71.54","3.14","63.12","91.97","248.78"
"71","1976","5","Karnataka","Chikmagalur","37.94","20.16","27.5","39.39","22.17","58.58","12.64","76.29","3.2","68.78","103.45","263.19"
"71","1980","5","Karnataka","Chikmagalur","40.01","22.27","30.0","43.22","21.57","59.08","11.88","70.35","3.06","69.1","106.52","264.01"
"71","1985","5","Karnataka","Chikmagalur","53.97","29.15","37.62","53.98","24.55","66.57","12.5","73.23","3.02","68.29","131.66","291.22"
"71","1990","5","Karnataka","Chikmagalur","68.0","36.0","45.0","65.0","27.0","70.0","12.0","70.0","3.0","64.0","155.0","305.0"
"71","1995","5","Karnataka","Chikmagalur","82.35","42.89","45.67","65.26","25.07","67.7","11.05","64.38","2.37","56.04","166.51","296.27"
"71","2000","5","Karnataka","Chikmagalur","106.16","51.74","50.7","71.52","26.15","70.05","10.45","60.29","2.17","50.37","195.64","303.97"
"71","2005","5","Karnataka","Chikmagalur","118.74","56.95","53.8","75.28","26.07","69.06","9.95","56.86","2.03","48.9","210.58","307.05"
"71","2010","5","Karnataka","Chikmagalur","128.61","61.16","56.02","77.12","27.05","71.2","9.84","55.47","1.95","48.43","223.48","313.38"
"72","1970","5","Karnataka","Chitradurga","31.55","18.4","42.34","62.53","48.23","133.12","40.48","244.5","14.75","247.26","177.35","705.81"
"72","1976","5","Karnataka","Chitradurga","42.13","23.99","47.46","72.89","48.88","139.25","38.48","235.78","13.68","222.79","190.62","694.7"
"72","1980","5","Karnataka","Chitradurga","47.07","27.69","53.97","79.29","53.13","147.14","39.54","239.39","13.24","216.26","206.94","709.77"
"72","1985","5","Karnataka","Chitradurga","66.0","37.95","73.29","107.07","64.0","175.42","40.44","241.57","11.02","174.55","254.75","736.56"
"72","1990","5","Karnataka","Chitradurga","82.0","46.0","89.0","129.0","72.0","196.0","41.0","238.0","9.0","140.0","293.0","749.0"
"72","1995","5","Karnataka","Chitradurga","101.37","56.92","99.63","144.26","75.71","204.11","38.94","227.58","7.79","117.35","323.44","750.23"
"72","2000","5","Karnataka","Chitradurga","189.68","101.97","150.96","215.69","102.77","275.92","46.24","266.91","7.52","111.08","497.16","971.56"
"72","2005","5","Karnataka","Chitradurga","222.32","117.83","167.8","238.17","105.77","283.81","45.34","259.29","6.74","98.74","547.96","997.82"
"72","2010","5","Karnataka","Chitradurga","244.43","128.46","174.89","244.73","105.97","280.46","42.34","238.47","5.63","82.34","573.26","974.47"
"73","1970","5","Karnataka","Bellary","20.2","11.46","26.56","39.13","36.09","102.32","33.43","202.9","11.56","197.35","127.83","553.15"
"73","1976","5","Karnataka","Bellary","46.63","23.05","39.15","57.39","44.67","126.02","34.04","206.86","10.0","174.11","174.49","587.43"
"73","1980","5","Karnataka","Bellary","51.56","26.33","46.43","68.56","49.95","141.25","36.02","216.02","9.38","155.7","193.34","607.86"
"73","1985","5","Karnataka","Bellary","58.53","30.11","54.73","80.49","54.78","154.32","37.57","224.73","9.0","143.34","214.6","632.98"
"73","1990","5","Karnataka","Bellary","67.0","35.0","64.0","93.0","59.0","164.0","38.0","225.0","8.0","121.0","236.0","638.0"
"73","1995","5","Karnataka","Bellary","77.99","42.07","71.73","104.68","61.13","169.21","36.88","216.66","6.63","98.19","254.36","630.82"
"73","2000","5","Karnataka","Bellary","80.51","42.21","66.63","97.7","53.49","148.4","31.08","182.85","5.04","72.33","236.74","543.49"
"73","2005","5","Karnataka","Bellary","96.12","49.63","76.11","108.99","55.54","151.65","29.83","173.48","4.35","64.75","261.95","548.5"
"73","2010","5","Karnataka","Bellary","105.05","58.68","82.81","118.36","56.56","153.17","26.76","152.63","3.97","54.68","275.14","537.53"
"74","1970","5","Karnataka","Dharwad","38.01","21.92","63.98","95.0","73.61","209.15","68.78","424.3","24.2","378.29","268.58","1128.66"
"74","1976","5","Karnataka","Dharwad","42.34","25.32","67.21","98.31","77.06","214.61","69.47","429.51","20.4","322.55","276.48","1090.29"
"74","1980","5","Karnataka","Dharwad","41.01","24.06","79.87","119.96","84.61","239.99","69.44","425.79","16.83","241.45","291.77","1051.26"
"74","1985","5","Karnataka","Dharwad","52.67","30.61","112.17","167.99","105.32","294.81","69.4","419.89","13.73","197.4","353.3","1110.7"
"74","1990","5","Karnataka","Dharwad","60.0","35.0","135.0","204.0","118.0","326.0","67.0","400.0","12.0","171.0","392.0","1136.0"
"74","1995","5","Karnataka","Dharwad","72.14","43.17","140.28","208.89","118.86","329.91","64.57","383.78","11.42","159.75","407.27","1125.5"
"74","2000","5","Karnataka","Dharwad","101.81","59.34","159.89","234.98","124.52","341.83","61.5","362.69","9.46","131.53","457.2","1130.37"
"74","2005","5","Karnataka","Dharwad","118.21","67.87","165.41","242.18","124.24","340.63","59.05","344.78","8.66","121.07","475.56","1116.5"
"74","2010","5","Karnataka","Dharwad","149.89","85.78","189.86","273.86","122.64","332.0","55.18","317.17","7.48","101.39","525.05","1110.17"
"75","1970","5","Karnataka","Belgaum","90.15","43.82","65.66","95.4","66.55","188.18","57.32","350.42","18.67","293.73","298.35","971.53"
"75","1976","5","Karnataka","Belgaum","103.56","49.06","71.68","104.42","72.92","205.46","58.78","359.16","16.09","261.59","323.03","979.68"
"75","1980","5","Karnataka","Belgaum","105.14","51.97","86.52","124.78","82.77","231.43","62.09","373.54","14.82","230.24","351.34","1011.96"
"75","1985","5","Karnataka","Belgaum","111.45","55.96","96.61","141.49","83.3","233.5","54.32","325.36","11.27","171.96","356.95","928.27"
"75","1990","5","Karnataka","Belgaum","143.0","70.0","120.0","178.0","94.0","262.0","57.0","338.0","11.0","163.0","425.0","1011.0"
"75","1995","5","Karnataka","Belgaum","161.93","79.92","119.59","174.48","92.96","255.07","50.63","297.76","8.47","130.19","433.59","937.43"
"75","2000","5","Karnataka","Belgaum","195.87","94.56","137.9","198.3","102.6","281.88","53.48","312.73","7.86","118.2","497.71","1005.68"
"75","2005","5","Karnataka","Belgaum","224.17","108.19","147.46","212.31","103.5","283.66","50.81","296.71","7.04","107.44","538.97","1008.31"
"75","2010","5","Karnataka","Belgaum","215.53","123.46","156.81","222.98","104.87","284.24","47.74","271.49","5.99","90.12","530.94","992.29"
"76","1970","5","Karnataka","Bijapur / Vijayapura","24.04","13.45","38.75","59.07","63.11","182.16","80.52","514.04","41.02","685.86","247.44","1454.58"
"76","1976","5","Karnataka","Bijapur / Vijayapura","27.77","15.77","48.13","74.1","75.55","214.61","88.57","566.91","37.43","590.04","277.45","1461.43"
"76","1980","5","Karnataka","Bijapur / Vijayapura","28.56","16.18","59.32","92.12","87.65","251.41","93.38","590.5","33.66","508.66","302.57","1458.87"
"76","1985","5","Karnataka","Bijapur / Vijayapura","31.66","18.15","84.37","129.84","106.14","299.15","95.25","595.17","29.17","432.35","346.6","1474.65"
"76","1990","5","Karnataka","Bijapur / Vijayapura","36.0","21.0","116.0","179.0","127.0","354.0","96.0","590.0","25.0","355.0","400.0","1499.0"
"76","1995","5","Karnataka","Bijapur / Vijayapura","54.17","33.43","136.75","209.16","139.08","386.09","91.01","552.62","19.86","281.73","440.87","1463.04"
"76","2000","5","Karnataka","Bijapur / Vijayapura","82.41","50.42","161.01","241.27","153.11","420.18","90.14","537.86","16.48","232.29","503.15","1482.04"
"76","2005","5","Karnataka","Bijapur / Vijayapura","100.94","61.52","175.29","259.3","159.14","434.48","88.71","521.6","14.24","198.14","538.3","1475.05"
"76","2010","5","Karnataka","Bijapur / Vijayapura","120.89","73.25","195.14","286.16","159.05","430.8","82.8","481.92","12.06","165.31","569.93","1437.45"
"77","1970","5","Karnataka","Bidar","11.25","6.71","15.35","22.5","21.24","60.96","26.33","166.55","13.47","222.64","87.64","479.36"
"77","1976","5","Karnataka","Bidar","14.31","8.89","21.58","31.63","27.33","77.83","28.02","183.96","10.79","167.51","102.03","469.82"
"77","1980","5","Karnataka","Bidar","16.48","10.61","31.17","45.78","33.6","94.77","28.08","174.43","9.27","137.06","118.6","462.64"
"77","1985","5","Karnataka","Bidar","18.46","11.66","41.75","61.37","39.97","111.74","25.65","157.25","7.36","108.95","133.19","450.97"
"77","1990","5","Karnataka","Bidar","22.0","14.0","64.0","94.0","51.0","139.0","24.0","145.0","5.0","73.0","166.0","465.0"
"77","1995","5","Karnataka","Bidar","38.24","23.67","79.88","117.28","52.4","142.4","20.99","123.52","3.66","51.38","195.16","458.24"
"77","2000","5","Karnataka","Bidar","53.01","31.42","87.41","125.55","54.82","147.05","18.98","110.41","2.74","36.94","216.97","451.39"
"77","2005","5","Karnataka","Bidar","67.54","38.49","92.08","131.18","57.17","153.02","19.04","109.7","2.59","34.33","238.41","466.72"
"77","2010","5","Karnataka","Bidar","80.62","44.81","96.62","136.83","54.25","143.29","17.4","98.9","2.1","27.94","250.99","451.78"
"78","1970","5","Karnataka","Raichur","26.9","16.37","42.21","63.03","62.82","181.23","71.14","440.73","26.45","420.17","229.52","1121.53"
"78","1976","5","Karnataka","Raichur","32.89","19.99","45.58","67.56","64.09","182.56","67.68","410.08","23.99","406.75","234.23","1086.93"
"78","1980","5","Karnataka","Raichur","42.98","26.05","60.5","90.43","76.36","219.07","73.68","454.74","22.49","342.64","276.01","1132.92"
"78","1985","5","Karnataka","Raichur","58.6","35.93","87.86","130.81","94.26","267.08","72.71","442.33","18.18","273.01","331.6","1149.17"
"78","1990","5","Karnataka","Raichur","73.0","45.0","118.0","176.0","110.0","307.0","69.0","408.0","14.0","206.0","384.0","1142.0"
"78","1995","5","Karnataka","Raichur","93.2","57.43","137.05","201.61","121.27","333.91","63.27","371.76","11.09","158.53","425.87","1123.23"
"78","2000","5","Karnataka","Raichur","124.12","74.19","160.85","234.32","127.73","349.95","60.49","353.31","9.32","128.82","482.5","1140.61"
"78","2005","5","Karnataka","Raichur","141.69","83.98","171.84","249.7","131.96","362.11","59.25","345.51","8.08","111.35","512.81","1152.63"
"78","2010","5","Karnataka","Raichur","168.32","96.28","186.97","266.97","132.11","356.67","56.04","319.99","6.7","89.33","550.13","1129.24"
"79","1970","5","Karnataka","Gulbarga / Kalaburagi","24.4","13.66","31.45","46.86","50.79","147.81","69.49","440.3","36.55","614.62","212.68","1263.24"
"79","1976","5","Karnataka","Gulbarga / Kalaburagi","31.42","17.3","38.16","56.54","60.1","172.41","77.37","488.76","36.22","584.87","243.27","1319.89"
"79","1980","5","Karnataka","Gulbarga / Kalaburagi","38.93","21.57","52.8","79.25","74.6","216.05","83.06","520.51","33.3","517.83","282.68","1355.22"
"79","1985","5","Karnataka","Gulbarga / Kalaburagi","48.46","27.04","85.44","128.81","102.01","290.88","80.45","496.03","25.21","380.54","341.57","1323.31"
"79","1990","5","Karnataka","Gulbarga / Kalaburagi","62.0","35.0","133.0","199.0","128.0","359.0","81.0","493.0","21.0","307.0","425.0","1393.0"
"79","1995","5","Karnataka","Gulbarga / Kalaburagi","80.11","48.01","161.4","240.03","145.13","402.2","76.67","456.91","16.54","243.96","479.84","1391.11"
"79","2000","5","Karnataka","Gulbarga / Kalaburagi","112.33","66.57","191.27","281.87","158.49","435.72","73.76","435.0","12.96","180.22","548.81","1399.38"
"79","2005","5","Karnataka","Gulbarga / Kalaburagi","128.34","76.07","203.72","299.47","161.97","443.41","71.04","415.22","10.72","147.91","575.79","1382.08"
"79","2010","5","Karnataka","Gulbarga / Kalaburagi","153.59","90.82","226.84","331.28","164.64","444.43","67.46","385.97","9.44","127.32","621.96","1379.81"
"80","1970","5","Karnataka","Dakshina Kannada","61.27","29.55","36.74","52.02","22.62","60.78","8.09","45.91","1.17","17.67","129.88","205.92"
"80","1976","5","Karnataka","Dakshina Kannada","85.93","40.35","37.56","53.32","20.27","54.02","7.08","40.38","0.71","13.35","151.55","201.41"
"80","1980","5","Karnataka","Dakshina Kannada","86.64","39.71","40.27","57.02","23.64","64.88","9.64","54.88","1.1","26.78","161.28","243.26"
"80","1985","5","Karnataka","Dakshina Kannada","128.43","50.76","43.71","62.2","24.82","68.1","10.64","61.05","1.49","25.89","209.1","268.0"
"80","1990","5","Karnataka","Dakshina Kannada","178.0","66.0","49.0","69.0","27.0","75.0","12.0","69.0","2.0","35.0","268.0","314.0"
"80","1995","5","Karnataka","Dakshina Kannada","201.32","74.72","52.03","73.46","27.27","74.38","10.68","60.92","1.28","26.0","292.58","309.47"
"80","2000","5","Karnataka","Dakshina Kannada","259.61","91.82","57.49","80.7","27.19","73.83","10.0","56.9","1.17","21.17","355.46","324.42"
"80","2005","5","Karnataka","Dakshina Kannada","309.51","106.96","63.28","88.02","27.21","73.54","9.53","53.88","1.18","25.5","410.7","347.89"
"80","2010","5","Karnataka","Dakshina Kannada","311.91","109.91","62.78","85.69","25.48","67.74","8.45","47.17","0.97","17.53","409.59","328.04"
"81","1970","5","Karnataka","Uttara Kannada","64.44","20.28","17.98","25.55","14.81","41.2","7.91","45.35","1.08","15.4","106.22","147.79"
"81","1976","5","Karnataka","Uttara Kannada","71.1","25.44","21.81","31.12","15.63","43.25","7.21","40.46","0.78","12.24","116.53","152.5"
"81","1980","5","Karnataka","Uttara Kannada","74.29","24.64","23.42","33.0","16.14","44.42","6.93","39.17","0.67","9.52","121.43","150.74"
"81","1985","5","Karnataka","Uttara Kannada","81.89","27.64","25.35","36.26","16.02","44.2","6.19","34.65","0.56","8.18","130.01","150.92"
"81","1990","5","Karnataka","Uttara Kannada","94.0","31.0","27.0","37.0","15.0","42.0","6.0","31.0","-1.0","6.0","142.0","147.0"
"81","1995","5","Karnataka","Uttara Kannada","101.69","34.3","26.67","37.87","14.58","39.78","5.07","28.32","0.34","4.58","148.36","144.84"
"81","2000","5","Karnataka","Uttara Kannada","115.71","38.64","29.33","41.14","14.73","39.78","4.65","25.59","0.33","4.4","164.75","149.54"
"81","2005","5","Karnataka","Uttara Kannada","127.05","41.43","30.33","42.67","13.89","37.64","4.31","23.84","0.29","3.85","175.87","149.42"
"81","2010","5","Karnataka","Uttara Kannada","143.62","44.17","30.96","42.67","13.76","36.62","4.21","22.94","0.27","3.58","192.82","149.97"
"82","1970","5","Karnataka","Kodagu / Coorg","9.69","5.26","9.01","12.73","8.4","23.55","7.24","43.32","2.44","51.4","36.79","136.26"
"82","1976","5","Karnataka","Kodagu / Coorg","12.71","6.44","9.24","12.22","8.82","24.17","7.12","43.33","2.57","60.52","40.47","146.68"
"82","1980","5","Karnataka","Kodagu / Coorg","11.39","6.02","9.63","13.79","9.67","27.42","8.71","53.23","3.47","73.52","42.86","173.98"
"82","1985","5","Karnataka","Kodagu / Coorg","19.08","8.53","11.59","16.56","11.74","33.05","9.68","57.99","3.19","63.79","55.27","179.92"
"82","1990","5","Karnataka","Kodagu / Coorg","20.0","10.0","13.0","18.0","11.0","32.0","8.0","49.0","3.0","61.0","55.0","170.0"
"82","1995","5","Karnataka","Kodagu / Coorg","23.01","12.19","14.63","20.77","11.63","32.35","7.65","44.99","1.89","35.14","58.81","145.44"
"82","2000","5","Karnataka","Kodagu / Coorg","27.09","13.5","15.93","22.14","13.21","36.58","8.33","49.27","2.2","47.33","66.77","168.82"
"82","2005","5","Karnataka","Kodagu / Coorg","31.74","14.73","16.21","23.1","13.38","37.23","8.86","52.3","2.35","47.93","72.55","175.29"
"82","2010","5","Karnataka","Kodagu / Coorg","28.27","14.07","17.02","23.87","13.5","36.89","7.83","45.38","2.26","47.65","68.88","167.86"
"83","1970","11","Tamil Nadu","Kanchipuram","220.91","91.15","63.55","89.63","36.19","99.34","16.67","97.39","3.48","59.08","340.8","436.6"
"83","1976","11","Tamil Nadu","Kanchipuram","320.74","125.9","66.83","91.56","36.22","99.08","15.09","88.15","2.48","39.25","441.36","443.92"
"83","1979","11","Tamil Nadu","Kanchipuram","468.77","151.08","67.81","92.59","33.16","85.81","11.57","66.37","1.98","35.64","583.29","431.49"
"83","1985","11","Tamil Nadu","Kanchipuram","360.34","130.33","72.95","103.11","30.53","83.16","12.5","72.55","2.21","35.32","478.53","424.47"
"83","1990","11","Tamil Nadu","Kanchipuram","457.92","143.08","63.44","87.74","27.35","74.34","10.24","58.29","1.53","25.93","560.46","389.39"
"83","1995","11","Tamil Nadu","Kanchipuram","460.16","145.06","60.91","84.73","25.28","68.47","8.8","50.25","1.13","21.98","556.27","370.47"
"83","2000","11","Tamil Nadu","Kanchipuram","439.77","137.95","57.85","79.55","23.73","64.09","7.64","43.11","1.03","17.29","530.02","341.99"
"83","2005","11","Tamil Nadu","Kanchipuram","417.51","132.6","55.96","76.45","22.37","60.14","6.78","38.22","1.0","16.45","503.61","323.86"
"83","2010","11","Tamil Nadu","Kanchipuram","366.9","115.41","47.63","65.0","18.75","50.42","5.58","31.45","0.75","13.01","439.6","275.28"
"84","1970","11","Tamil Nadu","South Arcot / Cuddalore","342.58","147.58","113.86","161.11","65.5","179.61","26.49","152.27","3.6","53.52","552.04","694.08"
"84","1976","11","Tamil Nadu","South Arcot / Cuddalore","407.75","166.75","107.75","153.94","61.43","172.83","25.42","144.38","3.18","48.44","605.53","686.33"
"84","1979","11","Tamil Nadu","South Arcot / Cuddalore","576.37","201.5","118.16","164.5","56.77","154.42","20.42","115.77","2.15","32.84","773.87","669.03"
"84","1985","11","Tamil Nadu","South Arcot / Cuddalore","643.29","219.65","116.22","161.92","55.46","151.22","20.71","119.07","2.95","46.46","838.63","698.33"
"84","1990","11","Tamil Nadu","South Arcot / Cuddalore","624.35","218.05","120.39","168.55","55.5","150.77","19.46","110.58","2.33","41.12","822.04","689.06"
"84","1995","11","Tamil Nadu","South Arcot / Cuddalore","671.77","240.74","116.39","160.84","48.86","131.65","14.36","80.73","2.55","152.49","853.94","766.43"
"84","2000","11","Tamil Nadu","South Arcot / Cuddalore","637.06","235.85","120.74","167.7","51.75","139.4","15.75","88.28","1.45","23.98","826.74","655.2"
"84","2005","11","Tamil Nadu","South Arcot / Cuddalore","695.42","254.15","123.34","169.81","49.14","131.6","13.02","72.1","1.04","17.77","881.96","645.43"
"84","2010","11","Tamil Nadu","South Arcot / Cuddalore","747.62","273.78","121.56","167.06","45.1","119.92","11.05","61.3","0.86","14.34","926.18","636.41"
"85","1970","11","Tamil Nadu","North Arcot / Vellore","228.14","113.38","113.19","160.93","65.84","179.53","23.08","129.76","2.46","35.71","432.72","619.32"
"85","1976","11","Tamil Nadu","North Arcot / Vellore","335.51","151.76","118.08","158.38","60.03","159.53","20.07","110.87","1.52","2.17","535.21","582.73"
"85","1979","11","Tamil Nadu","North Arcot / Vellore","409.64","216.35","116.66","161.23","55.82","154.38","16.97","94.77","1.35","18.62","600.45","645.34"
"85","1985","11","Tamil Nadu","North Arcot / Vellore","577.88","224.29","126.22","175.66","52.79","142.22","15.09","84.61","1.34","19.97","773.31","646.75"
"85","1990","11","Tamil Nadu","North Arcot / Vellore","640.66","229.94","128.36","178.31","50.62","135.73","12.72","70.33","0.91","13.7","833.28","628.02"
"85","1995","11","Tamil Nadu","North Arcot / Vellore","631.85","230.91","115.61","158.71","60.39","153.8","9.8","53.55","0.6","8.64","818.25","605.61"
"85","2000","11","Tamil Nadu","North Arcot / Vellore","669.95","248.97","126.75","174.28","43.88","116.51","9.56","52.24","0.63","9.48","850.76","601.46"
"85","2005","11","Tamil Nadu","North Arcot / Vellore","683.25","255.89","126.99","174.71","41.43","109.4","8.07","43.64","0.43","7.1","860.17","590.73"
"85","2010","11","Tamil Nadu","North Arcot / Vellore","670.13","250.75","119.44","164.21","36.75","96.71","6.82","36.65","0.33","5.44","833.46","553.75"
"86","1970","11","Tamil Nadu","Salem","252.36","128.82","152.56","219.99","102.75","282.1","42.38","239.97","4.41","65.58","554.44","936.47"
"86","1976","11","Tamil Nadu","Salem","356.45","176.21","158.35","226.4","97.67","281.73","39.25","221.57","3.32","57.64","655.03","963.54"
"86","1979","11","Tamil Nadu","Salem","453.43","205.52","172.75","251.5","98.25","274.79","34.59","193.56","2.94","47.98","761.96","973.34"
"86","1985","11","Tamil Nadu","Salem","397.76","247.09","387.43","271.12","96.46","263.67","33.3","186.44","3.13","49.14","918.07","1017.45"
"86","1990","11","Tamil Nadu","Salem","632.23","259.37","192.46","269.97","89.15","242.38","27.42","152.35","2.1","33.6","943.36","957.65"
"86","1995","11","Tamil Nadu","Salem","679.81","279.8","191.63","267.31","88.83","239.77","24.55","134.7","1.67","26.5","986.49","948.1"
"86","2000","11","Tamil Nadu","Salem","698.99","285.56","195.21","272.67","85.36","230.48","23.49","129.25","1.68","26.56","1279.37","1193.86"
"86","2005","11","Tamil Nadu","Salem","752.63","310.32","198.97","277.78","80.27","215.42","19.21","104.69","1.3","21.73","1052.37","929.93"
"86","2010","11","Tamil Nadu","Salem","814.02","326.81","195.4","270.7","76.47","204.85","17.0","92.15","1.13","19.74","1104.01","914.24"
"87","1970","11","Tamil Nadu","Coimbatore","114.21","62.7","91.44","133.58","82.47","232.03","55.1","330.24","13.58","232.51","356.8","991.05"
"87","1976","11","Tamil Nadu","Coimbatore","182.53","91.81","108.18","158.1","87.58","243.88","53.3","315.36","9.86","170.76","441.45","979.91"
"87","1979","11","Tamil Nadu","Coimbatore","254.71","109.46","119.03","171.5","90.41","251.97","49.27","289.46","8.88","142.28","522.3","964.66"
"87","1985","11","Tamil Nadu","Coimbatore","265.91","120.26","135.68","195.36","96.15","267.33","48.61","284.91","7.74","135.8","554.09","1003.65"
"87","1990","11","Tamil Nadu","Coimbatore","411.12","154.0","107.09","155.1","65.41","182.63","30.24","175.51","4.76","93.84","618.62","761.07"
"87","1995","11","Tamil Nadu","Coimbatore","400.85","156.11","108.82","153.72","61.57","169.41","26.51","153.71","4.1","83.63","601.86","716.58"
"87","2000","11","Tamil Nadu","Coimbatore","379.86","151.68","108.04","155.04","65.03","179.95","27.21","152.27","3.62","77.64","582.75","716.58"
"87","2005","11","Tamil Nadu","Coimbatore","397.4","156.93","104.77","149.65","59.51","164.33","23.63","135.54","3.03","64.62","588.32","671.06"
"87","2010","11","Tamil Nadu","Coimbatore","416.88","152.67","98.89","139.0","56.37","154.58","22.77","130.21","2.85","58.78","597.73","635.23"
"88","1970","11","Tamil Nadu","Tiruchirapalli / Trichy","387.63","163.44","131.45","186.72","84.71","233.96","41.51","242.59","8.35","132.43","653.64","959.14"
"88","1976","11","Tamil Nadu","Tiruchirapalli / Trichy","497.85","205.42","135.47","184.7","73.35","223.13","37.83","225.49","6.25","97.55","750.73","936.29"
"88","1979","11","Tamil Nadu","Tiruchirapalli / Trichy","653.07","239.55","147.02","202.74","81.11","220.9","35.36","204.8","5.9","91.92","922.45","959.9"
"88","1985","11","Tamil Nadu","Tiruchirapalli / Trichy","575.94","228.66","157.47","221.23","86.7","238.32","35.64","204.88","4.82","75.08","860.57","968.18"
"88","1990","11","Tamil Nadu","Tiruchirapalli / Trichy","617.1","253.88","185.81","264.38","99.7","273.74","39.53","227.26","5.27","81.25","947.41","1100.52"
"88","1995","11","Tamil Nadu","Tiruchirapalli / Trichy","604.82","258.42","177.02","250.06","94.98","259.87","36.69","209.92","4.81","73.6","918.31","1051.89"
"88","2000","11","Tamil Nadu","Tiruchirapalli / Trichy","600.23","252.17","175.39","247.25","93.51","255.92","35.54","203.88","4.32","68.47","909.0","1027.66"
"88","2005","11","Tamil Nadu","Tiruchirapalli / Trichy","623.99","269.56","175.63","248.64","89.93","246.43","33.8","193.26","3.98","63.74","927.32","1021.64"
"88","2010","11","Tamil Nadu","Tiruchirapalli / Trichy","706.87","283.47","172.53","242.74","82.15","223.93","29.13","166.76","3.53","54.23","994.2","971.13"
"89","1970","11","Tamil Nadu","Thanjavur","344.22","140.88","111.97","159.0","63.28","171.35","24.85","143.65","3.74","61.3","548.07","676.18"
"89","1976","11","Tamil Nadu","Thanjavur","428.78","163.43","113.13","165.64","56.93","169.61","22.49","129.47","2.41","46.33","623.75","674.49"
"89","1979","11","Tamil Nadu","Thanjavur","503.02","188.46","108.33","160.28","55.68","160.72","19.21","117.63","2.53","48.82","688.78","675.92"
"89","1985","11","Tamil Nadu","Thanjavur","565.25","193.57","106.3","149.7","55.42","152.17","22.39","129.63","3.8","70.81","753.14","695.88"
"89","1990","11","Tamil Nadu","Thanjavur","532.61","188.51","118.45","167.78","63.96","175.02","25.27","145.58","3.68","60.84","743.95","737.75"
"89","1995","11","Tamil Nadu","Thanjavur","524.01","205.64","118.31","167.21","59.01","161.2","21.03","119.81","2.47","40.75","724.82","694.61"
"89","2000","11","Tamil Nadu","Thanjavur","507.66","198.24","117.93","165.44","59.54","162.33","20.64","117.0","2.27","36.29","708.04","679.3"
"89","2005","11","Tamil Nadu","Thanjavur","532.37","214.04","126.93","179.24","57.21","154.61","17.11","96.29","1.66","27.03","735.28","671.21"
"89","2010","11","Tamil Nadu","Thanjavur","510.24","203.83","126.34","178.24","56.55","151.88","15.47","85.86","1.32","21.39","709.92","641.18"
"90","1970","11","Tamil Nadu","Madurai","270.07","123.37","101.81","144.28","59.5","164.12","29.24","171.81","5.91","96.73","466.54","700.31"
"90","1976","11","Tamil Nadu","Madurai","316.17","141.35","103.51","141.75","63.52","167.88","29.22","165.52","5.14","79.4","517.56","695.89"
"90","1979","11","Tamil Nadu","Madurai","395.44","159.36","117.06","162.04","59.53","162.36","25.46","147.86","4.11","76.7","601.58","708.32"
"90","1985","11","Tamil Nadu","Madurai","500.2","189.46","123.09","171.25","58.7","159.32","22.95","132.86","3.48","63.7","708.43","716.59"
"90","1990","11","Tamil Nadu","Madurai","578.8","211.19","126.26","177.48","55.82","152.04","20.4","117.36","3.18","57.11","784.45","715.19"
"90","1995","11","Tamil Nadu","Madurai","566.77","213.45","123.08","171.73","58.52","158.59","20.19","115.08","2.54","44.52","771.1","703.4"
"90","2000","11","Tamil Nadu","Madurai","529.21","202.67","122.54","169.78","53.96","146.55","19.29","110.65","2.76","49.38","727.76","679.04"
"90","2005","11","Tamil Nadu","Madurai","568.88","214.21","121.26","167.04","50.58","136.99","16.84","96.42","2.3","42.98","759.85","657.64"
"90","2010","11","Tamil Nadu","Madurai","539.41","202.61","113.26","154.62","47.59","128.0","15.4","86.87","2.0","38.18","717.65","610.29"
"91","1970","11","Tamil Nadu","Ramananthapuram","362.38","153.04","116.93","165.58","71.4","196.95","32.92","190.88","5.11","80.65","588.74","787.1"
"91","1976","11","Tamil Nadu","Ramananthapuram","417.43","185.35","116.4","169.68","72.5","191.84","32.04","179.22","4.64","72.19","643.01","798.28"
"91","1979","11","Tamil Nadu","Ramananthapuram","590.52","220.16","136.25","194.66","70.64","200.9","27.85","159.46","3.65","61.14","828.92","836.31"
"91","1985","11","Tamil Nadu","Ramananthapuram","688.86","258.97","138.68","192.65","65.09","175.61","23.08","133.28","3.05","54.05","918.74","814.56"
"91","1990","11","Tamil Nadu","Ramananthapuram","697.9","261.93","137.66","192.77","58.94","159.66","19.31","108.62","2.24","37.88","916.04","760.85"
"91","1995","11","Tamil Nadu","Ramananthapuram","736.69","283.9","134.61","184.69","57.12","153.68","18.35","103.55","2.61","46.56","949.38","772.36"
"91","2000","11","Tamil Nadu","Ramananthapuram","676.69","246.49","118.91","164.52","51.04","137.99","15.72","88.45","1.85","32.67","864.21","670.12"
"91","2005","11","Tamil Nadu","Ramananthapuram","716.39","264.3","118.37","163.18","51.18","138.05","14.84","82.92","1.7","30.08","902.48","678.51"
"91","2010","11","Tamil Nadu","Ramananthapuram","698.23","271.92","105.82","149.91","43.36","117.54","11.81","66.25","1.49","29.07","860.71","634.69"
"92","1970","11","Tamil Nadu","Thirunelveli","346.04","129.77","84.34","119.45","54.89","152.5","30.96","184.75","8.23","155.69","524.46","742.17"
"92","1976","11","Tamil Nadu","Thirunelveli","377.68","139.09","85.34","119.14","53.69","147.71","28.92","171.08","6.67","123.48","552.3","700.5"
"92","1979","11","Tamil Nadu","Thirunelveli","423.72","159.14","92.84","130.22","50.05","137.72","25.22","147.23","5.5","103.48","597.32","677.78"
"92","1985","11","Tamil Nadu","Thirunelveli","360.12","136.72","73.14","108.54","44.84","127.46","23.91","144.95","5.89","116.68","507.89","634.35"
"92","1990","11","Tamil Nadu","Thirunelveli","392.12","137.1","77.81","109.42","44.07","121.51","20.28","118.77","4.2","77.72","538.49","564.52"
"92","1995","11","Tamil Nadu","Thirunelveli","362.3","131.21","72.23","101.86","39.41","108.47","17.22","100.6","3.0","61.04","494.17","503.18"
"92","2000","11","Tamil Nadu","Thirunelveli","330.19","122.11","68.76","96.38","37.6","103.44","16.85","98.0","3.13","62.92","456.54","482.84"
"92","2005","11","Tamil Nadu","Thirunelveli","380.88","133.14","68.51","96.17","35.58","97.75","14.39","83.36","2.56","50.93","501.91","461.32"
"92","2010","11","Tamil Nadu","Thirunelveli","371.88","130.15","67.27","93.84","34.61","95.12","14.11","81.47","2.51","51.59","490.37","452.16"
"93","1970","11","Tamil Nadu","The Nilgiris","-1.0","-1.0","-1.0","-1.0","-1.0","-1.0","-1.0","-1.0","-1.0","-1.0","-1.0","-1.0"
"93","1976","11","Tamil Nadu","The Nilgiris","21.56","7.72","5.37","7.28","2.64","5.81","1.13","6.74","0.37","30.84","31.07","58.4"
"93","1979","11","Tamil Nadu","The Nilgiris","18.99","7.43","5.3","7.37","3.69","10.06","2.15","12.58","0.51","33.22","30.63","70.65"
"93","1985","11","Tamil Nadu","The Nilgiris","31.88","12.17","8.21","10.93","4.13","11.09","1.63","9.55","0.52","44.1","46.37","87.84"
"93","1990","11","Tamil Nadu","The Nilgiris","33.71","14.13","7.43","10.18","3.79","9.8","1.51","9.33","0.62","41.59","47.07","85.03"
"93","1995","11","Tamil Nadu","The Nilgiris","36.41","14.76","7.2","9.82","3.77","9.85","1.31","7.52","0.5","47.08","49.18","89.03"
"93","2000","11","Tamil Nadu","The Nilgiris","56.34","19.77","7.37","10.28","2.96","8.15","1.22","6.99","0.43","42.78","68.32","87.98"
"93","2005","11","Tamil Nadu","The Nilgiris","57.49","18.97","7.99","10.86","3.05","8.25","1.34","7.86","0.42","42.57","70.3","88.51"
"93","2010","11","Tamil Nadu","The Nilgiris","52.04","18.03","8.04","10.94","2.87","7.74","1.02","5.86","0.41","37.81","64.37","80.38"
"94","1970","11","Tamil Nadu","Kanyakumari","-1.0","-1.0","-1.0","-1.0","-1.0","-1.0","-1.0","-1.0","-1.0","-1.0","-1.0","-1.0"
"94","1976","11","Tamil Nadu","Kanyakumari","288.72","52.74","7.36","9.86","4.24","11.78","0.78","5.19","0.22","6.94","301.31","86.5"
"94","1979","11","Tamil Nadu","Kanyakumari","266.52","48.3","7.76","11.26","2.74","7.4","1.0","5.88","0.27","9.56","278.3","82.4"
"94","1985","11","Tamil Nadu","Kanyakumari","337.54","56.38","7.5","10.05","2.55","6.81","0.89","5.23","0.28","9.13","348.76","87.6"
"94","1990","11","Tamil Nadu","Kanyakumari","229.58","46.63","9.34","12.77","3.29","8.86","1.21","7.14","0.29","9.08","243.71","84.47"
"94","1995","11","Tamil Nadu","Kanyakumari","275.66","50.32","8.02","10.59","3.09","8.08","0.98","5.45","0.29","7.11","288.03","81.55"
"94","2000","11","Tamil Nadu","Kanyakumari","320.0","57.31","6.72","8.99","2.37","6.34","0.74","4.2","0.22","8.0","330.05","84.84"
"94","2005","11","Tamil Nadu","Kanyakumari","391.51","62.28","5.35","7.32","1.79","4.75","0.61","3.43","0.17","6.34","399.42","84.12"
"94","2010","11","Tamil Nadu","Kanyakumari","372.17","62.6","5.66","7.6","1.78","4.8","0.44","2.52","0.2","5.96","380.25","83.48"
"95","1970","7","Maharashtra","Bombay","2.52","0.84","0.46","0.63","0.18","0.51","0.11","0.64","0.06","2.0","3.33","4.62"
"95","1976","7","Maharashtra","Bombay","1.92","0.66","0.3","0.41","0.12","0.32","0.04","0.21","0.02","1.44","2.39","3.04"
"95","1980","7","Maharashtra","Bombay","-1.0","-1.0","-1.0","-1.0","-1.0","-1.0","-1.0","-1.0","-1.0","-1.0","-1.0","-1.0"
"95","1985","7","Maharashtra","Bombay","-1.0","-1.0","-1.0","-1.0","-1.0","-1.0","-1.0","-1.0","-1.0","-1.0","-1.0","-1.0"
"95","1990","7","Maharashtra","Bombay","-1.0","-1.0","-1.0","-1.0","-1.0","-1.0","-1.0","-1.0","-1.0","-1.0","-1.0","-1.0"
"95","1995","7","Maharashtra","Bombay","-1.0","-1.0","-1.0","-1.0","-1.0","-1.0","-1.0","-1.0","-1.0","-1.0","-1.0","-1.0"
"95","2000","7","Maharashtra","Bombay","-1.0","-1.0","-1.0","-1.0","-1.0","-1.0","-1.0","-1.0","-1.0","-1.0","-1.0","-1.0"
"95","2010","7","Maharashtra","Bombay","-1.0","-1.0","-1.0","-1.0","-1.0","-1.0","-1.0","-1.0","-1.0","-1.0","-1.0","-1.0"
"96","1970","7","Maharashtra","Thane","65.14","26.71","25.8","37.02","23.64","66.79","20.35","126.18","8.17","146.91","143.11","403.61"
"96","1976","7","Maharashtra","Thane","74.39","31.16","32.3","46.48","25.84","73.04","21.3","129.91","7.4","133.55","161.23","414.13"
"96","1980","7","Maharashtra","Thane","85.37","67.85","37.74","56.77","30.56","86.92","12.12","72.64","6.37","107.09","172.17","391.27"
"96","1985","7","Maharashtra","Thane","106.98","43.77","42.14","58.66","31.61","87.23","23.01","141.18","5.49","94.61","209.23","425.45"
"96","1990","7","Maharashtra","Thane","127.02","51.53","51.45","74.48","34.08","94.89","21.14","126.89","4.72","79.12","238.42","426.9"
"96","1995","7","Maharashtra","Thane","145.75","57.77","54.91","76.76","34.51","95.44","19.4","115.73","4.4","75.34","258.97","421.05"
"96","2000","7","Maharashtra","Thane","164.1","66.6","56.8","80.5","36.3","99.7","18.9","110.8","3.5","59.9","279.6","417.5"
"96","2010","7","Maharashtra","Thane","171.0","62.0","54.0","77.0","33.0","92.0","18.0","107.0","3.0","52.0","280.0","390.0"
"97","1970","7","Maharashtra","Raigarh","93.09","40.93","37.02","52.77","27.65","77.36","17.25","103.62","5.09","103.29","180.11","377.96"
"97","1976","7","Maharashtra","Raigarh","105.63","45.54","40.21","56.73","28.43","79.04","16.44","99.38","4.54","89.11","195.25","369.79"
"97","1980","7","Maharashtra","Raigarh","121.9","54.46","44.17","63.48","30.69","84.17","9.03","54.14","3.82","67.93","209.6","324.17"
"97","1985","7","Maharashtra","Raigarh","119.45","50.7","40.8","58.34","27.63","77.16","17.25","102.63","3.63","65.19","208.76","354.01"
"97","1990","7","Maharashtra","Raigarh","164.04","66.25","47.49","67.31","28.18","77.86","14.6","86.89","2.91","49.82","257.23","348.15"
"97","1995","7","Maharashtra","Raigarh","191.46","74.38","47.4","66.81","27.64","76.25","13.51","79.88","2.42","40.3","282.43","337.62"
"97","2000","7","Maharashtra","Raigarh","205.9","79.2","48.2","66.0","26.3","71.4","12.1","70.7","2.2","37.4","294.7","324.7"
"97","2010","7","Maharashtra","Raigarh","222.0","81.0","49.0","68.0","26.0","72.0","12.0","72.0","3.0","44.0","312.0","338.0"
"98","1970","7","Maharashtra","Ratnagiri","187.54","63.64","61.02","88.4","61.74","176.6","56.74","350.82","20.51","382.05","387.55","1061.49"
"98","1976","7","Maharashtra","Ratnagiri","192.89","65.66","64.65","93.68","64.91","186.02","56.76","346.81","19.47","365.15","398.66","1057.31"
"98","1980","7","Maharashtra","Ratnagiri","223.61","82.92","74.48","111.36","77.74","222.83","34.29","207.41","19.19","354.18","429.3","978.7"
"98","1985","7","Maharashtra","Ratnagiri","248.14","84.08","92.58","132.73","292.36","212.25","60.86","371.76","17.86","326.41","711.8","1127.23"
"98","1990","7","Maharashtra","Ratnagiri","290.01","96.49","88.39","127.98","82.5","234.99","63.28","384.02","16.91","294.81","541.08","1138.27"
"98","1995","7","Maharashtra","Ratnagiri","359.07","112.96","92.77","135.22","79.71","225.93","57.23","346.71","14.18","285.06","602.96","1105.87"
"98","2000","7","Maharashtra","Ratnagiri","347.3","123.9","102.9","140.9","83.5","234.1","56.5","332.7","12.6","196.3","602.8","1027.9"
"98","2010","7","Maharashtra","Ratnagiri","523.0","157.0","98.0","138.0","66.0","184.0","37.0","219.0","8.0","143.0","733.0","841.0"
"99","1970","7","Maharashtra","Nashik","39.71","19.65","36.58","54.17","54.32","157.98","67.16","422.97","24.54","384.62","222.31","1039.38"
"99","1976","7","Maharashtra","Nashik","50.28","24.15","45.49","66.83","64.3","187.26","70.8","441.45","20.68","316.31","251.55","1036.0"
"99","1980","7","Maharashtra","Nashik","61.82","31.11","56.14","87.12","79.92","233.61","41.25","248.69","16.56","239.07","255.68","839.6"
"99","1985","7","Maharashtra","Nashik","85.21","43.58","85.38","125.85","95.69","268.26","70.12","423.15","13.16","194.83","349.55","1055.66"
"99","1990","7","Maharashtra","Nashik","116.64","61.58","117.68","173.51","101.58","282.68","58.29","345.74","9.63","153.74","403.82","1017.24"
"99","1995","7","Maharashtra","Nashik","168.01","87.59","152.24","218.42","108.22","295.43","46.54","268.69","6.09","102.64","481.1","972.77"
"99","2000","7","Maharashtra","Nashik","246.6","130.2","187.6","270.7","114.2","305.5","39.3","221.4","4.0","59.5","591.7","987.3"
"99","2010","7","Maharashtra","Nashik","288.0","148.0","204.0","289.0","111.0","297.0","36.0","202.0","3.0","46.0","643.0","983.0"
"100","1970","7","Maharashtra","Dhule","18.36","10.37","24.01","35.35","37.86","111.02","53.25","335.31","15.59","230.69","149.07","722.74"
"100","1976","7","Maharashtra","Dhule","20.63","11.66","28.68","42.01","44.42","127.9","57.35","354.81","13.29","192.93","164.37","729.31"
"100","1980","7","Maharashtra","Dhule","31.51","20.09","49.82","75.04","56.65","161.46","29.68","188.27","7.93","122.26","175.6","567.12"
"100","1985","7","Maharashtra","Dhule","60.39","34.45","101.74","145.75","80.92","221.15","47.22","275.84","7.08","72.49","297.34","749.68"
"100","1990","7","Maharashtra","Dhule","63.4","40.17","103.2","152.64","79.7","220.09","44.66","260.27","4.28","60.64","295.24","733.79"
"100","1995","7","Maharashtra","Dhule","83.76","52.35","121.22","175.87","84.34","228.71","35.2","200.83","3.16","88.88","327.67","746.64"
"100","2000","7","Maharashtra","Dhule","112.6","70.7","137.4","191.1","86.4","228.4","31.4","175.5","2.1","31.9","369.9","697.6"
"100","2010","7","Maharashtra","Dhule","115.0","74.0","149.0","212.0","86.0","230.0","31.0","172.0","2.0","29.0","383.0","717.0"
"101","1970","7","Maharashtra","Jalgaon","41.94","23.61","54.45","79.97","60.8","174.14","54.72","334.48","15.47","237.73","227.37","849.93"
"101","1976","7","Maharashtra","Jalgaon","46.14","25.56","60.32","89.92","69.38","197.07","59.77","358.73","12.59","176.28","248.2","847.55"
"101","1980","7","Maharashtra","Jalgaon","55.69","33.0","72.6","110.56","74.67","216.71","32.86","192.47","9.68","136.46","245.5","689.2"
"101","1985","7","Maharashtra","Jalgaon","77.61","45.17","108.83","165.67","89.68","256.74","52.05","303.25","5.81","78.82","333.98","849.65"
"101","1990","7","Maharashtra","Jalgaon","98.56","58.5","131.09","189.44","93.3","257.87","48.14","277.86","4.68","71.49","375.76","855.16"
"101","1995","7","Maharashtra","Jalgaon","104.75","63.19","141.7","204.85","48.59","241.99","37.92","215.69","3.0","41.37","335.97","767.08"
"101","2000","7","Maharashtra","Jalgaon","127.0","78.4","160.0","232.4","91.9","247.6","34.6","191.6","2.4","31.9","415.9","781.9"
"101","2010","7","Maharashtra","Jalgaon","149.0","91.0","166.0","236.0","89.0","240.0","33.0","184.0","2.0","26.0","439.0","777.0"
"102","1970","7","Maharashtra","Ahmednagar","44.0","23.16","42.16","61.96","60.84","176.34","77.13","486.06","35.33","590.01","259.46","1337.53"
"102","1976","7","Maharashtra","Ahmednagar","67.87","34.28","61.52","90.57","82.6","238.36","82.59","504.11","27.57","440.34","322.15","1307.65"
"102","1980","7","Maharashtra","Ahmednagar","93.9","51.42","83.07","133.47","108.57","313.36","42.63","256.38","18.78","297.26","346.94","1051.9"
"102","1985","7","Maharashtra","Ahmednagar","133.51","85.0","127.18","226.53","128.58","390.02","68.83","403.32","11.56","196.46","469.64","1301.33"
"102","1990","7","Maharashtra","Ahmednagar","239.15","127.9","213.9","312.45","157.91","432.55","61.52","352.17","8.14","131.26","680.61","1356.32"
"102","1995","7","Maharashtra","Ahmednagar","333.86","175.61","249.15","364.23","152.33","415.07","47.79","270.77","4.73","84.19","787.86","1309.86"
"102","2000","7","Maharashtra","Ahmednagar","433.6","230.1","283.4","403.2","155.0","414.6","41.2","225.9","3.5","63.4","916.7","1337.2"
"102","2010","7","Maharashtra","Ahmednagar","498.0","250.0","283.0","400.0","137.0","365.0","35.0","196.0","3.0","47.0","956.0","1258.0"
"103","1970","7","Maharashtra","Pune","79.6","36.83","50.91","74.29","62.01","178.74","66.76","418.13","27.08","449.14","286.35","1157.14"
"103","1976","7","Maharashtra","Pune","98.34","44.39","61.59","89.2","70.59","202.75","69.06","425.69","23.85","388.06","323.44","1150.09"
"103","1980","7","Maharashtra","Pune","112.84","55.44","77.75","111.79","85.91","244.49","38.83","235.89","19.78","312.82","335.1","960.43"
"103","1985","7","Maharashtra","Pune","147.81","69.13","97.73","143.04","97.73","276.68","67.89","406.82","15.67","255.37","426.83","1151.03"
"103","1990","7","Maharashtra","Pune","193.97","91.46","124.32","181.01","107.61","300.15","61.08","361.79","11.85","193.37","498.82","1127.78"
"103","1995","7","Maharashtra","Pune","256.66","121.79","141.86","211.79","106.83","298.93","49.36","293.94","8.18","141.25","562.89","1067.7"
"103","2000","7","Maharashtra","Pune","346.6","170.8","160.4","236.0","112.5","304.1","42.3","239.6","5.6","90.9","667.4","1041.4"
"103","2010","7","Maharashtra","Pune","420.0","186.0","179.0","254.0","103.0","278.0","36.0","207.0","5.0","85.0","743.0","1011.0"
"104","1970","7","Maharashtra","Satara","109.56","47.18","55.04","79.82","54.81","156.02","43.36","263.66","11.89","193.43","274.66","740.11"
"104","1976","7","Maharashtra","Satara","134.29","55.87","68.22","98.8","63.74","181.67","44.1","261.91","10.06","166.49","320.4","764.73"
"104","1980","7","Maharashtra","Satara","183.07","79.87","86.64","131.26","71.71","203.19","22.2","129.65","6.98","121.12","370.6","665.1"
"104","1985","7","Maharashtra","Satara","266.11","115.84","118.27","174.54","80.89","227.63","34.75","202.23","4.58","90.84","504.6","811.07"
"104","1990","7","Maharashtra","Satara","339.18","140.26","137.93","198.47","78.17","215.27","30.7","176.67","4.03","83.02","590.01","813.68"
"104","1995","7","Maharashtra","Satara","451.2","189.6","148.51","218.38","71.91","197.53","22.44","127.43","2.37","50.12","696.42","783.06"
"104","2000","7","Maharashtra","Satara","529.2","224.7","153.3","205.5","75.5","201.0","19.9","106.0","1.6","37.4","779.5","774.6"
"104","2010","7","Maharashtra","Satara","674.0","242.0","128.0","176.0","46.0","122.0","13.0","73.0","2.0","34.0","862.0","646.0"
"105","1970","7","Maharashtra","Sangli","72.69","33.33","42.21","61.6","43.81","125.51","39.25","242.24","14.74","249.74","212.69","712.42"
"105","1976","7","Maharashtra","Sangli","87.73","40.28","50.54","74.27","50.49","143.29","40.59","249.44","13.52","217.87","242.88","725.14"
"105","1980","7","Maharashtra","Sangli","111.6","51.6","62.42","91.31","58.43","165.69","22.02","130.55","10.52","165.31","264.98","604.46"
"105","1985","7","Maharashtra","Sangli","159.89","71.64","79.23","114.16","65.09","181.34","37.29","222.03","8.09","123.06","349.59","712.23"
"105","1990","7","Maharashtra","Sangli","196.85","87.54","95.16","136.77","71.32","197.68","35.25","207.4","6.15","91.18","404.73","720.56"
"105","1995","7","Maharashtra","Sangli","264.11","110.58","104.95","148.18","67.82","185.69","27.91","161.34","4.11","64.36","468.9","670.14"
"105","2000","7","Maharashtra","Sangli","325.7","140.6","125.9","172.7","76.3","204.5","25.5","146.0","2.9","42.6","556.3","706.4"
"105","2010","7","Maharashtra","Sangli","330.0","139.0","116.0","164.0","66.0","179.0","23.0","133.0","3.0","59.0","539.0","676.0"
"106","1970","7","Maharashtra","Solapur","29.34","14.4","30.55","45.16","49.48","143.72","70.31","449.2","38.63","644.5","218.3","1296.99"
"106","1976","7","Maharashtra","Solapur","35.71","17.28","38.15","56.49","57.59","166.46","76.61","482.96","35.89","581.84","243.95","1305.04"
"106","1980","7","Maharashtra","Solapur","42.04","22.46","47.57","72.97","70.11","203.3","44.05","282.5","27.95","438.52","231.71","1019.76"
"106","1985","7","Maharashtra","Solapur","56.95","31.56","78.04","115.88","98.56","276.6","83.44","512.64","23.08","352.05","340.06","1288.72"
"106","1990","7","Maharashtra","Solapur","82.75","46.82","105.98","156.26","110.94","309.6","75.59","454.15","16.44","247.71","391.7","1214.54"
"106","1995","7","Maharashtra","Solapur","114.92","65.76","137.6","204.6","130.94","360.24","64.32","676.37","10.42","163.8","458.19","1470.76"
"106","2000","7","Maharashtra","Solapur","181.7","104.2","175.7","261.9","145.5","397.2","56.2","323.9","6.3","104.0","565.4","1191.2"
"106","2010","7","Maharashtra","Solapur","237.0","130.0","213.0","305.0","157.0","423.0","55.0","313.0","6.0","90.0","668.0","1260.0"
"107","1970","7","Maharashtra","Kolhapur","134.79","54.86","52.67","75.86","44.63","125.83","29.95","178.42","6.26","103.72","268.3","538.68"
"107","1976","7","Maharashtra","Kolhapur","159.05","65.04","62.47","90.57","48.65","134.65","27.2","158.51","5.01","87.46","302.38","536.25"
"107","1980","7","Maharashtra","Kolhapur","192.37","83.25","68.44","99.53","50.2","139.24","12.68","70.43","3.67","65.05","327.37","457.5"
"107","1985","7","Maharashtra","Kolhapur","238.46","95.84","74.75","107.2","47.6","131.39","20.33","117.91","2.7","57.02","383.83","509.37"
"107","1990","7","Maharashtra","Kolhapur","296.56","113.51","84.67","119.68","46.99","127.99","16.9","95.68","2.0","37.58","447.12","494.44"
"107","1995","7","Maharashtra","Kolhapur","389.2","18.53","93.32","132.36","40.76","110.54","11.93","66.59","2.33","28.58","537.54","356.6"
"107","2000","7","Maharashtra","Kolhapur","464.3","167.0","99.9","139.1","38.9","101.9","9.4","51.3","1.0","23.6","613.5","482.9"
"107","2010","7","Maharashtra","Kolhapur","503.0","166.0","90.0","125.0","34.0","90.0","10.0","54.0","1.0","24.0","638.0","458.0"
"108","1970","7","Maharashtra","Aurangabad","19.78","11.32","29.43","43.77","53.52","156.94","80.24","515.33","39.57","611.98","222.53","1339.34"
"108","1976","7","Maharashtra","Aurangabad","32.26","18.34","47.98","72.09","76.9","221.76","92.46","573.98","28.87","407.91","278.46","1294.08"
"108","1980","7","Maharashtra","Aurangabad","52.73","33.71","78.95","129.34","111.09","323.57","56.45","348.04","24.29","326.0","323.5","1160.65"
"108","1985","7","Maharashtra","Aurangabad","96.85","57.26","146.53","217.12","155.16","434.77","97.68","578.64","13.27","188.74","509.48","1476.53"
"108","1990","7","Maharashtra","Aurangabad","150.04","89.24","216.11","316.93","163.11","445.65","79.03","454.78","7.45","103.17","615.72","1409.77"
"108","1995","7","Maharashtra","Aurangabad","216.59","123.08","257.28","369.59","165.46","442.98","61.92","348.89","4.83","74.53","706.08","1359.07"
"108","2000","7","Maharashtra","Aurangabad","299.1","169.4","280.2","401.9","170.0","446.5","54.0","294.8","3.0","43.8","806.3","1356.4"
"108","2010","7","Maharashtra","Aurangabad","441.0","241.0","320.0","451.0","143.0","375.0","34.0","184.0","2.0","34.0","940.0","1285.0"
"109","1970","7","Maharashtra","Parbhani","12.71","7.25","20.14","30.08","38.39","113.31","61.04","395.07","32.62","504.42","164.91","1050.14"
"109","1976","7","Maharashtra","Parbhani","24.67","14.27","39.03","57.67","59.84","173.52","75.65","471.49","23.23","332.51","222.41","1049.46"
"109","1980","7","Maharashtra","Parbhani","30.83","20.35","53.17","82.68","74.51","213.12","38.06","225.52","11.77","168.32","208.35","710.0"
"109","1985","7","Maharashtra","Parbhani","51.58","30.88","85.13","125.0","93.4","264.83","67.5","398.24","7.32","99.49","304.93","918.44"
"109","1990","7","Maharashtra","Parbhani","89.99","54.18","126.38","185.69","109.3","306.92","60.87","346.88","4.31","60.84","390.85","954.51"
"109","1995","7","Maharashtra","Parbhani","124.88","73.09","160.63","230.65","115.44","314.13","436.83","240.4","2.25","30.87","840.03","889.15"
"109","2000","7","Maharashtra","Parbhani","166.2","99.5","170.4","245.5","115.9","313.9","37.5","205.2","1.7","23.5","491.7","887.6"
"109","2010","7","Maharashtra","Parbhani","208.0","120.0","203.0","287.0","114.0","305.0","34.0","186.0","2.0","29.0","561.0","927.0"
"110","1970","7","Maharashtra","Beed","16.48","9.19","21.71","32.35","36.51","107.05","52.55","337.84","28.4","462.68","155.65","949.1"
"110","1976","7","Maharashtra","Beed","32.55","17.63","39.46","57.84","53.27","154.3","62.03","385.71","23.41","342.9","210.73","958.38"
"110","1980","7","Maharashtra","Beed","46.02","26.29","57.0","84.96","75.81","216.84","36.0","213.15","15.2","213.38","230.03","754.61"
"110","1985","7","Maharashtra","Beed","78.35","43.33","84.35","125.67","85.46","241.89","62.03","371.59","10.0","150.78","320.18","933.25"
"110","1990","7","Maharashtra","Beed","123.49","69.91","128.67","188.79","98.18","271.98","49.83","287.0","5.37","76.2","405.54","893.87"
"110","1995","7","Maharashtra","Beed","167.94","90.35","152.86","221.29","99.22","270.98","38.76","219.34","3.15","47.11","461.93","849.07"
"110","2000","7","Maharashtra","Beed","234.8","120.6","170.8","232.7","106.4","283.2","35.3","194.0","2.5","38.9","549.8","869.4"
"110","2010","7","Maharashtra","Beed","335.0","171.0","196.0","278.0","94.0","251.0","25.0","138.0","2.0","27.0","652.0","866.0"
"111","1970","7","Maharashtra","Nanded","19.72","11.17","24.91","37.0","41.81","121.98","57.92","367.63","18.23","263.97","162.59","801.74"
"111","1976","7","Maharashtra","Nanded","31.34","18.2","39.79","57.3","54.86","157.36","60.71","378.34","13.61","186.5","200.32","797.7"
"111","1980","7","Maharashtra","Nanded","41.92","25.97","54.37","81.78","69.4","197.41","32.28","193.89","8.6","124.93","206.57","623.98"
"111","1985","7","Maharashtra","Nanded","66.23","39.91","91.95","133.37","93.43","256.28","55.25","322.03","5.47","72.66","312.32","824.26"
"111","1990","7","Maharashtra","Nanded","100.49","61.28","132.99","195.19","101.32","276.23","42.1","236.64","2.62","34.28","379.51","803.61"
"111","1995","7","Maharashtra","Nanded","131.61","77.24","149.61","213.38","99.57","264.72","30.91","169.3","1.45","20.64","413.15","745.27"
"111","2000","7","Maharashtra","Nanded","194.7","114.3","176.5","247.4","102.7","268.3","25.3","135.2","1.1","14.6","500.3","779.8"
"111","2010","7","Maharashtra","Nanded","249.0","143.0","211.0","298.0","100.0","258.0","21.0","111.0","1.0","17.0","582.0","827.0"
"112","1970","7","Maharashtra","Osmanabad","13.39","7.91","22.85","34.05","43.6","127.96","71.8","464.97","40.29","654.37","191.93","1289.25"
"112","1976","7","Maharashtra","Osmanabad","20.95","12.76","38.62","57.52","60.72","176.33","82.76","524.28","33.9","510.92","236.95","1281.8"
"112","1980","7","Maharashtra","Osmanabad","32.09","20.25","58.62","91.45","79.15","233.3","50.1","316.94","28.17","401.72","248.12","1063.66"
"112","1985","7","Maharashtra","Osmanabad","50.05","31.18","88.6","137.96","110.15","319.28","98.32","597.84","19.95","281.48","367.07","1367.74"
"112","1990","7","Maharashtra","Osmanabad","78.33","50.28","140.76","205.69","130.06","362.04","87.37","516.42","12.08","167.98","448.58","1302.42"
"112","1995","7","Maharashtra","Osmanabad","109.76","67.57","178.42","258.16","140.17","383.83","75.46","435.49","8.0","111.26","511.81","1256.29"
"112","2000","7","Maharashtra","Osmanabad","157.8","93.8","211.3","290.5","151.8","403.4","70.3","396.5","6.0","94.4","597.2","1278.6"
"112","2010","7","Maharashtra","Osmanabad","258.0","156.0","272.0","388.0","154.0","413.0","56.0","318.0","4.0","59.0","746.0","1335.0"
"113","1970","7","Maharashtra","Buldhana","23.89","15.0","33.48","48.63","37.59","106.73","39.02","244.47","19.77","341.95","153.74","756.77"
"113","1976","7","Maharashtra","Buldhana","27.73","16.93","41.9","61.77","47.23","133.35","46.71","288.18","16.26","251.01","179.84","751.24"
"113","1980","7","Maharashtra","Buldhana","48.91","33.4","63.25","94.91","65.67","183.86","27.06","161.56","10.97","158.82","215.86","632.54"
"113","1985","7","Maharashtra","Buldhana","46.26","28.77","70.4","101.83","63.91","177.24","47.03","283.22","8.75","122.53","236.34","713.59"
"113","1990","7","Maharashtra","Buldhana","64.01","40.91","95.31","138.57","72.64","199.86","43.52","256.64","6.11","84.71","281.59","720.69"
"113","1995","7","Maharashtra","Buldhana","82.41","52.19","111.17","160.65","73.54","199.62","34.91","202.57","4.11","59.88","306.14","674.91"
"113","2000","7","Maharashtra","Buldhana","112.9","69.6","134.9","194.3","84.8","226.5","33.1","186.6","2.5","35.3","368.2","712.3"
"113","2010","7","Maharashtra","Buldhana","161.0","97.0","160.0","226.0","84.0","223.0","23.0","129.0","1.0","23.0","430.0","697.0"
"114","1970","7","Maharashtra","Akola","24.94","16.21","34.88","51.15","40.51","115.7","44.27","279.83","22.46","381.72","167.06","844.61"
"114","1976","7","Maharashtra","Akola","30.6","20.25","47.08","71.25","52.57","149.79","52.83","332.18","18.61","275.37","201.7","848.83"
"114","1980","7","Maharashtra","Akola","39.34","26.74","69.98","110.82","71.96","201.86","27.41","172.14","13.74","195.65","222.43","707.21"
"114","1985","7","Maharashtra","Akola","46.08","31.87","75.91","110.94","69.32","194.1","53.12","322.25","11.5","163.76","255.93","822.92"
"114","1990","7","Maharashtra","Akola","55.98","38.94","97.62","142.93","76.78","212.49","50.8","304.35","8.99","123.71","290.17","822.42"
"114","1995","7","Maharashtra","Akola","71.44","49.31","113.65","165.28","77.58","211.84","40.69","239.76","6.07","87.69","309.42","753.89"
"114","2000","7","Maharashtra","Akola","92.2","64.6","133.1","191.1","85.1","231.1","42.4","245.6","4.9","66.2","357.7","798.6"
"114","2010","7","Maharashtra","Akola","143.0","95.0","174.0","248.0","89.0","235.0","31.0","176.0","2.0","40.0","438.0","794.0"
"115","1970","7","Maharashtra","Amarawati","33.79","22.35","41.86","61.32","41.78","118.65","39.08","242.47","16.88","287.32","173.39","732.1"
"115","1976","7","Maharashtra","Amarawati","38.39","26.05","55.06","82.37","51.86","147.08","44.78","274.24","13.5","195.6","203.58","725.33"
"115","1980","7","Maharashtra","Amarawati","56.0","38.74","78.39","119.89","69.38","199.98","25.43","152.97","9.91","141.72","239.1","653.31"
"115","1985","7","Maharashtra","Amarawati","58.66","39.86","102.33","148.42","66.81","186.28","44.95","269.63","8.51","121.0","281.25","765.19"
"115","1990","7","Maharashtra","Amarawati","66.61","47.31","106.9","155.43","70.28","194.42","42.43","251.3","6.57","89.86","292.79","738.31"
"115","1995","7","Maharashtra","Amarawati","84.92","59.86","124.3","179.43","71.13","194.11","34.28","199.8","4.48","64.46","319.11","697.67"
"115","2000","7","Maharashtra","Amarawati","95.5","68.9","133.7","199.4","73.3","201.7","33.2","196.3","3.4","49.4","339.1","715.7"
"115","2010","7","Maharashtra","Amarawati","140.0","96.0","172.0","243.0","75.0","200.0","26.0","146.0","2.0","32.0","416.0","718.0"
"116","1970","7","Maharashtra","Yavatmal","4.59","3.07","15.48","23.29","31.51","91.65","51.36","323.44","26.91","482.15","129.85","923.6"
"116","1976","7","Maharashtra","Yavatmal","5.63","3.85","29.67","44.14","45.79","133.8","62.17","389.88","23.51","350.29","166.76","921.96"
"116","1980","7","Maharashtra","Yavatmal","15.54","12.17","56.35","87.01","76.98","221.34","35.87","219.19","16.72","235.73","201.45","775.45"
"116","1985","7","Maharashtra","Yavatmal","19.59","12.93","74.75","117.89","87.75","245.61","64.76","387.23","13.0","184.1","259.85","947.76"
"116","1990","7","Maharashtra","Yavatmal","11.19","7.77","95.85","141.33","92.48","252.88","60.19","353.0","9.73","132.74","269.44","887.71"
"116","1995","7","Maharashtra","Yavatmal","14.23","9.8","111.0","162.28","93.78","252.83","48.71","281.13","6.67","96.0","274.39","802.04"
"116","2000","7","Maharashtra","Yavatmal","21.9","15.2","134.5","198.0","105.1","284.4","49.2","279.4","5.8","76.4","316.5","853.4"
"116","2010","7","Maharashtra","Yavatmal","40.0","26.0","189.0","273.0","110.0","286.0","36.0","202.0","4.0","51.0","379.0","838.0"
"117","1970","7","Maharashtra","Wardha","6.7","4.36","13.96","20.59","21.42","61.5","26.63","168.02","12.12","208.26","80.83","462.73"
"117","1976","7","Maharashtra","Wardha","9.78","6.86","19.76","30.02","28.7","82.05","32.48","202.02","9.3","138.1","100.02","459.05"
"117","1980","7","Maharashtra","Wardha","11.97","8.67","34.38","48.56","36.32","101.63","17.6","106.66","6.85","96.74","107.13","362.27"
"117","1985","7","Maharashtra","Wardha","15.66","11.51","37.28","54.59","41.17","115.73","31.75","190.52","5.27","77.7","131.14","450.04"
"117","1990","7","Maharashtra","Wardha","18.47","13.69","45.19","65.95","41.89","117.02","28.05","165.5","3.91","54.5","137.51","416.67"
"117","1995","7","Maharashtra","Wardha","23.38","17.19","52.51","76.08","42.27","116.48","22.58","131.12","2.65","38.88","143.39","379.76"
"117","2000","7","Maharashtra","Wardha","28.9","21.4","70.5","101.2","50.6","137.6","24.3","137.9","2.2","30.5","176.5","428.6"
"117","2010","7","Maharashtra","Wardha","35.0","26.0","84.0","120.0","54.0","146.0","22.0","123.0","2.0","25.0","196.0","439.0"
"118","1970","7","Maharashtra","Nagpur","15.19","9.07","21.78","32.22","32.87","95.33","39.61","247.45","14.8","250.36","124.25","634.43"
"118","1976","7","Maharashtra","Nagpur","19.94","12.51","31.87","47.03","43.64","124.84","44.72","272.82","11.08","165.44","151.25","622.63"
"118","1980","7","Maharashtra","Nagpur","27.97","17.46","47.36","70.97","52.5","151.18","24.25","145.06","9.01","130.23","161.1","514.9"
"118","1985","7","Maharashtra","Nagpur","32.46","20.77","57.09","88.36","55.5","156.72","42.86","255.89","6.65","96.21","194.56","617.95"
"118","1990","7","Maharashtra","Nagpur","41.9","27.29","72.11","105.77","59.98","167.45","37.0","215.19","4.47","62.81","215.45","578.51"
"118","1995","7","Maharashtra","Nagpur","53.57","34.62","83.75","121.92","60.56","166.76","29.98","171.72","3.06","45.53","230.92","540.56"
"118","2000","7","Maharashtra","Nagpur","63.7","41.9","96.7","140.2","64.4","176.0","28.1","156.8","2.2","29.5","255.1","544.4"
"118","2010","7","Maharashtra","Nagpur","79.0","50.0","105.0","149.0","61.0","165.0","22.0","122.0","2.0","23.0","269.0","509.0"
"119","1970","7","Maharashtra","Bhandara","84.54","40.39","45.28","64.86","37.1","103.38","22.31","132.13","4.97","79.55","194.2","420.31"
"119","1976","7","Maharashtra","Bhandara","101.0","47.83","51.79","73.62","39.66","110.73","22.42","131.93","4.07","59.95","218.94","424.06"
"119","1980","7","Maharashtra","Bhandara","128.98","61.77","65.12","94.78","41.85","115.19","10.88","61.98","2.85","40.72","249.67","374.43"
"119","1985","7","Maharashtra","Bhandara","147.15","69.57","71.35","100.37","41.99","115.75","18.43","105.41","2.09","29.83","281.01","420.92"
"119","1990","7","Maharashtra","Bhandara","170.7","82.21","80.9","114.18","39.56","107.86","14.16","79.48","1.23","17.47","306.55","401.19"
"119","1995","7","Maharashtra","Bhandara","221.79","106.15","93.83","131.38","40.26","108.3","11.56","63.91","0.85","12.82","368.29","422.55"
"119","2000","7","Maharashtra","Bhandara","235.4","116.2","94.5","131.1","36.8","98.6","9.8","53.6","0.6","8.2","377.1","407.7"
"119","2010","7","Maharashtra","Bhandara","317.0","147.0","99.0","136.0","33.0","85.0","7.0","38.0","0.0","8.0","457.0","415.0"
"120","1970","7","Maharashtra","Chandrapur","47.93","24.79","39.62","57.85","48.79","139.94","47.0","287.01","14.03","223.13","197.36","732.73"
"120","1976","7","Maharashtra","Chandrapur","55.74","29.18","45.63","67.04","53.4","151.05","49.42","298.83","12.22","179.2","216.4","725.31"
"120","1980","7","Maharashtra","Chandrapur","77.02","44.06","62.91","91.69","65.98","183.0","26.78","157.51","8.85","126.49","241.55","602.76"
"120","1985","7","Maharashtra","Chandrapur","78.62","43.01","72.29","104.76","74.6","205.43","50.1","296.92","7.44","107.85","283.05","757.96"
"120","1990","7","Maharashtra","Chandrapur","94.36","52.07","87.47","136.74","78.01","213.33","44.47","259.69","6.06","85.73","310.38","747.53"
"120","1995","7","Maharashtra","Chandrapur","120.83","66.09","100.88","156.36","79.29","213.72","36.29","208.64","4.21","63.26","341.5","708.07"
"120","2000","7","Maharashtra","Chandrapur","118.0","66.8","107.0","153.8","84.8","227.8","35.5","202.9","3.4","48.4","348.7","699.7"
"120","2010","7","Maharashtra","Chandrapur","170.0","94.0","139.0","198.0","93.0","250.0","34.0","187.0","2.0","35.0","439.0","764.0"
"121","1970","3","Gujarat","Ahmedabad","29.0","15.8","25.93","37.93","30.21","87.16","35.31","225.33","18.03","293.29","138.48","659.51"
"121","1976","3","Gujarat","Ahmedabad","32.75","16.7","27.84","40.62","33.53","96.66","39.09","247.27","16.61","254.08","149.83","655.31"
"121","1980","3","Gujarat","Ahmedabad","33.43","18.26","32.39","47.36","37.92","108.81","40.63","254.82","15.63","234.95","160.01","664.2"
"121","1985","3","Gujarat","Ahmedabad","37.43","19.67","35.17","51.34","40.27","115.39","41.57","260.56","14.69","217.87","169.13","664.82"
"121","1990","3","Gujarat","Ahmedabad","41.94","22.3","41.51","60.76","44.81","127.85","42.11","260.86","12.12","192.01","182.49","663.79"
"121","1995","3","Gujarat","Ahmedabad","44.93","24.19","43.82","64.54","48.4","137.24","41.67","256.53","9.98","148.6","188.8","631.09"
"121","2000","3","Gujarat","Ahmedabad","67.26","35.23","58.03","84.71","56.89","160.37","42.16","253.98","7.3","111.52","231.63","645.82"
"121","2005","3","Gujarat","Ahmedabad","90.13","41.78","64.99","93.28","59.61","166.68","44.12","268.95","7.68","122.34","266.52","693.02"
"121","2010","3","Gujarat","Ahmedabad","109.12","48.88","70.11","101.78","62.44","176.37","39.95","232.34","6.0","115.03","287.62","673.81"
"122","1970","3","Gujarat","Amreli","4.9","2.95","9.0","13.65","17.42","51.33","31.3","205.82","15.26","225.97","77.88","499.72"
"122","1976","3","Gujarat","Amreli","8.83","5.33","15.51","23.14","25.74","74.78","37.48","239.11","11.17","164.77","98.73","507.13"
"122","1980","3","Gujarat","Amreli","10.35","6.93","20.02","29.8","30.31","87.57","38.33","241.36","9.65","134.96","108.67","500.61"
"122","1985","3","Gujarat","Amreli","15.6","10.03","30.04","44.68","37.63","106.61","36.88","228.5","7.76","105.07","127.91","494.89"
"122","1990","3","Gujarat","Amreli","21.13","14.0","43.15","64.11","48.08","134.09","35.08","212.05","5.69","84.43","153.12","508.67"
"122","1995","3","Gujarat","Amreli","26.1","17.89","54.0","80.23","55.34","152.68","32.02","188.92","4.13","58.34","171.59","498.06"
"122","2000","3","Gujarat","Amreli","35.11","23.99","74.18","110.93","67.82","185.7","30.45","174.97","2.89","45.48","210.46","541.08"
"122","2005","3","Gujarat","Amreli","40.39","26.24","76.88","113.64","69.67","191.26","31.18","178.66","3.16","50.56","221.28","560.36"
"122","2010","3","Gujarat","Amreli","50.0","31.0","86.0","126.0","71.0","193.0","27.0","153.0","2.0","55.0","236.0","559.0"
"123","1970","3","Gujarat","Banaskantha","16.2","9.27","19.47","29.02","29.7","86.75","44.47","287.93","27.36","445.2","137.2","858.17"
"123","1976","3","Gujarat","Banaskantha","18.96","9.97","22.8","33.82","35.37","102.3","51.34","329.53","25.27","393.11","153.74","868.72"
"123","1980","3","Gujarat","Banaskantha","19.04","10.73","25.75","38.33","39.38","114.56","54.74","349.67","23.51","352.4","162.42","865.68"
"123","1985","3","Gujarat","Banaskantha","23.13","12.87","35.32","52.54","51.22","148.16","61.78","386.44","18.59","267.01","190.03","867.01"
"123","1990","3","Gujarat","Banaskantha","65.96","34.86","59.3","86.5","48.16","135.29","25.95","148.84","2.5","43.38","201.87","448.86"
"123","1995","3","Gujarat","Banaskantha","37.0","21.23","60.37","89.98","73.79","210.89","64.28","384.75","10.49","147.16","245.93","854.02"
"123","2000","3","Gujarat","Banaskantha","55.88","31.12","75.41","111.0","77.96","220.02","51.07","296.31","5.16","93.54","265.48","751.99"
"123","2005","3","Gujarat","Banaskantha","66.56","36.32","83.48","122.67","83.77","236.38","51.59","296.82","5.12","83.52","290.51","775.71"
"123","2010","3","Gujarat","Banaskantha","77.0","43.0","92.0","135.0","86.0","242.0","48.0","270.0","3.0","65.0","306.0","755.0"
"124","1970","3","Gujarat","Bharuch","27.06","15.0","26.93","39.45","29.65","75.88","28.54","177.55","8.8","129.52","120.98","437.4"
"124","1976","3","Gujarat","Bharuch","30.95","15.94","27.22","39.87","29.97","85.68","28.96","179.12","7.54","108.22","124.63","428.83"
"124","1980","3","Gujarat","Bharuch","35.39","18.8","32.04","46.87","33.63","95.96","29.56","181.32","6.74","95.56","137.35","438.5"
"124","1985","3","Gujarat","Bharuch","36.03","18.78","32.58","47.58","33.29","94.79","28.41","173.63","5.91","82.82","136.22","417.6"
"124","1990","3","Gujarat","Bharuch","39.95","20.91","36.35","53.11","35.51","100.67","28.48","172.16","5.62","102.82","145.91","449.68"
"124","1995","3","Gujarat","Bharuch","42.11","22.64","39.56","57.67","37.87","106.99","28.36","169.5","4.72","65.75","152.62","422.56"
"124","2000","3","Gujarat","Bharuch","52.13","27.62","47.02","68.01","41.96","117.67","26.81","158.24","3.66","53.15","171.58","424.68"
"124","2005","3","Gujarat","Bharuch","55.56","28.88","47.54","68.93","41.84","116.92","26.38","155.64","3.68","64.13","174.99","434.49"
"124","2010","3","Gujarat","Bharuch","64.0","33.0","52.0","75.0","42.0","117.0","22.0","130.0","2.0","55.0","183.0","410.0"
"125","1970","3","Gujarat","Vadodara / Baroda","50.49","27.13","39.14","57.2","43.38","124.12","38.33","231.87","6.84","101.57","178.19","541.89"
"125","1976","3","Gujarat","Vadodara / Baroda","58.36","30.56","45.37","65.91","48.28","137.91","38.63","231.05","5.24","73.68","195.88","539.12"
"125","1980","3","Gujarat","Vadodara / Baroda","61.57","33.38","50.46","73.23","50.46","143.82","38.02","224.66","4.52","64.06","205.03","539.15"
"125","1985","3","Gujarat","Vadodara / Baroda","63.98","34.4","52.91","76.7","50.33","143.42","36.64","216.42","3.96","57.33","207.82","528.26"
"125","1990","3","Gujarat","Vadodara / Baroda","72.72","39.44","60.9","87.93","52.18","147.32","33.31","193.43","3.16","55.39","222.26","523.5"
"125","1995","3","Gujarat","Vadodara / Baroda","81.7","45.13","67.94","98.25","55.27","154.23","30.9","177.94","2.56","39.53","238.37","515.07"
"125","2000","3","Gujarat","Vadodara / Baroda","94.96","51.21","73.72","106.02","55.33","152.06","25.65","144.86","2.02","37.85","251.69","491.99"
"125","2005","3","Gujarat","Vadodara / Baroda","101.43","55.29","76.89","110.36","57.26","156.21","25.39","142.98","1.92","30.96","262.9","495.81"
"125","2010","3","Gujarat","Vadodara / Baroda","117.0","63.0","81.0","116.0","56.0","153.0","22.0","120.0","1.0","25.0","277.0","476.0"
"126","1970","3","Gujarat","Bhavnagar","5.33","3.56","10.78","16.36","20.64","61.28","38.22","250.2","19.56","305.02","94.53","636.43"
"126","1976","3","Gujarat","Bhavnagar","9.36","6.16","17.26","25.85","29.71","87.0","45.84","292.01","15.07","227.44","117.24","638.45"
"126","1980","3","Gujarat","Bhavnagar","12.58","8.72","25.51","38.28","38.54","111.43","47.38","296.67","12.47","183.02","136.48","638.12"
"126","1985","3","Gujarat","Bhavnagar","19.55","13.77","40.21","60.05","47.73","135.61","46.13","283.62","9.76","144.06","163.37","637.11"
"126","1990","3","Gujarat","Bhavnagar","30.99","22.05","62.4","92.69","57.88","161.66","42.33","253.84","7.06","123.17","200.66","653.41"
"126","1995","3","Gujarat","Bhavnagar","40.65","28.83","79.91","118.21","65.22","179.93","38.81","228.74","5.11","80.67","229.7","636.37"
"126","2000","3","Gujarat","Bhavnagar","49.38","33.8","83.96","122.73","60.45","165.41","29.37","169.5","3.33","58.01","226.48","549.45"
"126","2005","3","Gujarat","Bhavnagar","57.15","38.44","88.72","130.28","62.68","171.75","29.57","169.95","3.31","53.93","241.43","564.36"
"126","2010","3","Gujarat","Bhavnagar","62.0","41.0","89.0","130.0","59.0","161.0","25.0","144.0","2.0","50.0","238.0","526.0"
"127","1970","3","Gujarat","Valsad","79.49","32.05","29.5","42.13","25.05","70.69","17.3","102.79","2.88","44.75","154.22","292.41"
"127","1976","3","Gujarat","Valsad","91.76","35.51","32.84","46.87","27.22","76.69","17.17","100.56","2.26","39.94","171.24","299.55"
"127","1980","3","Gujarat","Valsad","88.45","35.83","33.67","48.05","27.07","76.12","15.81","91.56","1.79","27.0","166.78","278.56"
"127","1985","3","Gujarat","Valsad","100.38","38.35","35.83","51.11","27.32","76.68","14.78","85.13","1.34","23.79","179.64","275.05"
"127","1990","3","Gujarat","Valsad","106.85","40.36","37.65","53.64","27.72","77.58","14.45","82.7","1.42","36.57","188.08","290.85"
"127","1995","3","Gujarat","Valsad","108.98","42.19","39.31","56.06","28.2","78.85","14.08","80.43","1.28","22.79","191.85","280.31"
"127","2000","3","Gujarat","Valsad","120.21","45.55","41.06","58.42","28.36","78.9","13.06","73.74","1.23","23.9","203.9","280.5"
"127","2005","3","Gujarat","Valsad","153.76","51.03","44.14","62.66","29.56","82.2","13.32","75.6","1.28","29.68","242.05","301.15"
"127","2010","3","Gujarat","Valsad","163.0","53.0","45.0","63.0","29.0","81.0","13.0","70.0","1.0","21.0","250.0","288.0"
"128","1970","3","Gujarat","Dangs","1.3","0.7","1.53","2.33","2.72","8.01","4.31","27.75","1.3","18.46","11.16","57.25"
"128","1976","3","Gujarat","Dangs","1.33","0.68","1.56","2.35","2.77","8.18","4.4","28.25","1.33","19.28","11.38","58.74"
"128","1980","3","Gujarat","Dangs","1.36","0.73","1.64","2.49","2.94","8.65","4.47","28.63","1.23","17.41","11.63","57.91"
"128","1985","3","Gujarat","Dangs","1.68","0.84","1.69","2.54","3.03","8.92","4.39","28.1","1.21","17.39","11.99","57.79"
"128","1990","3","Gujarat","Dangs","1.4","0.75","1.68","2.53","3.0","8.86","4.35","27.77","1.21","21.08","11.65","60.99"
"128","1995","3","Gujarat","Dangs","1.36","0.75","1.68","2.54","3.07","9.04","4.43","28.26","1.21","17.17","11.75","57.76"
"128","2000","3","Gujarat","Dangs","1.36","0.73","1.67","2.52","2.93","8.63","4.15","26.23","1.09","15.49","11.2","53.6"
"128","2005","3","Gujarat","Dangs","1.61","0.81","1.83","2.76","3.18","9.4","4.4","27.94","1.13","15.85","12.15","56.74"
"128","2010","3","Gujarat","Dangs","2.0","1.0","2.0","3.0","3.0","10.0","4.0","28.0","1.0","15.0","13.0","57.0"
"129","1970","3","Gujarat","Jamnagar","3.37","2.09","6.9","10.63","17.58","51.93","37.74","250.62","21.26","314.08","86.85","629.35"
"129","1976","3","Gujarat","Jamnagar","6.72","3.55","13.63","20.83","29.27","85.97","49.58","300.49","14.99","209.48","114.17","620.31"
"129","1980","3","Gujarat","Jamnagar","6.45","4.14","16.84","25.8","34.53","101.23","52.11","331.2","13.19","180.05","123.12","642.41"
"129","1985","3","Gujarat","Jamnagar","10.49","6.48","26.92","40.97","41.04","118.36","50.97","319.65","10.61","141.77","140.04","627.23"
"129","1990","3","Gujarat","Jamnagar","16.21","10.42","47.4","72.1","55.56","157.32","50.44","305.34","7.2","108.42","176.8","653.59"
"129","1995","3","Gujarat","Jamnagar","20.76","13.96","62.56","94.71","65.19","182.35","45.53","269.93","4.89","64.08","198.93","625.01"
"129","2000","3","Gujarat","Jamnagar","30.57","19.98","81.98","123.15","73.54","203.56","38.75","222.61","2.65","36.61","227.49","605.91"
"129","2005","3","Gujarat","Jamnagar","36.33","23.7","87.23","130.79","75.28","208.46","38.07","217.58","3.22","53.06","240.12","633.59"
"129","2010","3","Gujarat","Jamnagar","44.0","29.0","97.0","145.0","77.0","213.0","33.0","188.0","2.0","50.0","255.0","625.0"
"130","1970","3","Gujarat","Junagadh","8.74","5.41","15.39","23.13","27.28","80.74","47.52","306.87","15.24","213.09","114.17","629.22"
"130","1976","3","Gujarat","Junagadh","18.27","11.38","29.78","44.2","44.15","128.2","53.88","334.16","9.65","131.84","155.73","649.78"
"130","1980","3","Gujarat","Junagadh","23.58","15.97","39.4","58.36","51.2","147.62","53.5","327.34","7.91","105.14","175.6","654.43"
"130","1985","3","Gujarat","Junagadh","32.61","22.02","55.33","81.62","55.63","158.45","48.2","290.23","6.14","83.07","197.9","635.38"
"130","1990","3","Gujarat","Junagadh","46.07","31.5","79.91","117.63","63.22","177.64","43.59","257.28","4.66","92.24","237.46","676.29"
"130","1995","3","Gujarat","Junagadh","55.05","38.07","96.2","140.66","67.01","186.6","39.74","231.47","3.61","50.38","261.61","647.17"
"130","2000","3","Gujarat","Junagadh","78.83","51.44","115.88","168.76","73.43","202.94","35.62","203.64","2.88","49.89","306.64","676.67"
"130","2005","3","Gujarat","Junagadh","89.21","57.37","122.47","178.84","76.57","211.82","35.17","200.61","2.87","46.97","326.3","695.6"
"130","2010","3","Gujarat","Junagadh","100.0","64.0","126.0","183.0","73.0","202.0","30.0","167.0","1.0","30.0","330.0","645.0"
"131","1970","3","Gujarat","Kheda","128.7","62.75","66.93","96.1","50.77","141.96","24.87","143.21","3.74","56.88","275.01","500.89"
"131","1976","3","Gujarat","Kheda","131.98","62.63","69.01","99.0","52.67","149.52","25.95","148.87","3.63","53.71","283.24","513.73"
"131","1980","3","Gujarat","Kheda","142.51","69.26","75.52","108.29","55.57","154.92","24.48","139.15","2.94","42.96","301.03","514.56"
"131","1985","3","Gujarat","Kheda","154.41","72.72","75.7","108.28","52.76","146.91","23.27","132.49","2.77","41.07","308.91","501.47"
"131","1990","3","Gujarat","Kheda","165.62","78.16","82.0","117.08","53.65","148.74","22.7","129.05","2.53","40.63","326.51","513.66"
"131","1995","3","Gujarat","Kheda","175.52","83.86","83.04","118.11","51.17","141.79","20.18","114.17","2.09","32.48","332.0","490.41"
"131","2000","3","Gujarat","Kheda","209.89","97.02","86.6","123.79","49.75","136.78","17.53","98.43","1.48","27.04","365.24","483.06"
"131","2005","3","Gujarat","Kheda","296.12","123.43","95.21","134.12","49.88","136.06","17.09","95.76","1.54","29.18","459.82","518.56"
"131","2010","3","Gujarat","Kheda","313.0","130.0","96.0","135.0","48.0","128.0","14.0","81.0","1.0","28.0","471.0","502.0"
"132","1970","3","Gujarat","Kachchh","7.25","4.69","14.33","21.53","25.27","73.12","36.12","231.38","20.68","338.41","103.64","669.13"
"132","1976","3","Gujarat","Kachchh","7.88","4.84","16.4","24.62","28.79","83.39","39.89","254.16","21.09","340.07","114.05","707.09"
"132","1980","3","Gujarat","Kachchh","8.3","5.36","19.02","28.68","33.57","97.23","44.31","279.77","20.04","307.61","125.23","718.64"
"132","1985","3","Gujarat","Kachchh","9.6","6.08","22.52","33.95","38.76","112.21","48.44","300.63","18.4","280.17","137.72","733.03"
"132","1990","3","Gujarat","Kachchh","11.18","7.05","27.37","41.19","45.29","130.65","52.29","320.85","16.83","274.75","152.95","774.48"
"132","1995","3","Gujarat","Kachchh","13.79","8.82","33.2","49.81","51.28","147.2","53.05","319.87","13.55","216.5","164.88","742.2"
"132","2000","3","Gujarat","Kachchh","18.08","11.57","41.8","61.81","59.0","168.6","53.39","318.45","10.7","229.29","182.96","789.71"
"132","2005","3","Gujarat","Kachchh","18.76","11.67","42.43","63.01","60.03","172.01","58.69","357.24","10.99","188.08","190.91","792.01"
"132","2010","3","Gujarat","Kachchh","27.0","17.0","55.0","81.0","69.0","195.0","52.0","305.0","8.0","204.0","212.0","803.0"
"133","1970","3","Gujarat","Mahesana","68.76","38.87","58.81","85.73","62.43","178.67","47.78","284.12","7.8","120.07","245.57","707.47"
"133","1976","3","Gujarat","Mahesana","76.15","40.91","63.83","92.84","67.55","193.03","49.61","292.43","7.11","98.91","264.22","718.12"
"133","1980","3","Gujarat","Mahesana","88.09","50.05","76.45","110.83","74.87","212.57","49.41","288.46","6.22","91.84","295.03","753.75"
"133","1985","3","Gujarat","Mahesana","91.89","49.91","76.29","110.72","69.97","198.43","44.96","261.36","5.49","79.01","288.59","699.42"
"133","1990","3","Gujarat","Mahesana","110.63","60.26","89.16","129.02","75.7","213.31","43.76","252.03","4.7","73.89","323.94","728.5"
"133","1995","3","Gujarat","Mahesana","122.67","66.59","91.31","132.55","74.8","210.09","39.71","227.39","3.57","56.02","332.04","692.63"
"133","2000","3","Gujarat","Mahesana","151.05","80.36","105.41","152.49","83.05","233.14","44.33","255.12","4.09","62.64","387.94","783.76"
"133","2005","3","Gujarat","Mahesana","177.62","91.84","113.98","164.16","85.39","238.73","43.55","250.09","4.37","73.22","424.9","818.04"
"133","2010","3","Gujarat","Mahesana","216.88","103.12","116.89","168.22","80.56","224.63","37.05","207.66","3.0","78.97","454.38","782.19"
"134","1970","3","Gujarat","Panch Mahals","57.95","30.5","49.09","72.11","55.46","158.11","35.7","203.46","3.53","51.39","201.73","515.56"
"134","1976","3","Gujarat","Panch Mahals","61.82","31.91","51.09","74.61","55.23","156.89","34.29","197.71","3.26","44.42","205.69","505.54"
"134","1980","3","Gujarat","Panch Mahals","64.21","34.06","54.24","79.14","56.51","160.2","33.27","190.97","3.02","40.58","211.24","504.95"
"134","1985","3","Gujarat","Panch Mahals","71.46","37.1","58.46","85.16","57.2","161.8","32.51","186.44","2.86","37.99","222.48","508.48"
"134","1990","3","Gujarat","Panch Mahals","75.03","38.98","60.59","88.25","57.4","161.86","31.04","177.08","2.64","54.56","226.71","520.74"
"134","1995","3","Gujarat","Panch Mahals","79.29","41.28","62.4","90.59","58.0","162.93","30.36","172.75","2.46","32.33","232.51","499.87"
"134","2000","3","Gujarat","Panch Mahals","99.58","50.1","70.04","100.6","59.66","166.22","28.57","161.35","2.09","34.43","259.95","512.72"
"134","2005","3","Gujarat","Panch Mahals","121.99","55.53","74.77","108.02","61.99","173.06","28.59","160.84","2.41","45.41","289.74","542.86"
"134","2010","3","Gujarat","Panch Mahals","143.0","60.0","77.0","110.0","61.0","169.0","27.0","152.0","2.0","37.0","309.0","530.0"
"135","1970","3","Gujarat","Rajkot","4.15","2.78","10.5","16.09","22.36","65.58","43.67","290.31","25.46","380.36","106.14","755.13"
"135","1976","3","Gujarat","Rajkot","8.69","5.25","20.66","31.25","39.54","114.85","58.47","372.17","17.33","248.61","144.68","772.13"
"135","1980","3","Gujarat","Rajkot","9.96","7.0","27.73","41.98","48.0","138.91","61.02","382.7","14.78","202.53","161.49","773.12"
"135","1985","3","Gujarat","Rajkot","15.45","10.39","40.6","61.13","56.62","161.6","60.33","372.29","11.56","160.32","184.56","765.72"
"135","1990","3","Gujarat","Rajkot","23.76","16.35","60.53","90.83","69.78","196.96","58.13","349.71","8.47","121.66","220.69","775.51"
"135","1995","3","Gujarat","Rajkot","35.84","25.64","89.54","133.38","83.46","232.35","50.61","294.73","5.25","75.15","264.69","761.25"
"135","2000","3","Gujarat","Rajkot","59.56","39.35","125.04","184.57","94.71","259.5","41.14","231.71","2.82","43.42","323.28","758.54"
"135","2005","3","Gujarat","Rajkot","71.27","46.26","136.48","201.55","98.39","269.52","39.25","220.07","2.79","46.36","348.17","783.76"
"135","2010","3","Gujarat","Rajkot","81.0","52.0","141.0","207.0","95.0","259.0","33.0","184.0","2.0","33.0","353.0","735.0"
"136","1970","3","Gujarat","Sabar Kantha","43.96","23.72","38.6","56.73","42.22","120.39","29.49","174.46","4.83","88.16","159.1","463.45"
"136","1976","3","Gujarat","Sabar Kantha","47.5","24.35","40.49","59.14","42.91","121.82","29.37","172.48","3.88","61.89","164.16","439.68"
"136","1980","3","Gujarat","Sabar Kantha","51.7","27.77","46.79","68.46","45.5","128.96","27.99","162.08","3.05","47.51","175.03","434.77"
"136","1985","3","Gujarat","Sabar Kantha","58.25","30.85","53.01","77.42","46.39","130.85","26.8","153.87","2.47","37.67","186.91","430.67"
"136","1990","3","Gujarat","Sabar Kantha","28.56","16.1","47.53","70.78","64.11","184.3","65.45","399.88","13.98","219.71","219.62","890.77"
"136","1995","3","Gujarat","Sabar Kantha","75.5","40.52","64.19","93.51","48.22","134.56","23.24","131.9","1.95","33.14","213.09","433.62"
"136","2000","3","Gujarat","Sabar Kantha","87.72","45.54","71.2","102.96","49.25","136.5","20.76","116.65","1.64","29.98","230.58","431.63"
"136","2005","3","Gujarat","Sabar Kantha","104.18","50.3","74.72","108.12","50.66","140.6","20.69","115.82","1.95","42.0","252.19","456.83"
"136","2010","3","Gujarat","Sabar Kantha","122.0","56.0","78.0","113.0","50.0","138.0","18.0","102.0","1.0","32.0","270.0","440.0"
"137","1970","3","Gujarat","Surat","38.4","20.24","33.25","48.65","37.19","106.68","31.02","186.01","5.04","70.9","144.89","432.47"
"137","1976","3","Gujarat","Surat","39.32","19.64","33.78","49.28","36.53","104.63","28.62","168.92","3.74","52.49","141.99","394.95"
"137","1980","3","Gujarat","Surat","47.14","24.48","41.52","60.37","41.4","118.0","28.4","165.5","3.03","42.23","161.49","410.58"
"137","1985","3","Gujarat","Surat","50.73","25.45","42.89","62.39","41.66","118.42","26.93","156.46","2.73","39.59","164.93","402.31"
"137","1990","3","Gujarat","Surat","54.69","27.58","47.71","69.23","43.66","123.62","26.81","154.86","2.68","45.09","175.55","420.37"
"137","1995","3","Gujarat","Surat","57.24","29.49","49.33","71.99","44.13","124.83","25.02","143.78","2.22","32.22","177.94","402.31"
"137","2000","3","Gujarat","Surat","65.53","32.75","53.16","77.4","44.65","125.44","22.84","129.96","1.87","29.65","188.04","395.2"
"137","2005","3","Gujarat","Surat","77.78","35.65","57.19","82.76","45.98","129.26","23.09","131.39","2.0","33.52","206.05","412.57"
"137","2010","3","Gujarat","Surat","91.0","38.0","58.0","83.0","43.0","121.0","20.0","109.0","2.0","24.0","213.0","376.0"
"138","1970","3","Gujarat","Surendranagar","3.48","2.4","8.15","12.34","15.57","45.41","29.74","197.28","26.65","447.76","83.58","705.19"
"138","1976","3","Gujarat","Surendranagar","5.09","3.53","11.92","17.84","21.78","63.35","38.21","250.05","24.75","396.64","101.75","731.4"
"138","1980","3","Gujarat","Surendranagar","6.39","4.54","15.54","23.27","26.5","76.93","42.16","273.28","21.93","336.33","112.53","714.35"
"138","1985","3","Gujarat","Surendranagar","8.15","5.88","21.42","32.01","33.68","96.49","45.21","290.47","18.86","282.96","127.31","707.8"
"138","1990","3","Gujarat","Surendranagar","10.95","7.93","30.24","45.23","44.76","126.89","48.82","307.73","15.81","251.34","150.58","739.12"
"138","1995","3","Gujarat","Surendranagar","15.31","11.11","39.33","58.83","55.65","156.69","50.67","313.95","11.84","173.97","172.79","714.56"
"138","2000","3","Gujarat","Surendranagar","20.64","15.12","50.44","74.73","64.4","180.82","50.81","307.38","8.41","122.35","194.7","700.4"
"138","2005","3","Gujarat","Surendranagar","25.23","17.65","56.4","83.36","68.87","193.9","52.12","314.5","8.38","124.42","211.0","733.82"
"138","2010","3","Gujarat","Surendranagar","33.0","22.0","67.0","98.0","74.0","207.0","48.0","286.0","6.0","103.0","227.0","715.0"
"139","1970","10","Rajasthan","Ajmer","68.09","29.57","34.98","50.76","29.67","84.28","23.8","144.86","8.02","177.6","164.56","487.06"
"139","1976","10","Rajasthan","Ajmer","77.16","33.29","37.87","54.89","33.45","94.41","25.34","153.68","7.81","136.46","181.63","472.72"
"139","1980","10","Rajasthan","Ajmer","89.35","40.27","47.14","68.37","38.1","107.77","26.01","157.09","8.22","141.36","208.82","514.85"
"139","1985","10","Rajasthan","Ajmer","91.93","37.48","43.52","62.62","38.51","106.04","27.33","161.81","7.49","113.83","208.78","481.78"
"139","1990","10","Rajasthan","Ajmer","107.65","42.49","47.25","66.93","39.05","108.45","27.38","163.85","7.25","114.72","228.58","496.44"
"139","1995","10","Rajasthan","Ajmer","95.41","40.09","44.94","65.36","39.16","109.4","28.16","167.43","7.74","120.18","215.41","502.47"
"139","2000","10","Rajasthan","Ajmer","107.3","44.65","46.92","67.87","39.2","110.36","26.53","159.72","6.59","103.53","226.54","486.12"
"139","2005","10","Rajasthan","Ajmer","115.77","49.87","50.74","73.23","40.95","114.87","26.2","157.14","6.36","98.95","240.01","494.06"
"139","2010","10","Rajasthan","Ajmer","124.92","54.0","55.08","79.3","42.41","118.82","25.48","151.43","5.81","91.0","253.7","494.56"
"140","1970","10","Rajasthan","Alwar","87.37","44.13","49.25","71.07","45.09","131.64","31.4","178.79","4.25","99.45","217.36","525.08"
"140","1976","10","Rajasthan","Alwar","117.61","52.39","58.47","81.7","48.47","138.21","30.75","175.95","3.65","59.71","258.96","507.97"
"140","1980","10","Rajasthan","Alwar","127.24","59.5","68.44","91.08","51.55","142.39","30.44","169.3","3.11","44.45","280.76","506.72"
"140","1985","10","Rajasthan","Alwar","122.16","57.98","67.42","94.86","50.77","144.3","31.49","179.63","3.52","49.67","275.36","526.45"
"140","1990","10","Rajasthan","Alwar","121.44","59.84","68.6","97.44","52.28","147.29","30.57","176.7","3.45","49.77","276.35","531.02"
"140","1995","10","Rajasthan","Alwar","136.24","66.64","73.09","102.52","52.55","147.22","28.36","163.19","3.16","47.7","293.4","527.28"
"140","2000","10","Rajasthan","Alwar","151.35","73.97","78.65","111.26","54.27","152.09","27.25","156.45","2.59","36.54","314.11","530.31"
"140","2005","10","Rajasthan","Alwar","178.69","90.28","87.79","123.35","55.19","152.8","23.09","130.72","1.89","26.16","346.66","523.3"
"140","2010","10","Rajasthan","Alwar","234.3","113.66","97.92","137.16","53.69","147.04","18.31","101.94","1.26","17.34","405.49","517.13"
"141","1970","10","Rajasthan","Banswara","35.32","16.18","19.9","29.02","20.92","59.93","17.26","103.08","2.4","34.98","95.8","243.18"
"141","1976","10","Rajasthan","Banswara","47.17","20.87","22.58","32.66","23.44","66.41","15.67","92.59","1.89","27.9","110.76","240.43"
"141","1980","10","Rajasthan","Banswara","51.21","25.02","28.34","41.33","24.82","69.25","12.97","75.19","1.22","16.13","118.56","226.92"
"141","1985","10","Rajasthan","Banswara","60.99","27.9","28.89","41.52","24.79","69.37","13.96","81.17","1.45","23.36","130.08","243.32"
"141","1990","10","Rajasthan","Banswara","67.64","31.61","32.23","46.22","26.93","74.92","13.78","79.71","1.3","17.31","141.88","249.79"
"141","1995","10","Rajasthan","Banswara","78.46","36.71","35.8","51.38","27.09","75.21","12.24","69.91","1.09","18.31","154.68","251.51"
"141","2000","10","Rajasthan","Banswara","104.46","48.45","41.74","59.14","26.18","71.98","10.16","57.53","0.86","11.79","183.4","248.9"
"141","2005","10","Rajasthan","Banswara","129.71","57.06","43.17","60.72","26.56","72.69","9.82","55.31","0.72","10.28","209.97","256.06"
"141","2010","10","Rajasthan","Banswara","185.7","83.09","57.32","79.85","29.23","79.34","9.39","52.2","0.7","9.95","282.35","304.44"
"142","1970","10","Rajasthan","Barmer","2.46","1.36","4.46","6.85","10.25","31.14","25.17","170.86","63.75","1881.72","106.09","2091.93"
"142","1976","10","Rajasthan","Barmer","6.76","1.93","4.88","7.45","12.38","37.83","32.17","219.42","70.01","1947.36","126.21","2213.99"
"142","1980","10","Rajasthan","Barmer","8.84","2.25","5.84","8.94","13.88","40.21","46.04","311.46","76.78","1971.8","151.37","2334.67"
"142","1985","10","Rajasthan","Barmer","4.58","2.24","7.15","10.72","17.37","51.97","48.7","330.51","74.97","1777.43","152.77","2172.87"
"142","1990","10","Rajasthan","Barmer","7.47","3.23","8.54","13.1","19.94","60.22","52.07","355.44","77.69","1849.36","165.69","2281.34"
"142","1995","10","Rajasthan","Barmer","7.13","3.12","9.95","15.27","24.89","75.15","62.6","424.2","78.23","1755.71","182.8","2273.45"
"142","2000","10","Rajasthan","Barmer","8.33","4.04","13.04","20.03","32.39","97.49","76.61","513.68","77.76","1643.7","208.11","2278.94"
"142","2005","10","Rajasthan","Barmer","8.74","4.83","15.39","23.7","39.28","117.76","84.47","558.11","75.5","1557.52","223.38","2261.92"
"142","2010","10","Rajasthan","Barmer","18.93","11.61","32.18","48.65","59.12","174.72","100.39","651.49","69.73","1351.72","280.34","2238.18"
"143","1970","10","Rajasthan","Bharatpur","112.81","56.81","68.65","99.24","63.21","181.21","43.96","252.97","5.09","70.79","293.71","661.01"
"143","1976","10","Rajasthan","Bharatpur","134.37","63.48","61.62","87.73","55.86","158.07","33.94","194.33","2.96","43.55","288.75","547.16"
"143","1980","10","Rajasthan","Bharatpur","137.76","68.24","70.46","101.04","58.69","166.79","34.12","199.05","3.22","44.38","304.23","579.5"
"143","1985","10","Rajasthan","Bharatpur","143.77","67.66","66.55","95.75","56.53","160.27","33.73","194.92","3.31","46.9","303.89","565.48"
"143","1990","10","Rajasthan","Bharatpur","145.52","68.94","69.54","99.78","57.52","162.21","33.35","192.97","3.52","50.21","309.43","574.1"
"143","1995","10","Rajasthan","Bharatpur","170.95","80.28","73.4","105.03","56.96","160.35","31.86","184.83","3.01","42.03","336.15","572.52"
"143","2000","10","Rajasthan","Bharatpur","185.9","88.43","80.21","114.83","58.81","164.83","29.23","167.95","2.63","36.68","356.79","572.7"
"143","2005","10","Rajasthan","Bharatpur","206.22","97.84","84.44","120.07","57.55","160.12","27.01","154.16","2.43","33.57","377.64","565.75"
"143","2010","10","Rajasthan","Bharatpur","218.72","103.28","88.11","124.59","56.84","157.59","25.75","146.78","2.34","32.29","391.74","564.5"
"144","1970","10","Rajasthan","Bhilwara","57.93","31.11","55.33","78.99","50.31","142.75","33.33","199.08","6.82","119.19","203.71","571.12"
"144","1976","10","Rajasthan","Bhilwara","81.46","41.86","63.69","89.68","54.37","152.01","32.18","189.06","5.63","132.41","237.32","605.03"
"144","1980","10","Rajasthan","Bhilwara","71.63","38.81","59.11","83.92","50.56","142.25","27.01","160.09","4.15","61.33","212.46","486.4"
"144","1985","10","Rajasthan","Bhilwara","88.3","46.69","69.35","98.36","58.05","162.05","31.38","183.16","4.4","68.28","251.47","558.54"
"144","1990","10","Rajasthan","Bhilwara","104.72","54.42","75.26","106.76","60.68","169.03","31.87","186.16","4.51","69.89","277.04","586.26"
"144","1995","10","Rajasthan","Bhilwara","113.4","57.95","77.38","100.8","61.25","170.99","31.84","185.81","4.43","66.74","288.3","582.29"
"144","2000","10","Rajasthan","Bhilwara","109.31","57.42","75.96","107.98","60.33","167.88","29.98","173.77","3.98","61.25","279.56","568.3"
"144","2005","10","Rajasthan","Bhilwara","119.99","64.12","81.79","115.7","60.94","169.04","28.81","166.25","3.59","53.67","295.12","568.78"
"144","2010","10","Rajasthan","Bhilwara","143.78","74.48","86.59","122.17","59.93","165.52","26.93","154.71","3.36","50.76","320.58","567.65"
"145","1970","10","Rajasthan","Bikaner","0.2","0.11","0.43","0.66","2.08","6.57","11.29","78.36","33.9","971.97","47.9","1057.66"
"145","1976","10","Rajasthan","Bikaner","0.98","0.47","1.39","2.06","5.26","16.12","28.95","195.42","50.29","1284.77","86.86","1498.84"
"145","1980","10","Rajasthan","Bikaner","0.64","0.42","1.43","2.12","6.95","21.72","36.4","237.8","50.05","1144.56","95.48","1406.61"
"145","1985","10","Rajasthan","Bikaner","0.76","0.45","2.07","3.1","10.87","33.85","45.46","295.59","46.55","1013.88","105.71","1346.87"
"145","1990","10","Rajasthan","Bikaner","0.95","0.57","2.7","4.06","11.91","36.76","51.92","332.75","49.48","1035.77","116.95","1409.92"
"145","1995","10","Rajasthan","Bikaner","1.9","1.15","4.63","6.92","18.13","55.7","67.4","434.59","53.85","1082.38","145.91","1580.74"
"145","2000","10","Rajasthan","Bikaner","2.62","1.44","6.7","10.04","25.67","78.34","86.11","559.21","63.39","1224.54","184.49","1873.56"
"145","2005","10","Rajasthan","Bikaner","3.07","1.7","7.7","11.41","29.36","89.25","92.57","596.51","59.92","1113.5","192.62","1812.38"
"145","2010","10","Rajasthan","Bikaner","3.98","2.25","10.46","15.64","37.07","112.74","110.92","713.58","61.67","1117.27","224.1","1961.47"
"146","1970","10","Rajasthan","Bundi","15.34","7.95","13.42","19.91","16.06","45.57","13.27","81.74","4.47","74.92","62.56","230.09"
"146","1976","10","Rajasthan","Bundi","24.78","11.31","16.54","24.14","18.42","51.28","15.5","94.01","3.9","61.8","79.14","242.54"
"146","1980","10","Rajasthan","Bundi","34.85","17.56","26.7","42.36","26.17","76.5","19.06","115.54","3.93","59.11","110.71","311.07"
"146","1985","10","Rajasthan","Bundi","30.05","15.17","23.15","34.2","23.99","67.98","17.37","104.64","3.05","46.35","97.61","268.34"
"146","1990","10","Rajasthan","Bundi","38.38","18.83","27.39","39.54","26.09","72.63","17.23","102.11","2.6","38.91","111.68","272.03"
"146","1995","10","Rajasthan","Bundi","37.27","19.61","28.39","41.41","36.11","73.07","16.45","97.44","2.45","36.35","120.68","267.87"
"146","2000","10","Rajasthan","Bundi","43.2","23.02","32.07","46.83","28.39","79.61","15.69","91.87","1.87","27.69","121.22","269.03"
"146","2005","10","Rajasthan","Bundi","53.38","27.81","35.73","51.6","28.46","79.24","14.58","85.12","1.57","23.13","133.72","266.89"
"146","2010","10","Rajasthan","Bundi","69.04","36.31","40.64","58.22","28.52","78.94","12.42","71.41","1.25","18.52","151.88","263.39"
"147","1970","10","Rajasthan","Chittorgarh","39.14","21.19","38.63","55.66","38.85","110.95","31.85","195.04","7.23","126.93","155.7","509.76"
"147","1976","10","Rajasthan","Chittorgarh","67.81","30.98","48.85","68.68","45.77","129.2","34.69","210.56","6.07","90.65","203.19","530.08"
"147","1980","10","Rajasthan","Chittorgarh","57.3","31.16","51.98","75.4","51.0","143.93","35.36","209.92","5.06","71.96","200.69","532.37"
"147","1985","10","Rajasthan","Chittorgarh","63.57","33.75","54.96","78.02","49.3","138.05","33.98","202.02","5.19","75.66","206.99","527.5"
"147","1990","10","Rajasthan","Chittorgarh","72.07","38.9","60.21","85.84","52.8","148.08","33.93","200.97","4.78","69.22","223.78","543.0"
"147","1995","10","Rajasthan","Chittorgarh","80.08","42.38","63.98","91.25","53.27","149.3","32.71","192.74","4.56","65.97","234.59","541.65"
"147","2000","10","Rajasthan","Chittorgarh","97.39","51.23","70.88","100.72","55.3","154.39","30.99","181.56","3.87","56.47","258.42","544.36"
"147","2005","10","Rajasthan","Chittorgarh","105.73","56.5","74.16","104.86","54.72","151.94","28.79","167.73","3.6","51.8","267.0","532.82"
"147","2010","10","Rajasthan","Chittorgarh","114.18","59.56","69.42","97.95","47.29","130.82","21.97","126.9","2.41","34.61","255.27","449.84"
"148","1970","10","Rajasthan","Churu","0.94","0.62","2.06","3.18","8.8","27.42","31.99","217.5","57.91","1249.17","101.7","1497.9"
"148","1976","10","Rajasthan","Churu","1.66","0.79","2.71","4.11","10.6","32.56","37.73","261.45","56.91","1198.23","109.62","1497.14"
"148","1980","10","Rajasthan","Churu","1.01","0.51","2.31","3.7","9.24","28.71","36.23","252.01","47.79","938.43","96.57","1223.36"
"148","1985","10","Rajasthan","Churu","1.34","0.82","4.51","7.05","17.67","54.25","54.42","367.75","57.02","1100.09","134.96","1529.95"
"148","1990","10","Rajasthan","Churu","1.53","0.88","4.96","7.71","20.34","62.33","58.03","391.57","57.18","1080.56","142.04","1543.05"
"148","1995","10","Rajasthan","Churu","2.47","1.51","7.84","12.18","29.05","87.88","68.06","452.51","54.5","994.12","161.93","1548.21"
"148","2000","10","Rajasthan","Churu","3.27","2.01","10.83","16.57","35.12","105.18","68.05","443.5","41.06","703.06","158.32","1270.32"
"148","2005","10","Rajasthan","Churu","6.04","3.65","17.89","27.21","48.02","142.07","77.72","497.71","36.79","596.4","186.44","1267.04"
"148","2010","10","Rajasthan","Churu","12.01","7.3","27.44","41.53","60.39","178.12","83.04","523.53","32.23","507.0","215.1","1257.48"
"149","1970","10","Rajasthan","Dungarpur","29.89","13.19","20.69","30.36","19.4","54.77","9.49","52.76","0.69","19.35","80.15","170.43"
"149","1976","10","Rajasthan","Dungarpur","54.32","19.99","22.69","32.92","21.52","59.76","9.71","54.02","0.63","11.81","108.87","178.5"
"149","1980","10","Rajasthan","Dungarpur","52.62","21.61","22.49","32.98","19.39","54.04","6.81","36.71","0.3","4.01","101.62","149.35"
"149","1985","10","Rajasthan","Dungarpur","66.81","26.49","27.02","39.72","21.85","60.28","8.24","45.03","0.45","9.31","124.37","180.82"
"149","1990","10","Rajasthan","Dungarpur","77.76","30.57","27.76","40.03","22.68","62.05","8.08","43.83","0.47","10.21","136.75","186.68"
"149","1995","10","Rajasthan","Dungarpur","78.77","31.32","29.6","42.6","22.45","61.65","7.91","43.42","0.51","11.84","139.24","190.82"
"149","2000","10","Rajasthan","Dungarpur","86.13","33.47","29.66","43.05","22.27","61.62","8.0","43.85","0.52","13.42","146.57","195.42"
"149","2005","10","Rajasthan","Dungarpur","96.8","37.2","30.65","43.94","22.07","60.76","7.73","42.36","0.48","13.44","157.73","197.7"
"149","2010","10","Rajasthan","Dungarpur","116.11","47.47","35.81","50.69","19.81","53.36","5.15","27.5","0.28","7.16","177.16","186.18"
"150","1970","10","Rajasthan","Ganganagar","8.05","4.23","13.44","18.9","33.73","102.0","63.16","403.58","40.44","893.89","158.82","1422.6"
"150","1976","10","Rajasthan","Ganganagar","9.59","5.74","17.74","25.95","44.67","136.06","94.55","607.87","48.02","873.63","214.57","1649.26"
"150","1980","10","Rajasthan","Ganganagar","14.33","7.85","22.59","32.25","50.37","150.44","94.62","601.22","38.4","660.01","220.31","1451.77"
"150","1985","10","Rajasthan","Ganganagar","11.81","6.99","24.7","36.47","59.75","179.47","120.02","756.97","45.44","744.77","261.73","1724.66"
"150","1990","10","Rajasthan","Ganganagar","12.67","7.29","25.47","37.46","57.96","173.86","114.58","729.05","46.61","775.62","257.29","1723.28"
"150","1995","10","Rajasthan","Ganganagar","12.59","7.44","27.39","40.38","60.33","180.71","118.11","398.12","47.64","777.49","266.04","1404.13"
"150","2000","10","Rajasthan","Ganganagar","13.73","8.04","28.61","41.72","60.38","179.45","116.0","735.83","46.25","737.25","264.97","1702.3"
"150","2005","10","Rajasthan","Ganganagar","16.87","9.86","33.47","48.96","66.51","196.39","116.47","735.75","42.99","679.19","276.33","1670.15"
"150","2010","10","Rajasthan","Ganganagar","18.63","11.17","37.68","54.75","71.0","208.12","120.23","755.66","44.16","690.45","291.69","1720.15"
"151","1970","10","Rajasthan","Jaipur","69.55","33.93","49.04","71.68","59.3","174.58","54.22","339.5","22.05","388.58","254.15","1008.27"
"151","1976","10","Rajasthan","Jaipur","100.03","40.8","56.57","81.67","66.06","192.61","56.04","347.89","20.08","344.2","298.78","1007.17"
"151","1980","10","Rajasthan","Jaipur","72.96","34.43","51.51","74.73","63.2","184.47","52.58","323.87","18.22","305.35","258.47","922.84"
"151","1985","10","Rajasthan","Jaipur","79.21","38.53","63.1","91.57","72.71","210.97","59.1","360.51","17.95","295.13","292.06","996.71"
"151","1990","10","Rajasthan","Jaipur","95.56","48.39","76.06","109.79","80.71","231.32","59.82","363.76","16.1","257.9","328.24","1011.15"
"151","1995","10","Rajasthan","Jaipur","108.77","54.55","84.72","122.03","86.93","249.53","61.51","370.69","15.23","245.3","357.16","1042.09"
"151","2000","10","Rajasthan","Jaipur","138.55","67.58","99.5","143.38","94.47","269.41","58.85","351.47","13.08","216.07","404.46","1047.9"
"151","2005","10","Rajasthan","Jaipur","154.08","76.98","104.2","147.85","92.27","261.1","56.39","336.19","12.41","198.68","419.35","1020.8"
"151","2010","10","Rajasthan","Jaipur","187.63","95.07","119.02","169.07","95.21","268.25","50.96","300.1","10.3","163.57","463.12","996.04"
"152","1970","10","Rajasthan","Jaisalmer","0.44","0.34","0.88","1.51","2.04","6.53","5.23","36.66","12.33","469.49","20.92","514.53"
"152","1976","10","Rajasthan","Jaisalmer","1.09","0.57","1.21","1.89","2.52","7.74","7.27","49.59","17.46","523.72","29.54","583.51"
"152","1980","10","Rajasthan","Jaisalmer","0.74","0.44","1.45","2.1","2.99","9.08","9.94","67.7","18.47","491.31","33.59","570.63"
"152","1985","10","Rajasthan","Jaisalmer","0.84","0.53","1.34","2.03","2.47","7.4","8.84","63.09","20.39","536.45","33.88","609.5"
"152","1990","10","Rajasthan","Jaisalmer","1.76","1.15","2.41","3.75","3.57","10.6","10.7","74.44","20.95","517.94","39.38","607.87"
"152","1995","10","Rajasthan","Jaisalmer","2.94","2.11","3.62","5.37","4.9","14.59","17.2","115.48","22.61","533.87","51.27","671.42"
"152","2000","10","Rajasthan","Jaisalmer","2.12","1.27","2.91","4.49","7.3","22.44","36.47","229.0","22.98","510.49","71.78","767.68"
"152","2005","10","Rajasthan","Jaisalmer","1.36","1.0","3.44","5.46","7.9","24.0","37.11","235.87","22.42","490.16","72.22","756.49"
"152","2010","10","Rajasthan","Jaisalmer","2.93","2.1","7.99","12.55","12.5","37.76","51.71","319.66","24.21","494.46","99.34","866.52"
"153","1970","10","Rajasthan","Jalore","5.94","3.53","11.52","17.51","21.7","62.15","29.67","191.76","26.42","575.55","95.25","850.51"
"153","1976","10","Rajasthan","Jalore","7.89","4.58","13.28","20.11","27.55","77.94","32.01","208.22","25.51","483.73","106.24","794.57"
"153","1980","10","Rajasthan","Jalore","10.7","7.23","16.04","26.99","33.54","96.68","36.87","245.15","30.95","584.62","128.1","960.67"
"153","1985","10","Rajasthan","Jalore","7.82","4.79","15.85","23.87","31.18","87.98","35.98","232.17","25.39","463.07","116.22","811.89"
"153","1990","10","Rajasthan","Jalore","11.01","6.22","19.52","29.52","35.09","100.29","41.75","268.71","23.72","412.73","131.08","817.47"
"153","1995","10","Rajasthan","Jalore","11.27","6.33","20.29","30.81","36.09","103.19","42.76","273.54","23.0","391.06","133.41","804.93"
"153","2000","10","Rajasthan","Jalore","13.0","7.63","23.88","36.01","40.26","115.62","47.45","301.76","21.67","351.76","146.25","812.78"
"153","2005","10","Rajasthan","Jalore","14.0","8.54","25.89","38.9","41.86","119.94","47.89","302.89","20.38","329.05","150.01","799.31"
"153","2010","10","Rajasthan","Jalore","16.02","9.98","30.18","45.12","46.87","134.3","50.29","315.62","18.71","295.73","162.06","800.75"
"154","1970","10","Rajasthan","Jhalawar","28.51","13.35","21.72","31.93","23.76","68.73","23.98","148.36","6.49","105.7","104.46","368.07"
"154","1976","10","Rajasthan","Jhalawar","38.45","16.2","22.22","32.19","25.03","71.39","25.64","158.51","6.15","91.77","117.49","370.06"
"154","1980","10","Rajasthan","Jhalawar","42.51","21.86","30.57","44.09","29.01","82.76","22.88","136.44","3.86","54.82","128.83","339.96"
"154","1985","10","Rajasthan","Jhalawar","39.43","19.25","27.92","39.92","29.16","82.71","25.19","152.94","4.34","61.29","126.04","356.1"
"154","1990","10","Rajasthan","Jhalawar","46.65","22.77","32.29","46.59","31.79","90.7","25.17","152.59","4.94","70.12","140.85","382.76"
"154","1995","10","Rajasthan","Jhalawar","48.09","23.99","34.11","49.29","32.41","91.74","24.23","145.59","4.42","62.87","143.25","373.48"
"154","2000","10","Rajasthan","Jhalawar","62.74","30.25","40.03","57.59","35.74","100.94","22.95","136.06","3.45","48.36","164.9","373.2"
"154","2005","10","Rajasthan","Jhalawar","57.82","30.54","42.41","61.38","37.3","105.65","22.34","131.13","2.97","40.98","162.84","369.69"
"154","2010","10","Rajasthan","Jhalawar","73.29","37.95","50.36","71.99","38.87","108.49","20.09","116.2","2.29","31.75","184.91","366.38"
"155","1970","10","Rajasthan","Jhunjhunu","14.99","8.28","18.47","27.36","26.57","77.59","29.88","188.76","11.17","175.55","101.07","477.54"
"155","1976","10","Rajasthan","Jhunjhunu","19.12","9.84","21.05","31.04","28.9","83.45","31.09","194.37","9.47","142.72","109.62","461.42"
"155","1980","10","Rajasthan","Jhunjhunu","19.9","10.46","21.56","33.02","31.05","89.5","35.45","219.43","12.79","196.16","120.76","548.56"
"155","1985","10","Rajasthan","Jhunjhunu","20.05","11.18","26.88","38.93","34.96","100.84","32.23","197.1","7.27","106.55","121.38","454.6"
"155","1990","10","Rajasthan","Jhunjhunu","30.66","17.38","37.97","55.18","44.09","125.05","31.99","189.99","5.12","72.23","149.83","459.83"
"155","1995","10","Rajasthan","Jhunjhunu","32.75","19.76","47.28","68.85","51.22","144.39","30.76","179.7","3.69","50.86","165.7","463.56"
"155","2000","10","Rajasthan","Jhunjhunu","43.94","26.2","54.72","79.11","54.72","153.41","28.78","165.58","2.95","40.62","185.12","464.93"
"155","2005","10","Rajasthan","Jhunjhunu","62.37","36.12","68.81","98.09","58.85","162.53","24.31","135.89","1.88","25.41","216.22","458.04"
"155","2010","10","Rajasthan","Jhunjhunu","93.34","53.6","83.94","118.3","56.85","155.04","19.19","106.4","1.23","17.19","254.54","450.53"
"156","1970","10","Rajasthan","Jodhpur","8.14","4.71","12.73","19.19","21.52","62.6","37.14","240.6","57.4","1429.02","136.92","1756.12"
"156","1976","10","Rajasthan","Jodhpur","13.41","6.4","15.54","23.5","28.67","82.34","49.17","324.19","44.94","859.56","151.74","1295.98"
"156","1980","10","Rajasthan","Jodhpur","12.47","5.95","11.23","17.18","23.06","67.51","38.46","253.86","50.34","1175.52","135.56","1520.01"
"156","1985","10","Rajasthan","Jodhpur","11.75","6.34","17.08","25.94","32.59","94.0","59.71","398.54","55.7","1229.49","176.82","1754.3"
"156","1990","10","Rajasthan","Jodhpur","14.26","7.49","20.09","30.56","38.43","111.61","61.89","407.79","58.16","1226.21","192.81","1783.66"
"156","1995","10","Rajasthan","Jodhpur","15.21","8.46","22.34","33.81","43.14","125.32","68.72","449.09","57.87","1191.92","207.28","1808.61"
"156","2000","10","Rajasthan","Jodhpur","18.55","9.58","25.03","37.65","46.44","134.87","72.89","471.74","56.97","1122.34","219.88","1776.18"
"156","2005","10","Rajasthan","Jodhpur","22.14","12.43","29.74","44.68","51.34","149.06","74.38","480.03","54.66","1069.46","232.25","1755.67"
"156","2010","10","Rajasthan","Jodhpur","24.09","14.2","34.38","52.11","58.35","170.1","80.7","523.0","52.79","1017.48","250.31","1776.89"
"157","1970","10","Rajasthan","Kota","32.38","15.11","28.05","41.7","34.59","100.15","38.18","238.05","14.07","234.5","147.27","629.51"
"157","1976","10","Rajasthan","Kota","47.96","21.73","34.21","50.81","39.47","113.55","37.12","231.75","11.67","188.25","170.43","606.08"
"157","1980","10","Rajasthan","Kota","60.66","28.83","44.79","66.19","48.7","138.15","40.54","248.4","9.14","133.61","203.83","615.18"
"157","1985","10","Rajasthan","Kota","52.6","25.86","42.8","63.16","45.2","128.39","38.95","239.69","10.07","154.64","189.62","611.74"
"157","1990","10","Rajasthan","Kota","59.43","29.9","49.01","71.88","50.81","143.86","40.85","247.21","8.14","121.25","208.24","614.09"
"157","1995","10","Rajasthan","Kota","60.63","31.19","49.47","72.53","51.8","887.38","40.76","245.58","7.94","117.08","210.59","1353.76"
"157","2000","10","Rajasthan","Kota","83.54","41.88","63.16","92.06","57.79","163.36","38.85","230.75","6.35","98.09","249.71","626.13"
"157","2005","10","Rajasthan","Kota","81.55","42.49","65.02","94.45","60.5","169.23","38.66","228.22","5.56","78.77","251.29","613.16"
"157","2010","10","Rajasthan","Kota","94.81","50.45","73.63","107.21","64.89","181.97","36.92","216.31","4.77","68.13","275.01","624.06"
"158","1970","10","Rajasthan","Nagaur","11.59","6.2","19.13","29.06","33.78","99.37","58.96","382.63","53.65","991.86","177.12","1509.12"
"158","1976","10","Rajasthan","Nagaur","15.85","7.72","22.09","33.06","39.88","117.58","67.15","440.97","50.6","874.78","195.57","1474.1"
"158","1980","10","Rajasthan","Nagaur","22.4","11.84","23.85","37.23","45.8","137.38","74.48","485.96","52.31","890.49","218.84","1562.9"
"158","1985","10","Rajasthan","Nagaur","18.45","9.23","26.98","40.96","47.45","139.53","74.26","480.02","48.91","815.75","216.05","1485.49"
"158","1990","10","Rajasthan","Nagaur","22.77","11.14","32.48","49.27","57.65","168.02","81.23","519.7","44.81","735.07","238.94","1483.2"
"158","1995","10","Rajasthan","Nagaur","25.85","12.18","34.91","52.67","62.78","183.36","84.46","539.14","43.39","711.43","251.38","1498.78"
"158","2000","10","Rajasthan","Nagaur","30.42","15.41","45.55","68.58","75.05","217.76","89.33","564.11","39.28","630.17","279.63","1496.03"
"158","2005","10","Rajasthan","Nagaur","29.95","17.0","53.54","80.93","85.31","247.35","93.51","584.44","34.43","541.33","296.75","1471.05"
"158","2010","10","Rajasthan","Nagaur","40.65","23.97","69.46","104.16","99.87","288.08","96.35","593.34","29.77","461.05","336.1","1470.61"
"159","1970","10","Rajasthan","Pali","39.67","20.76","31.84","46.48","32.46","90.19","28.29","178.59","22.21","458.12","154.46","794.14"
"159","1976","10","Rajasthan","Pali","47.72","24.6","38.29","56.68","38.64","107.86","30.18","193.02","20.35","411.41","175.17","793.57"
"159","1980","10","Rajasthan","Pali","46.6","25.62","43.46","63.52","42.24","114.88","33.86","206.36","20.7","390.97","186.85","801.34"
"159","1985","10","Rajasthan","Pali","52.4","27.77","43.21","63.27","41.29","112.43","33.93","209.47","20.81","382.38","191.64","795.32"
"159","1990","10","Rajasthan","Pali","55.95","29.75","45.71","67.33","44.79","123.84","36.43","225.68","19.48","356.07","202.35","802.68"
"159","1995","10","Rajasthan","Pali","56.48","30.37","47.14","68.77","45.73","126.19","36.91","229.22","18.79","351.08","205.04","805.62"
"159","2000","10","Rajasthan","Pali","56.83","30.13","46.42","67.8","45.51","127.17","35.98","224.36","17.95","342.37","202.68","791.83"
"159","2005","10","Rajasthan","Pali","61.39","32.4","49.58","72.2","46.6","130.01","36.89","228.42","17.12","319.67","211.57","782.69"
"159","2010","10","Rajasthan","Pali","63.47","34.24","50.74","73.73","47.18","132.27","36.57","225.9","16.07","295.57","214.04","761.72"
"160","1970","10","Rajasthan","Swami Madhopur","70.03","33.91","41.14","59.57","41.52","120.39","32.41","197.54","7.69","128.6","192.8","540.0"
"160","1976","10","Rajasthan","Swami Madhopur","101.42","42.87","57.35","80.79","46.65","133.4","33.38","200.02","6.49","103.11","245.3","560.18"
"160","1980","10","Rajasthan","Swami Madhopur","99.64","43.42","60.06","83.87","44.68","125.13","29.12","172.51","5.55","84.89","239.04","509.82"
"160","1985","10","Rajasthan","Swami Madhopur","98.91","44.23","60.38","84.34","48.64","138.15","32.93","196.46","6.11","90.15","246.97","553.34"
"160","1990","10","Rajasthan","Swami Madhopur","114.95","51.19","65.19","92.26","52.01","147.38","33.21","196.42","5.28","77.23","270.64","564.49"
"160","1995","10","Rajasthan","Swami Madhopur","111.17","50.5","61.71","87.04","48.9","139.06","30.55","180.57","4.86","72.01","257.2","529.18"
"160","2000","10","Rajasthan","Swami Madhopur","129.91","58.36","67.56","94.78","50.07","141.79","29.15","171.63","4.36","63.47","281.06","530.03"
"160","2005","10","Rajasthan","Swami Madhopur","141.93","64.48","70.71","99.07","50.83","142.69","27.64","160.47","3.82","54.95","294.92","521.66"
"160","2010","10","Rajasthan","Swami Madhopur","157.45","72.51","76.11","106.64","50.58","141.96","26.12","152.37","3.39","49.13","313.66","522.6"
"161","1970","10","Rajasthan","Sikar","22.6","11.86","24.6","36.56","33.57","97.82","37.33","236.25","14.96","239.58","133.07","622.07"
"161","1976","10","Rajasthan","Sikar","29.04","13.72","27.17","39.39","35.38","102.03","36.88","230.21","13.86","199.09","142.33","584.44"
"161","1980","10","Rajasthan","Sikar","31.98","15.34","28.56","41.76","36.34","104.19","34.46","211.32","9.37","141.07","140.71","513.69"
"161","1985","10","Rajasthan","Sikar","30.65","16.25","35.7","52.18","44.8","129.13","41.17","252.28","10.72","158.17","163.05","608.02"
"161","1990","10","Rajasthan","Sikar","35.86","19.31","42.65","62.42","52.03","148.25","42.46","255.74","8.83","126.56","181.84","612.28"
"161","1995","10","Rajasthan","Sikar","40.69","23.28","50.04","72.4","58.28","165.4","42.28","251.95","7.02","98.24","198.29","611.28"
"161","2000","10","Rajasthan","Sikar","55.27","31.49","64.5","93.56","68.27","191.99","39.22","227.96","4.58","62.79","231.85","607.79"
"161","2005","10","Rajasthan","Sikar","65.94","38.47","76.86","110.05","72.89","202.74","36.13","205.4","3.4","46.17","255.23","602.81"
"161","2010","10","Rajasthan","Sikar","104.25","59.19","94.93","134.16","71.75","197.83","29.91","168.64","2.48","34.02","303.32","593.82"
"162","1970","10","Rajasthan","Sirohi","22.05","11.77","15.71","22.74","13.22","37.29","10.82","66.99","3.88","72.91","65.67","211.7"
"162","1976","10","Rajasthan","Sirohi","24.74","12.85","16.86","24.36","15.11","42.06","11.12","68.02","3.68","66.66","71.5","213.94"
"162","1980","10","Rajasthan","Sirohi","35.54","18.16","21.08","31.42","15.5","44.2","9.55","58.33","2.94","58.44","84.62","210.55"
"162","1985","10","Rajasthan","Sirohi","25.46","13.2","17.89","25.62","16.11","44.32","11.59","70.74","3.72","59.34","74.77","213.21"
"162","1990","10","Rajasthan","Sirohi","26.77","14.18","19.0","27.5","16.01","44.84","11.31","69.68","3.58","59.07","76.66","215.27"
"162","1995","10","Rajasthan","Sirohi","27.09","14.54","19.37","28.08","15.8","44.49","11.03","67.75","3.13","51.13","76.43","206.0"
"162","2000","10","Rajasthan","Sirohi","24.96","13.42","17.85","25.83","14.82","41.71","10.66","65.66","3.17","56.66","71.46","203.28"
"162","2005","10","Rajasthan","Sirohi","28.71","15.18","19.63","28.21","15.56","43.38","10.63","65.05","3.07","48.25","77.61","200.06"
"162","2010","10","Rajasthan","Sirohi","28.98","15.56","19.52","28.04","15.3","42.87","10.64","65.18","3.11","49.01","77.55","200.65"
"163","1970","10","Rajasthan","Tonk","26.84","12.9","20.82","30.26","28.03","82.09","26.49","168.68","11.64","214.01","113.81","507.94"
"163","1976","10","Rajasthan","Tonk","39.79","17.09","25.02","35.94","30.9","89.82","29.51","186.98","10.75","172.16","135.96","501.99"
"163","1980","10","Rajasthan","Tonk","36.18","16.86","25.8","37.4","32.75","95.49","28.64","179.35","8.53","142.45","131.88","471.54"
"163","1985","10","Rajasthan","Tonk","40.84","18.31","27.12","38.6","31.86","92.36","30.85","193.76","11.0","173.02","141.67","516.05"
"163","1990","10","Rajasthan","Tonk","39.18","19.0","28.92","41.69","35.18","102.3","34.0","211.5","9.81","148.21","147.09","522.71"
"163","1995","10","Rajasthan","Tonk","40.35","20.22","32.43","46.81","37.47","108.14","34.12","210.94","8.99","134.32","153.36","520.43"
"163","2000","10","Rajasthan","Tonk","50.39","24.78","37.63","54.26","39.95","114.76","33.44","204.9","8.07","120.07","169.48","518.77"
"163","2005","10","Rajasthan","Tonk","58.73","29.19","41.9","60.16","41.52","118.14","32.15","195.46","7.25","106.18","181.55","509.13"
"163","2010","10","Rajasthan","Tonk","64.33","32.39","46.91","67.33","43.96","124.87","31.35","188.35","6.26","92.4","192.81","505.33"
"164","1970","10","Rajasthan","Udaipur","129.23","55.56","72.41","101.94","58.32","165.35","36.47","216.24","7.39","126.1","303.81","665.19"
"164","1976","10","Rajasthan","Udaipur","209.5","81.47","89.31","125.05","68.21","189.63","36.03","210.39","6.83","263.93","409.88","870.47"
"164","1980","10","Rajasthan","Udaipur","178.07","79.42","90.98","127.48","68.05","187.04","32.83","190.05","4.38","76.75","374.31","660.74"
"164","1985","10","Rajasthan","Udaipur","193.1","82.24","94.59","132.76","70.69","195.34","35.29","202.09","5.37","84.01","399.04","696.44"
"164","1990","10","Rajasthan","Udaipur","204.67","89.81","97.63","136.66","70.41","195.21","33.72","195.5","4.92","79.74","411.33","696.92"
"164","1995","10","Rajasthan","Udaipur","214.84","94.13","101.19","143.0","70.42","142.01","33.13","191.11","4.58","71.88","424.16","642.11"
"164","2000","10","Rajasthan","Udaipur","225.94","100.31","105.55","148.46","71.49","197.53","31.29","180.84","4.22","66.98","438.48","694.13"
"164","2005","10","Rajasthan","Udaipur","252.11","110.87","106.51","148.88","68.05","186.98","27.99","159.7","3.43","55.2","458.08","661.62"
"164","2010","10","Rajasthan","Udaipur","300.0","132.21","115.24","161.0","67.68","185.45","26.36","150.19","3.0","46.54","512.28","675.39"
"165","1970","9","Punjab","Gurdaspur","56.55","-1.0","24.37","-1.0","23.16","-1.0","15.49","-1.0","2.96","-1.0","122.54","-1.0"
"165","1980","9","Punjab","Gurdaspur","30.29","-1.0","23.94","-1.0","26.64","-1.0","16.03","-1.0","3.03","-1.0","99.92","-1.0"
"165","1985","9","Punjab","Gurdaspur","35.57","-1.0","23.08","-1.0","28.39","-1.0","16.46","-1.0","2.74","-1.0","106.24","-1.0"
"165","1990","9","Punjab","Gurdaspur","41.43","-2.0","22.98","-1.0","30.61","-1.0","15.82","-1.0","2.36","-1.0","113.21","-1.0"
"165","1995","9","Punjab","Gurdaspur","27.58","-1.0","22.47","-1.0","32.9","-1.0","22.25","-1.0","2.36","-1.0","107.55","-1.0"
"165","2000","9","Punjab","Gurdaspur","10.36","6.81","16.09","22.55","30.1","78.89","20.44","112.96","2.41","32.89","79.4","254.1"
"165","2005","9","Punjab","Gurdaspur","15.47","9.7","20.49","29.38","30.07","79.67","18.96","105.17","2.19","29.73","87.18","253.64"
"165","2010","9","Punjab","Gurdaspur","23.0","14.0","23.0","32.0","31.0","81.0","16.0","86.0","1.0","17.0","94.0","229.0"
"166","1970","9","Punjab","Amritsar","87.46","-1.0","36.98","-1.0","34.21","-1.0","23.81","-1.0","4.34","-1.0","186.81","-1.0"
"166","1980","9","Punjab","Amritsar","23.53","-1.0","21.94","-1.0","37.64","-1.0","25.66","-1.0","5.93","-1.0","114.7","-1.0"
"166","1985","9","Punjab","Amritsar","21.38","-1.0","27.96","-1.0","35.33","-1.0","24.59","-1.0","5.27","-1.0","114.54","-1.0"
"166","1990","9","Punjab","Amritsar","27.68","-1.0","21.33","-1.0","36.97","-1.0","32.16","-1.0","5.98","-1.0","124.1","-1.0"
"166","1995","9","Punjab","Amritsar","19.76","-1.0","25.74","-1.0","46.3","-1.0","35.41","-1.0","6.53","-1.0","133.74","-1.0"
"166","2000","9","Punjab","Amritsar","11.23","7.38","26.73","37.71","52.85","141.74","34.76","189.81","3.74","50.75","129.3","427.38"
"166","2005","9","Punjab","Amritsar","15.28","9.99","29.88","41.53","50.34","135.04","32.26","178.85","3.88","52.47","131.65","417.88"
"166","2010","9","Punjab","Amritsar","17.0","11.0","30.0","42.0","47.0","122.0","31.0","173.0","4.0","60.0","129.0","407.0"
"167","1970","9","Punjab","Kapurthala","23.17","-1.0","10.97","-1.0","10.85","-1.0","6.75","-1.0","1.27","-1.0","53.01","-1.0"
"167","1980","9","Punjab","Kapurthala","4.27","-1.0","7.32","-1.0","12.29","-1.0","9.38","-1.0","2.1","-1.0","35.35","-1.0"
"167","1985","9","Punjab","Kapurthala","7.07","-1.0","7.96","-1.0","13.19","-1.0","8.87","-1.0","1.75","-1.0","38.83","-1.0"
"167","1990","9","Punjab","Kapurthala","8.43","-1.0","7.96","-1.0","12.47","-1.0","7.48","-1.0","2.53","-1.0","38.87","-1.0"
"167","1995","9","Punjab","Kapurthala","5.98","-1.0","7.5","-1.0","13.27","-1.0","9.37","-1.0","2.63","-1.0","38.75","-1.0"
"167","2000","9","Punjab","Kapurthala","6.84","4.48","7.21","9.89","12.42","33.12","9.98","56.12","2.13","31.98","38.58","135.59"
"167","2005","9","Punjab","Kapurthala","4.82","3.11","6.72","9.16","10.15","26.76","8.44","48.27","2.58","40.83","32.71","128.12"
"167","2010","9","Punjab","Kapurthala","5.0","3.0","6.0","8.0","11.0","28.0","9.0","48.0","2.0","30.0","32.0","117.0"
"168","1970","9","Punjab","Jalandhar","47.61","-1.0","23.34","-1.0","24.64","-1.0","17.45","-1.0","3.25","-1.0","116.29","-1.0"
"168","1980","9","Punjab","Jalandhar","15.39","-1.0","12.64","-1.0","24.11","-1.0","18.75","-1.0","4.03","-1.0","74.93","-1.0"
"168","1985","9","Punjab","Jalandhar","19.58","-1.0","13.69","-1.0","25.48","-1.0","19.07","-1.0","4.51","-1.0","82.32","-1.0"
"168","1990","9","Punjab","Jalandhar","25.71","-1.0","14.95","-1.0","22.9","-1.0","17.94","-1.0","4.36","-1.0","85.86","-1.0"
"168","1995","9","Punjab","Jalandhar","24.2","-1.61","14.89","-1.61","25.26","-1.61","19.33","-1.61","4.27","-1.61","87.94","-1.61"
"168","2000","9","Punjab","Jalandhar","18.68","13.69","14.7","21.68","24.62","66.24","18.31","104.26","4.38","67.05","80.7","272.93"
"168","2005","9","Punjab","Jalandhar","6.5","4.35","11.09","15.34","19.5","51.16","18.2","103.79","4.98","75.96","60.26","250.59"
"168","2010","9","Punjab","Jalandhar","7.05","4.83","10.66","14.49","19.88","53.42","20.66","116.74","5.61","78.54","64.47","267.41"
"169","1970","9","Punjab","Hoshiarpur","82.25","-1.0","26.07","-1.0","22.57","-1.0","14.13","-1.0","3.13","-1.0","148.14","-1.0"
"169","1980","9","Punjab","Hoshiarpur","26.02","-1.0","20.36","-1.0","28.02","-1.0","16.64","-1.0","2.81","-1.0","93.85","-1.0"
"169","1985","9","Punjab","Hoshiarpur","29.53","-1.0","23.21","-1.0","27.42","-1.0","15.68","-1.0","2.41","-1.0","98.26","-1.0"
"169","1990","9","Punjab","Hoshiarpur","31.51","-1.0","22.83","-1.0","25.34","-1.0","16.13","-1.0","2.65","-1.0","98.46","-1.0"
"169","1995","9","Punjab","Hoshiarpur","25.76","-1.39","21.69","-1.39","27.44","-1.39","18.12","-1.39","2.75","-1.39","95.77","-1.39"
"169","2000","9","Punjab","Hoshiarpur","21.54","12.02","20.21","27.71","24.93","64.54","16.02","89.52","2.31","32.35","85.01","226.16"
"169","2005","9","Punjab","Hoshiarpur","23.02","12.81","20.8","28.25","24.59","63.39","15.56","86.08","2.35","33.25","86.31","223.78"
"169","2010","9","Punjab","Hoshiarpur","22.95","13.17","20.34","27.51","24.12","64.58","17.34","96.26","3.39","43.46","88.53","244.59"
"170","1970","9","Punjab","Roopnagar / Ropar","31.57","-1.0","11.82","-1.0","11.82","-1.0","8.4","-1.0","1.57","-1.0","65.18","-1.0"
"170","1980","9","Punjab","Roopnagar / Ropar","15.24","-1.0","12.38","-1.0","12.67","-1.0","8.03","-1.0","1.17","-1.0","49.5","-1.0"
"170","1985","9","Punjab","Roopnagar / Ropar","17.64","-1.0","9.61","-1.0","13.83","-1.0","8.42","-1.0","1.35","-1.0","50.84","-1.0"
"170","1990","9","Punjab","Roopnagar / Ropar","22.26","-1.0","9.18","-1.0","12.65","-1.0","8.43","-1.0","1.17","-1.0","53.69","-1.0"
"170","1995","9","Punjab","Roopnagar / Ropar","17.25","-1.0","13.49","-1.0","12.54","-1.0","6.42","-1.0","0.94","-1.0","50.63","-1.0"
"170","2000","9","Punjab","Roopnagar / Ropar","12.81","6.98","11.78","16.14","13.93","35.99","7.16","40.02","0.74","10.86","46.41","110.0"
"170","2005","9","Punjab","Roopnagar / Ropar","15.25","8.64","11.28","15.32","11.03","30.01","5.97","32.02","0.67","10.18","44.18","96.16"
"170","2010","9","Punjab","Roopnagar / Ropar","13.5","8.0","11.0","16.0","11.5","28.5","6.5","35.0","0.5","12.0","44.0","99.0"
"171","1970","9","Punjab","Ludhiana","25.51","-1.0","17.62","-1.0","23.04","-1.0","21.04","-1.0","4.2","-1.0","91.41","-1.0"
"171","1980","9","Punjab","Ludhiana","16.68","-1.0","22.68","-1.0","35.31","-1.0","26.1","-1.0","10.19","-1.0","110.97","-1.0"
"171","1985","9","Punjab","Ludhiana","24.78","-1.0","25.79","-1.0","28.07","-1.0","25.41","-1.0","11.69","-1.0","115.74","-1.0"
"171","1990","9","Punjab","Ludhiana","28.14","-1.0","26.95","-1.0","26.8","-1.0","21.45","-1.0","8.88","-1.0","112.22","-1.0"
"171","1995","9","Punjab","Ludhiana","10.4","-1.15","13.34","-1.15","18.87","-1.15","21.54","-1.15","6.11","-1.15","70.24","-1.15"
"171","2000","9","Punjab","Ludhiana","8.95","5.61","14.02","19.65","25.44","69.28","22.71","132.33","5.29","77.5","76.42","304.38"
"171","2005","9","Punjab","Ludhiana","10.18","6.39","14.65","20.55","23.69","64.03","22.21","130.4","5.04","73.41","75.76","294.78"
"171","2010","9","Punjab","Ludhiana","9.45","6.3","11.6","16.9","22.2","59.3","24.35","143.5","7.15","103.15","74.9","328.15"
"172","1970","9","Punjab","Ferozpur","82.23","-1.0","50.84","-1.0","57.15","-1.0","51.92","-1.0","16.41","-1.0","258.55","-1.0"
"172","1980","9","Punjab","Ferozpur","23.87","-1.0","32.2","-1.0","37.07","-1.0","51.32","-1.0","13.71","-1.0","158.14","-1.0"
"172","1985","9","Punjab","Ferozpur","40.56","-1.0","28.24","-1.0","38.63","-1.0","43.29","-1.0","13.73","-1.0","164.45","-1.0"
"172","1990","9","Punjab","Ferozpur","47.54","-1.74","28.08","-1.74","32.53","-1.74","40.73","-1.74","13.46","-1.74","162.35","-1.74"
"172","1995","9","Punjab","Ferozpur","26.23","-3.22","20.46","-3.22","47.35","-3.22","62.31","-3.22","22.21","-3.22","178.55","-3.22"
"172","2000","9","Punjab","Ferozpur","9.57","6.38","19.49","26.82","47.39","124.77","59.89","350.92","21.89","352.45","158.23","861.33"
"172","2005","9","Punjab","Ferozpur","12.23","8.1","20.44","29.27","48.87","129.03","61.76","364.34","21.34","337.85","164.65","868.58"
"172","2010","9","Punjab","Ferozpur","19.1","12.4","23.32","33.24","47.9","126.34","63.08","362.16","19.14","299.72","173.28","832.12"
"174","1970","9","Punjab","Bhatinda","35.56","-1.0","24.85","-1.0","30.01","-1.0","36.67","-1.0","14.93","-1.0","142.03","-1.0"
"174","1980","9","Punjab","Bhatinda","15.99","-1.0","19.39","-1.0","27.13","-1.0","42.78","-1.0","15.33","-1.0","120.64","-1.0"
"174","1985","9","Punjab","Bhatinda","20.01","-1.0","16.94","-1.0","30.13","-1.0","42.34","-1.0","13.44","-1.0","122.86","-1.0"
"174","1990","9","Punjab","Bhatinda","23.2","-1.26","18.41","-1.26","31.0","-1.26","44.44","-1.26","13.12","-1.26","130.17","-1.26"
"174","1995","9","Punjab","Bhatinda","19.14","-2.78","15.07","-2.78","32.79","-2.78","41.88","-2.78","14.95","-2.78","123.8","-2.78"
"174","2000","9","Punjab","Bhatinda","11.77","7.26","17.61","25.09","37.36","101.29","46.52","276.61","13.9","210.51","127.14","620.75"
"174","2005","9","Punjab","Bhatinda","14.53","9.29","17.72","25.5","39.42","105.17","47.15","276.0","13.64","202.74","132.45","618.7"
"174","2010","9","Punjab","Bhatinda","15.9","9.6","18.68","25.76","39.1","102.66","47.92","274.84","13.86","200.28","134.72","613.88"
"175","1970","9","Punjab","Sangrur","24.4","-1.0","18.72","-1.0","24.72","-1.0","30.65","-1.0","9.36","-1.0","107.84","-1.0"
"175","1980","9","Punjab","Sangrur","11.69","-1.0","14.04","-1.0","24.85","-1.0","30.98","-1.0","8.18","-1.0","89.73","-1.0"
"175","1985","9","Punjab","Sangrur","16.55","-1.0","14.44","-1.0","29.15","-1.0","32.01","-1.0","9.58","-1.0","101.72","-1.0"
"175","1990","9","Punjab","Sangrur","19.17","-1.0","14.08","-1.0","29.3","-1.0","33.43","-1.0","6.17","-1.0","102.15","-1.0"
"175","1995","9","Punjab","Sangrur","10.91","-1.08","14.36","-1.08","34.23","-1.08","38.68","-1.08","8.78","-1.08","106.97","-1.08"
"175","2000","9","Punjab","Sangrur","5.72","3.61","13.32","18.13","33.0","89.1","36.34","209.13","8.55","126.57","96.92","446.54"
"175","2005","9","Punjab","Sangrur","9.21","5.7","16.21","25.03","34.62","95.91","34.86","201.09","7.78","115.97","102.68","443.7"
"175","2010","9","Punjab","Sangrur","20.24","13.16","22.32","33.48","40.64","111.76","36.72","209.0","7.08","104.68","127.08","472.08"
"176","1970","9","Punjab","Patiala","21.25","-1.0","14.51","-1.0","18.94","-1.0","21.45","-1.0","7.46","-1.0","83.6","-1.0"
"176","1980","9","Punjab","Patiala","14.37","-1.0","12.46","-1.0","21.71","-1.0","23.41","-1.0","7.46","-1.0","79.42","-1.0"
"176","1985","9","Punjab","Patiala","23.61","-1.0","16.71","-1.0","21.21","-1.0","24.01","-1.0","7.09","-1.0","92.62","-1.0"
"176","1990","9","Punjab","Patiala","21.08","-1.0","17.09","-1.0","28.2","-1.0","23.48","-1.0","6.5","-1.0","96.35","-1.0"
"176","1995","9","Punjab","Patiala","16.69","-1.77","14.46","-1.77","29.41","-1.77","30.49","-1.77","8.1","-1.77","99.14","-1.77"
"176","2000","9","Punjab","Patiala","5.31","3.28","11.93","16.62","26.22","71.49","28.82","169.05","7.02","102.68","79.28","363.12"
"176","2005","9","Punjab","Patiala","8.29","5.28","13.82","19.11","27.65","74.09","30.39","174.52","6.5","94.41","86.64","367.4"
"176","2010","9","Punjab","Patiala","11.81","7.54","16.08","22.62","29.66","78.44","29.43","168.5","5.27","80.17","92.02","356.77"
"177","1970","4","Haryana","Hissar","44.61","-1.0","40.09","-1.0","54.52","-1.0","68.84","-1.0","31.57","-1.0","239.62","-1.0"
"177","1976","4","Haryana","Hissar","54.04","-1.0","43.61","-1.0","53.18","-1.0","51.46","-1.0","30.45","-1.0","232.77","-1.0"
"177","1980","4","Haryana","Hissar","54.69","30.57","46.62","71.94","56.36","167.14","70.59","453.47","27.74","481.16","255.99","1204.26"
"177","1985","4","Haryana","Hissar","85.54","43.44","67.79","99.35","78.82","223.3","79.87","493.16","25.83","415.63","337.86","1274.87"
"177","1990","4","Haryana","Hissar","133.06","77.15","84.62","139.38","107.83","311.31","80.69","480.07","18.11","283.29","424.29","1291.2"
"177","1995","4","Haryana","Hissar","175.01","87.58","95.04","128.63","107.5","305.38","77.34","476.93","16.88","287.12","471.76","1285.64"
"177","2000","4","Haryana","Hissar","137.61","67.26","77.47","112.66","90.28","255.62","73.91","448.11","19.87","333.72","399.14","1217.38"
"177","2005","4","Haryana","Hissar","157.62","72.87","93.87","133.5","95.6","270.64","74.41","450.66","19.77","317.58","441.24","1245.25"
"177","2010","4","Haryana","Hissar","158.92","79.42","89.86","137.99","94.01","276.88","69.85","431.39","17.82","319.11","430.43","1244.77"
"180","1970","4","Haryana","Gurgaon","59.93","-1.0","34.85","-1.0","35.49","-1.0","28.62","-1.0","6.52","-1.0","165.4","-1.0"
"180","1976","4","Haryana","Gurgaon","69.56","-1.0","31.23","-1.0","30.63","-1.0","18.77","-1.0","4.72","-1.0","154.92","-1.0"
"180","1980","4","Haryana","Gurgaon","68.12","35.07","31.97","54.04","33.15","88.89","22.48","135.04","3.2","56.03","158.91","369.08"
"180","1985","4","Haryana","Gurgaon","101.22","44.0","38.4","56.54","32.84","93.98","21.73","127.97","3.44","49.24","197.62","371.73"
"180","1990","4","Haryana","Gurgaon","93.24","34.43","40.16","52.53","45.89","129.67","19.04","108.9","1.65","27.13","199.99","352.64"
"180","1995","4","Haryana","Gurgaon","129.08","59.96","47.88","66.11","33.99","88.88","17.23","95.16","1.95","28.74","230.13","338.83"
"180","2000","4","Haryana","Gurgaon","113.75","50.38","41.18","57.88","30.46","85.75","17.56","103.06","3.0","49.21","205.95","346.28"
"180","2005","4","Haryana","Gurgaon","100.12","43.66","36.46","51.88","28.54","81.07","15.6","91.59","2.54","43.92","183.24","312.11"
"180","2010","4","Haryana","Gurgaon","141.31","68.65","43.16","65.48","34.0","99.63","15.96","95.25","2.72","55.8","237.18","384.78"
"181","1970","4","Haryana","Jind","10.29","-1.0","9.65","-1.0","11.32","-1.0","13.85","-1.0","5.9","-1.0","51.01","-1.0"
"181","1976","4","Haryana","Jind","12.58","-1.0","10.62","-1.0","13.84","-1.0","12.68","-1.0","6.95","-1.0","56.67","-1.0"
"181","1980","4","Haryana","Jind","15.32","9.04","10.5","19.6","11.8","37.81","16.56","97.69","5.99","112.08","60.16","276.22"
"181","1985","4","Haryana","Jind","25.65","12.38","14.88","21.51","20.85","60.15","18.64","114.11","4.92","79.93","84.94","288.07"
"181","1990","4","Haryana","Jind","38.7","18.87","21.31","31.65","22.3","63.34","16.94","101.65","4.03","65.57","103.26","281.07"
"181","1995","4","Haryana","Jind","56.35","32.08","25.38","36.48","23.61","66.27","15.54","94.35","3.24","54.63","124.12","283.79"
"181","2000","4","Haryana","Jind","39.32","18.99","20.63","30.39","20.12","56.74","16.1","98.92","5.04","78.46","101.21","283.51"
"181","2005","4","Haryana","Jind","37.67","18.82","19.08","28.7","19.48","56.94","16.12","100.79","4.65","75.12","96.99","280.38"
"181","2010","4","Haryana","Jind","43.43","21.53","20.98","30.85","20.59","59.17","15.78","96.93","4.38","67.74","105.14","276.23"
"182","1970","4","Haryana","Mahendragarh / Narnaul","17.43","-1.0","13.64","-1.0","16.73","-1.0","17.44","-1.0","6.16","-1.0","71.41","-1.0"
"182","1976","4","Haryana","Mahendragarh / Narnaul","31.36","-1.0","19.65","-1.0","20.92","-1.0","17.11","-1.0","7.09","-1.0","96.12","-1.0"
"182","1980","4","Haryana","Mahendragarh / Narnaul","33.4","17.91","21.16","32.14","22.35","63.72","21.57","132.1","6.75","114.6","105.22","360.45"
"182","1985","4","Haryana","Mahendragarh / Narnaul","49.87","23.39","28.41","40.27","28.93","79.97","25.22","143.98","6.82","91.16","139.23","378.76"
"182","1990","4","Haryana","Mahendragarh / Narnaul","61.29","28.11","32.21","43.63","29.63","80.93","22.03","130.33","5.9","82.14","151.06","365.16"
"182","1995","4","Haryana","Mahendragarh / Narnaul","75.44","35.14","34.33","46.02","31.85","87.32","22.63","132.79","5.51","84.74","169.74","386.02"
"182","2000","4","Haryana","Mahendragarh / Narnaul","72.91","32.15","32.57","44.07","27.88","77.31","20.78","125.87","5.19","80.78","159.31","360.17"
"182","2005","4","Haryana","Mahendragarh / Narnaul","68.59","32.8","32.99","45.17","30.13","82.17","21.04","124.95","5.63","84.95","158.38","370.02"
"182","2010","4","Haryana","Mahendragarh / Narnaul","89.28","38.91","36.31","49.69","31.66","87.29","20.73","122.58","4.91","83.21","182.9","381.69"
"183","1970","4","Haryana","Ambala","34.58","-1.0","17.69","-1.0","18.74","-1.0","15.21","-1.0","3.99","-1.0","90.21","-1.0"
"183","1976","4","Haryana","Ambala","32.33","-1.0","15.43","-1.0","17.63","-1.0","12.05","-1.0","4.4","-1.0","81.83","-1.0"
"183","1980","4","Haryana","Ambala","33.42","14.3","15.47","21.62","18.15","51.16","15.94","92.51","4.43","70.51","87.41","250.1"
"183","1985","4","Haryana","Ambala","52.64","21.67","23.21","32.55","23.67","60.88","16.66","90.23","3.63","44.77","119.81","250.11"
"183","1990","4","Haryana","Ambala","71.74","33.11","23.99","40.38","26.64","76.7","15.52","90.4","2.38","39.47","140.27","280.06"
"183","1995","4","Haryana","Ambala","86.2","36.81","28.04","42.09","27.82","78.45","14.05","81.65","1.9","30.62","158.02","269.61"
"183","2000","4","Haryana","Ambala","74.35","32.08","26.1","38.4","20.87","59.87","13.19","79.64","2.76","51.12","137.25","261.1"
"183","2005","4","Haryana","Ambala","80.41","34.31","28.2","41.53","22.16","61.81","13.56","81.17","2.78","45.61","147.12","264.42"
"183","2010","4","Haryana","Ambala","68.94","30.42","26.19","38.37","21.3","59.69","13.83","82.9","2.67","43.67","132.93","255.05"
"184","1970","4","Haryana","Karnal","43.78","-1.0","31.25","-1.0","38.23","-1.0","36.8","-1.0","11.44","-1.0","161.49","-1.0"
"184","1976","4","Haryana","Karnal","50.45","-1.0","36.2","-1.0","40.55","-1.0","31.32","-1.0","11.13","-1.0","169.65","-1.0"
"184","1980","4","Haryana","Karnal","58.24","28.04","36.24","56.62","39.23","120.38","38.81","250.44","9.62","167.86","182.14","623.32"
"184","1985","4","Haryana","Karnal","97.06","44.57","51.55","74.55","54.54","151.67","44.46","243.04","9.26","125.33","256.86","639.16"
"184","1990","4","Haryana","Karnal","113.22","50.98","51.87","76.84","56.32","157.94","36.16","216.48","7.21","122.18","264.79","624.41"
"184","1995","4","Haryana","Karnal","140.17","64.59","55.14","80.82","56.04","157.69","34.49","198.23","6.78","113.99","292.59","615.29"
"184","2000","4","Haryana","Karnal","141.18","59.18","54.91","80.17","48.61","135.84","33.35","197.68","8.95","153.54","287.01","626.39"
"184","2005","4","Haryana","Karnal","122.88","54.37","49.75","72.73","44.54","127.24","31.68","192.43","8.8","161.17","257.66","607.91"
"184","2010","4","Haryana","Karnal","132.44","56.6","49.26","72.05","43.92","125.05","30.54","184.47","8.93","176.59","265.06","614.75"
"186","1970","4","Haryana","Rohtak","39.42","-1.0","26.4","-1.0","30.14","-1.0","30.58","-1.0","8.67","-1.0","135.22","-1.0"
"186","1976","4","Haryana","Rohtak","57.6","-1.0","30.19","-1.0","33.57","-1.0","25.44","-1.0","7.49","-1.0","154.28","-1.0"
"186","1980","4","Haryana","Rohtak","62.34","30.14","32.14","49.24","29.83","92.8","30.21","186.5","7.23","119.56","161.74","478.25"
"186","1985","4","Haryana","Rohtak","90.21","39.85","40.48","58.01","41.68","120.37","32.45","196.91","6.24","96.02","211.06","511.16"
"186","1990","4","Haryana","Rohtak","110.78","52.45","49.55","78.23","47.68","123.78","31.42","172.58","6.68","89.64","246.11","516.68"
"186","1995","4","Haryana","Rohtak","152.41","88.0","52.65","72.9","47.66","131.59","25.09","143.34","3.83","60.73","281.63","496.57"
"186","2000","4","Haryana","Rohtak","124.91","56.55","41.24","58.28","39.73","109.82","27.09","156.76","4.96","73.69","237.93","455.08"
"186","2005","4","Haryana","Rohtak","197.01","89.32","51.06","74.62","42.4","120.64","23.6","144.46","4.54","74.22","318.63","503.24"
"186","2010","4","Haryana","Rohtak","143.82","64.96","49.09","68.28","38.36","106.77","28.02","171.93","4.39","76.42","263.66","488.35"
"189","1976","12","Uttar Pradesh","Saharanpur","126.5","-1.0","44.6","-1.0","36.8","-1.0","22.6","-1.0","2.3","-1.0","232.8","-1.0"
"189","1980","12","Uttar Pradesh","Saharanpur","144.4","56.4","48.7","68.3","37.9","106.9","21.7","124.4","2.0","27.7","254.7","383.7"
"189","1985","12","Uttar Pradesh","Saharanpur","169.2","67.7","54.2","77.6","39.6","112.4","19.5","109.4","1.5","19.8","284.0","386.9"
"189","1990","12","Uttar Pradesh","Saharanpur","187.7","74.0","58.4","82.9","42.9","122.0","18.5","104.4","1.2","16.5","308.7","399.8"
"189","1995","12","Uttar Pradesh","Saharanpur","139.9","52.9","40.5","59.2","27.3","78.5","12.1","72.0","-0.2","10.1","223.6","276.7"
"189","2000","12","Uttar Pradesh","Saharanpur","218.69","87.14","61.79","95.03","38.92","110.83","16.23","92.46","0.89","12.81","336.52","398.26"
"189","2005","12","Uttar Pradesh","Saharanpur","230.17","95.96","72.79","106.63","48.16","136.51","16.38","88.75","0.46","6.38","367.95","434.23"
"189","2010","12","Uttar Pradesh","Saharanpur","266.0","118.0","71.0","109.0","41.0","116.0","12.0","66.0","0.0","7.0","390.0","415.0"
"190","1976","12","Uttar Pradesh","Muzaffarnagar","126.2","-1.0","41.8","-1.0","33.9","-1.0","18.8","-1.0","1.8","-1.0","222.5","-1.0"
"190","1980","12","Uttar Pradesh","Muzaffarnagar","147.2","51.6","45.4","63.3","34.9","100.3","19.5","112.1","1.8","26.1","248.8","353.4"
"190","1985","12","Uttar Pradesh","Muzaffarnagar","160.5","56.4","46.1","64.6","32.6","90.0","15.8","89.3","1.1","17.2","256.1","317.5"
"190","1990","12","Uttar Pradesh","Muzaffarnagar","181.0","67.6","47.7","76.7","33.2","93.1","14.6","81.3","0.8","11.2","277.3","329.9"
"190","1995","12","Uttar Pradesh","Muzaffarnagar","191.6","67.4","55.8","76.2","35.1","97.8","13.6","74.4","0.5","8.6","296.6","324.4"
"190","2000","12","Uttar Pradesh","Muzaffarnagar","197.09","74.49","51.98","80.09","32.81","96.78","12.38","67.92","0.48","7.48","294.74","327.12"
"190","2005","12","Uttar Pradesh","Muzaffarnagar","219.65","94.18","52.17","78.53","31.75","88.5","10.61","57.31","0.38","6.54","314.56","325.06"
"190","2010","12","Uttar Pradesh","Muzaffarnagar","236.0","87.0","59.0","83.0","32.0","89.0","11.0","58.0","0.0","6.0","339.0","323.0"
"191","1976","12","Uttar Pradesh","Meerut","199.02","-1.0","65.57","-1.0","49.08","-1.0","22.52","-1.0","1.62","-1.0","337.81","-1.0"
"191","1980","12","Uttar Pradesh","Meerut","217.75","84.09","70.1","97.8","49.4","137.25","21.68","120.14","1.55","21.5","360.48","460.78"
"191","1985","12","Uttar Pradesh","Meerut","246.14","92.31","72.72","101.12","47.11","129.52","18.41","101.32","1.01","13.91","385.39","438.17"
"191","1990","12","Uttar Pradesh","Meerut","260.53","106.91","75.56","113.22","48.44","133.73","16.68","92.68","0.83","13.58","402.04","460.12"
"191","1995","12","Uttar Pradesh","Meerut","291.0","118.85","76.22","113.86","45.5","130.34","13.68","82.64","-1.02","10.56","432.49","463.37"
"191","2000","12","Uttar Pradesh","Meerut","360.2","150.55","96.89","141.03","57.27","159.48","18.95","100.57","0.62","9.26","533.94","560.9"
"191","2005","12","Uttar Pradesh","Meerut","382.23","169.72","98.49","143.49","49.56","140.37","14.4","80.49","0.51","8.07","545.2","542.14"
"191","2010","12","Uttar Pradesh","Meerut","381.88","161.62","86.2","120.9","45.04","121.44","12.9","67.72","0.0","5.56","527.02","478.24"
"192","1976","12","Uttar Pradesh","Buland Shahar","139.48","-1.0","55.53","-1.0","41.32","-1.0","18.68","-1.0","1.48","-1.0","256.49","-1.0"
"192","1980","12","Uttar Pradesh","Buland Shahar","159.45","67.01","59.1","78.6","41.5","114.45","18.02","100.76","1.35","19.9","279.42","380.72"
"192","1985","12","Uttar Pradesh","Buland Shahar","185.26","74.59","60.78","83.68","40.49","109.48","16.39","88.48","0.99","13.89","303.91","370.13"
"192","1990","12","Uttar Pradesh","Buland Shahar","201.07","84.99","66.4","99.38","40.96","112.67","15.52","84.22","0.97","14.12","324.92","395.38"
"192","1995","12","Uttar Pradesh","Buland Shahar","232.1","95.85","65.58","106.44","38.9","110.16","13.02","73.66","0.42","9.64","350.91","396.63"
"192","2000","12","Uttar Pradesh","Buland Shahar","243.5","98.52","62.48","88.14","35.71","99.03","12.14","65.18","0.42","5.75","354.24","356.62"
"192","2005","12","Uttar Pradesh","Buland Shahar","281.9","120.35","65.56","92.74","33.18","91.76","10.01","54.23","0.36","4.91","391.0","363.99"
"192","2010","12","Uttar Pradesh","Buland Shahar","305.12","118.38","63.8","95.1","28.96","78.56","8.1","43.28","0.0","4.44","405.98","337.76"
"194","1976","12","Uttar Pradesh","Aligarh","117.8","-1.0","50.6","-1.0","41.2","-1.0","21.9","-1.0","1.7","-1.0","233.2","-1.0"
"194","1980","12","Uttar Pradesh","Aligarh","131.6","52.9","54.8","76.0","41.9","113.9","22.2","124.5","1.7","21.8","252.2","389.1"
"194","1985","12","Uttar Pradesh","Aligarh","1010.2","63.0","58.7","90.4","43.7","118.2","20.4","114.1","1.3","17.2","1134.3","402.9"
"194","1990","12","Uttar Pradesh","Aligarh","173.3","73.4","62.2","88.2","42.2","113.1","22.7","123.2","0.9","12.9","301.3","410.8"
"194","1995","12","Uttar Pradesh","Aligarh","213.9","95.5","70.0","89.3","41.2","115.6","15.6","90.4","-0.2","9.9","344.5","404.7"
"194","2000","12","Uttar Pradesh","Aligarh","273.59","106.77","85.48","119.67","45.41","125.72","16.25","89.77","0.67","8.82","421.39","450.74"
"194","2005","12","Uttar Pradesh","Aligarh","286.27","114.81","94.75","127.1","48.85","134.41","15.37","83.56","0.59","7.98","445.83","467.86"
"194","2010","12","Uttar Pradesh","Aligarh","308.0","121.0","84.0","117.0","47.0","128.0","14.0","79.0","0.0","7.0","453.0","452.0"
"195","1976","12","Uttar Pradesh","Mathura","67.6","-1.0","36.4","-1.0","32.9","-1.0","21.0","-1.0","1.8","-1.0","159.7","-1.0"
"195","1980","12","Uttar Pradesh","Mathura","69.5","30.3","37.5","53.8","33.1","92.3","20.1","114.6","1.6","22.4","161.8","313.4"
"195","1985","12","Uttar Pradesh","Mathura","78.8","36.8","36.9","53.9","32.0","91.0","18.3","103.9","1.5","20.1","167.5","305.7"
"195","1990","12","Uttar Pradesh","Mathura","96.0","42.1","53.5","74.2","33.2","94.9","17.5","98.5","1.3","18.2","201.5","327.9"
"195","1995","12","Uttar Pradesh","Mathura","102.2","44.9","55.3","60.9","34.6","95.6","16.0","89.8","1.1","15.5","209.2","306.7"
"195","2000","12","Uttar Pradesh","Mathura","68.14","30.27","32.95","47.78","26.18","74.2","12.07","67.87","0.85","12.46","140.18","232.58"
"195","2005","12","Uttar Pradesh","Mathura","88.65","40.43","39.53","61.89","30.06","84.68","13.46","78.82","0.71","12.15","172.41","277.97"
"195","2010","12","Uttar Pradesh","Mathura","93.0","41.0","39.0","56.0","29.0","82.0","14.0","80.0","1.0","10.0","177.0","270.0"
"196","1976","12","Uttar Pradesh","Agra","121.8","-1.0","49.9","-1.0","39.2","-1.0","18.2","-1.0","1.8","-1.0","230.9","-1.0"
"196","1980","12","Uttar Pradesh","Agra","124.7","52.9","52.1","73.3","38.9","108.5","18.3","103.3","1.3","19.1","235.3","357.1"
"196","1985","12","Uttar Pradesh","Agra","140.1","58.6","54.1","77.2","37.6","104.3","16.7","92.3","1.2","17.1","249.7","349.5"
"196","1990","12","Uttar Pradesh","Agra","155.84","64.95","59.48","83.72","40.49","113.14","15.62","88.25","1.04","15.1","272.46","365.16"
"196","1995","12","Uttar Pradesh","Agra","167.83","74.74","70.4","86.76","37.46","104.15","14.87","83.49","1.0","13.29","291.57","362.43"
"196","2000","12","Uttar Pradesh","Agra","200.79","92.11","64.09","89.62","34.3","95.73","12.69","71.27","0.83","11.15","312.83","359.88"
"196","2005","12","Uttar Pradesh","Agra","264.37","101.95","62.91","85.55","31.58","86.9","11.0","61.91","0.72","10.28","370.58","346.59"
"196","2010","12","Uttar Pradesh","Agra","210.82","90.7","62.22","94.66","34.78","96.32","12.04","64.22","1.0","13.36","320.86","357.92"
"197","1976","12","Uttar Pradesh","Mainpuri","216.6","-1.0","57.6","-1.0","28.9","-1.0","9.6","-1.0","0.7","-1.0","313.4","-1.0"
"197","1980","12","Uttar Pradesh","Mainpuri","247.9","102.1","60.6","85.4","28.4","77.3","9.3","51.2","0.6","8.1","346.8","324.1"
"197","1985","12","Uttar Pradesh","Mainpuri","253.7","104.8","58.7","81.5","26.6","71.2","8.4","44.9","0.5","6.3","347.9","308.7"
"197","1990","12","Uttar Pradesh","Mainpuri","256.26","105.25","67.12","92.88","33.81","93.76","8.78","48.75","0.46","5.7","366.44","346.34"
"197","1995","12","Uttar Pradesh","Mainpuri","274.37","114.06","90.0","90.84","28.74","77.25","7.93","43.01","0.4","4.41","401.43","329.57"
"197","2000","12","Uttar Pradesh","Mainpuri","296.18","120.08","67.46","90.59","26.76","71.96","7.1","39.89","0.31","4.28","398.05","326.82"
"197","2005","12","Uttar Pradesh","Mainpuri","418.94","146.54","59.06","78.38","18.45","48.64","3.35","17.7","0.11","1.66","499.91","292.92"
"197","2010","12","Uttar Pradesh","Mainpuri","330.18","139.3","61.78","88.34","23.22","62.68","5.96","34.78","0.0","3.64","421.14","329.08"
"198","1976","12","Uttar Pradesh","Etah","205.4","-1.0","59.9","-1.0","30.7","-1.0","10.6","-1.0","0.7","-1.0","307.3","-1.0"
"198","1980","12","Uttar Pradesh","Etah","213.0","85.4","59.8","85.0","34.7","98.4","10.8","60.2","0.6","9.2","318.9","338.2"
"198","1985","12","Uttar Pradesh","Etah","216.7","93.9","62.6","84.8","30.7","88.0","9.8","55.9","0.5","8.6","320.3","331.2"
"198","1990","12","Uttar Pradesh","Etah","231.8","93.8","63.0","84.8","29.4","79.4","9.0","49.4","0.5","6.8","333.7","314.2"
"198","1995","12","Uttar Pradesh","Etah","283.4","123.8","65.7","90.4","28.3","75.7","7.8","42.0","0.4","5.7","385.6","337.6"
"198","2000","12","Uttar Pradesh","Etah","299.05","126.49","74.45","101.24","26.67","72.07","6.77","35.89","0.32","4.32","407.25","340.02"
"198","2005","12","Uttar Pradesh","Etah","314.13","141.89","69.96","96.47","25.92","68.99","6.55","33.94","0.29","4.02","416.85","345.31"
"198","2010","12","Uttar Pradesh","Etah","335.0","141.0","69.0","94.0","26.0","67.0","7.0","32.0","0.0","4.0","436.0","338.0"
"199","1976","12","Uttar Pradesh","Bareilly","200.7","-1.0","58.6","-1.0","35.8","-1.0","12.3","-1.0","0.8","-1.0","308.2","-1.0"
"199","1980","12","Uttar Pradesh","Bareilly","221.2","84.5","61.0","88.4","36.3","100.0","11.6","64.8","0.7","10.3","330.8","348.0"
"199","1985","12","Uttar Pradesh","Bareilly","235.5","89.4","59.9","83.4","34.4","95.3","10.5","57.3","0.6","8.7","340.9","334.1"
"199","1990","12","Uttar Pradesh","Bareilly","264.0","98.2","62.9","87.5","32.2","87.7","9.1","49.6","0.5","6.8","368.7","329.8"
"199","1995","12","Uttar Pradesh","Bareilly","283.0","105.6","54.3","90.0","31.5","86.4","8.3","44.8","0.4","5.6","377.5","332.4"
"199","2000","12","Uttar Pradesh","Bareilly","343.35","127.79","68.3","93.61","29.3","78.91","7.25","39.03","0.3","4.58","448.5","343.93"
"199","2005","12","Uttar Pradesh","Bareilly","348.58","135.68","68.04","92.75","27.79","74.98","6.36","33.61","0.43","8.65","451.2","345.67"
"199","2010","12","Uttar Pradesh","Bareilly","365.0","146.0","64.0","91.0","26.0","69.0","6.0","30.0","0.0","4.0","460.0","341.0"
"200","1976","12","Uttar Pradesh","Budaun","251.5","-1.0","72.4","-1.0","41.1","-1.0","15.1","-1.0","1.0","-1.0","381.1","-1.0"
"200","1980","12","Uttar Pradesh","Budaun","274.0","109.5","75.3","104.7","42.1","115.9","15.3","84.6","1.0","13.9","407.7","428.6"
"200","1985","12","Uttar Pradesh","Budaun","326.2","131.5","84.8","120.9","44.9","124.9","14.0","77.4","0.8","10.9","470.7","465.6"
"200","1990","12","Uttar Pradesh","Budaun","339.1","135.9","86.8","120.7","40.9","110.9","12.2","66.7","0.7","9.0","479.7","443.2"
"200","1995","12","Uttar Pradesh","Budaun","352.6","154.0","69.7","114.1","38.2","103.1","11.1","60.6","0.6","7.6","472.2","439.4"
"200","2000","12","Uttar Pradesh","Budaun","384.19","161.61","83.06","115.98","36.72","99.85","10.35","56.26","0.5","6.6","514.83","440.3"
"200","2005","12","Uttar Pradesh","Budaun","403.37","171.88","82.32","114.91","34.84","95.39","8.72","46.43","0.36","4.71","529.61","433.32"
"200","2010","12","Uttar Pradesh","Budaun","452.0","175.0","87.0","121.0","34.0","91.0","8.0","41.0","0.0","4.0","581.0","431.0"
"201","1976","12","Uttar Pradesh","Moradabad","224.6","-1.0","78.7","-1.0","53.9","-1.0","23.1","-1.0","1.5","-1.0","381.8","-1.0"
"201","1980","12","Uttar Pradesh","Moradabad","226.9","90.6","77.2","108.8","52.4","142.0","20.5","118.4","1.4","20.9","378.4","480.7"
"201","1985","12","Uttar Pradesh","Moradabad","268.2","482.6","80.3","110.3","50.8","140.5","16.8","91.3","0.9","12.9","417.0","837.6"
"201","1990","12","Uttar Pradesh","Moradabad","314.4","121.0","97.1","141.6","52.3","144.3","18.6","98.0","0.8","10.4","483.2","515.3"
"201","1995","12","Uttar Pradesh","Moradabad","359.6","154.1","81.5","116.9","42.9","130.7","14.8","82.4","-0.3","8.2","502.5","496.3"
"201","2000","12","Uttar Pradesh","Moradabad","469.4","171.38","102.46","143.85","49.6","134.84","14.58","79.22","0.65","9.05","636.68","538.32"
"201","2005","12","Uttar Pradesh","Moradabad","476.43","190.45","89.39","125.83","44.72","122.31","11.56","61.81","0.38","5.5","622.48","505.9"
"201","2010","12","Uttar Pradesh","Moradabad","480.0","184.0","90.0","125.0","43.0","118.0","11.0","59.0","0.0","6.0","625.0","492.0"
"202","1976","12","Uttar Pradesh","Shahjahanpur","210.9","-1.0","73.6","-1.0","34.8","-1.0","12.4","-1.0","1.1","-1.0","332.8","-1.0"
"202","1980","12","Uttar Pradesh","Shahjahanpur","241.8","94.3","64.9","90.3","34.3","92.8","11.8","64.9","0.9","14.0","353.7","356.3"
"202","1985","12","Uttar Pradesh","Shahjahanpur","246.4","97.6","65.5","90.1","33.1","90.5","11.1","60.8","0.8","11.2","356.9","350.2"
"202","1990","12","Uttar Pradesh","Shahjahanpur","247.0","102.5","65.8","90.0","33.4","90.4","11.3","60.2","0.7","10.2","358.2","353.3"
"202","1995","12","Uttar Pradesh","Shahjahanpur","281.9","119.2","49.9","104.8","32.8","88.8","10.0","54.9","0.6","9.0","375.2","376.7"
"202","2000","12","Uttar Pradesh","Shahjahanpur","278.97","122.44","65.77","101.42","31.44","89.18","10.6","57.64","0.51","7.72","387.3","378.4"
"202","2005","12","Uttar Pradesh","Shahjahanpur","290.39","128.31","62.38","93.57","27.88","76.68","8.13","42.87","0.53","7.82","389.31","349.25"
"202","2010","12","Uttar Pradesh","Shahjahanpur","306.0","141.0","65.0","92.0","30.0","81.0","8.0","41.0","0.0","5.0","409.0","360.0"
"203","1976","12","Uttar Pradesh","Pilibhit","101.8","-1.0","35.5","-1.0","23.3","-1.0","7.6","-1.0","0.9","-1.0","169.1","-1.0"
"203","1980","12","Uttar Pradesh","Pilibhit","104.0","42.6","36.5","50.7","21.4","57.0","7.6","41.2","0.8","14.0","170.3","205.5"
"203","1985","12","Uttar Pradesh","Pilibhit","115.7","48.0","39.8","54.2","22.4","58.6","7.8","40.2","0.7","16.3","186.4","217.3"
"203","1990","12","Uttar Pradesh","Pilibhit","120.5","61.6","38.7","53.5","21.5","57.3","7.2","38.6","0.6","12.1","188.5","223.1"
"203","1995","12","Uttar Pradesh","Pilibhit","124.3","51.3","35.9","58.0","23.2","62.1","7.6","41.0","0.6","9.3","191.6","221.7"
"203","2000","12","Uttar Pradesh","Pilibhit","130.61","61.2","41.58","60.73","22.52","62.08","7.11","37.78","0.51","8.68","202.34","230.46"
"203","2005","12","Uttar Pradesh","Pilibhit","147.3","67.59","42.38","63.87","21.9","58.54","7.57","39.69","0.44","6.43","219.59","236.12"
"203","2010","12","Uttar Pradesh","Pilibhit","152.0","74.0","41.0","58.0","22.0","58.0","7.0","35.0","0.0","6.0","222.0","231.0"
"204","1976","12","Uttar Pradesh","Rampur","103.4","-1.0","34.1","-1.0","19.5","-1.0","7.2","-1.0","0.6","-1.0","164.8","-1.0"
"204","1980","12","Uttar Pradesh","Rampur","91.3","38.2","31.3","43.2","17.9","48.5","6.7","37.1","0.6","9.9","147.8","176.9"
"204","1985","12","Uttar Pradesh","Rampur","110.2","45.9","34.9","51.1","19.6","52.1","6.7","36.3","0.4","8.0","171.8","193.4"
"204","1990","12","Uttar Pradesh","Rampur","116.7","49.0","35.9","50.4","18.7","51.1","6.5","34.8","0.4","7.1","178.2","192.4"
"204","1995","12","Uttar Pradesh","Rampur","120.7","52.9","36.7","64.7","19.4","51.9","5.8","30.6","0.3","5.6","182.9","205.7"
"204","2000","12","Uttar Pradesh","Rampur","135.56","57.71","40.41","56.17","17.94","49.14","5.36","28.62","0.24","4.52","199.5","196.16"
"204","2005","12","Uttar Pradesh","Rampur","140.74","62.01","40.22","58.69","17.65","47.47","4.84","25.79","0.18","3.8","203.63","197.76"
"204","2010","12","Uttar Pradesh","Rampur","148.0","59.0","36.0","50.0","18.0","47.0","5.0","26.0","0.0","4.0","207.0","186.0"
"205","1976","12","Uttar Pradesh","Bijnor","110.6","-1.0","40.9","-1.0","33.1","-1.0","19.1","-1.0","2.0","-1.0","205.7","-1.0"
"205","1980","12","Uttar Pradesh","Bijnor","117.4","47.7","46.1","67.1","34.9","98.5","18.8","106.9","1.8","31.4","219.0","351.6"
"205","1985","12","Uttar Pradesh","Bijnor","147.5","58.7","52.9","70.5","36.6","99.8","17.9","99.9","1.4","22.9","256.3","351.8"
"205","1990","12","Uttar Pradesh","Bijnor","162.2","65.9","49.1","81.6","33.2","97.0","15.8","87.8","0.9","16.8","261.2","349.1"
"205","1995","12","Uttar Pradesh","Bijnor","184.2","92.5","53.1","72.6","32.4","92.1","12.7","69.0","0.8","14.8","283.2","341.0"
"205","2000","12","Uttar Pradesh","Bijnor","207.85","85.54","61.69","88.15","35.59","97.36","11.64","62.52","0.54","10.36","317.31","343.92"
"205","2005","12","Uttar Pradesh","Bijnor","211.77","94.18","65.19","89.89","35.43","97.63","10.83","58.27","0.43","8.56","323.65","348.53"
"205","2010","12","Uttar Pradesh","Bijnor","244.0","112.0","69.0","101.0","32.0","89.0","7.0","37.0","0.0","6.0","353.0","346.0"
"206","1976","12","Uttar Pradesh","Farrukhabad","255.9","-1.0","56.0","-1.0","28.5","-1.0","9.6","-1.0","0.7","-1.0","350.7","-1.0"
"206","1980","12","Uttar Pradesh","Farrukhabad","284.1","94.6","52.8","71.5","26.5","70.7","8.9","49.1","0.6","8.4","372.9","294.3"
"206","1985","12","Uttar Pradesh","Farrukhabad","299.8","108.7","53.7","74.7","24.2","67.3","7.6","41.3","0.4","6.3","385.7","298.3"
"206","1990","12","Uttar Pradesh","Farrukhabad","327.2","116.6","58.5","79.4","24.3","64.7","6.9","38.2","0.3","4.9","417.2","303.8"
"206","1995","12","Uttar Pradesh","Farrukhabad","344.6","122.4","56.1","76.7","23.7","64.9","5.3","32.8","-0.7","2.7","433.0","303.5"
"206","2000","12","Uttar Pradesh","Farrukhabad","379.62","144.44","63.78","84.68","22.52","60.13","5.48","29.08","0.21","2.98","472.0","321.31"
"206","2005","12","Uttar Pradesh","Farrukhabad","397.06","158.09","57.28","79.0","22.74","61.26","5.48","29.87","0.18","2.35","482.74","330.57"
"206","2010","12","Uttar Pradesh","Farrukhabad","423.0","164.0","60.0","77.0","20.0","54.0","5.0","27.0","0.0","2.0","507.0","323.0"
"207","1976","12","Uttar Pradesh","Etawah","188.3","-1.0","55.0","-1.0","30.1","-1.0","11.1","-1.0","0.7","-1.0","285.2","-1.0"
"207","1980","12","Uttar Pradesh","Etawah","191.2","78.7","54.5","77.0","30.4","82.6","10.7","58.8","0.6","8.6","287.4","305.7"
"207","1985","12","Uttar Pradesh","Etawah","205.4","85.3","56.2","78.4","29.2","79.3","9.9","54.9","0.5","7.6","301.2","305.5"
"207","1990","12","Uttar Pradesh","Etawah","232.4","108.6","56.4","77.5","27.1","73.6","8.4","45.4","0.5","6.2","324.8","311.3"
"207","1995","12","Uttar Pradesh","Etawah","256.2","103.8","55.3","77.5","26.5","73.0","7.0","42.2","-0.6","4.1","348.4","304.6"
"207","2000","12","Uttar Pradesh","Etawah","285.61","120.09","57.92","83.04","24.94","67.59","7.15","39.13","0.35","4.7","376.0","314.55"
"207","2005","12","Uttar Pradesh","Etawah","313.2","131.68","57.46","78.2","24.51","66.19","7.34","39.72","0.36","5.28","402.87","321.07"
"207","2010","12","Uttar Pradesh","Etawah","324.0","131.0","59.0","83.0","23.0","65.0","6.0","31.0","0.0","4.0","412.0","314.0"
"208","1976","12","Uttar Pradesh","Kanpur","268.1","-1.0","76.3","-1.0","44.1","-1.0","16.6","-1.0","1.1","-1.0","406.2","-1.0"
"208","1980","12","Uttar Pradesh","Kanpur","285.8","108.1","76.4","98.7","41.1","111.2","14.4","78.4","0.9","13.3","418.6","409.7"
"208","1985","12","Uttar Pradesh","Kanpur","321.3","124.7","78.8","105.1","40.7","108.8","14.0","74.9","0.8","13.3","455.6","426.8"
"208","1990","12","Uttar Pradesh","Kanpur","337.1","127.4","77.2","103.1","42.7","117.5","16.8","90.6","0.5","7.9","474.3","446.5"
"208","1995","12","Uttar Pradesh","Kanpur","362.2","318.5","78.1","108.8","42.0","116.5","14.2","79.0","0.4","7.7","496.9","630.5"
"208","2000","12","Uttar Pradesh","Kanpur","363.31","150.36","78.84","109.38","37.31","101.61","12.28","67.39","0.48","7.94","493.0","436.68"
"208","2005","12","Uttar Pradesh","Kanpur","407.68","160.9","84.07","123.32","36.68","99.43","11.99","66.96","0.44","7.41","540.86","458.02"
"208","2010","12","Uttar Pradesh","Kanpur","438.0","177.0","74.0","102.0","31.0","85.0","9.0","45.0","0.0","3.0","553.0","413.0"
"209","1976","12","Uttar Pradesh","Fatehpur","168.3","-1.0","45.8","-1.0","29.8","-1.0","13.6","-1.0","1.5","-1.0","259.0","-1.0"
"209","1980","12","Uttar Pradesh","Fatehpur","182.5","80.5","48.1","69.3","29.7","81.6","13.0","72.7","1.4","18.5","274.7","322.6"
"209","1985","12","Uttar Pradesh","Fatehpur","217.3","80.6","49.9","68.8","29.2","81.1","12.5","70.7","1.2","16.4","310.1","317.6"
"209","1990","12","Uttar Pradesh","Fatehpur","256.8","90.1","49.0","68.2","28.6","77.3","10.5","57.9","0.8","11.1","345.7","304.6"
"209","1995","12","Uttar Pradesh","Fatehpur","291.3","112.0","53.1","70.7","28.0","74.7","9.7","52.6","0.8","10.5","382.9","320.5"
"209","2000","12","Uttar Pradesh","Fatehpur","297.45","117.8","61.66","82.08","25.48","70.22","8.27","45.8","0.54","7.81","393.0","323.71"
"209","2005","12","Uttar Pradesh","Fatehpur","300.13","111.91","69.13","99.35","24.02","65.38","7.32","40.57","0.47","6.41","401.07","323.62"
"209","2010","12","Uttar Pradesh","Fatehpur","305.0","114.0","67.0","95.0","23.0","63.0","7.0","41.0","0.0","6.0","402.0","319.0"
"210","1976","12","Uttar Pradesh","Allahabad","373.8","-1.0","74.0","-1.0","38.7","-1.0","17.0","-1.0","3.3","-1.0","506.8","-1.0"
"210","1980","12","Uttar Pradesh","Allahabad","421.3","142.5","77.1","105.0","39.8","106.2","16.1","92.9","2.6","40.9","556.9","487.5"
"210","1985","12","Uttar Pradesh","Allahabad","464.8","156.8","78.9","107.6","37.7","107.2","14.8","85.2","2.2","33.9","598.4","490.7"
"210","1990","12","Uttar Pradesh","Allahabad","505.1","166.2","78.6","107.0","36.6","98.8","13.6","79.1","2.0","28.7","635.9","479.8"
"210","1995","12","Uttar Pradesh","Allahabad","539.0","180.1","85.0","117.9","43.4","120.9","12.5","75.2","0.3","18.7","684.2","516.8"
"210","2000","12","Uttar Pradesh","Allahabad","595.85","222.21","85.97","120.1","38.02","102.99","12.38","70.7","1.6","25.19","734.0","541.19"
"210","2005","12","Uttar Pradesh","Allahabad","611.6","217.59","85.87","119.18","37.9","102.61","11.5","64.32","1.16","16.24","748.03","519.94"
"210","2010","12","Uttar Pradesh","Allahabad","631.0","221.0","85.0","115.0","40.0","109.0","11.0","63.0","1.0","16.0","767.0","523.0"
"211","1976","12","Uttar Pradesh","Jhansi","93.2","-1.0","62.1","-1.0","54.1","-1.0","34.8","-1.0","6.9","-1.0","251.1","-1.0"
"211","1980","12","Uttar Pradesh","Jhansi","111.5","52.8","73.7","108.0","57.7","157.3","33.5","199.5","5.6","79.8","282.0","597.4"
"211","1985","12","Uttar Pradesh","Jhansi","124.0","61.6","84.2","123.4","60.5","169.2","32.9","191.5","4.4","65.7","306.0","611.4"
"211","1990","12","Uttar Pradesh","Jhansi","140.3","67.8","99.4","152.1","53.4","146.4","25.1","146.0","3.8","53.5","322.0","565.8"
"211","1995","12","Uttar Pradesh","Jhansi","158.6","79.3","108.5","137.6","63.2","181.9","30.3","176.5","3.4","51.1","364.0","626.4"
"211","2000","12","Uttar Pradesh","Jhansi","207.62","107.08","116.97","168.98","65.93","182.84","29.84","174.0","3.1","44.14","424.0","677.05"
"211","2005","12","Uttar Pradesh","Jhansi","224.71","117.41","124.44","171.67","66.67","181.98","27.98","160.15","2.42","34.33","446.22","665.54"
"211","2010","12","Uttar Pradesh","Jhansi","258.0","136.0","115.0","166.0","61.0","169.0","27.0","151.0","2.0","31.0","462.0","654.0"
"213","1976","12","Uttar Pradesh","Jalaun","70.4","-1.0","36.9","-1.0","30.1","-1.0","24.2","-1.0","3.8","-1.0","165.4","-1.0"
"213","1980","12","Uttar Pradesh","Jalaun","82.4","38.1","39.7","59.0","32.0","89.4","22.5","137.1","3.1","46.2","179.7","369.8"
"213","1985","12","Uttar Pradesh","Jalaun","97.0","44.6","42.4","61.8","32.3","89.7","20.4","127.4","2.2","29.2","194.3","352.7"
"213","1990","12","Uttar Pradesh","Jalaun","107.4","49.5","47.2","72.9","35.9","96.5","18.9","110.6","1.7","22.5","211.1","352.0"
"213","1995","12","Uttar Pradesh","Jalaun","114.7","53.7","47.3","71.6","33.5","98.3","20.5","124.5","1.6","20.7","217.6","368.8"
"213","2000","12","Uttar Pradesh","Jalaun","147.92","66.87","47.05","67.07","33.74","93.8","19.22","114.49","1.41","17.85","249.0","360.09"
"213","2005","12","Uttar Pradesh","Jalaun","138.21","59.85","56.39","68.92","35.39","96.11","20.75","120.28","1.83","22.12","252.57","367.28"
"213","2010","12","Uttar Pradesh","Jalaun","137.0","64.0","57.0","70.0","37.0","102.0","20.0","117.0","2.0","19.0","253.0","373.0"
"214","1976","12","Uttar Pradesh","Hamirpur","81.1","-1.0","50.9","-1.0","43.6","-1.0","32.1","-1.0","7.9","-1.0","215.6","-1.0"
"214","1980","12","Uttar Pradesh","Hamirpur","94.0","48.8","56.1","82.9","45.4","127.1","32.9","205.6","6.6","93.5","235.0","557.9"
"214","1985","12","Uttar Pradesh","Hamirpur","114.0","57.0","62.2","95.8","45.9","139.5","31.1","179.2","5.1","68.2","258.3","539.7"
"214","1990","12","Uttar Pradesh","Hamirpur","132.8","66.6","67.8","100.0","48.9","145.4","31.5","179.9","4.8","64.8","285.8","556.7"
"214","1995","12","Uttar Pradesh","Hamirpur","138.6","68.9","69.6","96.8","52.2","152.8","31.4","185.2","4.4","57.5","296.2","561.2"
"214","2000","12","Uttar Pradesh","Hamirpur","159.75","86.78","84.6","127.75","50.02","139.46","29.8","175.71","3.5","45.92","328.0","575.63"
"214","2005","12","Uttar Pradesh","Hamirpur","177.29","74.48","72.71","105.28","53.04","149.45","31.64","189.89","3.16","44.37","337.84","563.47"
"214","2010","12","Uttar Pradesh","Hamirpur","191.0","78.0","73.0","106.0","52.0","144.0","29.0","173.0","3.0","43.0","350.0","544.0"
"215","1976","12","Uttar Pradesh","Banda","71.9","-1.0","54.2","-1.0","40.1","-1.0","29.1","-1.0","8.1","-1.0","203.4","-1.0"
"215","1980","12","Uttar Pradesh","Banda","145.1","67.2","61.9","88.1","42.1","116.0","28.7","173.7","6.7","106.0","284.5","551.0"
"215","1985","12","Uttar Pradesh","Banda","176.4","80.0","68.5","89.7","44.0","122.9","27.8","164.4","5.4","85.8","322.1","542.8"
"215","1990","12","Uttar Pradesh","Banda","205.9","94.2","74.9","106.3","41.1","113.2","24.7","141.1","4.5","70.0","351.1","524.8"
"215","1995","12","Uttar Pradesh","Banda","210.5","93.5","73.3","106.4","47.4","135.8","26.0","156.1","3.2","62.7","364.4","558.5"
"215","2000","12","Uttar Pradesh","Banda","228.36","102.19","77.49","111.62","47.17","131.68","24.84","151.6","3.41","51.49","381.0","548.6"
"215","2005","12","Uttar Pradesh","Banda","242.84","107.7","80.27","113.08","47.06","129.93","25.49","150.35","3.24","48.67","398.9","549.73"
"215","2010","12","Uttar Pradesh","Banda","261.0","115.0","85.0","118.0","49.0","135.0","24.0","141.0","3.0","46.0","422.0","555.0"
"216","1976","12","Uttar Pradesh","Varanasi","409.5","-1.0","43.9","-1.0","23.3","-1.0","9.6","-1.0","0.8","-1.0","487.1","-1.0"
"216","1980","12","Uttar Pradesh","Varanasi","514.2","138.5","48.6","66.8","23.7","64.5","8.1","45.8","0.8","11.5","595.4","327.1"
"216","1985","12","Uttar Pradesh","Varanasi","532.2","144.3","48.6","67.7","22.1","60.2","7.4","42.3","0.5","7.9","610.8","322.4"
"216","1990","12","Uttar Pradesh","Varanasi","552.6","170.3","47.6","75.1","16.4","44.4","4.7","25.6","0.4","5.9","621.7","321.3"
"216","1995","12","Uttar Pradesh","Varanasi","583.7","177.9","60.5","81.8","21.0","58.9","4.9","60.8","-0.7","3.46","673.4","386.86"
"216","2000","12","Uttar Pradesh","Varanasi","505.22","203.51","44.31","61.21","17.31","46.39","4.4","23.95","0.23","3.11","571.45","338.17"
"216","2005","12","Uttar Pradesh","Varanasi","518.08","186.79","43.9","59.05","15.5","41.69","3.59","19.82","0.17","2.42","581.24","309.77"
"216","2010","12","Uttar Pradesh","Varanasi","582.0","200.0","44.0","59.0","16.0","41.0","4.0","22.0","0.0","2.0","646.0","325.0"
"217","1976","12","Uttar Pradesh","Mirzapur","176.1","-1.0","54.8","-1.0","33.8","-1.0","21.1","-1.0","6.1","-1.0","291.9","-1.0"
"217","1980","12","Uttar Pradesh","Mirzapur","181.1","63.8","57.2","76.4","33.6","92.2","19.2","114.5","5.3","97.1","296.4","444.0"
"217","1985","12","Uttar Pradesh","Mirzapur","216.1","77.6","62.9","92.6","34.8","101.5","20.0","120.6","3.9","69.0","337.7","461.3"
"217","1990","12","Uttar Pradesh","Mirzapur","242.5","80.1","72.3","94.0","31.2","86.5","16.4","94.7","3.2","64.8","365.6","420.1"
"217","1995","12","Uttar Pradesh","Mirzapur","290.9","103.6","66.6","92.2","40.4","103.1","18.8","88.0","3.3","58.1","420.0","445.0"
"217","2000","12","Uttar Pradesh","Mirzapur","305.14","109.96","72.4","100.89","36.47","99.93","16.8","97.8","3.6","68.4","434.4","476.96"
"217","2005","12","Uttar Pradesh","Mirzapur","328.83","124.11","69.7","97.92","36.1","98.84","15.26","87.83","3.01","55.28","452.9","463.98"
"217","2010","12","Uttar Pradesh","Mirzapur","343.0","126.0","72.0","103.0","36.0","97.0","15.0","89.0","3.0","50.0","469.0","465.0"
"218","1976","12","Uttar Pradesh","Jaunpur","497.3","-1.0","52.4","-1.0","21.9","-1.0","5.9","-1.0","0.4","-1.0","577.9","-1.0"
"218","1980","12","Uttar Pradesh","Jaunpur","503.0","135.0","53.0","72.9","20.8","55.2","5.3","28.7","0.3","3.8","582.4","295.6"
"218","1985","12","Uttar Pradesh","Jaunpur","540.1","146.3","53.3","70.0","19.1","50.7","4.2","22.3","0.2","2.4","616.9","291.7"
"218","1990","12","Uttar Pradesh","Jaunpur","553.4","161.2","51.5","70.5","18.3","48.5","3.4","18.4","0.1","1.4","626.7","300.0"
"218","1995","12","Uttar Pradesh","Jaunpur","540.8","163.9","46.4","54.2","15.3","40.9","2.8","14.9","0.0","1.0","605.3","274.9"
"218","2000","12","Uttar Pradesh","Jaunpur","587.42","195.66","48.86","66.23","15.69","41.71","2.69","14.17","0.07","0.85","654.73","318.61"
"218","2005","12","Uttar Pradesh","Jaunpur","591.8","194.11","48.67","65.1","17.68","46.37","2.26","11.67","0.05","0.58","660.46","317.83"
"218","2010","12","Uttar Pradesh","Jaunpur","585.0","182.0","52.0","71.0","17.0","43.0","2.0","12.0","0.0","0.0","656.0","309.0"
"219","1976","12","Uttar Pradesh","Ghazipur","212.6","-1.0","38.9","-1.0","23.3","-1.0","9.5","-1.0","0.9","-1.0","285.2","-1.0"
"219","1980","12","Uttar Pradesh","Ghazipur","251.6","92.7","41.4","64.3","21.9","64.0","8.5","52.0","0.8","11.5","324.2","284.5"
"219","1985","12","Uttar Pradesh","Ghazipur","263.5","88.6","43.2","62.8","21.6","56.8","8.1","45.4","0.9","14.5","337.3","268.1"
"219","1990","12","Uttar Pradesh","Ghazipur","273.9","107.6","42.2","62.2","19.9","55.6","5.7","31.3","0.6","8.6","342.3","265.3"
"219","1995","12","Uttar Pradesh","Ghazipur","285.2","109.6","42.0","59.4","22.0","61.2","6.8","37.3","0.5","7.36","356.5","274.86"
"219","2000","12","Uttar Pradesh","Ghazipur","331.32","133.65","43.4","62.33","17.84","47.4","4.94","28.04","0.3","4.26","397.79","275.68"
"219","2005","12","Uttar Pradesh","Ghazipur","341.33","137.74","43.55","61.29","18.6","49.99","4.6","25.53","0.31","4.17","408.39","278.72"
"219","2010","12","Uttar Pradesh","Ghazipur","352.0","137.0","42.0","62.0","17.0","47.0","5.0","25.0","0.0","4.0","416.0","275.0"
"220","1976","12","Uttar Pradesh","Ballia","194.8","-1.0","34.4","-1.0","19.9","-1.0","9.1","-1.0","1.4","-1.0","259.6","-1.0"
"220","1980","12","Uttar Pradesh","Ballia","235.6","78.3","35.4","48.7","20.4","56.2","8.5","48.5","1.3","19.9","301.2","251.6"
"220","1985","12","Uttar Pradesh","Ballia","238.0","72.8","35.7","51.2","19.2","52.6","7.8","43.3","0.9","13.0","301.6","232.9"
"220","1990","12","Uttar Pradesh","Ballia","247.7","77.8","39.7","56.0","18.3","48.5","6.0","33.6","0.5","10.3","312.2","226.2"
"220","1995","12","Uttar Pradesh","Ballia","258.7","35.8","36.7","47.9","18.5","49.6","6.9","28.1","0.7","10.6","321.5","172.0"
"220","2000","12","Uttar Pradesh","Ballia","287.08","103.36","35.77","51.34","16.56","45.39","5.07","28.75","0.38","6.41","344.86","235.24"
"220","2005","12","Uttar Pradesh","Ballia","311.38","111.98","35.14","49.39","16.4","45.5","4.88","27.25","0.28","4.13","368.08","238.25"
"220","2010","12","Uttar Pradesh","Ballia","322.0","111.0","37.0","51.0","16.0","44.0","5.0","27.0","0.0","4.0","380.0","238.0"
"221","1976","12","Uttar Pradesh","Gorakhpur","511.9","-1.0","82.0","-1.0","39.5","-1.0","14.7","-1.0","1.7","-1.0","649.8","-1.0"
"221","1980","12","Uttar Pradesh","Gorakhpur","522.5","188.1","79.9","118.2","33.4","90.4","10.6","59.0","1.1","19.0","647.5","474.7"
"221","1985","12","Uttar Pradesh","Gorakhpur","558.1","183.5","81.2","108.5","33.5","88.7","9.7","53.6","0.8","13.6","683.3","447.9"
"221","1990","12","Uttar Pradesh","Gorakhpur","588.5","212.3","78.1","112.2","33.2","92.1","9.0","50.9","0.8","13.4","709.6","480.9"
"221","1995","12","Uttar Pradesh","Gorakhpur","667.8","220.6","81.6","118.7","34.7","93.0","7.6","40.8","0.5","8.4","792.2","481.5"
"221","2000","12","Uttar Pradesh","Gorakhpur","737.89","258.94","80.87","117.73","30.67","84.87","5.96","32.72","0.36","5.94","855.75","500.18"
"221","2005","12","Uttar Pradesh","Gorakhpur","740.84","241.04","84.39","111.23","29.55","81.17","5.42","29.42","0.29","5.43","860.49","468.29"
"221","2010","12","Uttar Pradesh","Gorakhpur","749.0","257.0","78.0","105.0","27.0","71.0","5.0","26.0","0.0","4.0","859.0","462.0"
"222","1976","12","Uttar Pradesh","Deoria","417.5","-1.0","68.0","-1.0","34.8","-1.0","11.5","-1.0","1.2","-1.0","533.0","-1.0"
"222","1980","12","Uttar Pradesh","Deoria","457.5","172.7","73.0","104.9","33.0","91.7","9.6","55.1","1.1","19.9","574.2","444.3"
"222","1985","12","Uttar Pradesh","Deoria","532.7","173.4","66.6","89.1","27.1","72.3","6.9","38.7","0.6","9.1","633.9","382.6"
"222","1990","12","Uttar Pradesh","Deoria","602.9","221.8","70.3","100.4","26.3","68.6","6.1","32.9","0.4","6.3","706.0","430.0"
"222","1995","12","Uttar Pradesh","Deoria","664.0","236.6","66.4","91.2","25.1","66.8","6.1","33.0","0.4","6.1","762.0","433.7"
"222","2000","12","Uttar Pradesh","Deoria","695.95","521.45","67.87","94.07","23.86","63.2","5.42","29.18","0.33","4.96","792.9","442.85"
"222","2005","12","Uttar Pradesh","Deoria","706.16","254.88","68.19","97.26","23.02","61.56","4.92","25.74","0.28","5.2","802.57","444.64"
"222","2010","12","Uttar Pradesh","Deoria","758.0","263.0","67.0","93.0","23.0","60.0","4.0","23.0","0.0","4.0","853.0","444.0"
"223","1976","12","Uttar Pradesh","Basti","560.2","-1.0","87.3","-1.0","44.2","-1.0","15.3","-1.0","1.5","-1.0","708.5","-1.0"
"223","1980","12","Uttar Pradesh","Basti","554.8","180.6","94.5","128.2","43.1","115.2","13.6","75.9","1.3","18.9","707.3","518.8"
"223","1985","12","Uttar Pradesh","Basti","615.2","194.5","90.3","123.1","41.1","107.2","11.9","64.3","1.0","15.0","759.5","504.1"
"223","1990","12","Uttar Pradesh","Basti","644.7","238.2","100.2","157.4","41.6","113.5","11.2","62.1","0.8","13.1","798.5","584.3"
"223","1995","12","Uttar Pradesh","Basti","697.1","250.6","111.0","152.0","40.3","121.9","11.0","59.6","0.7","9.0","860.1","593.1"
"223","2000","12","Uttar Pradesh","Basti","751.56","298.79","104.5","149.11","34.64","93.03","7.36","40.09","0.32","4.38","898.36","585.41"
"223","2005","12","Uttar Pradesh","Basti","785.45","310.44","102.25","148.86","35.69","96.16","6.52","35.36","0.29","3.87","930.2","594.69"
"223","2010","12","Uttar Pradesh","Basti","820.0","312.0","104.0","146.0","33.0","87.0","6.0","35.0","0.0","4.0","964.0","583.0"
"224","1976","12","Uttar Pradesh","Azamgarh","591.9","-1.0","72.0","-1.0","34.0","-1.0","12.1","-1.0","1.0","-1.0","711.0","-1.0"
"224","1980","12","Uttar Pradesh","Azamgarh","588.5","162.7","71.9","101.1","34.9","93.4","10.7","58.9","0.9","11.5","706.9","427.6"
"224","1985","12","Uttar Pradesh","Azamgarh","595.3","178.1","72.5","101.4","32.6","84.9","9.0","47.9","0.6","9.3","710.0","421.6"
"224","1990","12","Uttar Pradesh","Azamgarh","622.4","214.1","76.8","105.4","28.0","79.7","6.9","37.2","0.4","5.0","734.5","441.4"
"224","1995","12","Uttar Pradesh","Azamgarh","664.2","226.7","75.1","102.9","31.8","83.3","7.8","43.1","0.4","5.7","779.3","461.7"
"224","2000","12","Uttar Pradesh","Azamgarh","648.64","250.99","72.67","102.74","28.52","76.4","6.69","36.68","0.3","4.07","756.82","470.88"
"224","2005","12","Uttar Pradesh","Azamgarh","686.57","264.1","72.2","104.1","29.05","77.79","5.92","31.37","0.23","3.13","793.97","480.49"
"224","2010","12","Uttar Pradesh","Azamgarh","768.0","261.0","69.0","101.0","27.0","73.0","5.0","27.0","0.0","3.0","869.0","465.0"
"225","1976","12","Uttar Pradesh","Lucknow","113.3","-1.0","33.6","-1.0","15.6","-1.0","4.2","-1.0","0.4","-1.0","167.1","-1.0"
"225","1980","12","Uttar Pradesh","Lucknow","118.3","50.1","33.0","44.8","14.3","37.6","3.6","18.9","0.3","4.4","169.5","155.8"
"225","1985","12","Uttar Pradesh","Lucknow","119.9","56.4","34.3","48.1","14.0","37.4","2.9","15.9","0.2","3.6","171.3","161.4"
"225","1990","12","Uttar Pradesh","Lucknow","156.6","65.2","37.1","52.0","13.2","35.3","3.1","17.0","0.2","3.2","210.2","172.7"
"225","1995","12","Uttar Pradesh","Lucknow","167.5","74.5","32.6","47.3","12.6","33.6","2.5","13.8","0.1","2.5","215.3","171.7"
"225","2000","12","Uttar Pradesh","Lucknow","195.99","81.62","33.0","48.49","10.94","29.43","1.9","10.26","0.13","2.14","242.0","171.93"
"225","2005","12","Uttar Pradesh","Lucknow","203.65","78.62","28.08","38.9","9.32","24.84","1.77","9.48","0.12","1.97","242.94","153.81"
"225","2010","12","Uttar Pradesh","Lucknow","207.0","73.0","27.0","37.0","10.0","27.0","2.0","9.0","0.0","2.0","246.0","149.0"
"226","1976","12","Uttar Pradesh","Unnao","223.2","-1.0","63.6","-1.0","28.3","-1.0","8.5","-1.0","0.7","-1.0","324.3","-1.0"
"226","1980","12","Uttar Pradesh","Unnao","246.6","99.5","63.5","85.7","26.8","71.6","7.8","42.9","0.5","7.4","345.2","307.1"
"226","1985","12","Uttar Pradesh","Unnao","263.9","105.7","61.1","82.3","26.5","69.6","7.6","41.3","0.5","6.4","359.6","305.3"
"226","1990","12","Uttar Pradesh","Unnao","290.8","111.6","64.3","84.0","24.3","64.7","6.1","32.8","0.4","5.0","385.9","298.1"
"226","1995","12","Uttar Pradesh","Unnao","335.4","140.6","62.2","86.0","25.1","67.2","3.1","32.5","0.3","3.9","426.1","330.2"
"226","2000","12","Uttar Pradesh","Unnao","349.16","151.09","62.8","89.65","23.62","63.87","5.31","28.97","0.27","3.64","441.0","337.21"
"226","2005","12","Uttar Pradesh","Unnao","387.08","153.69","60.93","83.19","24.54","65.95","5.5","29.82","0.24","3.17","478.29","335.82"
"226","2010","12","Uttar Pradesh","Unnao","403.0","178.0","59.0","80.0","20.0","54.0","4.0","24.0","0.0","3.0","487.0","338.0"
"227","1976","12","Uttar Pradesh","Rae-Bareily","279.2","-1.0","59.0","-1.0","26.7","-1.0","7.4","-1.0","0.4","-1.0","372.7","-1.0"
"227","1980","12","Uttar Pradesh","Rae-Bareily","288.4","114.8","60.5","78.2","24.4","63.6","6.4","35.0","0.4","5.6","380.1","297.2"
"227","1985","12","Uttar Pradesh","Rae-Bareily","315.4","127.1","61.0","81.7","24.6","64.4","6.1","32.7","0.3","4.0","407.4","309.9"
"227","1990","12","Uttar Pradesh","Rae-Bareily","334.8","131.1","59.0","80.9","18.3","48.1","3.5","19.1","0.2","3.0","415.8","282.2"
"227","1995","12","Uttar Pradesh","Rae-Bareily","376.8","130.5","31.4","82.2","22.6","56.4","5.1","26.9","0.2","3.0","436.1","299.0"
"227","2000","12","Uttar Pradesh","Rae-Bareily","334.73","141.15","52.75","74.26","21.63","58.18","6.19","33.74","0.16","2.12","415.0","309.44"
"227","2005","12","Uttar Pradesh","Rae-Bareily","374.49","174.31","48.71","66.93","16.84","44.59","3.56","19.29","0.15","1.97","443.75","307.09"
"227","2010","12","Uttar Pradesh","Rae-Bareily","439.79","157.08","54.62","73.27","21.08","57.49","3.87","20.77","0.0","2.43","520.36","309.61"
"228","1976","12","Uttar Pradesh","Sitapur","301.7","-1.0","83.9","-1.0","41.8","-1.0","12.4","-1.0","1.3","-1.0","441.1","-1.0"
"228","1980","12","Uttar Pradesh","Sitapur","337.5","141.1","88.4","121.2","40.9","108.1","11.0","61.0","0.9","13.1","478.7","444.5"
"228","1985","12","Uttar Pradesh","Sitapur","371.2","148.4","89.2","131.5","42.6","109.9","10.3","56.5","0.6","8.8","513.9","455.1"
"228","1990","12","Uttar Pradesh","Sitapur","385.6","146.6","86.2","118.0","38.1","101.8","9.0","49.7","0.4","7.4","519.3","423.5"
"228","1995","12","Uttar Pradesh","Sitapur","407.6","181.7","88.5","130.2","37.9","103.0","8.6","46.7","0.4","5.5","543.0","467.1"
"228","2000","12","Uttar Pradesh","Sitapur","453.64","196.97","87.91","126.85","35.29","96.31","9.3","52.54","0.3","4.71","586.0","477.38"
"228","2005","12","Uttar Pradesh","Sitapur","493.57","224.1","87.14","125.2","34.97","95.28","7.27","38.36","0.27","5.18","623.22","488.12"
"228","2010","12","Uttar Pradesh","Sitapur","530.0","211.0","90.0","127.0","32.0","86.0","7.0","38.0","0.0","5.0","660.0","468.0"
"229","1976","12","Uttar Pradesh","Hardoi","290.4","-1.0","81.4","-1.0","43.0","-1.0","14.1","-1.0","1.2","-1.0","430.1","-1.0"
"229","1980","12","Uttar Pradesh","Hardoi","299.1","119.4","82.6","112.1","43.3","117.3","13.7","76.5","1.1","16.9","439.8","442.2"
"229","1985","12","Uttar Pradesh","Hardoi","307.0","123.4","81.3","108.0","40.8","107.3","12.3","66.3","0.8","13.1","442.2","418.1"
"229","1990","12","Uttar Pradesh","Hardoi","311.8","127.6","82.6","107.2","41.4","106.8","10.8","59.6","0.7","10.9","447.3","412.1"
"229","1995","12","Uttar Pradesh","Hardoi","372.2","176.0","71.0","106.4","36.4","100.1","9.8","53.7","0.5","8.0","489.9","444.2"
"229","2000","12","Uttar Pradesh","Hardoi","464.83","204.21","78.95","115.32","32.44","87.6","8.17","44.43","0.44","6.6","585.0","458.16"
"229","2005","12","Uttar Pradesh","Hardoi","484.2","217.78","78.18","107.99","31.45","84.39","7.32","39.8","0.4","6.26","601.55","456.22"
"229","2010","12","Uttar Pradesh","Hardoi","486.0","187.0","81.0","117.0","32.0","89.0","9.0","54.0","0.0","7.0","609.0","454.0"
"230","1976","12","Uttar Pradesh","Kheri","246.8","-1.0","81.9","-1.0","40.6","-1.0","15.8","-1.0","2.1","-1.0","387.2","-1.0"
"230","1980","12","Uttar Pradesh","Kheri","256.8","113.5","84.2","119.2","38.9","104.5","14.4","78.5","1.6","30.6","395.9","446.3"
"230","1985","12","Uttar Pradesh","Kheri","289.7","127.3","78.7","107.4","41.4","112.4","12.8","69.1","0.9","14.2","423.5","430.4"
"230","1990","12","Uttar Pradesh","Kheri","336.3","163.4","90.0","129.2","41.3","112.7","12.3","68.0","0.6","10.9","480.5","484.2"
"230","1995","12","Uttar Pradesh","Kheri","372.5","181.1","79.8","134.6","42.5","116.6","13.1","69.5","0.6","10.7","508.5","512.5"
"230","2000","12","Uttar Pradesh","Kheri","413.94","185.96","98.56","139.99","44.54","121.37","12.5","64.88","0.56","9.57","570.0","521.76"
"230","2005","12","Uttar Pradesh","Kheri","448.19","192.06","108.23","145.18","40.69","110.77","12.36","64.09","0.57","8.49","610.04","520.59"
"230","2010","12","Uttar Pradesh","Kheri","461.0","169.0","88.0","126.0","48.0","130.0","15.0","76.0","0.0","8.0","612.0","509.0"
"231","1976","12","Uttar Pradesh","Faizabad","375.4","-1.0","55.0","-1.0","23.3","-1.0","6.4","-1.0","0.5","-1.0","460.6","-1.0"
"231","1980","12","Uttar Pradesh","Faizabad","388.5","122.1","54.5","72.4","21.3","56.0","5.9","32.0","0.4","6.0","470.6","288.5"
"231","1985","12","Uttar Pradesh","Faizabad","397.1","127.1","51.9","70.2","19.4","50.5","4.5","24.3","0.2","4.4","473.1","276.5"
"231","1990","12","Uttar Pradesh","Faizabad","436.0","162.0","54.7","69.5","19.8","51.2","4.5","24.3","0.3","4.7","515.3","311.7"
"231","1995","12","Uttar Pradesh","Faizabad","481.2","178.2","56.0","78.7","19.8","53.0","3.3","25.1","0.0","2.2","560.3","337.2"
"231","2000","12","Uttar Pradesh","Faizabad","527.27","210.65","58.92","79.98","21.14","55.51","4.67","25.5","0.13","1.97","612.0","373.61"
"231","2005","12","Uttar Pradesh","Faizabad","407.57","165.72","59.9","84.82","26.38","71.25","7.17","40.62","0.3","4.39","501.32","366.8"
"231","2010","12","Uttar Pradesh","Faizabad","609.0","215.0","53.0","71.0","16.0","43.0","2.0","13.0","0.0","1.0","681.0","344.0"
"232","1976","12","Uttar Pradesh","Gonda","435.9","-1.0","83.4","-1.0","43.2","-1.0","16.3","-1.0","1.4","-1.0","580.2","-1.0"
"232","1980","12","Uttar Pradesh","Gonda","460.0","166.7","87.7","121.0","41.4","112.8","13.5","74.4","1.1","16.1","603.7","491.0"
"232","1985","12","Uttar Pradesh","Gonda","506.9","179.1","89.6","119.9","39.1","102.7","11.7","65.0","1.0","14.6","648.3","481.3"
"232","1990","12","Uttar Pradesh","Gonda","531.5","199.2","100.5","127.6","39.8","105.2","12.5","64.2","0.9","12.1","685.2","508.3"
"232","1995","12","Uttar Pradesh","Gonda","616.2","221.5","93.7","119.4","40.8","106.2","9.3","53.7","-0.5","7.7","763.5","512.5"
"232","2000","12","Uttar Pradesh","Gonda","616.48","247.23","94.04","129.21","40.33","104.56","8.77","46.79","0.47","6.6","760.09","534.39"
"232","2005","12","Uttar Pradesh","Gonda","622.56","253.44","96.07","133.69","35.86","95.23","8.21","43.9","0.4","5.93","763.08","532.2"
"232","2010","12","Uttar Pradesh","Gonda","664.0","287.0","91.0","121.0","34.0","88.0","8.0","39.0","0.0","4.0","795.0","538.0"
"233","1976","12","Uttar Pradesh","Bahraich","316.5","-1.0","81.7","-1.0","40.6","-1.0","14.1","-1.0","1.5","-1.0","454.4","-1.0"
"233","1980","12","Uttar Pradesh","Bahraich","332.3","143.9","79.8","121.0","36.5","100.5","12.0","67.2","1.1","16.7","461.7","449.3"
"233","1985","12","Uttar Pradesh","Bahraich","352.1","140.4","78.2","108.6","34.1","93.9","10.3","57.7","0.8","11.4","475.5","412.0"
"233","1990","12","Uttar Pradesh","Bahraich","399.0","197.7","87.0","111.5","35.4","91.9","9.6","53.4","0.6","8.8","531.6","463.3"
"233","1995","12","Uttar Pradesh","Bahraich","441.4","215.4","81.7","111.3","37.6","101.6","8.7","44.7","0.7","0.6","570.1","473.6"
"233","2000","12","Uttar Pradesh","Bahraich","488.5","189.39","94.21","129.04","38.96","105.67","7.69","41.43","0.39","6.06","629.76","471.59"
"233","2005","12","Uttar Pradesh","Bahraich","541.1","222.74","91.05","118.88","36.31","98.99","6.79","36.19","0.26","4.24","675.51","481.04"
"233","2010","12","Uttar Pradesh","Bahraich","578.0","252.0","85.0","116.0","29.0","79.0","6.0","33.0","0.0","4.0","699.0","484.0"
"234","1976","12","Uttar Pradesh","Sultanpur","334.4","-1.0","53.9","-1.0","23.9","-1.0","8.2","-1.0","0.7","-1.0","421.1","-1.0"
"234","1980","12","Uttar Pradesh","Sultanpur","368.7","128.8","55.6","80.6","23.4","64.0","7.4","41.6","0.6","8.0","455.7","323.0"
"234","1985","12","Uttar Pradesh","Sultanpur","423.9","138.2","53.2","72.4","20.5","52.6","5.1","28.0","0.9","3.6","503.6","294.8"
"234","1990","12","Uttar Pradesh","Sultanpur","451.0","159.2","50.9","67.2","19.6","50.0","4.3","22.2","0.1","2.1","525.9","300.7"
"234","1995","12","Uttar Pradesh","Sultanpur","525.8","174.9","51.7","72.7","18.5","47.8","3.9","20.4","0.1","1.6","600.0","317.4"
"234","2000","12","Uttar Pradesh","Sultanpur","509.07","198.25","49.66","65.92","16.76","44.75","3.1","16.18","0.07","1.02","579.0","326.11"
"234","2005","12","Uttar Pradesh","Sultanpur","510.62","190.24","51.1","72.38","21.13","54.31","2.96","15.53","0.06","0.91","585.87","333.37"
"234","2010","12","Uttar Pradesh","Sultanpur","559.21","192.92","49.38","66.73","16.92","44.51","2.13","13.23","0.0","0.57","627.64","317.39"
"235","1976","12","Uttar Pradesh","Pratapgarh","318.2","-1.0","45.1","-1.0","18.6","-1.0","5.2","-1.0","0.4","-1.0","387.5","-1.0"
"235","1980","12","Uttar Pradesh","Pratapgarh","345.9","110.6","46.8","63.6","17.8","47.8","4.9","26.9","0.3","4.9","415.7","253.8"
"235","1985","12","Uttar Pradesh","Pratapgarh","418.1","134.9","45.9","58.2","17.1","43.4","5.4","30.5","0.2","2.8","486.7","269.8"
"235","1990","12","Uttar Pradesh","Pratapgarh","432.2","140.9","46.8","59.8","12.9","33.2","2.4","12.3","0.1","1.7","494.4","247.9"
"235","1995","12","Uttar Pradesh","Pratapgarh","425.5","138.6","50.0","66.6","18.1","47.8","3.0","16.0","0.1","1.7","496.7","270.7"
"235","2000","12","Uttar Pradesh","Pratapgarh","411.19","129.49","41.15","54.69","22.01","59.13","5.54","27.91","0.09","1.2","480.0","272.42"
"235","2005","12","Uttar Pradesh","Pratapgarh","422.22","163.99","43.68","61.24","12.69","34.86","3.17","16.93","0.07","1.19","481.83","278.21"
"235","2010","12","Uttar Pradesh","Pratapgarh","433.0","174.0","39.0","53.0","13.0","36.0","2.0","11.0","0.0","1.0","488.0","275.0"
"236","1976","12","Uttar Pradesh","Barabanki","284.0","-1.0","55.9","-1.0","27.6","-1.0","8.2","-1.0","0.5","-1.0","376.2","-1.0"
"236","1980","12","Uttar Pradesh","Barabanki","275.2","115.3","59.7","93.8","26.2","72.2","7.2","39.7","0.5","8.4","368.8","329.4"
"236","1985","12","Uttar Pradesh","Barabanki","300.8","115.6","59.2","82.0","25.7","67.8","6.6","36.8","0.4","8.4","392.7","310.6"
"236","1990","12","Uttar Pradesh","Barabanki","335.6","131.8","55.1","85.3","21.1","55.2","4.5","24.2","0.1","3.7","416.4","300.2"
"236","1995","12","Uttar Pradesh","Barabanki","369.4","144.4","60.1","71.8","23.5","60.7","5.7","30.7","0.3","4.2","459.0","311.8"
"236","2000","12","Uttar Pradesh","Barabanki","349.95","145.08","50.35","67.6","17.75","46.65","3.89","20.73","0.18","3.05","422.0","283.1"
"236","2005","12","Uttar Pradesh","Barabanki","370.41","130.93","50.51","68.85","16.84","45.23","3.73","20.09","0.18","3.26","441.67","268.36"
"236","2010","12","Uttar Pradesh","Barabanki","401.0","160.0","47.0","66.0","15.0","40.0","3.0","16.0","0.0","3.0","466.0","285.0"
"237","1976","16","Uttarakhand","Nainital","50.5","-1.0","17.7","-1.0","19.1","-1.0","13.3","-1.0","1.9","-1.0","102.5","-1.0"
"237","1980","16","Uttarakhand","Nainital","57.7","21.4","20.3","28.1","19.7","54.8","12.7","73.6","1.6","38.1","112.0","216.0"
"237","1985","16","Uttarakhand","Nainital","61.3","23.3","21.7","31.6","20.7","67.8","12.7","72.3","1.4","33.5","117.8","228.5"
"237","1990","16","Uttarakhand","Nainital","64.7","28.3","21.3","31.1","20.1","56.3","9.4","54.2","1.1","24.4","116.6","194.3"
"237","1995","16","Uttarakhand","Nainital","-1.0","-1.0","-1.0","-1.0","-1.0","-1.0","-1.0","-1.0","-1.0","-1.0","-1.0","-1.0"
"237","2000","16","Uttarakhand","Nainital","76.64","29.96","25.42","36.14","20.21","56.1","11.38","58.24","0.84","25.68","133.49","206.11"
"237","2005","16","Uttarakhand","Nainital","98.27","33.36","26.63","37.86","20.84","57.21","9.45","53.15","0.8","23.53","155.98","205.12"
"237","2010","16","Uttarakhand","Nainital","99.0","40.0","30.0","42.0","20.0","54.0","9.0","47.0","1.0","18.0","158.0","202.0"
"238","1976","16","Uttarakhand","Almorah","165.2","-1.0","22.1","-1.0","6.0","-1.0","0.9","-1.0","0.0","-1.0","194.2","-1.0"
"238","1980","16","Uttarakhand","Almorah","144.5","48.3","25.3","33.3","7.9","21.0","1.1","5.5","0.1","1.2","178.9","109.3"
"238","1985","16","Uttarakhand","Almorah","137.4","51.0","26.2","35.4","7.8","20.4","1.1","5.6","0.0","0.9","172.5","113.3"
"238","1990","16","Uttarakhand","Almorah","144.8","52.9","26.1","34.7","7.2","19.2","0.8","3.8","0.0","0.5","178.9","111.1"
"238","1995","16","Uttarakhand","Almorah","-1.0","-1.0","-1.0","-1.0","-1.0","-1.0","-1.0","-1.0","-1.0","-1.0","-1.0","-1.0"
"238","2000","16","Uttarakhand","Almorah","144.07","55.82","26.47","35.79","6.49","16.58","0.57","2.94","0.02","0.43","177.62","111.56"
"238","2005","16","Uttarakhand","Almorah","135.07","55.7","27.82","37.8","6.11","15.7","0.48","2.42","0.01","0.39","169.48","112.01"
"238","2010","16","Uttarakhand","Almorah","131.0","59.0","26.0","37.0","6.0","13.0","0.0","1.0","0.0","0.0","163.0","109.0"
"239","1976","16","Uttarakhand","Pithorgarh","113.1","-1.0","15.1","-1.0","5.1","-1.0","1.0","-1.0","0.1","-1.0","134.4","-1.0"
"239","1980","16","Uttarakhand","Pithorgarh","98.9","32.0","14.6","21.0","5.8","15.8","0.7","3.8","0.1","1.7","120.1","74.3"
"239","1985","16","Uttarakhand","Pithorgarh","109.9","35.8","16.1","21.5","5.1","13.4","1.0","4.8","0.1","0.9","132.2","76.4"
"239","1990","16","Uttarakhand","Pithorgarh","101.2","31.8","14.6","18.6","4.6","11.6","0.5","3.4","0.1","0.5","121.0","65.9"
"239","1995","16","Uttarakhand","Pithorgarh","-1.0","-1.0","-1.0","-1.0","-1.0","-1.0","-1.0","-1.0","-1.0","-1.0","-1.0","-1.0"
"239","2000","16","Uttarakhand","Pithorgarh","102.15","38.16","16.1","21.73","4.01","10.33","0.53","2.81","0.04","0.75","122.84","73.76"
"239","2005","16","Uttarakhand","Pithorgarh","97.57","40.13","15.51","21.26","3.92","10.21","0.5","2.55","0.03","0.45","117.53","74.59"
"239","2010","16","Uttarakhand","Pithorgarh","98.0","44.0","15.0","20.0","3.0","9.0","0.0","1.0","0.0","0.0","116.0","74.0"
"240","1976","16","Uttarakhand","Chamoli","30.4","-1.0","10.6","-1.0","5.2","-1.0","0.9","-1.0","0.0","-1.0","47.1","-1.0"
"240","1980","16","Uttarakhand","Chamoli","35.6","13.5","10.9","15.2","4.8","12.7","0.7","3.0","0.0","1.1","52.0","45.5"
"240","1985","16","Uttarakhand","Chamoli","57.3","13.9","10.9","15.3","4.7","12.1","0.9","4.4","0.0","0.5","73.8","46.2"
"240","1990","16","Uttarakhand","Chamoli","36.9","12.8","10.0","13.9","4.9","13.0","1.1","5.6","0.1","0.9","53.0","46.2"
"240","1995","16","Uttarakhand","Chamoli","-1.0","-1.0","-1.0","-1.0","-1.0","-1.0","-1.0","-1.0","-1.0","-1.0","-1.0","-1.0"
"240","2000","16","Uttarakhand","Chamoli","51.87","18.29","12.34","17.42","5.2","13.84","0.98","5.14","0.03","0.48","70.39","55.18"
"240","2005","16","Uttarakhand","Chamoli","59.64","21.24","12.57","17.45","4.6","12.2","0.82","4.35","0.04","0.64","77.68","55.87"
"240","2010","16","Uttarakhand","Chamoli","53.0","19.0","13.0","19.0","5.0","14.0","1.0","4.0","0.0","0.0","72.0","56.0"
"241","1976","16","Uttarakhand","Uttar Kashi","25.9","-1.0","5.8","-1.0","4.3","-1.0","1.2","-1.0","0.0","-1.0","37.2","-1.0"
"241","1980","16","Uttarakhand","Uttar Kashi","25.6","7.1","6.4","9.0","4.5","12.2","1.0","5.4","0.0","0.7","37.5","34.4"
"241","1985","16","Uttarakhand","Uttar Kashi","20.0","6.7","6.7","9.1","4.7","12.4","1.1","5.3","0.0","0.5","32.5","34.0"
"241","1990","16","Uttarakhand","Uttar Kashi","22.7","7.2","6.8","9.5","4.5","12.1","1.0","5.3","0.0","0.2","35.0","34.3"
"241","1995","16","Uttarakhand","Uttar Kashi","-1.0","-1.0","-1.0","-1.0","-1.0","-1.0","-1.0","-1.0","-1.0","-1.0","-1.0","-1.0"
"241","2000","16","Uttarakhand","Uttar Kashi","24.54","7.38","6.29","9.08","4.42","12.13","1.07","5.56","0.03","0.33","36.35","34.48"
"241","2005","16","Uttarakhand","Uttar Kashi","26.08","8.61","6.84","9.76","4.16","11.27","0.9","4.71","0.02","0.27","38.0","34.62"
"241","2010","16","Uttarakhand","Uttar Kashi","28.0","9.0","7.0","10.0","4.0","10.0","1.0","4.0","0.0","0.0","40.0","34.0"
"242","1976","16","Uttarakhand","Tehri Garhwal","54.4","-1.0","19.1","-1.0","8.2","-1.0","1.1","-1.0","0.0","-1.0","82.8","-1.0"
"242","1980","16","Uttarakhand","Tehri Garhwal","59.1","21.5","19.7","23.9","7.6","20.6","1.1","5.8","0.0","0.5","87.5","72.3"
"242","1985","16","Uttarakhand","Tehri Garhwal","60.7","23.4","19.7","27.2","7.3","19.4","1.1","5.5","0.0","0.3","88.8","75.8"
"242","1990","16","Uttarakhand","Tehri Garhwal","61.3","22.6","18.7","26.1","7.5","19.6","1.1","5.5","0.0","0.3","88.6","74.1"
"242","1995","16","Uttarakhand","Tehri Garhwal","-1.0","-1.0","-1.0","-1.0","-1.0","-1.0","-1.0","-1.0","-1.0","-1.0","-1.0","-1.0"
"242","2000","16","Uttarakhand","Tehri Garhwal","56.05","23.47","17.93","24.89","5.21","16.43","0.88","4.52","0.02","0.27","80.08","69.57"
"242","2005","16","Uttarakhand","Tehri Garhwal","57.27","24.33","17.12","23.65","5.87","15.58","0.88","4.58","0.02","0.39","81.17","68.53"
"242","2010","16","Uttarakhand","Tehri Garhwal","65.0","30.0","16.0","22.0","4.0","12.0","1.0","3.0","0.0","0.0","86.0","67.0"
"243","1976","16","Uttarakhand","Garhwal","49.9","-1.0","16.0","-1.0","12.1","-1.0","5.1","-1.0","0.7","-1.0","83.8","-1.0"
"243","1980","16","Uttarakhand","Garhwal","50.4","17.2","20.3","31.3","12.6","34.6","5.1","28.1","0.6","7.3","89.0","118.5"
"243","1985","16","Uttarakhand","Garhwal","49.0","16.5","18.5","25.3","12.8","34.9","4.7","27.0","0.5","8.7","85.5","112.4"
"243","1990","16","Uttarakhand","Garhwal","51.9","18.4","20.7","29.1","13.8","37.9","4.9","26.8","0.4","5.4","91.7","117.6"
"243","1995","16","Uttarakhand","Garhwal","-1.0","-1.0","-1.0","-1.0","-1.0","-1.0","-1.0","-1.0","-1.0","-1.0","-1.0","-1.0"
"243","2000","16","Uttarakhand","Garhwal","43.84","20.44","24.41","34.97","0.15","39.36","3.55","19.11","0.13","1.77","86.56","115.65"
"243","2005","16","Uttarakhand","Garhwal","44.16","22.35","26.79","38.06","14.37","38.74","2.77","14.94","0.11","1.65","88.19","115.74"
"243","2010","16","Uttarakhand","Garhwal","53.0","33.0","22.0","36.0","8.0","22.0","2.0","9.0","0.0","1.0","84.0","101.0"
"244","1976","16","Uttarakhand","Dehradun","38.1","-1.0","8.8","-1.0","6.2","-1.0","2.5","-1.0","0.2","-1.0","55.8","-1.0"
"244","1980","16","Uttarakhand","Dehradun","43.6","14.3","8.8","12.4","5.9","16.3","2.3","12.3","0.2","4.1","60.8","59.4"
"244","1985","16","Uttarakhand","Dehradun","48.4","16.9","8.9","12.2","5.8","15.7","2.0","11.5","0.3","3.7","65.4","60.0"
"244","1990","16","Uttarakhand","Dehradun","53.6","25.5","8.8","14.5","5.4","14.8","1.7","9.3","0.2","3.4","69.7","67.5"
"244","1995","16","Uttarakhand","Dehradun","-1.0","-1.0","-1.0","-1.0","-1.0","-1.0","-1.0","-1.0","-1.0","-1.0","-1.0","-1.0"
"244","2000","16","Uttarakhand","Dehradun","50.42","17.29","8.46","12.09","5.23","14.43","1.74","9.54","0.14","3.0","65.98","56.34"
"244","2005","16","Uttarakhand","Dehradun","53.58","17.73","8.46","11.87","5.12","14.18","1.72","9.35","0.14","3.34","69.02","56.47"
"244","2010","16","Uttarakhand","Dehradun","49.0","19.0","8.0","11.0","4.0","12.0","1.0","8.0","0.0","2.0","63.0","52.0"
"601","1970","17","Assam","Cachar","118.75","47.9","36.44","51.34","19.22","52.45","6.3","35.48","0.73","79.51","181.44","266.68"
"601","1974","17","Assam","Cachar","118.75","47.9","36.44","51.34","19.22","52.45","6.3","35.48","0.73","79.51","181.44","266.68"
"601","2000","17","Assam","Cachar","102.59","38.55","45.33","54.66","40.86","103.31","10.77","55.34","0.39","50.23","199.94","302.07"
"601","2005","17","Assam","Cachar","155.13","70.64","55.18","65.58","27.51","71.6","5.03","25.84","0.45","56.45","243.29","290.11"
"601","2010","17","Assam","Cachar","141.0","56.0","43.0","59.0","26.0","72.0","6.0","32.0","0.0","43.0","216.0","263.0"
"602","1970","17","Assam","Darrang","225.82","98.54","76.73","107.6","37.11","100.72","10.11","54.83","0.79","54.65","350.56","416.33"
"602","1974","17","Assam","Darrang","225.82","98.54","76.73","107.6","37.11","100.72","10.11","54.83","0.79","54.65","350.56","416.33"
"602","2000","17","Assam","Darrang","325.32","115.76","71.44","99.11","40.08","123.19","14.07","75.63","0.82","33.36","451.74","447.05"
"602","2005","17","Assam","Darrang","303.46","120.68","76.66","88.2","40.17","109.95","14.39","75.25","0.73","42.04","435.4","436.12"
"602","2010","17","Assam","Darrang","306.0","124.0","57.0","74.0","37.0","102.0","15.0","76.0","0.0","40.0","416.0","416.0"
"603","1970","17","Assam","Dibrugarh","73.76","35.5","36.39","52.04","22.61","62.23","6.82","37.3","0.51","85.81","140.09","272.88"
"603","1974","17","Assam","Dibrugarh","73.76","35.5","36.39","52.08","22.61","62.23","6.82","37.3","0.51","85.81","140.09","272.93"
"603","2000","17","Assam","Dibrugarh","103.46","54.66","47.93","65.1","30.27","85.46","8.28","45.47","1.1","82.89","191.03","333.58"
"603","2005","17","Assam","Dibrugarh","109.49","49.82","46.33","60.46","29.65","80.98","8.23","43.61","1.26","101.5","194.97","336.37"
"603","2010","17","Assam","Dibrugarh","121.0","54.0","45.0","64.0","29.0","79.0","8.0","43.0","2.0","98.0","202.0","337.0"
"604","1970","17","Assam","Goalpara","161.02","73.48","65.56","93.4","43.21","119.78","18.13","103.02","1.6","26.34","289.54","416.02"
"604","1974","17","Assam","Goalpara","161.02","73.48","65.56","93.4","43.21","119.78","18.13","103.02","1.6","26.34","289.54","416.02"
"604","2000","17","Assam","Goalpara","207.73","93.77","79.07","107.22","50.0","135.91","13.42","71.85","0.35","5.99","350.57","414.72"
"604","2005","17","Assam","Goalpara","243.83","107.58","85.18","106.32","44.48","119.13","11.62","58.93","0.23","5.32","385.34","397.25"
"604","2010","17","Assam","Goalpara","328.2","120.8","76.8","104.0","37.4","98.6","8.6","44.0","0.0","4.0","452.0","374.4"
"605","1970","17","Assam","Kamrup","213.81","99.19","93.83","133.32","59.02","162.73","19.64","107.5","1.12","25.97","387.41","528.71"
"605","1974","17","Assam","Kamrup","213.81","99.19","93.83","133.32","59.02","162.73","19.64","107.5","1.12","25.97","387.41","528.71"
"605","2000","17","Assam","Kamrup","347.25","149.27","118.08","155.44","60.87","169.03","14.91","76.22","0.35","13.36","541.44","563.34"
"605","2005","17","Assam","Kamrup","347.48","151.68","104.72","128.49","61.06","163.19","16.31","83.73","0.65","12.85","530.19","539.94"
"605","2010","17","Assam","Kamrup","325.0","154.0","91.0","125.0","64.0","176.0","19.0","90.0","0.0","9.0","498.0","554.0"
"606","1970","17","Assam","Karbi Anglong","12.9","7.59","11.51","16.06","7.56","20.59","3.09","16.31","0.2","178.9","35.27","239.43"
"606","1974","17","Assam","Karbi Anglong","12.9","7.59","11.51","16.06","7.56","20.59","3.09","16.31","0.2","3.13","35.27","63.66"
"606","2000","17","Assam","Karbi Anglong","33.08","17.22","19.79","26.89","11.3","28.97","2.38","12.86","0.28","4.15","66.84","90.1"
"606","2005","17","Assam","Karbi Anglong","33.14","20.31","36.83","42.97","6.87","17.91","0.91","4.87","0.09","1.17","77.84","87.23"
"606","2010","17","Assam","Karbi Anglong","38.0","20.0","22.0","29.0","10.0","26.0","1.0","6.0","0.0","0.0","71.0","81.0"
"607","1970","17","Assam","Lakhimpur","52.21","25.95","31.66","45.53","20.52","56.76","7.61","42.55","0.73","19.48","112.73","190.27"
"607","1974","17","Assam","Lakhimpur","52.21","25.95","31.66","45.53","20.52","56.76","7.61","42.55","0.73","19.48","112.73","190.27"
"607","2000","17","Assam","Lakhimpur","101.91","43.74","37.8","53.37","20.67","54.67","6.36","34.57","0.27","6.88","167.01","193.23"
"607","2005","17","Assam","Lakhimpur","102.53","48.56","41.91","54.84","19.25","51.71","5.64","29.83","0.2","3.52","169.52","188.44"
"607","2010","17","Assam","Lakhimpur","115.0","51.0","43.0","62.0","19.0","52.0","6.0","31.0","0.0","6.0","184.0","201.0"
"608","1970","17","Assam","Dima Hasao / NC Hills","2.95","1.83","4.4","4.4","2.17","39.11","0.32","1.58","0.02","0.17","9.85","47.08"
"608","1974","17","Assam","Dima Hasao / NC Hills","2.95","1.83","3.18","4.4","2.17","5.54","0.32","1.58","0.02","0.17","8.63","13.51"
"608","2000","17","Assam","Dima Hasao / NC Hills","6.01","3.85","4.57","6.3","1.11","2.53","0.0","0.0","0.0","0.0","11.69","12.67"
"608","2005","17","Assam","Dima Hasao / NC Hills","4.68","3.15","6.13","6.91","0.45","1.04","0.0","0.0","0.0","0.0","11.26","11.1"
"608","2010","17","Assam","Dima Hasao / NC Hills","13.0","7.0","4.0","5.0","0.0","0.0","0.0","0.0","0.0","0.0","17.0","12.0"
"609","1970","17","Assam","Nagaon","137.95","62.8","55.67","78.49","31.37","85.92","11.11","62.32","0.97","20.28","237.06","309.81"
"609","1974","17","Assam","Nagaon","137.95","62.8","55.67","78.49","31.37","85.92","11.11","62.32","0.97","20.28","237.06","309.81"
"609","2000","17","Assam","Nagaon","230.22","60.44","63.57","68.06","51.52","129.04","13.3","64.6","0.25","6.49","358.86","328.62"
"609","2005","17","Assam","Nagaon","198.88","75.76","65.0","71.8","44.03","110.07","10.53","50.62","0.21","9.63","318.65","317.88"
"609","2010","17","Assam","Nagaon","232.0","93.0","52.0","76.0","35.0","91.0","11.0","56.0","0.0","10.0","330.0","328.0"
"610","1970","17","Assam","Sivasagar","121.24","56.51","55.72","79.32","33.0","90.5","10.79","59.46","0.9","118.87","221.66","404.65"
"610","1974","17","Assam","Sivasagar","121.24","56.51","55.72","79.32","33.0","90.5","10.79","59.46","0.9","118.87","221.66","404.65"
"610","2000","17","Assam","Sivasagar","241.54","85.52","73.45","94.36","44.85","125.87","12.03","62.25","1.15","60.19","373.02","428.19"
"610","2005","17","Assam","Sivasagar","245.09","107.59","69.82","87.83","42.05","114.43","9.66","49.31","1.08","65.97","367.68","425.14"
"610","2010","17","Assam","Sivasagar","201.0","89.0","62.0","84.0","43.0","116.0","11.0","56.0","0.0","72.0","318.0","415.0"
"626","1970","18","Himachal Pradesh","Bilashpur","14.36","6.14","6.84","9.79","4.78","13.03","1.42","7.92","0.08","1.04","27.48","37.91"
"626","1980","18","Himachal Pradesh","Bilashpur","19.75","9.34","9.57","13.79","6.43","17.45","1.94","10.33","0.09","1.23","37.77","52.14"
"626","1985","18","Himachal Pradesh","Bilashpur","22.77","12.0","10.84","16.53","6.04","16.89","1.54","8.26","0.07","1.11","41.27","54.78"
"626","1990","18","Himachal Pradesh","Bilashpur","26.37","13.14","12.01","17.06","6.01","16.28","1.28","6.74","0.05","0.73","45.73","53.95"
"626","1995","18","Himachal Pradesh","Bilashpur","28.8","13.19","12.29","16.95","6.29","15.52","1.24","6.4","0.04","0.57","48.66","52.62"
"626","2000","18","Himachal Pradesh","Bilashpur","35.95","15.35","12.32","16.09","5.28","13.55","1.03","5.34","0.04","0.63","54.61","50.95"
"626","2005","18","Himachal Pradesh","Bilashpur","38.43","16.26","11.89","16.84","4.86","13.58","0.88","4.65","0.03","0.4","56.1","51.73"
"626","2010","18","Himachal Pradesh","Bilashpur","40.0","18.0","12.0","17.0","5.0","12.0","1.0","4.0","0.0","0.0","57.0","51.0"
"627","1970","18","Himachal Pradesh","Chamba","24.33","10.4","10.12","14.26","4.77","12.75","0.88","4.6","0.02","0.33","40.13","42.33"
"627","1980","18","Himachal Pradesh","Chamba","29.99","13.84","13.86","18.93","6.39","16.8","1.04","5.26","0.02","0.3","51.3","55.12"
"627","1985","18","Himachal Pradesh","Chamba","39.3","18.33","14.25","20.0","5.73","15.11","0.88","4.51","0.02","0.43","60.19","58.38"
"627","1990","18","Himachal Pradesh","Chamba","44.08","19.51","14.51","20.18","5.31","14.05","0.77","3.92","0.04","0.92","64.7","58.57"
"627","1995","18","Himachal Pradesh","Chamba","44.76","20.52","13.88","19.31","5.21","13.1","0.66","3.27","0.02","0.5","64.52","56.7"
"627","2000","18","Himachal Pradesh","Chamba","49.35","21.82","13.6","18.9","4.62","12.1","0.54","2.78","0.01","0.64","68.13","56.23"
"627","2005","18","Himachal Pradesh","Chamba","51.58","22.59","13.65","18.83","4.32","11.27","0.46","2.33","0.01","0.07","70.01","55.09"
"627","2010","18","Himachal Pradesh","Chamba","52.0","23.0","14.0","19.0","4.0","11.0","0.0","2.0","0.0","0.0","71.0","55.0"
"629","1970","18","Himachal Pradesh","Kangra","123.88","45.72","35.22","50.21","21.72","60.26","9.64","56.43","1.95","70.12","192.4","282.76"
"629","1980","18","Himachal Pradesh","Kangra","170.96","63.82","49.15","69.36","30.41","84.09","14.82","89.78","3.54","72.59","268.86","379.64"
"629","1985","18","Himachal Pradesh","Kangra","214.92","86.13","53.47","75.6","30.32","84.22","13.66","79.8","2.68","48.33","315.03","374.07"
"629","1990","18","Himachal Pradesh","Kangra","243.2","88.02","56.71","79.88","31.56","86.0","13.54","78.64","2.62","50.41","347.61","382.93"
"629","1995","18","Himachal Pradesh","Kangra","251.9","95.01","58.77","81.69","31.91","86.42","12.94","74.66","2.15","37.94","357.66","375.72"
"629","2000","18","Himachal Pradesh","Kangra","264.15","98.9","58.98","83.35","31.03","84.62","12.08","69.72","1.77","29.06","365.0","365.64"
"629","2005","18","Himachal Pradesh","Kangra","263.83","99.12","58.75","82.57","30.37","83.39","11.66","67.29","1.56","26.26","366.16","358.62"
"629","2010","18","Himachal Pradesh","Kangra","274.0","104.0","58.0","81.0","30.0","82.0","11.0","64.0","2.0","24.0","375.0","356.0"
"630","1970","18","Himachal Pradesh","Kinnaur","2.74","1.14","1.45","2.08","1.26","3.47","0.53","2.97","0.07","1.19","6.05","10.85"
"630","1980","18","Himachal Pradesh","Kinnaur","3.8","1.76","2.06","2.99","1.46","4.06","0.57","3.18","0.05","0.93","7.94","12.92"
"630","1985","18","Himachal Pradesh","Kinnaur","5.64","2.48","2.3","3.34","1.51","4.14","0.51","2.88","0.05","0.96","10.01","13.81"
"630","1990","18","Himachal Pradesh","Kinnaur","5.14","2.3","2.33","3.36","1.52","4.17","0.46","2.56","0.04","1.08","9.5","13.47"
"630","1995","18","Himachal Pradesh","Kinnaur","5.27","2.31","2.35","3.29","1.54","4.23","0.47","2.66","0.06","1.82","9.69","14.31"
"630","2000","18","Himachal Pradesh","Kinnaur","5.66","2.4","2.32","3.31","1.54","4.19","0.48","2.63","0.04","1.3","10.04","13.83"
"630","2005","18","Himachal Pradesh","Kinnaur","6.07","2.47","2.39","3.4","1.52","4.16","0.48","2.63","0.04","1.79","10.51","14.44"
"630","2010","18","Himachal Pradesh","Kinnaur","6.0","3.0","2.0","4.0","2.0","4.0","0.0","3.0","0.0","1.0","11.0","14.0"
"631","1970","18","Himachal Pradesh","Kullu","22.0","6.58","4.17","5.8","2.03","5.45","0.4","2.19","0.03","0.37","28.62","20.4"
"631","1980","18","Himachal Pradesh","Kullu","21.8","9.7","9.48","13.31","5.15","13.81","1.18","6.28","0.04","0.63","37.64","43.72"
"631","1985","18","Himachal Pradesh","Kullu","31.8","13.67","9.54","12.84","4.16","11.03","0.82","4.43","0.04","0.58","46.37","42.55"
"631","1990","18","Himachal Pradesh","Kullu","41.76","16.02","10.17","14.28","4.06","10.97","0.78","4.24","0.04","0.72","56.81","46.23"
"631","1995","18","Himachal Pradesh","Kullu","43.3","17.02","9.27","12.99","3.82","10.39","0.66","3.63","0.02","0.2","57.06","44.23"
"631","2000","18","Himachal Pradesh","Kullu","50.33","19.17","8.73","12.2","3.05","8.13","0.5","2.72","0.01","0.18","62.63","42.4"
"631","2005","18","Himachal Pradesh","Kullu","55.41","20.16","9.04","11.87","2.83","7.21","0.44","2.32","0.03","0.85","67.75","42.4"
"631","2010","18","Himachal Pradesh","Kullu","64.0","22.0","8.0","11.0","2.0","6.0","0.0","2.0","0.0","0.0","74.0","42.0"
"632","1970","18","Himachal Pradesh","Lahul & Spiti","0.8","0.31","0.42","0.63","0.53","1.5","0.16","0.87","0.01","0.19","1.92","3.5"
"632","1980","18","Himachal Pradesh","Lahul & Spiti","1.32","0.67","0.87","1.29","0.86","2.43","0.24","1.27","0.02","0.3","3.3","5.95"
"632","1985","18","Himachal Pradesh","Lahul & Spiti","2.04","0.92","0.9","1.32","0.87","2.31","0.26","1.36","0.02","0.18","4.07","6.09"
"632","1990","18","Himachal Pradesh","Lahul & Spiti","1.73","0.9","1.1","1.61","0.91","2.53","0.22","1.14","0.01","0.21","3.98","6.39"
"632","1995","18","Himachal Pradesh","Lahul & Spiti","1.74","0.89","1.04","1.56","0.95","2.67","0.21","1.09","0.02","0.21","3.96","6.42"
"632","2000","18","Himachal Pradesh","Lahul & Spiti","1.85","0.99","1.14","1.67","0.89","2.51","0.2","1.06","0.01","0.16","4.1","6.39"
"632","2005","18","Himachal Pradesh","Lahul & Spiti","1.92","0.87","1.1","1.59","0.88","2.49","0.24","1.28","0.01","0.19","4.15","6.41"
"632","2010","18","Himachal Pradesh","Lahul & Spiti","2.0","1.0","1.0","2.0","1.0","3.0","0.0","1.0","0.0","0.0","4.0","7.0"
"633","1970","18","Himachal Pradesh","Solan","12.9","5.12","6.19","9.0","5.67","15.97","3.19","18.52","0.46","6.7","28.4","55.3"
"633","1980","18","Himachal Pradesh","Solan","14.28","7.2","9.37","13.67","9.43","26.29","5.56","32.73","0.8","11.18","39.44","91.06"
"633","1985","18","Himachal Pradesh","Solan","18.28","9.86","11.27","16.97","9.81","27.27","5.09","28.61","0.64","8.88","45.09","91.59"
"633","1990","18","Himachal Pradesh","Solan","19.55","9.46","11.78","17.03","9.94","27.87","5.1","29.11","0.55","7.81","46.92","91.27"
"633","1995","18","Himachal Pradesh","Solan","19.88","10.0","14.3","17.65","10.15","28.51","4.76","27.61","0.5","7.8","49.58","91.58"
"633","2000","18","Himachal Pradesh","Solan","22.12","11.33","13.41","19.36","10.17","27.83","4.43","25.03","0.44","6.6","50.58","90.15"
"633","2005","18","Himachal Pradesh","Solan","22.8","11.85","13.19","19.06","9.74","27.61","4.05","22.79","0.37","5.61","50.15","86.92"
"633","2010","18","Himachal Pradesh","Solan","25.0","13.0","15.0","21.0","10.0","28.0","4.0","21.0","0.0","4.0","53.0","87.0"
"634","1970","18","Himachal Pradesh","Mandi","43.34","17.13","16.65","23.76","10.15","27.69","2.78","15.34","0.11","1.71","73.02","85.63"
"634","1980","18","Himachal Pradesh","Mandi","50.97","22.03","24.04","34.44","15.61","42.01","4.63","25.07","0.14","1.7","95.39","125.25"
"634","1985","18","Himachal Pradesh","Mandi","71.38","30.02","27.21","38.72","13.34","36.3","3.1","16.49","0.08","1.13","115.1","122.66"
"634","1990","18","Himachal Pradesh","Mandi","86.23","36.53","29.03","40.82","13.52","36.5","2.74","14.45","0.05","0.67","131.56","128.97"
"634","1995","18","Himachal Pradesh","Mandi","90.91","38.79","30.15","42.34","13.2","34.84","2.39","12.8","0.06","0.91","136.71","129.68"
"634","2000","18","Himachal Pradesh","Mandi","101.55","43.57","30.77","42.79","11.98","31.56","1.9","9.92","0.04","0.64","146.25","128.47"
"634","2005","18","Himachal Pradesh","Mandi","104.53","44.74","31.02","43.01","12.4","32.01","1.67","8.58","0.04","0.6","149.65","128.93"
"634","2010","18","Himachal Pradesh","Mandi","112.0","49.0","30.0","42.0","11.0","28.0","2.0","8.0","0.0","1.0","154.0","127.0"
"635","1970","18","Himachal Pradesh","Shimla","22.11","8.68","8.28","11.81","6.38","17.61","2.85","16.42","0.32","5.58","39.93","60.1"
"635","1980","18","Himachal Pradesh","Shimla","25.69","11.46","14.42","21.09","13.28","37.01","6.61","38.15","0.75","10.37","60.75","118.08"
"635","1985","18","Himachal Pradesh","Shimla","39.57","17.74","16.76","24.46","12.53","34.73","5.11","28.79","0.53","7.64","74.5","113.36"
"635","1990","18","Himachal Pradesh","Shimla","44.31","19.76","19.31","27.33","12.89","35.65","5.23","29.86","0.49","6.89","82.23","119.49"
"635","1995","18","Himachal Pradesh","Shimla","49.18","23.02","21.66","31.0","13.68","37.33","5.05","28.19","0.44","6.39","90.01","125.92"
"635","2000","18","Himachal Pradesh","Shimla","61.58","27.87","27.75","32.44","12.77","34.77","4.15","23.19","0.28","3.75","101.54","122.01"
"635","2005","18","Himachal Pradesh","Shimla","68.43","29.33","24.27","32.73","12.98","34.58","3.9","21.39","0.3","6.58","109.87","124.62"
"635","2010","18","Himachal Pradesh","Shimla","72.0","31.0","23.0","32.0","12.0","31.0","4.0","20.0","0.0","4.0","110.0","118.0"
"636","1970","18","Himachal Pradesh","Sirmaur","13.3","6.11","7.5","10.88","6.77","19.06","3.76","21.95","0.95","18.89","32.27","76.87"
"636","1980","18","Himachal Pradesh","Sirmaur","13.43","6.3","7.43","11.35","7.5","21.27","5.22","31.31","1.49","25.05","35.07","95.28"
"636","1985","18","Himachal Pradesh","Sirmaur","17.69","8.63","8.79","12.8","7.89","22.47","5.39","32.55","1.51","25.62","41.27","102.05"
"636","1990","18","Himachal Pradesh","Sirmaur","19.19","8.81","9.37","13.44","8.1","22.85","5.6","33.91","1.53","23.77","43.78","102.78"
"636","1995","18","Himachal Pradesh","Sirmaur","19.91","9.45","9.76","13.95","8.31","23.3","5.64","33.82","1.42","21.98","45.05","102.51"
"636","2000","18","Himachal Pradesh","Sirmaur","22.41","10.39","10.2","14.53","8.55","24.06","5.6","33.5","1.31","20.21","48.07","102.68"
"636","2005","18","Himachal Pradesh","Sirmaur","23.62","10.86","10.37","14.86","8.54","24.06","5.36","31.73","1.16","17.67","49.05","99.18"
"636","2010","18","Himachal Pradesh","Sirmaur","25.0","11.0","11.0","15.0","9.0","24.0","5.0","32.0","1.0","16.0","51.0","99.0"
"651","1970","19","Kerala","Alappuzha","299.45","-1.0","16.94","-1.0","5.76","-1.0","1.08","-1.0","0.13","-1.0","323.37","-1.0"
"651","1976","19","Kerala","Alappuzha","336.11","-1.0","19.95","-1.0","5.97","-1.0","1.42","-1.0","0.11","-1.0","363.55","-1.0"
"651","1980","19","Kerala","Alappuzha","399.03","67.1","18.96","24.92","5.56","14.29","1.21","6.06","0.09","1.29","424.85","113.67"
"651","1985","19","Kerala","Alappuzha","349.14","54.14","12.43","16.83","3.53","9.51","0.85","4.69","0.12","1.82","366.07","86.98"
"651","1990","19","Kerala","Alappuzha","344.13","54.64","10.39","13.82","3.08","7.9","0.73","3.97","0.12","2.19","358.45","82.52"
"651","1995","19","Kerala","Alappuzha","430.49","57.0","9.49","12.75","2.95","7.73","0.71","3.84","0.15","2.06","443.78","83.38"
"651","2000","19","Kerala","Alappuzha","459.76","52.06","7.31","9.62","2.22","5.7","0.46","2.58","0.11","1.55","469.85","71.51"
"651","2005","19","Kerala","Alappuzha","476.07","52.97","7.92","10.62","2.56","6.58","0.61","3.32","0.05","1.37","487.2","74.85"
"651","2010","19","Kerala","Alappuzha","469.85","50.17","5.29","8.21","1.71","4.86","0.41","2.24","0.09","1.67","477.34","67.16"
"652","1970","19","Kerala","Kannur","247.12","-1.0","47.87","-1.0","20.72","-1.0","4.62","-1.0","0.77","-1.0","321.1","-1.0"
"652","1976","19","Kerala","Kannur","285.48","-1.0","41.51","-1.0","19.94","-1.0","6.88","-1.0","0.51","-1.0","354.31","-1.0"
"652","1980","19","Kerala","Kannur","348.22","99.73","48.49","67.05","23.64","64.87","6.64","36.08","0.47","9.04","427.48","276.76"
"652","1985","19","Kerala","Kannur","448.13","115.9","52.87","71.97","23.19","60.51","5.86","30.47","0.42","31.62","530.48","310.46"
"652","1990","19","Kerala","Kannur","481.11","121.73","52.04","73.95","21.0","55.09","4.59","23.83","0.45","25.09","559.17","299.7"
"652","1995","19","Kerala","Kannur","599.43","133.02","52.99","71.54","20.3","51.19","4.14","21.23","0.34","15.27","677.17","292.24"
"652","2000","19","Kerala","Kannur","663.32","130.08","47.14","62.88","17.81","44.98","3.65","18.82","0.47","13.88","732.39","270.61"
"652","2005","19","Kerala","Kannur","703.99","130.32","42.83","57.7","15.65","40.25","2.74","14.11","0.34","11.85","765.55","254.23"
"652","2010","19","Kerala","Kannur","725.04","133.03","34.37","55.04","11.67","32.81","2.2","11.46","0.24","12.15","773.51","244.52"
"653","1970","19","Kerala","Eranakulam","140.65","-1.0","26.5","-1.0","12.04","-1.0","2.79","-1.0","0.37","-1.0","182.35","-1.0"
"653","1976","19","Kerala","Eranakulam","302.97","-1.0","33.55","-1.0","11.51","-1.0","2.77","-1.0","0.18","-1.0","350.97","-1.0"
"653","1980","19","Kerala","Eranakulam","388.24","68.87","30.52","41.98","12.53","33.75","2.78","15.52","0.44","20.59","434.52","180.7"
"653","1985","19","Kerala","Eranakulam","464.56","75.31","26.91","36.21","8.79","22.59","1.79","9.33","0.36","12.2","502.42","155.63"
"653","1990","19","Kerala","Eranakulam","428.68","74.16","27.36","37.02","8.63","22.04","1.69","9.02","0.3","23.15","466.67","165.4"
"653","1995","19","Kerala","Eranakulam","629.92","79.32","24.31","32.08","8.52","21.38","1.68","8.66","0.36","18.64","664.81","160.09"
"653","2000","19","Kerala","Eranakulam","671.04","79.69","22.5","29.69","7.34","18.15","1.41","7.64","0.31","14.13","702.58","149.32"
"653","2005","19","Kerala","Eranakulam","707.88","83.57","21.83","28.64","6.83","17.3","1.29","6.7","0.25","15.3","738.07","151.51"
"653","2010","19","Kerala","Eranakulam","672.67","82.58","19.51","30.59","5.76","15.93","1.13","6.06","0.25","17.85","699.32","153.02"
"655","1970","19","Kerala","Kottayam","209.01","-1.0","40.0","-1.0","19.29","-1.0","3.18","-1.0","0.61","-1.0","272.09","-1.0"
"655","1976","19","Kerala","Kottayam","232.92","-1.0","44.6","-1.0","20.09","-1.0","5.27","-1.0","0.77","-1.0","303.65","-1.0"
"655","1980","19","Kerala","Kottayam","297.08","72.38","46.92","65.33","20.86","56.06","7.0","39.49","1.11","54.44","372.97","287.72"
"655","1985","19","Kerala","Kottayam","416.96","87.32","50.99","68.9","18.92","48.68","4.4","23.81","1.58","51.64","492.84","280.34"
"655","1990","19","Kerala","Kottayam","396.55","101.59","53.15","71.64","17.46","44.78","3.76","20.95","0.95","69.26","471.86","308.21"
"655","1995","19","Kerala","Kottayam","549.39","104.33","42.54","60.46","17.34","43.24","3.78","20.08","0.87","19.21","613.89","247.32"
"655","2000","19","Kerala","Kottayam","592.64","107.58","44.26","57.78","14.19","35.36","3.4","18.55","0.71","38.02","655.2","257.27"
"655","2005","19","Kerala","Kottayam","610.15","113.52","40.96","53.9","12.7","32.1","2.92","15.79","0.82","55.75","667.54","271.05"
"655","2010","19","Kerala","Kottayam","574.38","106.92","37.1","57.45","11.88","32.62","2.51","13.65","0.57","45.24","626.44","255.86"
"656","1970","19","Kerala","Kozhikode","210.03","-1.0","29.17","-1.0","17.41","-1.0","3.95","-1.0","0.45","-1.0","261.01","-1.0"
"656","1976","19","Kerala","Kozhikode","278.34","-1.0","24.71","-1.0","10.37","-1.0","3.22","-1.0","0.49","-1.0","317.13","-1.0"
"656","1980","19","Kerala","Kozhikode","421.65","89.1","35.89","49.53","18.63","49.03","6.07","32.75","0.47","18.69","482.7","239.11"
"656","1985","19","Kerala","Kozhikode","467.33","83.23","27.75","37.79","11.25","29.38","2.4","13.09","0.47","24.97","509.2","188.45"
"656","1990","19","Kerala","Kozhikode","455.78","90.85","28.58","40.05","10.18","27.61","2.3","12.22","0.33","17.27","497.17","187.99"
"656","1995","19","Kerala","Kozhikode","585.06","94.24","26.18","34.89","9.15","23.01","1.65","8.86","0.28","11.22","622.32","172.22"
"656","2000","19","Kerala","Kozhikode","640.44","91.96","22.62","30.15","7.18","18.09","1.44","7.54","0.41","18.73","672.07","166.47"
"656","2005","19","Kerala","Kozhikode","676.56","92.76","21.59","28.89","7.0","17.99","1.48","7.94","0.34","15.76","706.97","163.32"
"656","2010","19","Kerala","Kozhikode","722.35","99.55","21.12","33.31","6.42","18.08","1.37","7.28","0.19","11.02","751.44","169.24"
"657","1970","19","Kerala","Malappuram","189.65","-1.0","23.93","-1.0","11.69","-1.0","3.14","-1.0","0.58","-1.0","228.99","-1.0"
"657","1976","19","Kerala","Malappuram","251.95","-1.0","25.37","-1.0","11.24","-1.0","3.55","-1.0","0.4","-1.0","292.51","-1.0"
"657","1980","19","Kerala","Malappuram","320.42","73.12","26.27","35.63","11.91","31.96","4.38","23.78","0.57","16.91","363.55","181.4"
"657","1985","19","Kerala","Malappuram","390.5","73.49","21.77","29.67","8.86","23.23","2.11","11.23","0.19","3.28","423.44","140.9"
"657","1990","19","Kerala","Malappuram","405.52","75.53","21.04","28.68","8.47","22.29","1.99","10.47","0.27","6.06","437.29","143.05"
"657","1995","19","Kerala","Malappuram","536.35","84.73","21.4","28.4","8.35","21.17","1.64","8.75","0.17","5.46","567.91","148.51"
"657","2000","19","Kerala","Malappuram","578.26","80.96","18.44","24.39","6.23","15.77","1.07","5.92","0.19","8.05","604.19","135.09"
"657","2005","19","Kerala","Malappuram","620.69","84.84","18.85","23.94","6.06","15.65","1.36","7.07","0.16","2.76","647.12","134.26"
"657","2010","19","Kerala","Malappuram","670.23","86.48","14.51","22.7","4.7","13.25","0.9","4.82","0.13","5.61","690.47","132.86"
"658","1970","19","Kerala","Palakkad","107.29","-1.0","25.78","-1.0","20.34","-1.0","5.03","-1.0","0.77","-1.0","159.2","-1.0"
"658","1976","19","Kerala","Palakkad","210.6","-1.0","26.07","-1.0","15.89","-1.0","7.08","-1.0","0.77","-1.0","260.42","-1.0"
"658","1980","19","Kerala","Palakkad","261.9","54.33","30.18","42.61","17.1","46.72","5.64","30.52","0.27","3.91","315.09","178.09"
"658","1985","19","Kerala","Palakkad","339.18","60.82","30.41","42.14","15.35","40.76","4.9","25.41","0.48","22.52","390.31","191.65"
"658","1990","19","Kerala","Palakkad","333.9","67.46","30.52","42.99","15.7","41.69","4.33","22.88","0.26","10.97","384.7","185.99"
"658","1995","19","Kerala","Palakkad","435.75","71.87","32.12","43.99","15.43","40.33","4.34","22.71","0.48","14.58","488.1","193.49"
"658","2000","19","Kerala","Palakkad","473.95","69.23","26.01","35.23","12.33","31.86","3.26","16.75","0.27","4.96","515.82","158.03"
"658","2005","19","Kerala","Palakkad","486.32","70.7","26.16","35.79","11.94","31.14","3.29","17.39","0.28","8.49","527.99","163.51"
"658","2010","19","Kerala","Palakkad","469.02","64.87","19.03","30.26","8.83","24.87","2.39","12.81","0.25","12.67","499.52","145.48"
"659","1970","19","Kerala","Kollam","338.2","-1.0","22.22","-1.0","5.66","-1.0","0.89","-1.0","0.18","-1.0","367.14","-1.0"
"659","1976","19","Kerala","Kollam","378.32","-1.0","23.17","-1.0","6.22","-1.0","0.85","-1.0","0.1","-1.0","408.66","-1.0"
"659","1980","19","Kerala","Kollam","473.25","92.49","18.92","25.3","4.57","11.52","0.66","3.35","0.09","1.95","497.49","134.61"
"659","1985","19","Kerala","Kollam","642.52","121.85","25.89","34.63","5.57","14.22","0.76","4.34","0.17","9.06","674.92","184.09"
"659","1990","19","Kerala","Kollam","611.71","120.4","26.4","34.99","5.46","13.95","0.87","4.67","0.23","12.0","644.67","186.02"
"659","1995","19","Kerala","Kollam","814.22","126.36","22.55","29.35","4.82","12.08","0.63","3.46","0.08","10.05","842.31","181.28"
"659","2000","19","Kerala","Kollam","867.98","119.31","16.97","21.79","3.48","8.43","0.42","2.28","0.11","7.05","888.95","158.86"
"659","2005","19","Kerala","Kollam","887.94","121.32","16.59","21.55","3.23","8.07","0.48","2.73","0.15","3.46","908.38","157.12"
"659","2010","19","Kerala","Kollam","860.8","116.73","13.44","20.52","2.38","6.62","0.41","2.09","0.09","10.98","877.12","156.96"
"660","1970","19","Kerala","Thrissur","274.74","-1.0","21.66","-1.0","8.7","-1.0","1.62","-1.0","0.26","-1.0","306.97","-1.0"
"660","1976","19","Kerala","Thrissur","279.07","-1.0","23.7","-1.0","6.97","-1.0","1.21","-1.0","0.05","-1.0","310.99","-1.0"
"660","1980","19","Kerala","Thrissur","368.19","68.46","22.16","30.53","6.19","16.38","1.03","5.65","0.05","1.33","397.61","122.35"
"660","1985","19","Kerala","Thrissur","440.44","74.5","21.54","28.81","5.93","15.42","0.99","5.3","0.16","10.75","469.05","134.78"
"660","1990","19","Kerala","Thrissur","428.74","77.11","19.17","25.89","5.16","13.2","0.69","3.45","0.13","3.31","453.89","122.96"
"660","1995","19","Kerala","Thrissur","579.62","85.48","19.34","25.48","6.86","19.39","0.9","4.77","0.15","4.96","606.87","140.08"
"660","2000","19","Kerala","Thrissur","604.09","79.53","15.04","19.93","3.59","9.06","0.66","3.45","0.09","2.86","623.46","114.82"
"660","2005","19","Kerala","Thrissur","647.86","75.79","12.0","15.94","2.69","6.91","0.54","2.86","0.04","1.06","663.13","102.56"
"660","2010","19","Kerala","Thrissur","672.01","74.28","9.85","15.38","2.38","6.65","0.45","2.2","0.05","0.86","684.74","99.37"
"661","1970","19","Kerala","Thiruvananthapuram","279.32","-1.0","13.75","-1.0","4.17","-1.0","0.59","-1.0","0.16","-1.0","297.98","-1.0"
"661","1976","19","Kerala","Thiruvananthapuram","310.77","-1.0","14.31","-1.0","3.98","-1.0","0.79","-1.0","0.13","-1.0","329.98","-1.0"
"661","1980","19","Kerala","Thiruvananthapuram","436.4","64.78","11.49","15.39","2.63","6.83","0.4","2.08","0.1","1.82","451.03","90.9"
"661","1985","19","Kerala","Thiruvananthapuram","522.71","69.33","11.78","15.29","2.84","7.24","0.56","3.1","0.1","4.4","538.0","99.34"
"661","1990","19","Kerala","Thiruvananthapuram","495.02","72.96","11.1","14.4","2.63","6.47","0.54","2.85","0.16","8.78","509.46","105.46"
"661","1995","19","Kerala","Thiruvananthapuram","757.63","76.11","8.39","10.61","1.81","4.44","0.27","1.45","0.06","1.0","768.15","93.62"
"661","2000","19","Kerala","Thiruvananthapuram","783.95","72.1","6.54","8.33","1.29","3.13","0.24","1.25","0.1","2.71","792.12","87.52"
"661","2005","19","Kerala","Thiruvananthapuram","785.0","70.01","6.08","7.88","1.06","2.6","0.15","0.84","0.06","1.1","792.34","82.43"
"661","2010","19","Kerala","Thiruvananthapuram","743.34","71.03","5.95","8.84","1.3","3.37","0.27","1.46","0.04","1.67","750.9","86.35"
"701","1970","8","Odisha","Balasore","153.39","81.25","120.12","193.52","48.16","140.85","25.97","144.93","2.1","30.81","349.74","591.37"
"701","1976","8","Odisha","Balasore","144.42","67.9","75.08","101.48","56.67","144.13","18.2","97.48","1.63","22.09","296.01","433.09"
"701","1980","8","Odisha","Balasore","163.55","74.8","79.57","106.19","58.83","152.63","19.45","105.52","1.66","22.31","323.07","461.44"
"701","1985","8","Odisha","Balasore","205.28","83.4","72.64","103.84","44.96","123.79","16.25","96.43","1.17","16.8","340.3","424.26"
"701","1990","8","Odisha","Balasore","205.96","84.17","79.06","108.75","50.61","135.36","-1.0","82.49","-1.0","6.24","335.64","417.01"
"701","1995","8","Odisha","Balasore","211.57","95.11","87.45","122.89","44.87","121.64","12.01","67.74","0.71","10.96","356.59","418.34"
"701","2000","8","Odisha","Balasore","248.11","110.14","82.68","112.96","31.52","83.73","7.28","39.35","0.31","4.47","369.9","350.64"
"701","2005","8","Odisha","Balasore","211.57","95.11","87.45","122.89","44.87","121.64","12.01","67.74","0.71","10.96","356.59","418.34"
"701","2010","8","Odisha","Balasore","387.7","203.96","68.7","116.96","17.92","55.06","2.28","13.51","0.09","2.45","476.68","391.93"
"702","1970","8","Odisha","Bolangir","42.93","25.6","58.56","90.87","29.14","89.59","29.44","173.54","7.08","110.62","167.15","490.23"
"702","1976","8","Odisha","Bolangir","85.76","46.13","55.47","76.24","48.74","129.26","22.02","126.36","4.76","70.6","216.74","448.58"
"702","1980","8","Odisha","Bolangir","93.52","46.35","59.82","77.66","54.61","138.07","17.57","96.94","3.75","53.39","229.26","412.41"
"702","1985","8","Odisha","Bolangir","95.69","49.37","56.64","75.91","45.13","115.75","18.26","102.44","2.77","41.21","218.49","384.69"
"702","1990","8","Odisha","Bolangir","111.38","57.71","63.46","85.34","45.91","117.14","-1.0","97.52","-1.0","30.21","220.75","387.91"
"702","1995","8","Odisha","Bolangir","136.72","68.76","73.02","97.86","40.82","107.12","14.31","78.42","1.64","24.1","266.51","376.24"
"702","2000","8","Odisha","Bolangir","134.81","69.66","82.95","113.39","41.18","111.54","12.65","74.31","1.76","25.92","273.33","394.82"
"702","2005","8","Odisha","Bolangir","136.72","68.76","73.02","97.86","40.82","107.12","14.31","78.42","1.64","24.1","266.51","376.24"
"702","2010","8","Odisha","Bolangir","242.19","138.71","71.56","112.38","24.82","71.2","6.17","36.71","0.58","9.99","345.33","368.99"
"703","1970","8","Odisha","Cuttack","334.78","139.31","206.47","280.33","56.13","167.71","27.98","141.71","2.65","38.98","628.0","768.04"
"703","1976","8","Odisha","Cuttack","307.0","151.16","191.52","259.81","66.29","166.67","26.13","139.83","2.17","28.88","593.11","746.33"
"703","1980","8","Odisha","Cuttack","260.8","124.61","126.85","164.94","65.15","163.78","21.4","112.57","1.29","16.92","475.49","582.83"
"703","1985","8","Odisha","Cuttack","278.66","131.73","128.78","175.37","62.67","162.58","19.51","109.15","1.1","32.58","490.71","611.41"
"703","1990","8","Odisha","Cuttack","360.77","175.32","141.97","187.37","60.84","156.94","-1.0","69.33","-1.0","15.15","563.59","604.11"
"703","1995","8","Odisha","Cuttack","247.13","127.42","148.7","207.72","67.27","178.61","14.17","75.74","0.72","14.29","478.0","603.74"
"703","2000","8","Odisha","Cuttack","314.47","157.23","140.76","195.0","51.94","137.41","9.48","51.01","0.56","13.1","517.19","553.76"
"703","2005","8","Odisha","Cuttack","247.13","127.42","148.7","207.72","67.27","178.61","14.17","75.74","0.72","14.29","478.0","603.74"
"703","2010","8","Odisha","Cuttack","440.08","239.93","104.32","166.9","27.4","78.26","3.43","18.98","0.18","7.92","575.4","511.98"
"704","1970","8","Odisha","Dhenkanal","118.16","63.23","89.42","135.44","27.85","83.64","15.61","86.73","2.19","40.55","253.21","409.6"
"704","1976","8","Odisha","Dhenkanal","111.45","61.3","97.47","131.0","37.2","97.31","10.0","53.94","0.93","14.59","257.06","358.14"
"704","1980","8","Odisha","Dhenkanal","90.34","46.96","69.01","88.58","39.96","99.03","10.18","53.89","0.78","10.5","210.27","298.95"
"704","1985","8","Odisha","Dhenkanal","125.15","66.42","67.96","93.37","35.91","94.15","9.12","50.68","1.07","27.1","239.21","331.72"
"704","1990","8","Odisha","Dhenkanal","131.08","63.49","89.12","119.12","37.11","93.84","-1.0","38.54","-1.0","8.74","257.31","323.72"
"704","1995","8","Odisha","Dhenkanal","124.97","63.0","82.01","110.2","30.71","82.34","6.62","36.37","0.65","11.18","244.95","303.09"
"704","2000","8","Odisha","Dhenkanal","114.76","62.29","67.55","94.91","31.37","83.1","7.16","39.45","0.68","11.7","221.5","291.45"
"704","2005","8","Odisha","Dhenkanal","124.97","63.0","82.01","110.2","30.71","82.34","6.62","36.37","0.65","11.18","244.95","303.09"
"704","2010","8","Odisha","Dhenkanal","204.3","109.96","45.11","69.39","11.4","32.65","2.07","12.36","0.15","4.22","263.02","228.59"
"705","1970","8","Odisha","Ganjam","162.77","77.98","71.71","108.96","22.89","67.64","11.55","63.99","1.79","33.46","270.7","352.03"
"705","1976","8","Odisha","Ganjam","237.9","111.42","68.93","93.78","35.76","91.98","12.08","67.49","0.96","12.68","355.62","377.35"
"705","1980","8","Odisha","Ganjam","195.92","94.67","71.22","95.75","39.75","98.39","15.18","80.94","1.91","28.68","323.98","398.41"
"705","1985","8","Odisha","Ganjam","233.15","106.59","70.06","95.24","39.5","102.28","12.51","68.02","1.33","18.47","356.55","390.6"
"705","1990","8","Odisha","Ganjam","262.9","121.01","79.18","107.77","37.94","97.1","-1.0","55.99","-1.0","23.05","380.02","404.92"
"705","1995","8","Odisha","Ganjam","265.54","119.03","78.41","107.09","34.14","89.07","8.87","48.43","0.75","16.86","387.69","380.49"
"705","2000","8","Odisha","Ganjam","216.05","97.7","78.6","106.8","35.59","94.36","9.58","52.6","0.79","13.45","340.61","364.9"
"705","2005","8","Odisha","Ganjam","265.54","119.03","78.41","107.09","34.14","89.07","8.87","48.43","0.75","16.86","387.69","380.49"
"705","2010","8","Odisha","Ganjam","283.74","147.66","56.74","94.67","20.79","61.63","3.2","18.9","0.27","7.48","364.73","330.33"
"706","1970","8","Odisha","Kalahandi","25.19","15.87","41.01","66.9","27.1","84.24","43.23","279.9","6.68","119.05","143.2","565.97"
"706","1976","8","Odisha","Kalahandi","49.37","31.09","41.67","58.33","44.97","131.35","23.56","135.6","4.49","83.65","164.06","440.02"
"706","1980","8","Odisha","Kalahandi","61.1","36.61","63.66","85.63","56.92","150.2","21.1","119.88","3.33","44.94","206.11","437.25"
"706","1985","8","Odisha","Kalahandi","76.9","43.75","60.84","83.03","51.06","133.96","23.54","132.58","3.07","47.39","215.4","440.71"
"706","1990","8","Odisha","Kalahandi","93.71","53.69","65.56","91.0","51.81","139.29","-1.0","130.75","-1.0","32.32","211.07","447.06"
"706","1995","8","Odisha","Kalahandi","99.86","55.58","75.9","105.52","46.23","127.7","17.56","101.43","2.11","32.42","241.65","422.65"
"706","2000","8","Odisha","Kalahandi","117.78","65.29","80.04","110.51","44.34","120.74","16.52","94.26","1.53","22.59","260.19","413.37"
"706","2005","8","Odisha","Kalahandi","99.86","55.58","75.9","105.52","46.23","127.7","17.56","101.43","2.11","32.42","241.65","422.65"
"706","2010","8","Odisha","Kalahandi","184.88","119.96","61.29","106.29","28.35","88.52","7.9","49.56","0.64","11.87","283.06","376.18"
"707","1970","8","Odisha","Kendujhar","30.32","24.76","48.45","80.81","21.64","67.25","12.16","75.77","1.21","20.72","113.77","269.31"
"707","1976","8","Odisha","Kendujhar","64.06","36.67","46.98","66.98","32.0","87.34","8.53","47.79","0.52","6.94","152.08","245.73"
"707","1980","8","Odisha","Kendujhar","63.07","34.4","44.36","62.49","27.76","75.02","8.21","45.59","0.5","6.82","143.9","224.32"
"707","1985","8","Odisha","Kendujhar","86.89","39.41","49.34","67.23","29.89","79.86","9.19","50.2","0.51","7.03","175.82","243.72"
"707","1990","8","Odisha","Kendujhar","100.89","49.4","55.95","76.66","28.22","74.55","-1.0","41.56","-1.0","5.9","185.05","248.07"
"707","1995","8","Odisha","Kendujhar","110.96","55.81","55.87","76.67","22.4","59.86","5.77","31.78","0.43","6.17","195.43","230.3"
"707","2000","8","Odisha","Kendujhar","138.82","68.63","63.22","88.02","24.5","64.87","6.3","34.93","0.49","7.6","233.33","264.04"
"707","2005","8","Odisha","Kendujhar","110.96","55.81","55.87","76.67","22.4","59.86","5.77","31.78","0.43","6.17","195.43","230.3"
"707","2010","8","Odisha","Kendujhar","196.76","124.7","47.65","81.36","10.05","31.29","1.86","11.7","0.15","4.11","256.48","253.17"
"708","1970","8","Odisha","Koraput","119.56","88.84","116.56","191.87","62.86","192.03","46.22","265.86","9.66","145.29","354.87","883.89"
"708","1976","8","Odisha","Koraput","107.73","64.61","115.7","166.06","80.5","217.63","43.09","249.2","10.59","122.76","357.61","820.25"
"708","1980","8","Odisha","Koraput","108.61","64.62","82.72","116.04","68.79","187.17","42.66","244.87","4.9","65.79","307.68","678.49"
"708","1985","8","Odisha","Koraput","138.23","81.86","98.32","144.09","78.16","218.99","28.38","170.6","2.39","34.39","345.48","649.92"
"708","1990","8","Odisha","Koraput","163.2","94.55","114.19","159.06","87.1","229.09","-1.0","151.34","-1.0","36.48","364.49","670.51"
"708","1995","8","Odisha","Koraput","205.22","113.82","127.79","176.89","76.4","202.32","21.63","120.76","2.57","41.74","433.6","655.51"
"708","2000","8","Odisha","Koraput","202.46","115.99","142.28","199.18","72.31","195.48","23.9","136.05","2.46","43.29","443.4","690.0"
"708","2005","8","Odisha","Koraput","205.22","113.82","127.79","176.89","76.4","202.32","21.63","120.76","2.57","41.74","433.6","655.51"
"708","2010","8","Odisha","Koraput","297.24","193.63","160.51","252.81","67.44","192.51","13.05","74.72","1.09","25.6","539.34","739.26"
"709","1970","8","Odisha","Mayurbhanja","88.25","51.35","63.47","99.19","31.35","96.72","14.12","82.74","1.57","26.57","198.74","356.57"
"709","1976","8","Odisha","Mayurbhanja","93.71","55.56","60.69","117.72","35.95","98.01","12.08","66.14","0.83","12.03","203.25","349.46"
"709","1980","8","Odisha","Mayurbhanja","113.8","65.32","65.72","92.24","36.43","96.4","14.78","80.82","0.89","12.53","231.61","347.32"
"709","1985","8","Odisha","Mayurbhanja","145.09","76.33","68.08","99.14","37.98","105.88","11.9","66.54","0.6","8.04","263.65","355.93"
"709","1990","8","Odisha","Mayurbhanja","163.12","85.28","80.05","117.03","33.62","96.18","-1.0","52.51","-1.0","6.16","276.79","357.16"
"709","1995","8","Odisha","Mayurbhanja","174.92","85.17","87.61","123.2","37.9","104.57","11.2","61.8","0.91","12.83","312.53","387.57"
"709","2000","8","Odisha","Mayurbhanja","196.6","98.3","85.2","118.5","34.59","93.06","9.13","50.97","0.62","9.0","326.14","369.83"
"709","2005","8","Odisha","Mayurbhanja","174.92","85.17","87.61","123.2","37.9","104.57","11.2","61.8","0.91","12.83","312.53","387.57"
"709","2010","8","Odisha","Mayurbhanja","307.77","173.33","61.53","106.72","17.44","54.59","3.06","18.67","0.19","4.32","389.98","357.63"
"710","1970","8","Odisha","Phulbani ( Kandhamal )","31.06","18.0","36.13","63.07","11.93","35.33","5.49","30.98","1.01","15.72","85.62","163.1"
"710","1976","8","Odisha","Phulbani ( Kandhamal )","47.49","24.71","27.76","40.85","18.1","46.83","5.36","29.41","0.58","8.97","99.29","150.77"
"710","1980","8","Odisha","Phulbani ( Kandhamal )","48.17","27.25","29.54","41.7","23.25","61.97","7.85","42.53","0.95","13.02","109.75","186.47"
"710","1985","8","Odisha","Phulbani ( Kandhamal )","60.15","31.39","30.95","44.82","19.16","52.41","6.39","37.02","0.61","8.81","117.26","174.45"
"710","1990","8","Odisha","Phulbani ( Kandhamal )","65.23","32.23","31.43","44.52","19.4","50.98","-1.0","32.72","-1.0","7.92","116.06","168.36"
"710","1995","8","Odisha","Phulbani ( Kandhamal )","73.95","39.49","39.95","55.69","20.73","54.65","5.17","27.62","0.45","8.25","140.23","185.7"
"710","2000","8","Odisha","Phulbani ( Kandhamal )","77.58","42.19","43.41","59.82","19.1","51.04","4.82","27.52","0.5","7.59","145.39","188.14"
"710","2005","8","Odisha","Phulbani ( Kandhamal )","73.95","39.49","39.95","55.69","20.73","54.65","5.17","27.62","0.45","8.25","140.23","185.7"
"710","2010","8","Odisha","Phulbani ( Kandhamal )","104.81","54.14","43.88","60.37","15.66","40.32","2.92","15.46","0.17","2.8","167.43","173.07"
"711","1970","8","Odisha","Puri","180.99","81.02","87.82","121.23","25.42","71.44","13.76","86.55","1.87","26.68","309.86","386.92"
"711","1976","8","Odisha","Puri","220.46","104.05","83.31","111.53","41.96","109.54","10.53","57.27","0.98","12.66","357.25","395.05"
"711","1980","8","Odisha","Puri","210.28","94.52","70.83","91.96","36.36","91.08","13.5","71.96","1.16","15.81","332.12","365.32"
"711","1985","8","Odisha","Puri","223.19","100.81","70.2","97.91","33.94","90.86","9.5","53.54","0.85","16.56","337.67","359.67"
"711","1990","8","Odisha","Puri","241.19","105.62","82.86","112.87","35.29","90.52","-1.0","45.51","-1.0","17.13","359.34","371.65"
"711","1995","8","Odisha","Puri","253.34","115.2","87.14","117.75","31.35","81.89","6.04","32.17","0.41","6.54","378.26","353.55"
"711","2000","8","Odisha","Puri","268.15","122.63","80.31","109.9","27.78","73.93","5.44","29.96","0.56","12.28","382.25","348.7"
"711","2005","8","Odisha","Puri","253.34","115.2","87.14","117.75","31.35","81.89","6.04","32.17","0.41","6.54","378.26","353.55"
"711","2010","8","Odisha","Puri","322.63","173.17","55.95","94.94","14.05","43.15","2.13","12.77","0.38","14.94","395.11","338.98"
"712","1970","8","Odisha","Sambalpur","159.54","85.68","139.27","212.76","62.68","186.57","42.35","242.46","8.62","153.8","412.47","881.27"
"712","1976","8","Odisha","Sambalpur","129.09","69.15","137.16","182.22","69.26","182.6","28.38","157.69","5.98","96.4","369.86","688.07"
"712","1980","8","Odisha","Sambalpur","107.98","59.99","82.8","109.45","65.38","166.96","32.92","181.64","5.64","79.86","294.71","597.9"
"712","1985","8","Odisha","Sambalpur","142.56","77.49","90.99","128.04","67.62","184.81","25.95","151.94","3.81","58.42","330.91","600.7"
"712","1990","8","Odisha","Sambalpur","153.71","85.85","101.71","143.52","69.99","183.44","-1.0","146.77","-1.0","47.71","325.41","607.29"
"712","1995","8","Odisha","Sambalpur","164.73","83.5","101.33","137.65","60.8","161.18","22.9","126.61","2.85","41.61","352.61","550.54"
"712","2000","8","Odisha","Sambalpur","171.94","92.44","103.99","147.44","55.61","152.77","22.24","127.88","2.33","36.4","356.12","556.91"
"712","2005","8","Odisha","Sambalpur","164.73","83.5","101.33","137.65","60.8","161.18","22.9","126.61","2.85","41.61","352.61","550.54"
"712","2010","8","Odisha","Sambalpur","258.58","148.92","88.97","144.46","40.02","119.95","11.74","74.29","1.38","28.32","400.67","515.92"
"713","1970","8","Odisha","Sundargarh","28.62","17.05","41.74","68.97","25.47","79.67","20.55","117.99","2.71","45.19","119.08","328.86"
"713","1976","8","Odisha","Sundargarh","67.58","27.07","39.2","56.01","33.15","93.2","12.84","73.45","1.38","18.84","154.14","268.56"
"713","1980","8","Odisha","Sundargarh","42.53","24.36","44.97","61.16","37.16","99.65","13.9","79.06","1.66","22.17","140.22","286.39"
"713","1985","8","Odisha","Sundargarh","56.67","30.96","45.31","65.07","37.35","102.13","13.46","77.91","1.23","16.99","154.01","293.05"
"713","1990","8","Odisha","Sundargarh","65.28","36.76","51.77","73.16","35.7","96.43","-1.0","66.54","-1.0","14.88","152.74","287.76"
"713","1995","8","Odisha","Sundargarh","76.36","42.2","61.17","82.57","30.22","80.32","9.71","55.51","1.03","15.58","178.49","276.17"
"713","2000","8","Odisha","Sundargarh","93.03","52.67","62.62","87.3","30.74","82.17","10.61","59.3","0.8","13.04","197.81","294.47"
"713","2005","8","Odisha","Sundargarh","76.36","42.2","61.17","82.57","30.22","80.32","9.71","55.51","1.03","15.58","178.49","276.17"
"713","2010","8","Odisha","Sundargarh","137.66","93.78","52.45","90.53","15.92","49.83","3.89","23.65","0.32","8.21","210.24","265.99"
"800","1970","13","West Bengal","24 Parganas","476.65","185.08","132.16","182.29","68.88","183.64","20.85","108.37","0.23","3.14","698.77","662.52"
"800","1976","13","West Bengal","24 Parganas","608.71","230.12","135.75","184.57","57.74","147.56","12.15","61.81","0.14","2.17","814.48","626.23"
"800","1980","13","West Bengal","24 Parganas","783.79","275.26","149.6","212.21","58.42","155.39","10.44","54.97","0.1","1.89","1002.34","699.73"
"800","1985","13","West Bengal","24 Parganas","-1.0","-1.0","-1.0","-1.0","-1.0","-1.0","-1.0","-1.0","-1.0","-1.0","1005.98","700.89"
"800","1990","13","West Bengal","24 Parganas","1099.92","422.25","186.36","284.25","71.98","201.27","9.45","47.88","0.04","0.57","1367.81","956.22"
"800","1995","13","West Bengal","24 Parganas","857.32","321.66","130.45","186.06","49.87","131.13","4.45","22.42","0.05","0.67","1042.13","661.93"
"800","2000","13","West Bengal","24 Parganas","887.08","395.44","127.86","185.63","23.46","63.93","1.68","8.49","0.03","0.24","1040.1","653.72"
"800","2005","13","West Bengal","24 Parganas","505.19","210.17","52.86","78.16","8.35","22.49","1.27","5.99","0.01","0.22","567.67","317.02"
"800","2010","13","West Bengal","24 Parganas","936.8","432.89","103.77","162.53","18.33","49.51","0.63","3.26","0.02","0.19","1059.55","648.39"
"803","1970","13","West Bengal","Nadia","112.95","50.45","50.39","70.3","34.65","91.9","11.76","61.05","0.15","2.29","209.9","275.99"
"803","1976","13","West Bengal","Nadia","175.48","74.45","59.34","81.77","31.73","82.44","8.33","42.5","0.13","1.61","275.02","282.78"
"803","1980","13","West Bengal","Nadia","236.6","104.02","74.09","116.48","31.5","80.35","7.23","38.89","0.0","0.0","349.44","339.74"
"803","1985","13","West Bengal","Nadia","-1.0","-1.0","-1.0","-1.0","-1.0","-1.0","-1.0","-1.0","-1.0","-1.0","361.18","350.35"
"803","1990","13","West Bengal","Nadia","326.21","148.83","99.95","142.41","38.03","100.73","7.02","35.7","0.11","1.62","471.3","429.01"
"803","1995","13","West Bengal","Nadia","271.95","168.61","86.38","120.93","19.35","49.67","3.32","16.17","0.03","1.04","381.02","356.41"
"803","2000","13","West Bengal","Nadia","310.37","180.53","76.39","130.55","12.66","34.16","1.16","5.86","0.02","0.87","400.6","351.97"
"803","2005","13","West Bengal","Nadia","538.34","230.05","75.42","110.82","9.61","23.61","0.74","3.64","0.0","0.09","624.12","368.21"
"803","2010","13","West Bengal","Nadia","338.48","188.53","73.27","123.85","11.94","34.55","0.5","2.53","0.02","0.53","424.21","349.99"
"804","1970","13","West Bengal","Murshidabad","210.83","85.1","66.91","92.24","40.3","106.34","12.41","63.95","0.09","2.09","330.54","349.72"
"804","1976","13","West Bengal","Murshidabad","177.83","108.9","85.01","116.2","40.54","103.97","9.45","46.97","0.04","0.57","312.86","376.61"
"804","1980","13","West Bengal","Murshidabad","352.75","145.04","101.13","159.67","38.77","107.96","6.92","35.82","0.04","0.68","499.59","449.16"
"804","1985","13","West Bengal","Murshidabad","-1.0","-1.0","-1.0","-1.0","-1.0","-1.0","-1.0","-1.0","-1.0","-1.0","565.89","437.11"
"804","1990","13","West Bengal","Murshidabad","466.65","182.52","121.05","158.91","42.09","106.33","2.79","13.6","0.08","0.99","632.65","462.34"
"804","1995","13","West Bengal","Murshidabad","437.01","194.81","107.92","145.39","35.19","85.23","3.13","15.58","0.06","0.77","583.31","441.78"
"804","2000","13","West Bengal","Murshidabad","460.03","212.18","97.91","144.14","25.56","67.03","3.31","15.58","0.02","0.16","586.82","439.09"
"804","2005","13","West Bengal","Murshidabad","379.39","185.09","40.01","65.42","10.54","28.76","0.53","2.68","0.03","0.31","430.5","282.26"
"804","2010","13","West Bengal","Murshidabad","488.1","235.49","90.79","146.17","19.29","52.17","0.89","4.51","0.03","0.34","599.11","438.68"
"805","1970","13","West Bengal","Barddhaman","151.11","70.61","71.82","100.84","52.77","142.36","17.75","92.39","0.28","3.61","293.74","409.8"
"805","1976","13","West Bengal","Barddhaman","200.18","90.31","95.08","132.99","56.41","146.99","13.36","66.04","0.24","3.46","365.27","439.79"
"805","1980","13","West Bengal","Barddhaman","211.24","95.61","101.53","153.53","55.13","151.28","12.82","67.04","0.22","3.51","380.93","470.97"
"805","1985","13","West Bengal","Barddhaman","-1.0","-1.0","-1.0","-1.0","-1.0","-1.0","-1.0","-1.0","-1.0","-1.0","390.71","473.89"
"805","1990","13","West Bengal","Barddhaman","304.97","14.51","117.2","169.31","50.29","142.24","10.78","58.02","0.17","2.78","483.42","386.86"
"805","1995","13","West Bengal","Barddhaman","286.26","165.59","87.21","147.93","38.07","112.37","7.93","43.24","0.16","3.12","419.62","472.24"
"805","2000","13","West Bengal","Barddhaman","325.57","191.61","88.41","149.9","32.02","92.63","6.82","36.99","0.06","0.99","452.87","472.12"
"805","2005","13","West Bengal","Barddhaman","258.41","128.49","85.29","125.06","36.9","97.06","7.42","36.71","0.01","0.08","388.03","387.41"
"805","2010","13","West Bengal","Barddhaman","350.5","190.77","98.2","163.51","33.78","91.55","5.04","23.86","0.07","1.14","487.58","470.83"
"806","1970","13","West Bengal","Birbhum","92.53","41.77","45.25","64.89","35.14","95.1","13.34","72.4","0.37","6.07","186.63","280.22"
"806","1976","13","West Bengal","Birbhum","127.07","55.33","62.13","87.42","38.36","99.53","9.85","51.38","0.12","1.68","237.51","295.34"
"806","1980","13","West Bengal","Birbhum","135.26","63.88","62.48","96.91","34.72","93.36","7.33","39.34","0.07","1.41","239.87","294.91"
"806","1985","13","West Bengal","Birbhum","-1.0","-1.0","-1.0","-1.0","-1.0","-1.0","-1.0","-1.0","-1.0","-1.0","247.81","299.96"
"806","1990","13","West Bengal","Birbhum","225.82","99.16","88.98","132.26","41.47","114.85","6.53","35.61","0.05","1.13","362.84","383.01"
"806","1995","13","West Bengal","Birbhum","180.99","111.83","70.64","106.15","23.04","71.17","3.35","19.07","0.03","1.36","278.05","309.58"
"806","2000","13","West Bengal","Birbhum","200.27","118.02","63.37","107.25","23.11","65.67","2.97","14.79","0.05","0.71","289.78","306.43"
"806","2005","13","West Bengal","Birbhum","596.91","307.92","83.79","137.07","21.03","59.33","1.39","6.51","0.02","1.16","703.13","511.98"
"806","2010","13","West Bengal","Birbhum","225.91","125.76","58.12","95.14","26.24","77.0","1.29","6.22","0.01","0.44","311.56","304.56"
"807","1970","13","West Bengal","Bankura","126.69","60.53","69.05","96.06","42.36","111.11","14.9","79.86","0.26","3.3","253.26","350.86"
"807","1976","13","West Bengal","Bankura","201.1","88.92","82.85","114.16","42.19","105.96","8.83","46.86","0.1","1.27","335.08","357.16"
"807","1980","13","West Bengal","Bankura","204.25","91.56","84.94","136.83","39.46","105.74","8.48","46.63","0.08","1.24","337.21","381.99"
"807","1985","13","West Bengal","Bankura","-1.0","-1.0","-1.0","-1.0","-1.0","-1.0","-1.0","-1.0","-1.0","-1.0","337.91","382.94"
"807","1990","13","West Bengal","Bankura","305.63","167.33","106.29","158.73","47.7","120.21","7.5","36.05","0.03","0.49","467.15","482.82"
"807","1995","13","West Bengal","Bankura","222.83","123.73","82.65","127.49","38.84","104.12","6.59","32.59","0.04","0.75","350.95","388.68"
"807","2000","13","West Bengal","Bankura","239.37","123.28","84.96","133.23","36.87","101.52","5.83","30.38","0.02","0.3","367.04","388.71"
"807","2005","13","West Bengal","Bankura","542.5","239.71","37.4","57.04","4.31","11.68","0.16","0.87","0.01","0.06","584.38","309.36"
"807","2010","13","West Bengal","Bankura","275.11","135.44","84.91","125.67","37.93","100.58","5.33","26.06","0.01","0.08","403.28","387.83"
"810","1970","13","West Bengal","Hooghly","156.6","63.01","45.62","62.66","21.13","55.37","4.98","25.25","0.04","0.73","228.37","207.02"
"810","1976","13","West Bengal","Hooghly","194.62","76.56","47.75","65.84","19.68","49.47","2.17","10.76","0.04","0.78","264.27","203.4"
"810","1980","13","West Bengal","Hooghly","241.43","93.74","51.61","81.16","18.5","49.49","2.04","10.75","0.01","0.19","313.59","235.33"
"810","1985","13","West Bengal","Hooghly","-1.0","-1.0","-1.0","-1.0","-1.0","-1.0","-1.0","-1.0","-1.0","-1.0","326.84","235.83"
"810","1990","13","West Bengal","Hooghly","349.9","136.57","50.72","80.0","15.32","45.95","2.07","11.61","0.01","0.07","418.02","274.19"
"810","1995","13","West Bengal","Hooghly","270.67","112.2","48.9","65.31","10.75","32.52","1.7","9.42","0.01","0.17","332.04","219.61"
"810","2000","13","West Bengal","Hooghly","284.33","125.39","38.31","61.86","8.38","24.78","0.98","5.38","0.02","0.3","332.01","217.71"
"810","2005","13","West Bengal","Hooghly","213.3","121.2","59.97","100.34","26.49","74.61","1.89","8.89","0.0","0.17","301.66","305.21"
"810","2010","13","West Bengal","Hooghly","297.97","131.04","40.47","62.35","6.3","17.11","1.17","5.49","0.0","0.0","345.91","215.97"
"811","1970","13","West Bengal","Howrah","159.15","50.94","18.17","24.26","4.85","12.39","0.88","4.4","0.01","0.11","183.06","92.1"
"811","1976","13","West Bengal","Howrah","173.51","51.86","18.35","23.81","5.03","12.39","0.42","2.03","0.0","0.0","197.31","90.09"
"811","1980","13","West Bengal","Howrah","184.26","55.81","17.68","26.71","4.54","12.13","0.36","1.83","0.0","0.0","206.84","96.49"
"811","1985","13","West Bengal","Howrah","-1.0","-1.0","-1.0","-1.0","-1.0","-1.0","-1.0","-1.0","-1.0","-1.0","236.94","105.17"
"811","1990","13","West Bengal","Howrah","251.75","76.21","21.92","29.63","5.08","12.76","0.31","1.47","0.01","0.26","279.07","120.32"
"811","1995","13","West Bengal","Howrah","219.16","69.77","19.89","23.36","4.68","10.73","0.2","1.04","0.0","0.19","243.93","105.08"
"811","2000","13","West Bengal","Howrah","218.28","77.26","14.55","17.91","2.77","6.47","0.1","0.59","0.02","0.39","235.72","102.62"
"811","2005","13","West Bengal","Howrah","343.36","196.27","89.54","154.22","31.76","92.28","5.38","27.15","0.08","1.5","470.12","471.42"
"811","2010","13","West Bengal","Howrah","209.34","79.37","15.08","18.0","0.74","1.8","0.09","0.44","0.02","0.33","225.27","99.94"
"812","1970","13","West Bengal","Jalpaiguri","51.53","30.82","45.05","61.37","31.88","79.17","7.12","34.66","0.16","120.07","135.74","326.08"
"812","1976","13","West Bengal","Jalpaiguri","85.93","46.29","44.88","61.07","26.15","66.81","6.3","31.97","0.17","120.24","163.43","326.37"
"812","1980","13","West Bengal","Jalpaiguri","127.24","60.11","49.23","70.99","23.29","65.46","4.81","24.69","0.19","120.42","204.75","341.66"
"812","1985","13","West Bengal","Jalpaiguri","-1.0","-1.0","-1.0","-1.0","-1.0","-1.0","-1.0","-1.0","-1.0","-1.0","208.44","345.22"
"812","1990","13","West Bengal","Jalpaiguri","243.39","129.46","70.0","110.68","30.28","92.89","6.84","39.93","0.26","12.19","350.77","385.16"
"812","1995","13","West Bengal","Jalpaiguri","181.09","99.12","43.5","69.98","17.5","48.45","3.43","18.24","0.23","120.83","245.74","356.63"
"812","2000","13","West Bengal","Jalpaiguri","230.77","125.16","43.5","70.64","10.13","27.46","1.39","7.11","0.22","124.75","286.01","355.11"
"812","2005","13","West Bengal","Jalpaiguri","237.31","124.37","47.18","75.0","9.85","27.16","1.1","5.54","0.2","123.48","295.64","355.54"
"812","2010","13","West Bengal","Jalpaiguri","237.41","123.94","47.28","77.18","9.18","24.87","0.73","3.69","0.24","124.91","294.84","354.59"
"813","1970","13","West Bengal","Darjeeling","19.94","10.68","14.59","20.75","12.21","32.61","5.24","28.94","0.33","67.34","52.31","160.32"
"813","1976","13","West Bengal","Darjeeling","27.97","14.23","16.34","23.42","9.5","25.58","4.35","24.49","0.34","67.65","58.5","155.39"
"813","1980","13","West Bengal","Darjeeling","35.22","17.47","17.58","26.27","9.06","25.82","3.01","16.97","0.23","66.43","65.09","152.95"
"813","1985","13","West Bengal","Darjeeling","-1.0","-1.0","-1.0","-1.0","-1.0","-1.0","-1.0","-1.0","-1.0","-1.0","74.6","159.21"
"813","1990","13","West Bengal","Darjeeling","69.5","38.61","24.21","34.96","12.09","31.54","3.17","17.95","0.22","66.63","109.2","189.68"
"813","1995","13","West Bengal","Darjeeling","62.06","33.1","18.24","27.03","8.36","22.35","1.26","6.64","0.19","65.81","90.11","154.93"
"813","2000","13","West Bengal","Darjeeling","74.72","38.6","13.88","20.68","2.9","8.16","0.35","2.11","0.16","82.83","92.0","152.38"
"813","2005","13","West Bengal","Darjeeling","86.28","38.01","13.04","19.4","3.81","9.55","0.41","2.25","0.15","82.75","103.7","151.96"
"813","2010","13","West Bengal","Darjeeling","87.24","37.47","12.76","18.95","3.52","9.03","0.7","3.6","0.15","82.25","104.36","151.3"
"814","1970","13","West Bengal","Maldah","121.37","50.55","41.74","57.74","29.54","78.29","12.0","63.86","0.19","2.69","204.83","253.13"
"814","1976","13","West Bengal","Maldah","224.13","83.79","54.46","74.88","29.82","78.81","8.19","43.41","0.18","2.18","316.78","283.07"
"814","1980","13","West Bengal","Maldah","240.16","88.26","60.55","95.18","27.36","75.55","6.69","36.86","0.16","2.28","334.92","298.13"
"814","1985","13","West Bengal","Maldah","-1.0","-1.0","-1.0","-1.0","-1.0","-1.0","-1.0","-1.0","-1.0","-1.0","338.61","306.23"
"814","1990","13","West Bengal","Maldah","335.41","154.61","73.35","111.17","29.81","83.26","7.78","44.41","0.13","1.93","446.47","395.38"
"814","1995","13","West Bengal","Maldah","266.93","120.13","57.04","85.67","23.11","63.23","5.78","31.64","0.1","1.12","352.94","301.8"
"814","2000","13","West Bengal","Maldah","295.81","160.94","52.99","90.94","13.22","37.86","1.73","8.79","0.02","0.32","363.76","298.85"
"814","2005","13","West Bengal","Maldah","329.15","182.76","75.75","128.68","12.44","33.91","0.88","4.82","0.01","0.42","418.24","350.59"
"814","2010","13","West Bengal","Maldah","327.46","170.35","49.66","80.38","14.36","39.34","1.14","6.13","0.01","0.13","392.62","296.33"
"816","1970","13","West Bengal","Cooch Behar","94.3","45.32","44.42","61.02","22.77","58.88","5.44","27.1","0.03","0.33","166.95","192.65"
"816","1976","13","West Bengal","Cooch Behar","117.69","59.4","53.29","72.83","26.81","68.42","6.38","31.09","0.02","0.33","204.2","232.06"
"816","1980","13","West Bengal","Cooch Behar","157.84","68.39","65.55","90.14","30.69","77.94","5.22","24.83","0.0","0.09","259.29","261.39"
"816","1985","13","West Bengal","Cooch Behar","-1.0","-1.0","-1.0","-1.0","-1.0","-1.0","-1.0","-1.0","-1.0","-1.0","265.07","267.97"
"816","1990","13","West Bengal","Cooch Behar","320.27","159.89","81.01","120.83","35.98","105.95","7.9","43.57","0.05","1.56","445.21","431.79"
"816","1995","13","West Bengal","Cooch Behar","197.33","106.67","59.03","75.07","21.35","66.46","5.11","25.56","0.05","2.21","282.87","275.95"
"816","2000","13","West Bengal","Cooch Behar","235.93","128.28","51.46","79.94","20.2","57.42","1.76","8.81","0.01","0.26","309.37","274.7"
"816","2005","13","West Bengal","Cooch Behar","249.44","132.76","50.75","79.53","20.79","57.53","0.43","2.09","0.04","2.04","321.45","273.95"
"816","2010","13","West Bengal","Cooch Behar","254.31","138.16","49.16","78.42","19.54","52.68","0.23","1.19","0.04","2.04","323.28","272.5"
"817","1970","13","West Bengal","Puruliya","117.41","59.07","54.53","72.42","29.74","75.48","10.92","59.02","0.59","7.34","213.19","273.33"
"817","1976","13","West Bengal","Puruliya","168.28","76.55","67.17","92.94","30.81","81.14","9.87","53.99","0.15","1.63","276.27","306.25"
"817","1980","13","West Bengal","Puruliya","161.89","74.84","64.1","102.44","28.12","81.05","8.58","48.71","0.12","1.8","262.81","308.84"
"817","1985","13","West Bengal","Puruliya","-1.0","-1.0","-1.0","-1.0","-1.0","-1.0","-1.0","-1.0","-1.0","-1.0","268.64","270.2"
"817","1990","13","West Bengal","Puruliya","254.27","118.73","80.84","121.1","42.22","104.64","6.8","34.22","0.06","0.84","384.19","379.52"
"817","1995","13","West Bengal","Puruliya","201.76","95.31","65.76","88.95","22.52","57.33","3.48","17.91","0.07","0.82","293.58","260.31"
"817","2000","13","West Bengal","Puruliya","213.09","100.31","63.75","89.55","22.46","58.59","2.2","11.16","0.03","0.69","301.51","260.29"
"817","2005","13","West Bengal","Puruliya","157.08","84.09","40.05","63.72","16.34","43.41","0.54","2.58","0.01","0.11","214.01","193.92"
"817","2010","13","West Bengal","Puruliya","252.97","130.44","49.65","74.49","14.88","39.58","2.41","11.15","0.01","0.16","319.92","255.81"
"818","1970","13","West Bengal","Medinipur","529.79","232.59","177.69","244.6","80.23","210.69","22.48","119.61","0.37","6.63","810.56","814.12"
"818","1976","13","West Bengal","Medinipur","741.99","280.86","179.94","246.0","77.88","203.48","17.19","88.64","0.19","3.11","1017.19","822.09"
"818","1980","13","West Bengal","Medinipur","788.3","293.89","168.3","254.93","69.25","188.18","14.49","78.2","0.16","2.9","1040.51","818.1"
"818","1985","13","West Bengal","Medinipur","-1.0","-1.0","-1.0","-1.0","-1.0","-1.0","-1.0","-1.0","-1.0","-1.0","1109.61","851.28"
"818","1990","13","West Bengal","Medinipur","1161.13","527.12","167.78","304.17","52.04","159.58","6.33","35.02","0.07","1.48","1387.35","1027.37"
"818","1995","13","West Bengal","Medinipur","1043.08","496.48","129.1","217.68","32.42","88.35","4.68","24.63","0.05","2.25","1209.33","829.39"
"818","2000","13","West Bengal","Medinipur","1127.64","569.49","108.85","180.65","23.41","64.25","1.78","8.48","0.03","0.91","1261.71","823.76"
"818","2005","13","West Bengal","Medinipur","708.11","328.71","154.64","237.26","41.88","112.6","3.65","17.87","0.02","0.2","908.29","696.64"
"818","2010","13","West Bengal","Medinipur","1180.79","560.77","119.23","190.34","22.2","61.96","1.08","4.98","0.02","0.81","1323.32","818.85"
"822","1970","13","West Bengal","West Dinajpur","107.66","53.21","64.38","90.21","51.57","131.6","24.38","132.74","0.51","6.03","248.48","413.78"
"822","1976","13","West Bengal","West Dinajpur","177.64","79.98","80.21","111.99","54.08","141.8","17.54","89.83","0.05","0.75","329.51","424.35"
"822","1980","13","West Bengal","West Dinajpur","235.78","91.77","80.57","110.07","50.64","133.54","13.45","69.37","0.04","0.65","380.48","405.39"
"822","1985","13","West Bengal","West Dinajpur","-1.0","-1.0","-1.0","-1.0","-1.0","-1.0","-1.0","-1.0","-1.0","-1.0","416.06","456.85"
"822","1990","13","West Bengal","West Dinajpur","-1.0","-1.0","-1.0","-1.0","-1.0","-1.0","-1.0","-1.0","-1.0","-1.0","-1.0","-1.0"
"822","1995","13","West Bengal","West Dinajpur","-1.0","-1.0","-1.0","-1.0","-1.0","-1.0","-1.0","-1.0","-1.0","-1.0","-1.0","-1.0"
"822","2000","13","West Bengal","West Dinajpur","358.86","212.36","83.14","143.84","25.85","73.87","2.75","13.8","0.08","5.26","470.69","449.12"
"822","2005","13","West Bengal","West Dinajpur","530.02","289.49","99.91","163.63","28.67","78.46","2.08","10.09","0.07","8.7","660.75","550.37"
"822","2010","13","West Bengal","West Dinajpur","390.31","210.22","87.48","139.62","29.27","78.87","1.44","6.7","0.06","8.62","508.55","444.02"
"901","1970","2","Bihar","Champaran","343.0","137.0","75.0","106.0","51.0","142.0","26.0","161.0","7.0","140.0","502.0","686.0"
"901","1976","2","Bihar","Champaran","527.0","191.0","77.0","99.0","55.0","145.0","26.0","158.0","4.0","70.0","689.0","663.0"
"901","1980","2","Bihar","Champaran","603.0","218.0","74.0","95.0","53.0","146.0","24.0","131.0","3.0","58.0","757.0","648.0"
"901","1995","2","Bihar","Champaran","1122.26","364.57","98.33","123.94","56.98","161.91","20.73","109.89","1.56","25.62","1299.87","785.91"
"901","2010","2","Bihar","Champaran","1929.0","471.0","115.0","137.0","52.0","134.0","12.0","61.0","0.0","8.0","2108.0","812.0"
"902","1970","2","Bihar","Muzaffarpur","534.0","173.0","83.0","115.0","58.0","162.0","30.0","172.0","5.0","85.0","710.0","707.0"
"902","1976","2","Bihar","Muzaffarpur","1041.0","283.0","88.0","109.0","53.0","136.0","22.0","119.0","2.3","38.0","1206.3","685.0"
"902","1980","2","Bihar","Muzaffarpur","1160.0","317.0","83.0","106.0","49.0","131.0","17.0","96.0","1.6","22.0","1310.6","672.0"
"902","1995","2","Bihar","Muzaffarpur","1428.41","311.99","90.32","111.63","49.99","131.06","11.13","55.91","0.39","5.88","1580.23","616.45"
"902","2010","2","Bihar","Muzaffarpur","1946.0","362.0","72.0","87.0","29.0","73.0","4.0","20.0","0.0","1.0","2051.0","544.0"
"903","1970","2","Bihar","Darbhanga","676.0","253.0","86.0","117.0","63.0","172.0","28.0","100.0","5.0","97.0","858.0","739.0"
"903","1976","2","Bihar","Darbhanga","888.0","281.0","90.0","115.0","59.0","152.0","21.0","116.0","2.0","42.0","1060.0","706.0"
"903","1980","2","Bihar","Darbhanga","977.0","311.0","81.0","104.0","53.0","143.0","18.0","100.0","1.0","20.0","1130.0","678.0"
"903","1995","2","Bihar","Darbhanga","1145.27","292.42","94.48","117.73","50.33","128.61","16.56","90.04","1.17","17.78","1307.82","646.58"
"903","2010","2","Bihar","Darbhanga","1738.0","373.0","93.0","111.0","31.0","77.0","6.0","29.0","0.0","3.0","1867.0","594.0"
"904","1970","2","Bihar","Saharsa","232.0","98.0","52.0","71.0","46.0","124.0","25.0","142.0","6.0","109.0","361.0","544.0"
"904","1976","2","Bihar","Saharsa","256.0","103.0","54.0","72.0","47.0","131.0","26.0","149.0","4.0","68.0","387.0","523.0"
"904","1980","2","Bihar","Saharsa","327.0","90.0","38.0","51.0","35.0","87.0","16.0","87.0","1.0","23.0","417.0","338.0"
"904","1995","2","Bihar","Saharsa","297.1","101.75","50.01","63.2","23.57","62.46","7.72","41.72","0.49","7.42","378.89","276.54"
"904","2010","2","Bihar","Saharsa","521.0","146.0","46.0","56.0","20.0","55.0","6.0","29.0","0.0","6.0","593.0","291.0"
"905","1970","2","Bihar","Purnea","281.0","117.0","84.0","118.0","65.0","180.0","41.0","240.0","15.0","86.0","486.0","741.0"
"905","1976","2","Bihar","Purnea","532.0","203.0","101.0","134.0","77.0","218.0","41.0","229.0","7.0","121.0","758.0","905.0"
"905","1980","2","Bihar","Purnea","577.0","226.0","107.0","144.0","82.0","228.0","44.0","246.0","4.0","78.0","814.0","922.0"
"905","1995","2","Bihar","Purnea","970.86","300.0","118.57","165.02","81.2","216.82","24.41","137.66","1.18","21.21","1196.24","840.71"
"905","2010","2","Bihar","Purnea","1313.0","419.0","125.0","164.0","62.0","162.0","9.0","49.0","0.0","1.0","1509.0","798.0"
"906","1970","2","Bihar","Saran","363.0","143.0","81.0","112.0","58.0","158.0","23.0","129.0","3.0","47.0","528.0","589.0"
"906","1976","2","Bihar","Saran","581.0","209.0","82.0","103.0","53.0","142.0","17.0","96.0","1.1","20.0","734.1","570.0"
"906","1980","2","Bihar","Saran","760.0","261.0","77.0","98.0","48.0","126.0","13.0","71.0","0.9","20.5","898.9","576.5"
"906","1995","2","Bihar","Saran","954.74","330.29","85.88","106.17","37.79","98.16","6.81","35.06","0.19","3.05","1094.71","572.72"
"906","2010","2","Bihar","Saran","1465.0","316.0","62.0","79.0","20.0","52.0","2.0","8.0","0.0","0.0","1550.0","456.0"
"907","1970","2","Bihar","Patna","297.0","107.0","64.0","89.0","45.0","125.0","20.0","109.0","1.6","32.0","427.6","462.0"
"907","1976","2","Bihar","Patna","428.0","164.0","71.0","93.0","42.0","109.0","13.0","64.0","0.4","7.0","554.4","437.0"
"907","1980","2","Bihar","Patna","464.0","171.0","73.0","97.0","41.0","108.0","10.0","52.0","0.18","3.0","588.18","431.0"
"907","1995","2","Bihar","Patna","650.59","220.62","88.96","102.73","29.32","84.0","4.49","22.48","0.05","1.04","773.41","430.87"
"907","2010","2","Bihar","Patna","916.0","237.0","80.0","105.0","25.0","67.0","3.0","12.0","0.0","1.0","1024.0","421.0"
"908","1970","2","Bihar","Mungair","349.0","133.0","75.0","104.0","53.0","147.0","27.0","164.0","7.0","147.0","511.0","695.0"
"908","1976","2","Bihar","Mungair","549.0","245.0","78.0","102.0","54.0","143.0","25.0","137.0","4.0","70.0","710.0","697.0"
"908","1980","2","Bihar","Mungair","547.0","204.0","63.0","86.0","44.0","117.0","16.0","86.0","1.4","36.0","671.4","529.0"
"908","1995","2","Bihar","Mungair","855.84","224.05","101.32","117.37","58.2","151.19","15.37","82.54","1.42","21.17","1032.14","596.29"
"908","2010","2","Bihar","Mungair","1343.0","348.0","76.0","93.0","36.0","92.0","9.0","44.0","0.0","3.0","1463.0","581.0"
"909","1970","2","Bihar","Bhagalpur","167.0","64.0","42.0","59.0","30.0","84.0","18.0","106.0","6.0","112.0","263.0","425.0"
"909","1976","2","Bihar","Bhagalpur","248.0","91.0","36.0","48.0","26.0","68.0","14.0","80.0","2.0","47.0","326.0","334.0"
"909","1980","2","Bihar","Bhagalpur","321.0","119.0","42.0","58.0","32.0","84.0","14.0","82.0","2.0","33.0","411.0","376.0"
"909","1995","2","Bihar","Bhagalpur","507.81","157.62","49.95","63.23","27.09","69.07","7.17","37.8","0.39","6.14","592.42","333.84"
"909","2010","2","Bihar","Bhagalpur","769.0","205.0","35.0","47.0","14.0","40.0","3.0","15.0","0.0","2.0","822.0","311.0"
"910","1970","15","Jharkhand","Santhal Paragana / Dumka","178.0","74.0","68.0","100.0","78.0","223.0","59.0","353.0","13.0","216.0","396.0","966.0"
"910","1976","15","Jharkhand","Santhal Paragana / Dumka","247.0","89.0","68.0","98.0","69.0","200.0","57.0","348.0","10.0","165.0","451.0","900.0"
"910","1980","15","Jharkhand","Santhal Paragana / Dumka","263.0","122.0","78.0","113.0","80.0","228.0","51.0","302.0","8.0","121.0","480.0","886.0"
"910","2010","15","Jharkhand","Santhal Paragana / Dumka","366.0","169.0","94.0","134.0","77.0","218.0","28.0","160.0","2.0","34.0","567.0","713.0"
"911","1970","2","Bihar","Shahabad (now part of Bhojpur district)","273.0","103.0","74.0","106.0","62.0","172.0","41.0","245.0","9.0","146.0","459.0","772.0"
"911","1976","2","Bihar","Shahabad (now part of Bhojpur district)","382.0","142.0","83.0","109.0","73.0","191.0","42.0","230.0","6.0","84.0","586.0","756.0"
"911","1980","2","Bihar","Shahabad (now part of Bhojpur district)","422.0","160.0","84.0","114.0","72.0","197.0","40.0","222.0","5.0","78.0","623.0","771.0"
"911","1995","2","Bihar","Shahabad (now part of Bhojpur district)","715.38","292.04","121.32","145.41","79.55","219.91","25.54","144.18","1.45","19.97","943.21","821.49"
"911","2010","2","Bihar","Shahabad (now part of Bhojpur district)","1223.0","350.0","98.0","124.0","56.0","147.0","17.0","89.0","1.0","13.0","1396.0","723.0"
"912","1970","2","Bihar","Gaya","480.0","169.0","115.0","162.0","90.0","243.0","39.0","214.0","4.0","72.0","728.0","860.0"
"912","1976","2","Bihar","Gaya","606.0","199.0","127.0","175.0","88.0","235.0","34.0","182.0","2.3","33.0","857.3","824.0"
"912","1980","2","Bihar","Gaya","665.0","262.0","131.0","175.0","92.0","244.0","31.0","170.0","1.6","33.0","920.6","884.0"
"912","1995","2","Bihar","Gaya","905.04","330.91","140.99","173.5","83.92","223.54","21.26","107.76","0.79","13.0","1152.01","848.72"
"912","2010","2","Bihar","Gaya","1583.0","444.0","146.0","182.0","67.0","176.0","11.0","55.0","0.0","2.0","1806.0","857.0"
"913","1970","15","Jharkhand","Hazaribagh","189.0","80.0","54.0","77.0","54.0","147.0","35.0","204.0","9.0","163.0","341.0","671.0"
"913","1976","15","Jharkhand","Hazaribagh","257.0","111.0","67.0","94.0","60.0","160.0","37.0","222.0","6.0","116.0","427.0","703.0"
"913","1980","15","Jharkhand","Hazaribagh","318.0","146.0","75.0","112.0","68.0","193.0","31.0","181.0","4.0","70.0","496.0","702.0"
"913","2010","15","Jharkhand","Hazaribagh","433.48","172.4","89.71","119.06","40.36","106.74","15.01","79.05","1.0","20.02","578.56","501.27"
"914","1970","15","Jharkhand","Dhanbad","44.0","16.0","13.0","18.0","12.0","35.0","9.0","55.0","3.0","41.0","81.0","165.0"
"914","1976","15","Jharkhand","Dhanbad","77.0","33.0","14.0","20.0","13.0","34.0","8.0","50.0","1.0","20.0","113.0","157.0"
"914","1980","15","Jharkhand","Dhanbad","77.0","35.0","16.0","24.0","14.0","39.0","7.0","39.0","1.0","16.0","115.0","153.0"
"914","2010","15","Jharkhand","Dhanbad","52.52","22.6","10.29","13.94","6.64","17.26","1.99","10.95","0.0","2.98","71.44","67.73"
"915","1970","15","Jharkhand","Palamau","87.0","33.0","28.0","41.0","28.0","81.0","23.0","138.0","9.0","156.0","175.0","449.0"
"915","1976","15","Jharkhand","Palamau","139.0","54.0","33.0","47.0","32.0","90.0","26.0","146.0","6.0","113.0","236.0","450.0"
"915","1980","15","Jharkhand","Palamau","187.0","72.0","42.0","58.0","39.0","109.0","26.0","157.0","6.0","105.0","300.0","501.0"
"915","2010","15","Jharkhand","Palamau","416.0","154.0","56.0","74.0","35.0","91.0","15.0","77.0","1.0","31.0","523.0","426.0"
"916","1970","15","Jharkhand","Ranchi","150.0","65.0","54.0","79.0","66.0","191.0","63.0","382.0","24.0","402.0","357.0","1119.0"
"916","1976","15","Jharkhand","Ranchi","209.0","81.0","66.0","88.0","72.0","192.0","76.0","409.0","20.0","356.0","443.0","1126.0"
"916","1980","15","Jharkhand","Ranchi","189.0","77.0","60.0","87.0","68.0","191.0","65.0","404.0","18.0","307.0","400.0","1066.0"
"916","2010","15","Jharkhand","Ranchi","287.0","135.0","107.0","149.0","78.0","212.0","41.0","246.0","9.0","128.0","522.0","869.0"
"917","1970","15","Jharkhand","Singhbhum","231.0","77.0","60.0","86.0","53.0","150.0","35.0","201.0","7.0","103.0","386.0","617.0"
"917","1976","15","Jharkhand","Singhbhum","254.0","98.0","57.0","80.0","52.0","143.0","34.0","202.0","6.0","95.0","403.0","618.0"
"917","1980","15","Jharkhand","Singhbhum","234.0","84.0","57.0","80.0","53.0","148.0","36.0","211.0","7.0","114.0","387.0","637.0"
"917","2010","15","Jharkhand","Singhbhum","294.0","112.0","70.0","101.0","49.0","132.0","26.0","150.0","6.0","94.0","446.0","590.0"