"Dist Code","Year","State Code","State Name","Dist Name","NITROGEN KHARIF CONSUMPTION (tons)","NITROGEN RABI CONSUMPTION (tons)","PHOSPHATE KHARIF CONSUMPTION (tons)","PHOSPHATE RABI CONSUMPTION (tons)","POTASH KHARIF CONSUMPTION (tons)","POTASH RABI CONSUMPTION (tons)","TOTAL KHARIF CONSUMPTION (tons)","TOTAL RABI CONSUMPTION (tons)"
"1","1990","14","Chhattisgarh","Durg","19473.0","2671.0","6665.0","2373.0","2173.0","1159.0","28311.0","6203.0"
"1","1991","14","Chhattisgarh","Durg","17068.0","2671.0","12021.0","2482.0","4254.0","1025.0","33343.0","6178.0"
"1","1993","14","Chhattisgarh","Durg","22535.0","2529.0","12724.0","2599.0","4443.0","791.0","39702.0","5919.0"
"1","1994","14","Chhattisgarh","Durg","25864.0","3097.0","12740.0","1766.0","2294.0","681.0","40898.0","5544.0"
"1","1995","14","Chhattisgarh","Durg","25864.0","3097.0","12740.0","1766.0","2294.0","681.0","40898.0","5544.0"
"1","1996","14","Chhattisgarh","Durg","25864.0","3097.0","12740.0","1766.0","2294.0","681.0","40898.0","5544.0"
"1","1997","14","Chhattisgarh","Durg","33070.0","3513.0","14370.0","1671.0","4225.0","533.0","51665.0","5717.0"
"1","1998","14","Chhattisgarh","Durg","-1.0","-1.0","-1.0","-1.0","-1.0","-1.0","-1.0","-1.0"
"1","1999","14","Chhattisgarh","Durg","-1.0","-1.0","-1.0","-1.0","-1.0","-1.0","-1.0","-1.0"
"1","2000","14","Chhattisgarh","Durg","32672.0","2678.0","16859.0","1533.0","5189.0","533.0","54720.0","4744.0"
"1","2001","14","Chhattisgarh","Durg","38394.0","1301.0","16541.0","1080.0","4504.0","188.0","59438.0","2569.0"
"1","2002","14","Chhattisgarh","Durg","30430.0","2785.0","15215.0","1744.0","5287.0","622.0","50932.0","5151.0"
"1","2003","14","Chhattisgarh","Durg","29742.0","2925.0","12891.0","1840.0","4777.0","728.0","47410.0","5492.0"
"1","2004","14","Chhattisgarh","Durg","41013.0","7944.0","18251.0","5116.0","6772.0","1926.0","66037.0","14985.0"
"1","2005","14","Chhattisgarh","Durg","43026.0","9862.0","15991.0","7921.0","8358.0","2108.0","67376.0","19891.0"
"1","2006","14","Chhattisgarh","Durg","55815.0","8163.0","24078.0","6697.0","9620.0","2772.0","89513.0","17633.0"
"1","2007","14","Chhattisgarh","Durg","47357.0","12975.0","21754.0","5804.0","9490.0","1968.0","78600.0","20746.0"
"1","2008","14","Chhattisgarh","Durg","42685.0","9721.0","26565.0","7292.0","14591.0","3011.0","83841.0","20023.0"
"1","2009","14","Chhattisgarh","Durg","63105.0","9749.0","37491.0","3708.0","14304.0","3787.0","114900.0","17244.0"
"1","2010","14","Chhattisgarh","Durg","62347.0","15081.0","36206.0","8979.0","17515.0","2028.0","116068.0","26088.0"
"1","2011","14","Chhattisgarh","Durg","53404.0","19439.0","31989.0","13826.0","12947.0","4392.0","98340.0","37657.0"
"1","2012","14","Chhattisgarh","Durg","70900.0","22825.0","34861.0","15613.0","12797.0","3417.0","118558.0","41855.0"
"1","2013","14","Chhattisgarh","Durg","58995.0","21750.0","29544.0","12685.0","13585.0","2539.0","102124.0","36973.0"
"1","2014","14","Chhattisgarh","Durg","71237.0","21223.0","39946.0","14412.0","12256.0","3997.0","123439.0","39632.0"
"1","2015","14","Chhattisgarh","Durg","78704.0","30395.0","39954.0","22456.0","13614.0","5809.0","132272.0","58661.0"
"1","2016","14","Chhattisgarh","Durg","80005.0","23323.0","47584.0","19312.0","13703.0","7011.0","141291.0","49645.0"
"1","2017","14","Chhattisgarh","Durg","73484.0","17963.0","40849.0","12637.0","14690.0","2303.0","129024.0","32902.0"
"2","1990","14","Chhattisgarh","Bastar","1061.0","723.0","784.0","382.0","152.0","65.0","1997.0","1170.0"
"2","1991","14","Chhattisgarh","Bastar","2294.0","723.0","850.0","398.0","269.0","66.0","3413.0","1187.0"
"2","1993","14","Chhattisgarh","Bastar","2863.0","403.0","1384.0","319.0","467.0","116.0","4714.0","838.0"
"2","1994","14","Chhattisgarh","Bastar","3273.0","445.0","1541.0","187.0","354.0","86.0","5168.0","718.0"
"2","1995","14","Chhattisgarh","Bastar","3273.0","445.0","1541.0","187.0","354.0","86.0","5168.0","718.0"
"2","1996","14","Chhattisgarh","Bastar","3273.0","445.0","1541.0","187.0","354.0","86.0","5168.0","718.0"
"2","1997","14","Chhattisgarh","Bastar","6845.0","732.0","1988.0","308.0","792.0","123.0","9625.0","1163.0"
"2","1998","14","Chhattisgarh","Bastar","-1.0","-1.0","-1.0","-1.0","-1.0","-1.0","-1.0","-1.0"
"2","1999","14","Chhattisgarh","Bastar","-1.0","-1.0","-1.0","-1.0","-1.0","-1.0","-1.0","-1.0"
"2","2000","14","Chhattisgarh","Bastar","6352.0","801.0","3431.0","319.0","1238.0","128.0","11021.0","1248.0"
"2","2001","14","Chhattisgarh","Bastar","8292.0","683.0","3203.0","526.0","1076.0","263.0","12571.0","1472.0"
"2","2002","14","Chhattisgarh","Bastar","5645.0","653.0","2706.0","524.0","987.0","164.0","9338.0","1341.0"
"2","2003","14","Chhattisgarh","Bastar","5651.0","822.0","2578.0","536.0","956.0","320.0","9185.0","1678.0"
"2","2004","14","Chhattisgarh","Bastar","7566.0","1749.0","3009.0","1351.0","1465.0","599.0","12040.0","3699.0"
"2","2005","14","Chhattisgarh","Bastar","8898.0","1763.0","3031.0","1796.0","1500.0","459.0","13429.0","4018.0"
"2","2006","14","Chhattisgarh","Bastar","10218.0","2000.0","5260.0","876.0","2277.0","243.0","17755.0","3119.0"
"2","2007","14","Chhattisgarh","Bastar","7240.0","2470.0","2595.0","675.0","354.0","361.0","10189.0","3506.0"
"2","2008","14","Chhattisgarh","Bastar","6193.0","5385.0","2649.0","2799.0","1508.0","2071.0","10350.0","10255.0"
"2","2009","14","Chhattisgarh","Bastar","15401.0","2039.0","8170.0","906.0","2617.0","595.0","26188.0","3540.0"
"2","2010","14","Chhattisgarh","Bastar","13908.0","2911.0","7930.0","1745.0","4202.0","1075.0","26040.0","5731.0"
"2","2011","14","Chhattisgarh","Bastar","12926.0","3775.0","7423.0","2976.0","2302.0","1157.0","22651.0","7908.0"
"2","2012","14","Chhattisgarh","Bastar","16830.0","6055.0","8457.0","3663.0","3286.0","1249.0","28573.0","10967.0"
"2","2013","14","Chhattisgarh","Bastar","14060.0","4688.0","7706.0","1875.0","3346.0","566.0","25112.0","7129.0"
"2","2014","14","Chhattisgarh","Bastar","15773.0","5651.0","9476.0","2261.0","3512.0","1094.0","28761.0","9006.0"
"2","2015","14","Chhattisgarh","Bastar","12483.0","7215.0","8814.0","4601.0","3432.0","1709.0","24729.0","13525.0"
"2","2016","14","Chhattisgarh","Bastar","13485.0","9107.0","10668.0","3126.0","3522.0","1872.0","27678.0","14105.0"
"2","2017","14","Chhattisgarh","Bastar","13147.0","8132.0","8801.0","3783.0","2902.0","1369.0","24850.0","13284.0"
"3","1990","14","Chhattisgarh","Raipur","27797.0","3015.0","12068.0","1814.0","7337.0","921.0","47202.0","5750.0"
"3","1991","14","Chhattisgarh","Raipur","24311.0","3015.0","13757.0","1850.0","5436.0","915.0","43504.0","5780.0"
"3","1993","14","Chhattisgarh","Raipur","31375.0","4199.0","12107.0","2847.0","6937.0","845.0","50419.0","7891.0"
"3","1994","14","Chhattisgarh","Raipur","43179.0","6094.0","18055.0","3238.0","4861.0","1244.0","66095.0","10576.0"
"3","1995","14","Chhattisgarh","Raipur","43179.0","6094.0","18055.0","3238.0","4861.0","1244.0","66095.0","10576.0"
"3","1996","14","Chhattisgarh","Raipur","43179.0","6094.0","18055.0","3238.0","4861.0","1244.0","66095.0","10576.0"
"3","1997","14","Chhattisgarh","Raipur","47602.0","7393.0","19765.0","3085.0","6868.0","1062.0","74235.0","11540.0"
"3","1998","14","Chhattisgarh","Raipur","-1.0","-1.0","-1.0","-1.0","-1.0","-1.0","-1.0","-1.0"
"3","1999","14","Chhattisgarh","Raipur","-1.0","-1.0","-1.0","-1.0","-1.0","-1.0","-1.0","-1.0"
"3","2000","14","Chhattisgarh","Raipur","43448.0","4252.0","24429.0","1716.0","8091.0","692.0","75968.0","6660.0"
"3","2001","14","Chhattisgarh","Raipur","47589.0","3370.0","22098.0","1523.0","6794.0","728.0","76481.0","5621.0"
"3","2002","14","Chhattisgarh","Raipur","42961.0","5390.0","21364.0","2322.0","7350.0","1001.0","71675.0","8713.0"
"3","2003","14","Chhattisgarh","Raipur","42018.0","5882.0","19311.0","3098.0","6081.0","1858.0","67410.0","10838.0"
"3","2004","14","Chhattisgarh","Raipur","58360.0","10387.0","26831.0","6964.0","10629.0","3161.0","95820.0","20512.0"
"3","2005","14","Chhattisgarh","Raipur","54164.0","18715.0","32994.0","14161.0","12828.0","2602.0","99986.0","35478.0"
"3","2006","14","Chhattisgarh","Raipur","75246.0","26161.0","31890.0","14767.0","14339.0","7442.0","121475.0","48370.0"
"3","2007","14","Chhattisgarh","Raipur","83979.0","22681.0","40871.0","14255.0","24309.0","5965.0","149159.0","42901.0"
"3","2008","14","Chhattisgarh","Raipur","82347.0","23660.0","39667.0","13889.0","18433.0","5048.0","140447.0","42597.0"
"3","2009","14","Chhattisgarh","Raipur","89750.0","25495.0","46765.0","12522.0","18332.0","6218.0","154847.0","44235.0"
"3","2010","14","Chhattisgarh","Raipur","91183.0","36522.0","46577.0","17516.0","22048.0","5569.0","159808.0","59607.0"
"3","2011","14","Chhattisgarh","Raipur","93518.0","50408.0","38652.0","28216.0","9949.0","17392.0","142119.0","96016.0"
"3","2012","14","Chhattisgarh","Raipur","82322.0","58611.0","34389.0","29393.0","9641.0","2684.0","126352.0","90688.0"
"3","2013","14","Chhattisgarh","Raipur","105498.0","28018.0","41949.0","20741.0","14665.0","2053.0","162112.0","50812.0"
"3","2014","14","Chhattisgarh","Raipur","92205.0","39015.0","40583.0","16392.0","12075.0","8041.0","144863.0","63448.0"
"3","2015","14","Chhattisgarh","Raipur","94031.0","33176.0","33428.0","18541.0","11026.0","5396.0","138485.0","57113.0"
"3","2016","14","Chhattisgarh","Raipur","93647.0","24698.0","41852.0","23341.0","10560.0","6909.0","146057.0","54948.0"
"3","2017","14","Chhattisgarh","Raipur","73175.0","18833.0","34180.0","13541.0","10916.0","4138.0","118271.0","36512.0"
"4","1990","14","Chhattisgarh","Bilaspur","16729.0","2557.0","4840.0","1500.0","1142.0","334.0","22711.0","4391.0"
"4","1991","14","Chhattisgarh","Bilaspur","18007.0","2557.0","6128.0","1625.0","1805.0","350.0","25940.0","4532.0"
"4","1993","14","Chhattisgarh","Bilaspur","21060.0","2221.0","7902.0","849.0","2088.0","543.0","31050.0","3613.0"
"4","1994","14","Chhattisgarh","Bilaspur","26087.0","5302.0","6074.0","1118.0","799.0","193.0","32960.0","6613.0"
"4","1995","14","Chhattisgarh","Bilaspur","26087.0","5302.0","6074.0","1118.0","799.0","193.0","32960.0","6613.0"
"4","1996","14","Chhattisgarh","Bilaspur","26087.0","5302.0","6074.0","1118.0","799.0","193.0","32960.0","6613.0"
"4","1997","14","Chhattisgarh","Bilaspur","31540.0","3527.0","8779.0","836.0","1825.0","204.0","42144.0","4567.0"
"4","1998","14","Chhattisgarh","Bilaspur","-1.0","-1.0","-1.0","-1.0","-1.0","-1.0","-1.0","-1.0"
"4","1999","14","Chhattisgarh","Bilaspur","-1.0","-1.0","-1.0","-1.0","-1.0","-1.0","-1.0","-1.0"
"4","2000","14","Chhattisgarh","Bilaspur","33621.0","3062.0","12389.0","1488.0","2359.0","383.0","48369.0","4933.0"
"4","2001","14","Chhattisgarh","Bilaspur","39739.0","7642.0","13310.0","3108.0","2480.0","932.0","55530.0","11682.0"
"4","2002","14","Chhattisgarh","Bilaspur","39875.0","4990.0","14104.0","2151.0","2953.0","884.0","56932.0","8025.0"
"4","2003","14","Chhattisgarh","Bilaspur","40780.0","8073.0","9143.0","2583.0","2900.0","1182.0","52823.0","11839.0"
"4","2004","14","Chhattisgarh","Bilaspur","49070.0","12694.0","12864.0","7337.0","4632.0","1940.0","66565.0","21972.0"
"4","2005","14","Chhattisgarh","Bilaspur","47717.0","7701.0","9954.0","4480.0","4431.0","1063.0","62101.0","13244.0"
"4","2006","14","Chhattisgarh","Bilaspur","50511.0","9826.0","14754.0","3121.0","5710.0","974.0","70975.0","13920.0"
"4","2007","14","Chhattisgarh","Bilaspur","47823.0","8941.0","13390.0","1537.0","4083.0","895.0","65297.0","11374.0"
"4","2008","14","Chhattisgarh","Bilaspur","44361.0","7638.0","16939.0","3116.0","6245.0","1184.0","67545.0","11939.0"
"4","2009","14","Chhattisgarh","Bilaspur","49959.0","9229.0","22318.0","3154.0","5708.0","1631.0","77985.0","14014.0"
"4","2010","14","Chhattisgarh","Bilaspur","49062.0","11888.0","23303.0","4882.0","7648.0","1321.0","80013.0","18091.0"
"4","2011","14","Chhattisgarh","Bilaspur","53398.0","25949.0","21165.0","8769.0","4354.0","4635.0","78917.0","39353.0"
"4","2012","14","Chhattisgarh","Bilaspur","56289.0","19787.0","20585.0","8307.0","4903.0","738.0","81777.0","28832.0"
"4","2013","14","Chhattisgarh","Bilaspur","65986.0","8410.0","19845.0","5904.0","5023.0","510.0","90854.0","14825.0"
"4","2014","14","Chhattisgarh","Bilaspur","63224.0","14725.0","23584.0","5284.0","4376.0","1859.0","91184.0","21868.0"
"4","2015","14","Chhattisgarh","Bilaspur","65358.0","10182.0","25259.0","6994.0","5607.0","2304.0","96224.0","19479.0"
"4","2016","14","Chhattisgarh","Bilaspur","61329.0","21825.0","29599.0","8132.0","5230.0","3441.0","96159.0","33399.0"
"4","2017","14","Chhattisgarh","Bilaspur","62327.0","10599.0","24905.0","4808.0","4819.0","2096.0","92050.0","17504.0"
"5","1990","14","Chhattisgarh","Raigarh","9887.0","1289.0","2737.0","672.0","924.0","385.0","13548.0","2346.0"
"5","1991","14","Chhattisgarh","Raigarh","10044.0","1289.0","3950.0","664.0","1058.0","385.0","15052.0","2338.0"
"5","1993","14","Chhattisgarh","Raigarh","12022.0","1699.0","4463.0","1126.0","1010.0","346.0","17495.0","3171.0"
"5","1994","14","Chhattisgarh","Raigarh","13148.0","1781.0","3409.0","832.0","720.0","188.0","17277.0","2801.0"
"5","1995","14","Chhattisgarh","Raigarh","13148.0","1781.0","3409.0","832.0","720.0","188.0","17277.0","2801.0"
"5","1996","14","Chhattisgarh","Raigarh","13148.0","1781.0","3409.0","832.0","720.0","188.0","17277.0","2801.0"
"5","1997","14","Chhattisgarh","Raigarh","11442.0","1899.0","4418.0","421.0","1205.0","73.0","17065.0","2393.0"
"5","1998","14","Chhattisgarh","Raigarh","-1.0","-1.0","-1.0","-1.0","-1.0","-1.0","-1.0","-1.0"
"5","1999","14","Chhattisgarh","Raigarh","-1.0","-1.0","-1.0","-1.0","-1.0","-1.0","-1.0","-1.0"
"5","2000","14","Chhattisgarh","Raigarh","10856.0","1179.0","7052.0","821.0","1670.0","156.0","19578.0","2156.0"
"5","2001","14","Chhattisgarh","Raigarh","14084.0","1760.0","6464.0","943.0","1141.0","224.0","21689.0","2927.0"
"5","2002","14","Chhattisgarh","Raigarh","13404.0","1900.0","4843.0","944.0","984.0","209.0","19231.0","3053.0"
"5","2003","14","Chhattisgarh","Raigarh","13959.0","2948.0","5285.0","1603.0","956.0","285.0","20200.0","4836.0"
"5","2004","14","Chhattisgarh","Raigarh","18134.0","3642.0","5499.0","1987.0","1423.0","725.0","25056.0","6354.0"
"5","2005","14","Chhattisgarh","Raigarh","19288.0","3832.0","6168.0","3123.0","2137.0","845.0","27593.0","7800.0"
"5","2006","14","Chhattisgarh","Raigarh","17989.0","3986.0","6509.0","1951.0","2609.0","636.0","27107.0","6573.0"
"5","2007","14","Chhattisgarh","Raigarh","18701.0","4366.0","6957.0","2178.0","2311.0","703.0","27969.0","7247.0"
"5","2008","14","Chhattisgarh","Raigarh","23182.0","5523.0","7501.0","3503.0","4023.0","1286.0","34706.0","10312.0"
"5","2009","14","Chhattisgarh","Raigarh","25761.0","4710.0","11127.0","2839.0","2868.0","1327.0","39756.0","8876.0"
"5","2010","14","Chhattisgarh","Raigarh","18255.0","5939.0","10916.0","2869.0","3658.0","964.0","32829.0","9772.0"
"5","2011","14","Chhattisgarh","Raigarh","19075.0","11024.0","9109.0","4891.0","1197.0","1044.0","29381.0","16959.0"
"5","2012","14","Chhattisgarh","Raigarh","18746.0","7061.0","6903.0","4045.0","1497.0","270.0","27146.0","11376.0"
"5","2013","14","Chhattisgarh","Raigarh","21227.0","4585.0","8065.0","3263.0","2088.0","256.0","31380.0","8104.0"
"5","2014","14","Chhattisgarh","Raigarh","23609.0","4319.0","8933.0","2632.0","1959.0","2238.0","34501.0","9189.0"
"5","2015","14","Chhattisgarh","Raigarh","23587.0","7446.0","9439.0","4959.0","2333.0","1327.0","35359.0","13732.0"
"5","2016","14","Chhattisgarh","Raigarh","18722.0","7938.0","10912.0","6804.0","2475.0","3197.0","32109.0","17939.0"
"5","2017","14","Chhattisgarh","Raigarh","18480.0","12802.0","9644.0","3976.0","2520.0","1187.0","30644.0","17965.0"
"6","1990","14","Chhattisgarh","Surguja","2252.0","1500.0","1830.0","1615.0","181.0","128.0","4263.0","3243.0"
"6","1991","14","Chhattisgarh","Surguja","2968.0","1502.0","1682.0","1724.0","511.0","137.0","5161.0","3363.0"
"6","1993","14","Chhattisgarh","Surguja","3174.0","879.0","1973.0","514.0","469.0","83.0","5616.0","1476.0"
"6","1994","14","Chhattisgarh","Surguja","4184.0","2163.0","1494.0","1126.0","290.0","112.0","5968.0","3401.0"
"6","1995","14","Chhattisgarh","Surguja","4184.0","2163.0","1494.0","1126.0","290.0","112.0","5968.0","3401.0"
"6","1996","14","Chhattisgarh","Surguja","4184.0","2163.0","1494.0","1126.0","290.0","112.0","5968.0","3401.0"
"6","1997","14","Chhattisgarh","Surguja","3837.0","1817.0","2471.0","1190.0","510.0","106.0","6818.0","3113.0"
"6","1998","14","Chhattisgarh","Surguja","-1.0","-1.0","-1.0","-1.0","-1.0","-1.0","-1.0","-1.0"
"6","1999","14","Chhattisgarh","Surguja","-1.0","-1.0","-1.0","-1.0","-1.0","-1.0","-1.0","-1.0"
"6","2000","14","Chhattisgarh","Surguja","6043.0","3004.0","4164.0","1724.0","1073.0","132.0","11280.0","4860.0"
"6","2001","14","Chhattisgarh","Surguja","7449.0","3384.0","3169.0","1909.0","931.0","226.0","11549.0","5519.0"
"6","2002","14","Chhattisgarh","Surguja","7743.0","2086.0","3709.0","1196.0","1077.0","130.0","12529.0","3412.0"
"6","2003","14","Chhattisgarh","Surguja","7779.0","2776.0","2193.0","2077.0","855.0","78.0","10827.0","4931.0"
"6","2004","14","Chhattisgarh","Surguja","12605.0","7199.0","4996.0","2662.0","1370.0","397.0","18971.0","10258.0"
"6","2005","14","Chhattisgarh","Surguja","14334.0","2786.0","3494.0","1289.0","1208.0","291.0","19036.0","4366.0"
"6","2006","14","Chhattisgarh","Surguja","8251.0","4054.0","4194.0","1905.0","1282.0","105.0","13727.0","6064.0"
"6","2007","14","Chhattisgarh","Surguja","11724.0","4001.0","6006.0","944.0","2013.0","197.0","19743.0","5142.0"
"6","2008","14","Chhattisgarh","Surguja","13798.0","3112.0","7040.0","3297.0","2428.0","1123.0","23266.0","7532.0"
"6","2009","14","Chhattisgarh","Surguja","15380.0","5244.0","10691.0","2629.0","1240.0","366.0","27311.0","8239.0"
"6","2010","14","Chhattisgarh","Surguja","12519.0","2378.0","7908.0","2354.0","2197.0","764.0","22624.0","5496.0"
"6","2011","14","Chhattisgarh","Surguja","10426.0","3058.0","5665.0","4653.0","1063.0","1408.0","17154.0","9119.0"
"6","2012","14","Chhattisgarh","Surguja","15989.0","6171.0","7761.0","3635.0","1573.0","209.0","25323.0","10015.0"
"6","2013","14","Chhattisgarh","Surguja","20843.0","4789.0","8821.0","2257.0","2785.0","329.0","32449.0","7375.0"
"6","2014","14","Chhattisgarh","Surguja","17325.0","4680.0","9385.0","2486.0","2524.0","2793.0","29234.0","9959.0"
"6","2015","14","Chhattisgarh","Surguja","22625.0","5580.0","10731.0","4566.0","3100.0","1456.0","36456.0","11602.0"
"6","2016","14","Chhattisgarh","Surguja","23840.0","11025.0","12784.0","6876.0","3663.0","1835.0","40287.0","19736.0"
"6","2017","14","Chhattisgarh","Surguja","15782.0","5357.0","9201.0","2677.0","3060.0","1378.0","28043.0","9412.0"
"7","1990","6","Madhya Pradesh","Jabalpur","2782.0","7576.0","1953.0","5323.0","121.0","322.0","4856.0","13221.0"
"7","1991","6","Madhya Pradesh","Jabalpur","3783.0","7576.0","1995.0","5323.0","148.0","338.0","5926.0","13237.0"
"7","1993","6","Madhya Pradesh","Jabalpur","4181.0","8774.0","2650.0","4484.0","220.0","62.0","7051.0","13320.0"
"7","1994","6","Madhya Pradesh","Jabalpur","4574.0","8910.0","4212.0","5288.0","202.0","418.0","8988.0","14616.0"
"7","1995","6","Madhya Pradesh","Jabalpur","4574.0","8910.0","4212.0","5288.0","202.0","418.0","8988.0","14616.0"
"7","1996","6","Madhya Pradesh","Jabalpur","4574.0","8910.0","4212.0","5288.0","202.0","418.0","8988.0","14616.0"
"7","1997","6","Madhya Pradesh","Jabalpur","3915.0","11443.0","2514.0","7325.0","71.0","697.0","6500.0","19465.0"
"7","1998","6","Madhya Pradesh","Jabalpur","-1.0","-1.0","-1.0","-1.0","-1.0","-1.0","-1.0","-1.0"
"7","1999","6","Madhya Pradesh","Jabalpur","-1.0","-1.0","-1.0","-1.0","-1.0","-1.0","-1.0","-1.0"
"7","2000","6","Madhya Pradesh","Jabalpur","5222.0","9414.0","2620.0","4417.0","173.0","315.0","8015.0","14146.0"
"7","2001","6","Madhya Pradesh","Jabalpur","5895.0","10356.0","2825.0","5479.0","390.0","628.0","9110.0","16463.0"
"7","2002","6","Madhya Pradesh","Jabalpur","4881.0","12536.0","2242.0","9272.0","174.0","733.0","7297.0","22541.0"
"7","2003","6","Madhya Pradesh","Jabalpur","5479.0","14738.0","3521.0","10380.0","504.0","1277.0","9504.0","26395.0"
"7","2004","6","Madhya Pradesh","Jabalpur","7744.0","15530.0","3468.0","10403.0","207.0","1135.0","11419.0","27068.0"
"7","2005","6","Madhya Pradesh","Jabalpur","4659.0","15980.0","2498.0","9537.0","147.0","895.0","7304.0","26412.0"
"7","2006","6","Madhya Pradesh","Jabalpur","10928.0","17277.0","7603.0","8578.0","294.0","1227.0","18825.0","27082.0"
"7","2007","6","Madhya Pradesh","Jabalpur","7955.0","20131.0","5805.0","10582.0","775.0","1523.0","14535.0","32236.0"
"7","2008","6","Madhya Pradesh","Jabalpur","13518.0","21655.0","9293.0","10597.0","2054.0","2439.0","24865.0","34691.0"
"7","2009","6","Madhya Pradesh","Jabalpur","10774.0","28035.0","9589.0","14723.0","2049.0","2482.0","22412.0","45240.0"
"7","2010","6","Madhya Pradesh","Jabalpur","14098.0","31078.0","11190.0","16588.0","1309.0","3108.0","26597.0","50774.0"
"7","2011","6","Madhya Pradesh","Jabalpur","19000.0","23455.0","11450.0","14459.0","1467.0","833.0","31917.0","38747.0"
"7","2012","6","Madhya Pradesh","Jabalpur","21096.0","29781.0","15289.0","11850.0","1011.0","2035.0","37396.0","43666.0"
"7","2013","6","Madhya Pradesh","Jabalpur","19236.0","38469.0","7953.0","14980.0","184.0","205.0","27373.0","53654.0"
"7","2014","6","Madhya Pradesh","Jabalpur","18776.0","29605.0","8277.0","12739.0","621.0","402.0","27674.0","42746.0"
"7","2015","6","Madhya Pradesh","Jabalpur","20725.0","37079.0","7707.0","15560.0","672.0","599.0","29104.0","53238.0"
"7","2016","6","Madhya Pradesh","Jabalpur","26285.0","42556.0","10815.0","16307.0","876.0","883.0","37976.0","59746.0"
"7","2017","6","Madhya Pradesh","Jabalpur","23940.0","38290.0","13276.0","17524.0","998.0","1117.0","38213.0","56931.0"
"8","1990","6","Madhya Pradesh","Balaghat","4132.0","815.0","2428.0","490.0","204.0","32.0","6764.0","1337.0"
"8","1991","6","Madhya Pradesh","Balaghat","6323.0","815.0","3063.0","490.0","591.0","41.0","9977.0","1346.0"
"8","1993","6","Madhya Pradesh","Balaghat","6847.0","854.0","2401.0","941.0","558.0","197.0","9806.0","1992.0"
"8","1994","6","Madhya Pradesh","Balaghat","6240.0","1164.0","2840.0","320.0","338.0","41.0","9418.0","1525.0"
"8","1995","6","Madhya Pradesh","Balaghat","6240.0","1164.0","2840.0","320.0","338.0","41.0","9418.0","1525.0"
"8","1996","6","Madhya Pradesh","Balaghat","6240.0","1164.0","2840.0","320.0","338.0","41.0","9418.0","1525.0"
"8","1997","6","Madhya Pradesh","Balaghat","7492.0","1012.0","3111.0","452.0","406.0","39.0","11009.0","1503.0"
"8","1998","6","Madhya Pradesh","Balaghat","-1.0","-1.0","-1.0","-1.0","-1.0","-1.0","-1.0","-1.0"
"8","1999","6","Madhya Pradesh","Balaghat","-1.0","-1.0","-1.0","-1.0","-1.0","-1.0","-1.0","-1.0"
"8","2000","6","Madhya Pradesh","Balaghat","6536.0","785.0","4334.0","331.0","717.0","24.0","11587.0","1140.0"
"8","2001","6","Madhya Pradesh","Balaghat","2604.0","1148.0","4093.0","593.0","475.0","50.0","7172.0","1791.0"
"8","2002","6","Madhya Pradesh","Balaghat","6336.0","1069.0","4121.0","448.0","498.0","38.0","10955.0","1555.0"
"8","2003","6","Madhya Pradesh","Balaghat","7914.0","1797.0","4937.0","855.0","589.0","49.0","13440.0","2701.0"
"8","2004","6","Madhya Pradesh","Balaghat","7691.0","631.0","4751.0","257.0","638.0","11.0","13080.0","899.0"
"8","2005","6","Madhya Pradesh","Balaghat","8614.0","1872.0","5261.0","1432.0","657.0","65.0","14532.0","3369.0"
"8","2006","6","Madhya Pradesh","Balaghat","8700.0","1963.0","5407.0","1175.0","670.0","74.0","14777.0","3212.0"
"8","2007","6","Madhya Pradesh","Balaghat","10541.0","2008.0","6123.0","1400.0","679.0","66.0","17343.0","3474.0"
"8","2008","6","Madhya Pradesh","Balaghat","12011.0","1675.0","7148.0","1130.0","829.0","147.0","19988.0","2952.0"
"8","2009","6","Madhya Pradesh","Balaghat","12192.0","2269.0","8094.0","1360.0","641.0","123.0","20927.0","3752.0"
"8","2010","6","Madhya Pradesh","Balaghat","12093.0","2750.0","7953.0","1723.0","1483.0","135.0","21529.0","4608.0"
"8","2011","6","Madhya Pradesh","Balaghat","12524.0","5101.0","7539.0","4456.0","766.0","74.0","20829.0","9631.0"
"8","2012","6","Madhya Pradesh","Balaghat","10802.0","5575.0","6600.0","1803.0","409.0","75.0","17811.0","7453.0"
"8","2013","6","Madhya Pradesh","Balaghat","11969.0","3763.0","9544.0","2920.0","602.0","311.0","22115.0","6994.0"
"8","2014","6","Madhya Pradesh","Balaghat","11100.0","4549.0","6885.0","3240.0","233.0","363.0","18218.0","8152.0"
"8","2015","6","Madhya Pradesh","Balaghat","14639.0","4838.0","10164.0","2695.0","832.0","84.0","25635.0","7617.0"
"8","2016","6","Madhya Pradesh","Balaghat","12719.0","2515.0","7635.0","1735.0","297.0","64.0","20651.0","4314.0"
"8","2017","6","Madhya Pradesh","Balaghat","13974.0","4325.0","9656.0","1032.0","560.0","15.0","24190.0","5372.0"
"9","1990","6","Madhya Pradesh","Chhindwara","3634.0","3450.0","2064.0","1283.0","318.0","266.0","6016.0","4999.0"
"9","1991","6","Madhya Pradesh","Chhindwara","6436.0","3451.0","2617.0","1326.0","476.0","278.0","9529.0","5055.0"
"9","1993","6","Madhya Pradesh","Chhindwara","5679.0","3884.0","2739.0","943.0","338.0","204.0","8756.0","5031.0"
"9","1994","6","Madhya Pradesh","Chhindwara","6050.0","4645.0","3116.0","1419.0","542.0","379.0","9708.0","6443.0"
"9","1995","6","Madhya Pradesh","Chhindwara","6050.0","4645.0","3116.0","1419.0","542.0","379.0","9708.0","6443.0"
"9","1996","6","Madhya Pradesh","Chhindwara","6050.0","4645.0","3116.0","1419.0","542.0","379.0","9708.0","6443.0"
"9","1997","6","Madhya Pradesh","Chhindwara","6357.0","5840.0","3275.0","2013.0","1043.0","395.0","10675.0","8248.0"
"9","1998","6","Madhya Pradesh","Chhindwara","-1.0","-1.0","-1.0","-1.0","-1.0","-1.0","-1.0","-1.0"
"9","1999","6","Madhya Pradesh","Chhindwara","-1.0","-1.0","-1.0","-1.0","-1.0","-1.0","-1.0","-1.0"
"9","2000","6","Madhya Pradesh","Chhindwara","8378.0","2827.0","3774.0","1172.0","1122.0","333.0","13274.0","4332.0"
"9","2001","6","Madhya Pradesh","Chhindwara","8513.0","3157.0","3917.0","1222.0","1276.0","352.0","13706.0","4731.0"
"9","2002","6","Madhya Pradesh","Chhindwara","8004.0","5196.0","3844.0","2160.0","1122.0","536.0","12970.0","7892.0"
"9","2003","6","Madhya Pradesh","Chhindwara","8109.0","7066.0","4072.0","2936.0","1260.0","743.0","13441.0","10745.0"
"9","2004","6","Madhya Pradesh","Chhindwara","8823.0","4518.0","5076.0","2025.0","1119.0","472.0","15018.0","7015.0"
"9","2005","6","Madhya Pradesh","Chhindwara","8970.0","8019.0","4294.0","2575.0","1210.0","987.0","14474.0","11581.0"
"9","2006","6","Madhya Pradesh","Chhindwara","11923.0","8274.0","5555.0","2325.0","1431.0","811.0","18909.0","11410.0"
"9","2007","6","Madhya Pradesh","Chhindwara","12406.0","10559.0","5015.0","1974.0","1628.0","409.0","19049.0","12942.0"
"9","2008","6","Madhya Pradesh","Chhindwara","12913.0","7374.0","5058.0","1886.0","2327.0","444.0","20298.0","9704.0"
"9","2009","6","Madhya Pradesh","Chhindwara","17335.0","12853.0","7577.0","2872.0","2230.0","1599.0","27142.0","17324.0"
"9","2010","6","Madhya Pradesh","Chhindwara","17414.0","12743.0","7679.0","5065.0","3372.0","1925.0","28465.0","19733.0"
"9","2011","6","Madhya Pradesh","Chhindwara","20480.0","11956.0","8884.0","4577.0","3386.0","1086.0","32750.0","17619.0"
"9","2012","6","Madhya Pradesh","Chhindwara","16162.0","18854.0","8923.0","5242.0","2516.0","676.0","27601.0","24772.0"
"9","2013","6","Madhya Pradesh","Chhindwara","24170.0","17134.0","9443.0","3877.0","1643.0","506.0","35256.0","21517.0"
"9","2014","6","Madhya Pradesh","Chhindwara","20147.0","18162.0","9381.0","6243.0","2777.0","821.0","32305.0","25226.0"
"9","2015","6","Madhya Pradesh","Chhindwara","26208.0","21108.0","11481.0","6486.0","3088.0","834.0","40777.0","28428.0"
"9","2016","6","Madhya Pradesh","Chhindwara","42858.0","17942.0","12326.0","6720.0","4162.0","1388.0","59346.0","26050.0"
"9","2017","6","Madhya Pradesh","Chhindwara","38021.0","19497.0","13489.0","6619.0","5327.0","1191.0","56837.0","27307.0"
"10","1990","6","Madhya Pradesh","Narsinghpur","1644.0","5889.0","1354.0","5756.0","40.0","351.0","3038.0","11996.0"
"10","1991","6","Madhya Pradesh","Narsinghpur","1609.0","5889.0","986.0","5755.0","31.0","372.0","2626.0","12016.0"
"10","1993","6","Madhya Pradesh","Narsinghpur","1876.0","4775.0","1839.0","2414.0","52.0","58.0","3767.0","7247.0"
"10","1994","6","Madhya Pradesh","Narsinghpur","1867.0","5541.0","2983.0","3319.0","56.0","276.0","4906.0","9136.0"
"10","1995","6","Madhya Pradesh","Narsinghpur","1867.0","5541.0","2983.0","3319.0","56.0","276.0","4906.0","9136.0"
"10","1996","6","Madhya Pradesh","Narsinghpur","1867.0","5541.0","2983.0","3319.0","56.0","276.0","4906.0","9136.0"
"10","1997","6","Madhya Pradesh","Narsinghpur","1608.0","5792.0","2961.0","3325.0","99.0","508.0","4668.0","9625.0"
"10","1998","6","Madhya Pradesh","Narsinghpur","-1.0","-1.0","-1.0","-1.0","-1.0","-1.0","-1.0","-1.0"
"10","1999","6","Madhya Pradesh","Narsinghpur","-1.0","-1.0","-1.0","-1.0","-1.0","-1.0","-1.0","-1.0"
"10","2000","6","Madhya Pradesh","Narsinghpur","1988.0","5498.0","2434.0","3278.0","232.0","564.0","4654.0","9340.0"
"10","2001","6","Madhya Pradesh","Narsinghpur","1978.0","5935.0","2059.0","3998.0","205.0","712.0","4242.0","10645.0"
"10","2002","6","Madhya Pradesh","Narsinghpur","2156.0","5912.0","1713.0","4166.0","124.0","749.0","3993.0","10827.0"
"10","2003","6","Madhya Pradesh","Narsinghpur","1805.0","5918.0","966.0","3590.0","168.0","871.0","2939.0","10379.0"
"10","2004","6","Madhya Pradesh","Narsinghpur","2306.0","6624.0","1305.0","3666.0","233.0","1057.0","3844.0","11347.0"
"10","2005","6","Madhya Pradesh","Narsinghpur","2886.0","6955.0","917.0","3730.0","290.0","1253.0","4093.0","11938.0"
"10","2006","6","Madhya Pradesh","Narsinghpur","4206.0","9695.0","1560.0","3537.0","440.0","1254.0","6206.0","14486.0"
"10","2007","6","Madhya Pradesh","Narsinghpur","3441.0","7225.0","1540.0","3323.0","417.0","431.0","5398.0","10979.0"
"10","2008","6","Madhya Pradesh","Narsinghpur","3271.0","8448.0","2148.0","5090.0","454.0","1245.0","5873.0","14783.0"
"10","2009","6","Madhya Pradesh","Narsinghpur","3459.0","9669.0","2574.0","5195.0","336.0","1849.0","6369.0","16713.0"
"10","2010","6","Madhya Pradesh","Narsinghpur","3754.0","9766.0","3752.0","5835.0","406.0","1727.0","7912.0","17328.0"
"10","2011","6","Madhya Pradesh","Narsinghpur","5099.0","12321.0","4116.0","5896.0","485.0","985.0","9700.0","19202.0"
"10","2012","6","Madhya Pradesh","Narsinghpur","6160.0","13340.0","5139.0","7043.0","293.0","553.0","11592.0","20936.0"
"10","2013","6","Madhya Pradesh","Narsinghpur","4699.0","10498.0","2603.0","5015.0","189.0","675.0","7491.0","16188.0"
"10","2014","6","Madhya Pradesh","Narsinghpur","6958.0","12044.0","2359.0","5722.0","480.0","582.0","9797.0","18348.0"
"10","2015","6","Madhya Pradesh","Narsinghpur","8592.0","16163.0","3400.0","6619.0","394.0","1185.0","12386.0","23967.0"
"10","2016","6","Madhya Pradesh","Narsinghpur","6457.0","12660.0","3153.0","6238.0","425.0","1567.0","10035.0","20465.0"
"10","2017","6","Madhya Pradesh","Narsinghpur","7552.0","14079.0","3255.0","7173.0","674.0","1363.0","11482.0","22615.0"
"11","1990","6","Madhya Pradesh","Seoni / Shivani","1153.0","632.0","675.0","472.0","96.0","50.0","1924.0","1154.0"
"11","1991","6","Madhya Pradesh","Seoni / Shivani","1990.0","632.0","1146.0","472.0","193.0","58.0","3329.0","1162.0"
"11","1993","6","Madhya Pradesh","Seoni / Shivani","1957.0","569.0","2134.0","599.0","137.0","87.0","4228.0","1255.0"
"11","1994","6","Madhya Pradesh","Seoni / Shivani","1613.0","946.0","1285.0","330.0","87.0","31.0","2985.0","1307.0"
"11","1995","6","Madhya Pradesh","Seoni / Shivani","1613.0","946.0","1285.0","330.0","87.0","31.0","2985.0","1307.0"
"11","1996","6","Madhya Pradesh","Seoni / Shivani","1613.0","946.0","1285.0","330.0","87.0","31.0","2985.0","1307.0"
"11","1997","6","Madhya Pradesh","Seoni / Shivani","2163.0","1906.0","1638.0","1027.0","135.0","138.0","3936.0","3071.0"
"11","1998","6","Madhya Pradesh","Seoni / Shivani","-1.0","-1.0","-1.0","-1.0","-1.0","-1.0","-1.0","-1.0"
"11","1999","6","Madhya Pradesh","Seoni / Shivani","-1.0","-1.0","-1.0","-1.0","-1.0","-1.0","-1.0","-1.0"
"11","2000","6","Madhya Pradesh","Seoni / Shivani","2431.0","1452.0","1622.0","715.0","176.0","103.0","4229.0","2270.0"
"11","2001","6","Madhya Pradesh","Seoni / Shivani","2536.0","1861.0","1321.0","881.0","120.0","78.0","3977.0","2820.0"
"11","2002","6","Madhya Pradesh","Seoni / Shivani","2945.0","2361.0","1579.0","1298.0","143.0","171.0","4667.0","3830.0"
"11","2003","6","Madhya Pradesh","Seoni / Shivani","2773.0","2985.0","1925.0","1206.0","133.0","152.0","4831.0","4343.0"
"11","2004","6","Madhya Pradesh","Seoni / Shivani","2652.0","2702.0","2220.0","1385.0","139.0","200.0","5011.0","4287.0"
"11","2005","6","Madhya Pradesh","Seoni / Shivani","2778.0","3996.0","2207.0","1614.0","144.0","277.0","5129.0","5887.0"
"11","2006","6","Madhya Pradesh","Seoni / Shivani","3316.0","4008.0","2569.0","1899.0","189.0","229.0","6074.0","6136.0"
"11","2007","6","Madhya Pradesh","Seoni / Shivani","4447.0","5517.0","3209.0","2223.0","228.0","138.0","7884.0","7878.0"
"11","2008","6","Madhya Pradesh","Seoni / Shivani","4523.0","4482.0","3438.0","2528.0","378.0","196.0","8339.0","7206.0"
"11","2009","6","Madhya Pradesh","Seoni / Shivani","4980.0","7476.0","4696.0","2802.0","282.0","407.0","9958.0","10685.0"
"11","2010","6","Madhya Pradesh","Seoni / Shivani","6227.0","7504.0","5260.0","3431.0","542.0","694.0","12029.0","11629.0"
"11","2011","6","Madhya Pradesh","Seoni / Shivani","7305.0","8425.0","5289.0","3376.0","670.0","279.0","13264.0","12080.0"
"11","2012","6","Madhya Pradesh","Seoni / Shivani","9048.0","9729.0","6361.0","3801.0","413.0","694.0","15822.0","14224.0"
"11","2013","6","Madhya Pradesh","Seoni / Shivani","11413.0","9905.0","5566.0","2948.0","166.0","147.0","17145.0","13000.0"
"11","2014","6","Madhya Pradesh","Seoni / Shivani","12609.0","10541.0","6119.0","3820.0","320.0","181.0","19048.0","14542.0"
"11","2015","6","Madhya Pradesh","Seoni / Shivani","15626.0","12734.0","6699.0","4836.0","314.0","288.0","22639.0","17858.0"
"11","2016","6","Madhya Pradesh","Seoni / Shivani","20322.0","14836.0","6334.0","4456.0","692.0","388.0","27348.0","19680.0"
"11","2017","6","Madhya Pradesh","Seoni / Shivani","32117.0","16387.0","9028.0","4221.0","1216.0","617.0","42362.0","21225.0"
"12","1990","6","Madhya Pradesh","Mandla","1205.0","398.0","230.0","236.0","0.0","18.0","1435.0","652.0"
"12","1991","6","Madhya Pradesh","Mandla","1870.0","398.0","430.0","236.0","49.0","25.0","2349.0","659.0"
"12","1993","6","Madhya Pradesh","Mandla","1909.0","245.0","574.0","113.0","52.0","8.0","2535.0","366.0"
"12","1994","6","Madhya Pradesh","Mandla","1634.0","584.0","450.0","114.0","45.0","9.0","2129.0","707.0"
"12","1995","6","Madhya Pradesh","Mandla","1634.0","584.0","450.0","114.0","45.0","9.0","2129.0","707.0"
"12","1996","6","Madhya Pradesh","Mandla","1634.0","584.0","450.0","114.0","45.0","9.0","2129.0","707.0"
"12","1997","6","Madhya Pradesh","Mandla","2507.0","543.0","550.0","181.0","23.0","9.0","3080.0","733.0"
"12","1998","6","Madhya Pradesh","Mandla","-1.0","-1.0","-1.0","-1.0","-1.0","-1.0","-1.0","-1.0"
"12","1999","6","Madhya Pradesh","Mandla","-1.0","-1.0","-1.0","-1.0","-1.0","-1.0","-1.0","-1.0"
"12","2000","6","Madhya Pradesh","Mandla","2570.0","511.0","717.0","125.0","39.0","13.0","3326.0","649.0"
"12","2001","6","Madhya Pradesh","Mandla","2834.0","728.0","599.0","303.0","61.0","82.0","3494.0","1113.0"
"12","2002","6","Madhya Pradesh","Mandla","2620.0","790.0","729.0","246.0","74.0","67.0","3423.0","1103.0"
"12","2003","6","Madhya Pradesh","Mandla","3000.0","981.0","769.0","574.0","82.0","96.0","3851.0","1651.0"
"12","2004","6","Madhya Pradesh","Mandla","3108.0","886.0","1151.0","341.0","88.0","47.0","4347.0","1274.0"
"12","2005","6","Madhya Pradesh","Mandla","3191.0","1027.0","713.0","198.0","38.0","30.0","3942.0","1255.0"
"12","2006","6","Madhya Pradesh","Mandla","3198.0","1577.0","771.0","347.0","46.0","33.0","4015.0","1957.0"
"12","2007","6","Madhya Pradesh","Mandla","3777.0","1676.0","1066.0","453.0","33.0","23.0","4876.0","2152.0"
"12","2008","6","Madhya Pradesh","Mandla","4593.0","2066.0","1197.0","537.0","67.0","44.0","5857.0","2647.0"
"12","2009","6","Madhya Pradesh","Mandla","4229.0","2345.0","1620.0","722.0","78.0","51.0","5927.0","3118.0"
"12","2010","6","Madhya Pradesh","Mandla","4884.0","2994.0","1779.0","853.0","107.0","78.0","6770.0","3925.0"
"12","2011","6","Madhya Pradesh","Mandla","4892.0","2989.0","2269.0","991.0","123.0","44.0","7284.0","4024.0"
"12","2012","6","Madhya Pradesh","Mandla","4614.0","3703.0","1655.0","998.0","104.0","33.0","6373.0","4734.0"
"12","2013","6","Madhya Pradesh","Mandla","5969.0","3286.0","2030.0","1233.0","87.0","27.0","8086.0","4546.0"
"12","2014","6","Madhya Pradesh","Mandla","6690.0","4353.0","3066.0","2243.0","88.0","75.0","9844.0","6671.0"
"12","2015","6","Madhya Pradesh","Mandla","7660.0","3885.0","2705.0","1220.0","95.0","38.0","10460.0","5143.0"
"12","2016","6","Madhya Pradesh","Mandla","8053.0","3587.0","3193.0","1393.0","125.0","44.0","11371.0","5024.0"
"12","2017","6","Madhya Pradesh","Mandla","7828.0","3379.0","3247.0","927.0","112.0","24.0","11186.0","4330.0"
"13","1990","6","Madhya Pradesh","Sagar","2143.0","5775.0","1892.0","5523.0","71.0","278.0","4106.0","11576.0"
"13","1991","6","Madhya Pradesh","Sagar","1629.0","5789.0","2562.0","5538.0","51.0","278.0","4242.0","11605.0"
"13","1993","6","Madhya Pradesh","Sagar","1237.0","4317.0","2600.0","3204.0","104.0","56.0","3941.0","7577.0"
"13","1994","6","Madhya Pradesh","Sagar","398.0","5477.0","1293.0","4624.0","25.0","322.0","1716.0","10423.0"
"13","1995","6","Madhya Pradesh","Sagar","398.0","5477.0","1293.0","4624.0","25.0","322.0","1716.0","10423.0"
"13","1996","6","Madhya Pradesh","Sagar","398.0","5477.0","1293.0","4624.0","25.0","322.0","1716.0","10423.0"
"13","1997","6","Madhya Pradesh","Sagar","1391.0","6680.0","3643.0","5796.0","97.0","563.0","5131.0","13039.0"
"13","1998","6","Madhya Pradesh","Sagar","-1.0","-1.0","-1.0","-1.0","-1.0","-1.0","-1.0","-1.0"
"13","1999","6","Madhya Pradesh","Sagar","-1.0","-1.0","-1.0","-1.0","-1.0","-1.0","-1.0","-1.0"
"13","2000","6","Madhya Pradesh","Sagar","2432.0","5713.0","5462.0","6673.0","364.0","389.0","8258.0","12775.0"
"13","2001","6","Madhya Pradesh","Sagar","1185.0","7066.0","3423.0","8478.0","71.0","457.0","4679.0","16001.0"
"13","2002","6","Madhya Pradesh","Sagar","815.0","6352.0","3092.0","7197.0","56.0","646.0","3963.0","14195.0"
"13","2003","6","Madhya Pradesh","Sagar","809.0","7722.0","1824.0","7952.0","50.0","829.0","2683.0","16503.0"
"13","2004","6","Madhya Pradesh","Sagar","2070.0","8304.0","3398.0","8073.0","179.0","789.0","5647.0","17166.0"
"13","2005","6","Madhya Pradesh","Sagar","876.0","7076.0","1372.0","6244.0","123.0","1303.0","2371.0","14623.0"
"13","2006","6","Madhya Pradesh","Sagar","2410.0","9004.0","4724.0","6207.0","180.0","219.0","7314.0","15430.0"
"13","2007","6","Madhya Pradesh","Sagar","3039.0","7443.0","4746.0","6040.0","124.0","235.0","7909.0","13718.0"
"13","2008","6","Madhya Pradesh","Sagar","4266.0","9142.0","7406.0","6381.0","864.0","405.0","12536.0","15928.0"
"13","2009","6","Madhya Pradesh","Sagar","2859.0","11833.0","6182.0","7755.0","229.0","646.0","9270.0","20234.0"
"13","2010","6","Madhya Pradesh","Sagar","3865.0","10959.0","9526.0","8597.0","385.0","1534.0","13776.0","21090.0"
"13","2011","6","Madhya Pradesh","Sagar","4190.0","11068.0","8683.0","7936.0","489.0","597.0","13362.0","19601.0"
"13","2012","6","Madhya Pradesh","Sagar","5788.0","10904.0","11324.0","8951.0","287.0","250.0","17399.0","20105.0"
"13","2013","6","Madhya Pradesh","Sagar","4181.0","13321.0","7858.0","8174.0","37.0","160.0","12076.0","21655.0"
"13","2014","6","Madhya Pradesh","Sagar","3899.0","12369.0","5531.0","7365.0","51.0","240.0","9481.0","19974.0"
"13","2015","6","Madhya Pradesh","Sagar","5590.0","12795.0","8529.0","8206.0","355.0","478.0","14474.0","21479.0"
"13","2016","6","Madhya Pradesh","Sagar","3327.0","15285.0","5227.0","10397.0","128.0","530.0","8682.0","26212.0"
"13","2017","6","Madhya Pradesh","Sagar","3780.0","16619.0","6445.0","11065.0","190.0","316.0","10415.0","28000.0"
"14","1990","6","Madhya Pradesh","Damoh","615.0","1798.0","294.0","1687.0","16.0","36.0","925.0","3521.0"
"14","1991","6","Madhya Pradesh","Damoh","773.0","1798.0","764.0","1876.0","8.0","56.0","1545.0","3730.0"
"14","1993","6","Madhya Pradesh","Damoh","653.0","2313.0","672.0","1682.0","32.0","17.0","1357.0","4012.0"
"14","1994","6","Madhya Pradesh","Damoh","445.0","2185.0","572.0","1041.0","13.0","24.0","1030.0","3250.0"
"14","1995","6","Madhya Pradesh","Damoh","445.0","2185.0","572.0","1041.0","13.0","24.0","1030.0","3250.0"
"14","1996","6","Madhya Pradesh","Damoh","445.0","2185.0","572.0","1041.0","13.0","24.0","1030.0","3250.0"
"14","1997","6","Madhya Pradesh","Damoh","937.0","3624.0","1537.0","2586.0","17.0","173.0","2491.0","6383.0"
"14","1998","6","Madhya Pradesh","Damoh","-1.0","-1.0","-1.0","-1.0","-1.0","-1.0","-1.0","-1.0"
"14","1999","6","Madhya Pradesh","Damoh","-1.0","-1.0","-1.0","-1.0","-1.0","-1.0","-1.0","-1.0"
"14","2000","6","Madhya Pradesh","Damoh","954.0","2533.0","1465.0","2063.0","51.0","103.0","2470.0","4699.0"
"14","2001","6","Madhya Pradesh","Damoh","789.0","3516.0","815.0","3020.0","27.0","95.0","1631.0","6631.0"
"14","2002","6","Madhya Pradesh","Damoh","618.0","3955.0","839.0","3865.0","16.0","177.0","1473.0","7997.0"
"14","2003","6","Madhya Pradesh","Damoh","605.0","4311.0","559.0","3885.0","5.0","131.0","1169.0","8327.0"
"14","2004","6","Madhya Pradesh","Damoh","1044.0","4254.0","1289.0","3752.0","59.0","252.0","2392.0","8258.0"
"14","2005","6","Madhya Pradesh","Damoh","703.0","3385.0","698.0","2450.0","38.0","341.0","1439.0","6176.0"
"14","2006","6","Madhya Pradesh","Damoh","1709.0","3884.0","2846.0","2252.0","74.0","73.0","4629.0","6209.0"
"14","2007","6","Madhya Pradesh","Damoh","1560.0","3624.0","1690.0","2654.0","78.0","153.0","3328.0","6431.0"
"14","2008","6","Madhya Pradesh","Damoh","2552.0","4404.0","3979.0","2957.0","188.0","185.0","6719.0","7546.0"
"14","2009","6","Madhya Pradesh","Damoh","2050.0","5391.0","3288.0","3655.0","89.0","168.0","5427.0","9214.0"
"14","2010","6","Madhya Pradesh","Damoh","2600.0","5882.0","4168.0","3662.0","60.0","455.0","6828.0","9999.0"
"14","2011","6","Madhya Pradesh","Damoh","3204.0","6258.0","4282.0","3569.0","187.0","148.0","7673.0","9975.0"
"14","2012","6","Madhya Pradesh","Damoh","5004.0","6772.0","7135.0","4527.0","119.0","63.0","12258.0","11362.0"
"14","2013","6","Madhya Pradesh","Damoh","2827.0","6415.0","3312.0","3701.0","7.0","28.0","6146.0","10144.0"
"14","2014","6","Madhya Pradesh","Damoh","2982.0","7134.0","2129.0","3498.0","2.0","90.0","5113.0","10722.0"
"14","2015","6","Madhya Pradesh","Damoh","4419.0","6930.0","3338.0","3893.0","25.0","63.0","7782.0","10886.0"
"14","2016","6","Madhya Pradesh","Damoh","3153.0","6221.0","3512.0","4045.0","28.0","42.0","6693.0","10308.0"
"14","2017","6","Madhya Pradesh","Damoh","3915.0","6719.0","4508.0","5025.0","26.0","89.0","8449.0","11833.0"
"15","1990","6","Madhya Pradesh","Tikamgarh","1466.0","9429.0","422.0","5791.0","19.0","375.0","1907.0","15595.0"
"15","1991","6","Madhya Pradesh","Tikamgarh","453.0","9429.0","523.0","5790.0","6.0","389.0","982.0","15608.0"
"15","1993","6","Madhya Pradesh","Tikamgarh","667.0","8662.0","895.0","3945.0","53.0","47.0","1615.0","12654.0"
"15","1994","6","Madhya Pradesh","Tikamgarh","470.0","8384.0","294.0","5080.0","7.0","147.0","771.0","13611.0"
"15","1995","6","Madhya Pradesh","Tikamgarh","470.0","8384.0","294.0","5080.0","7.0","147.0","771.0","13611.0"
"15","1996","6","Madhya Pradesh","Tikamgarh","470.0","8384.0","294.0","5080.0","7.0","147.0","771.0","13611.0"
"15","1997","6","Madhya Pradesh","Tikamgarh","615.0","8032.0","554.0","5973.0","19.0","334.0","1188.0","14339.0"
"15","1998","6","Madhya Pradesh","Tikamgarh","-1.0","-1.0","-1.0","-1.0","-1.0","-1.0","-1.0","-1.0"
"15","1999","6","Madhya Pradesh","Tikamgarh","-1.0","-1.0","-1.0","-1.0","-1.0","-1.0","-1.0","-1.0"
"15","2000","6","Madhya Pradesh","Tikamgarh","1172.0","7652.0","1946.0","9373.0","158.0","469.0","3276.0","17494.0"
"15","2001","6","Madhya Pradesh","Tikamgarh","543.0","7592.0","937.0","7669.0","74.0","223.0","1554.0","15484.0"
"15","2002","6","Madhya Pradesh","Tikamgarh","276.0","6573.0","425.0","7972.0","22.0","245.0","723.0","14790.0"
"15","2003","6","Madhya Pradesh","Tikamgarh","486.0","10965.0","418.0","8678.0","21.0","490.0","925.0","20133.0"
"15","2004","6","Madhya Pradesh","Tikamgarh","840.0","8291.0","353.0","6380.0","31.0","348.0","1224.0","15019.0"
"15","2005","6","Madhya Pradesh","Tikamgarh","649.0","6769.0","526.0","3701.0","55.0","464.0","1230.0","10934.0"
"15","2006","6","Madhya Pradesh","Tikamgarh","1666.0","4953.0","1995.0","2976.0","24.0","77.0","3685.0","8006.0"
"15","2007","6","Madhya Pradesh","Tikamgarh","1093.0","2481.0","1201.0","2041.0","26.0","23.0","2320.0","4545.0"
"15","2008","6","Madhya Pradesh","Tikamgarh","4050.0","12072.0","4319.0","9206.0","156.0","54.0","8525.0","21332.0"
"15","2009","6","Madhya Pradesh","Tikamgarh","1913.0","9659.0","1804.0","6780.0","63.0","56.0","3780.0","16495.0"
"15","2010","6","Madhya Pradesh","Tikamgarh","2207.0","8531.0","3634.0","5807.0","134.0","165.0","5975.0","14503.0"
"15","2011","6","Madhya Pradesh","Tikamgarh","3862.0","8891.0","2494.0","4348.0","62.0","26.0","6418.0","13265.0"
"15","2012","6","Madhya Pradesh","Tikamgarh","4706.0","7652.0","7966.0","4617.0","0.0","17.0","12672.0","12286.0"
"15","2013","6","Madhya Pradesh","Tikamgarh","3398.0","8708.0","4154.0","5519.0","2.0","14.0","7554.0","14241.0"
"15","2014","6","Madhya Pradesh","Tikamgarh","1835.0","9817.0","1738.0","4284.0","166.0","40.0","3739.0","14141.0"
"15","2015","6","Madhya Pradesh","Tikamgarh","2603.0","6581.0","2581.0","2109.0","1.0","7.0","5185.0","8697.0"
"15","2016","6","Madhya Pradesh","Tikamgarh","1736.0","11132.0","1147.0","4380.0","126.0","135.0","3009.0","15647.0"
"15","2017","6","Madhya Pradesh","Tikamgarh","1752.0","6605.0","1070.0","2792.0","93.0","5.0","2915.0","9402.0"
"16","1990","6","Madhya Pradesh","Chhatarpur","1859.0","4844.0","1213.0","3002.0","99.0","325.0","3171.0","8171.0"
"16","1991","6","Madhya Pradesh","Chhatarpur","667.0","4844.0","679.0","3028.0","54.0","305.0","1400.0","8177.0"
"16","1993","6","Madhya Pradesh","Chhatarpur","695.0","5792.0","853.0","3408.0","35.0","89.0","1583.0","9289.0"
"16","1994","6","Madhya Pradesh","Chhatarpur","968.0","5644.0","1126.0","2837.0","47.0","181.0","2141.0","8662.0"
"16","1995","6","Madhya Pradesh","Chhatarpur","968.0","5644.0","1126.0","2837.0","47.0","181.0","2141.0","8662.0"
"16","1996","6","Madhya Pradesh","Chhatarpur","968.0","5644.0","1126.0","2837.0","47.0","181.0","2141.0","8662.0"
"16","1997","6","Madhya Pradesh","Chhatarpur","1052.0","7079.0","1344.0","4791.0","116.0","140.0","2512.0","12010.0"
"16","1998","6","Madhya Pradesh","Chhatarpur","-1.0","-1.0","-1.0","-1.0","-1.0","-1.0","-1.0","-1.0"
"16","1999","6","Madhya Pradesh","Chhatarpur","-1.0","-1.0","-1.0","-1.0","-1.0","-1.0","-1.0","-1.0"
"16","2000","6","Madhya Pradesh","Chhatarpur","2022.0","6204.0","3272.0","5672.0","97.0","70.0","5391.0","11946.0"
"16","2001","6","Madhya Pradesh","Chhatarpur","1298.0","6754.0","2073.0","5643.0","16.0","99.0","3387.0","12496.0"
"16","2002","6","Madhya Pradesh","Chhatarpur","533.0","6677.0","816.0","6813.0","9.0","118.0","1358.0","13608.0"
"16","2003","6","Madhya Pradesh","Chhatarpur","1256.0","11528.0","2070.0","9294.0","99.0","313.0","3425.0","21135.0"
"16","2004","6","Madhya Pradesh","Chhatarpur","2574.0","11519.0","1417.0","11349.0","49.0","227.0","4040.0","23095.0"
"16","2005","6","Madhya Pradesh","Chhatarpur","2025.0","9401.0","2310.0","5051.0","34.0","512.0","4369.0","14964.0"
"16","2006","6","Madhya Pradesh","Chhatarpur","3061.0","6366.0","4302.0","3670.0","45.0","20.0","7408.0","10056.0"
"16","2007","6","Madhya Pradesh","Chhatarpur","2151.0","4920.0","2422.0","3465.0","103.0","47.0","4676.0","8432.0"
"16","2008","6","Madhya Pradesh","Chhatarpur","5425.0","12774.0","7798.0","8778.0","207.0","127.0","13430.0","21679.0"
"16","2009","6","Madhya Pradesh","Chhatarpur","3328.0","9980.0","4638.0","6447.0","72.0","72.0","8038.0","16499.0"
"16","2010","6","Madhya Pradesh","Chhatarpur","5520.0","8957.0","7877.0","7074.0","327.0","246.0","13724.0","16277.0"
"16","2011","6","Madhya Pradesh","Chhatarpur","5957.0","11829.0","5659.0","7025.0","128.0","48.0","11744.0","18902.0"
"16","2012","6","Madhya Pradesh","Chhatarpur","8867.0","12009.0","9327.0","6478.0","86.0","20.0","18280.0","18507.0"
"16","2013","6","Madhya Pradesh","Chhatarpur","6342.0","10468.0","5635.0","6397.0","1.0","30.0","11978.0","16895.0"
"16","2014","6","Madhya Pradesh","Chhatarpur","5279.0","9999.0","4813.0","6032.0","7.0","116.0","10099.0","16147.0"
"16","2015","6","Madhya Pradesh","Chhatarpur","5829.0","10338.0","5458.0","4237.0","55.0","32.0","11342.0","14607.0"
"16","2016","6","Madhya Pradesh","Chhatarpur","3271.0","16080.0","4350.0","7908.0","110.0","39.0","7731.0","24027.0"
"16","2017","6","Madhya Pradesh","Chhatarpur","4454.0","10111.0","4880.0","6279.0","60.0","79.0","9395.0","16469.0"
"17","1990","6","Madhya Pradesh","Panna","414.0","1622.0","353.0","1566.0","0.0","149.0","767.0","3337.0"
"17","1991","6","Madhya Pradesh","Panna","595.0","1623.0","513.0","1566.0","10.0","159.0","1118.0","3348.0"
"17","1993","6","Madhya Pradesh","Panna","557.0","2160.0","540.0","1351.0","4.0","32.0","1101.0","3543.0"
"17","1994","6","Madhya Pradesh","Panna","722.0","1855.0","628.0","1244.0","12.0","60.0","1362.0","3159.0"
"17","1995","6","Madhya Pradesh","Panna","722.0","1855.0","628.0","1244.0","12.0","60.0","1362.0","3159.0"
"17","1996","6","Madhya Pradesh","Panna","722.0","1855.0","628.0","1244.0","12.0","60.0","1362.0","3159.0"
"17","1997","6","Madhya Pradesh","Panna","818.0","2305.0","794.0","2716.0","2.0","88.0","1614.0","5109.0"
"17","1998","6","Madhya Pradesh","Panna","-1.0","-1.0","-1.0","-1.0","-1.0","-1.0","-1.0","-1.0"
"17","1999","6","Madhya Pradesh","Panna","-1.0","-1.0","-1.0","-1.0","-1.0","-1.0","-1.0","-1.0"
"17","2000","6","Madhya Pradesh","Panna","936.0","1870.0","1023.0","2249.0","39.0","35.0","1998.0","4154.0"
"17","2001","6","Madhya Pradesh","Panna","728.0","2391.0","641.0","3385.0","5.0","29.0","1374.0","5805.0"
"17","2002","6","Madhya Pradesh","Panna","444.0","2417.0","426.0","3587.0","0.0","12.0","870.0","6016.0"
"17","2003","6","Madhya Pradesh","Panna","445.0","2947.0","152.0","3971.0","1.0","23.0","598.0","6941.0"
"17","2004","6","Madhya Pradesh","Panna","563.0","2463.0","412.0","3864.0","17.0","52.0","992.0","6379.0"
"17","2005","6","Madhya Pradesh","Panna","607.0","1604.0","557.0","1795.0","3.0","141.0","1167.0","3540.0"
"17","2006","6","Madhya Pradesh","Panna","1089.0","1113.0","1273.0","913.0","50.0","13.0","2412.0","2039.0"
"17","2007","6","Madhya Pradesh","Panna","735.0","1352.0","848.0","1625.0","26.0","77.0","1609.0","3054.0"
"17","2008","6","Madhya Pradesh","Panna","1755.0","1819.0","2512.0","1774.0","183.0","80.0","4450.0","3673.0"
"17","2009","6","Madhya Pradesh","Panna","1370.0","2512.0","2093.0","1865.0","7.0","59.0","3470.0","4436.0"
"17","2010","6","Madhya Pradesh","Panna","1286.0","2633.0","1967.0","2386.0","46.0","92.0","3299.0","5111.0"
"17","2011","6","Madhya Pradesh","Panna","2529.0","4296.0","2846.0","2670.0","52.0","41.0","5427.0","7007.0"
"17","2012","6","Madhya Pradesh","Panna","2789.0","3657.0","3255.0","2358.0","13.0","13.0","6057.0","6028.0"
"17","2013","6","Madhya Pradesh","Panna","2715.0","5336.0","2389.0","3589.0","30.0","11.0","5134.0","8936.0"
"17","2014","6","Madhya Pradesh","Panna","2083.0","4139.0","1342.0","2599.0","4.0","46.0","3429.0","6784.0"
"17","2015","6","Madhya Pradesh","Panna","2298.0","4222.0","1767.0","2972.0","3.0","7.0","4068.0","7201.0"
"17","2016","6","Madhya Pradesh","Panna","2925.0","3919.0","2389.0","2309.0","2.0","40.0","5316.0","6268.0"
"17","2017","6","Madhya Pradesh","Panna","2478.0","4137.0","1380.0","3113.0","39.0","15.0","3897.0","7265.0"
"18","1990","6","Madhya Pradesh","Rewa","2582.0","10618.0","1263.0","6396.0","47.0","70.0","3892.0","17084.0"
"18","1991","6","Madhya Pradesh","Rewa","4625.0","10618.0","1689.0","6500.0","25.0","95.0","6339.0","17213.0"
"18","1993","6","Madhya Pradesh","Rewa","5358.0","10512.0","2299.0","3845.0","28.0","12.0","7685.0","14369.0"
"18","1994","6","Madhya Pradesh","Rewa","7277.0","15052.0","3281.0","4774.0","16.0","96.0","10574.0","19922.0"
"18","1995","6","Madhya Pradesh","Rewa","7277.0","15052.0","3281.0","4774.0","16.0","96.0","10574.0","19922.0"
"18","1996","6","Madhya Pradesh","Rewa","7277.0","15052.0","3281.0","4774.0","16.0","96.0","10574.0","19922.0"
"18","1997","6","Madhya Pradesh","Rewa","3843.0","6518.0","1885.0","6199.0","71.0","174.0","5799.0","12891.0"
"18","1998","6","Madhya Pradesh","Rewa","-1.0","-1.0","-1.0","-1.0","-1.0","-1.0","-1.0","-1.0"
"18","1999","6","Madhya Pradesh","Rewa","-1.0","-1.0","-1.0","-1.0","-1.0","-1.0","-1.0","-1.0"
"18","2000","6","Madhya Pradesh","Rewa","4864.0","5973.0","1904.0","7320.0","48.0","240.0","6816.0","13533.0"
"18","2001","6","Madhya Pradesh","Rewa","5736.0","6279.0","2833.0","6263.0","65.0","266.0","8634.0","12808.0"
"18","2002","6","Madhya Pradesh","Rewa","3999.0","6414.0","1343.0","7344.0","35.0","303.0","5377.0","14061.0"
"18","2003","6","Madhya Pradesh","Rewa","4667.0","8361.0","1550.0","7984.0","52.0","430.0","6269.0","16775.0"
"18","2004","6","Madhya Pradesh","Rewa","4935.0","6665.0","1714.0","6099.0","61.0","345.0","6710.0","13109.0"
"18","2005","6","Madhya Pradesh","Rewa","5364.0","5863.0","1471.0","4133.0","73.0","1074.0","6908.0","11070.0"
"18","2006","6","Madhya Pradesh","Rewa","6099.0","7418.0","2697.0","4100.0","136.0","294.0","8932.0","11812.0"
"18","2007","6","Madhya Pradesh","Rewa","4053.0","6275.0","1369.0","4036.0","61.0","214.0","5483.0","10525.0"
"18","2008","6","Madhya Pradesh","Rewa","5497.0","6873.0","3697.0","4763.0","434.0","214.0","9628.0","11850.0"
"18","2009","6","Madhya Pradesh","Rewa","4385.0","6801.0","3284.0","4775.0","44.0","92.0","7713.0","11668.0"
"18","2010","6","Madhya Pradesh","Rewa","3924.0","6622.0","3469.0","4596.0","159.0","345.0","7552.0","11563.0"
"18","2011","6","Madhya Pradesh","Rewa","5678.0","10106.0","4196.0","6827.0","85.0","206.0","9959.0","17139.0"
"18","2012","6","Madhya Pradesh","Rewa","6440.0","10324.0","5395.0","4480.0","77.0","29.0","11912.0","14833.0"
"18","2013","6","Madhya Pradesh","Rewa","8381.0","10281.0","4204.0","4638.0","10.0","56.0","12595.0","14975.0"
"18","2014","6","Madhya Pradesh","Rewa","4324.0","9266.0","2989.0","4720.0","60.0","276.0","7373.0","14262.0"
"18","2015","6","Madhya Pradesh","Rewa","9389.0","10338.0","6241.0","3623.0","28.0","48.0","15658.0","14009.0"
"18","2016","6","Madhya Pradesh","Rewa","8484.0","14719.0","2981.0","6575.0","81.0","74.0","11546.0","21368.0"
"18","2017","6","Madhya Pradesh","Rewa","12125.0","13999.0","6079.0","5769.0","79.0","121.0","18284.0","19889.0"
"19","1990","6","Madhya Pradesh","Sidhi","551.0","1383.0","298.0","1205.0","11.0","21.0","860.0","2609.0"
"19","1991","6","Madhya Pradesh","Sidhi","988.0","1383.0","413.0","1305.0","11.0","29.0","1412.0","2717.0"
"19","1993","6","Madhya Pradesh","Sidhi","798.0","1297.0","371.0","691.0","3.0","4.0","1172.0","1992.0"
"19","1994","6","Madhya Pradesh","Sidhi","973.0","2121.0","215.0","882.0","1.0","24.0","1189.0","3027.0"
"19","1995","6","Madhya Pradesh","Sidhi","973.0","2121.0","215.0","882.0","1.0","24.0","1189.0","3027.0"
"19","1996","6","Madhya Pradesh","Sidhi","973.0","2121.0","215.0","882.0","1.0","24.0","1189.0","3027.0"
"19","1997","6","Madhya Pradesh","Sidhi","1969.0","2551.0","556.0","1554.0","4.0","125.0","2529.0","4230.0"
"19","1998","6","Madhya Pradesh","Sidhi","-1.0","-1.0","-1.0","-1.0","-1.0","-1.0","-1.0","-1.0"
"19","1999","6","Madhya Pradesh","Sidhi","-1.0","-1.0","-1.0","-1.0","-1.0","-1.0","-1.0","-1.0"
"19","2000","6","Madhya Pradesh","Sidhi","2628.0","2832.0","597.0","1784.0","19.0","96.0","3244.0","4712.0"
"19","2001","6","Madhya Pradesh","Sidhi","2778.0","3026.0","747.0","1769.0","19.0","81.0","3544.0","4876.0"
"19","2002","6","Madhya Pradesh","Sidhi","2095.0","2616.0","405.0","1876.0","12.0","80.0","2512.0","4572.0"
"19","2003","6","Madhya Pradesh","Sidhi","2569.0","3237.0","588.0","2047.0","23.0","109.0","3180.0","5393.0"
"19","2004","6","Madhya Pradesh","Sidhi","2862.0","2965.0","823.0","1713.0","42.0","57.0","3727.0","4735.0"
"19","2005","6","Madhya Pradesh","Sidhi","3159.0","2626.0","1359.0","1225.0","117.0","325.0","4635.0","4176.0"
"19","2006","6","Madhya Pradesh","Sidhi","3311.0","2714.0","1225.0","1735.0","39.0","55.0","4575.0","4504.0"
"19","2007","6","Madhya Pradesh","Sidhi","2406.0","2762.0","822.0","1578.0","32.0","33.0","3260.0","4373.0"
"19","2008","6","Madhya Pradesh","Sidhi","2870.0","3293.0","1403.0","2174.0","86.0","51.0","4359.0","5518.0"
"19","2009","6","Madhya Pradesh","Sidhi","2509.0","3200.0","1868.0","1990.0","10.0","29.0","4387.0","5219.0"
"19","2010","6","Madhya Pradesh","Sidhi","2385.0","3323.0","1749.0","2456.0","67.0","205.0","4201.0","5984.0"
"19","2011","6","Madhya Pradesh","Sidhi","3426.0","4294.0","2244.0","2280.0","61.0","22.0","5731.0","6596.0"
"19","2012","6","Madhya Pradesh","Sidhi","3031.0","4686.0","2310.0","2301.0","28.0","12.0","5369.0","6999.0"
"19","2013","6","Madhya Pradesh","Sidhi","5253.0","4834.0","2634.0","1869.0","54.0","8.0","7941.0","6711.0"
"19","2014","6","Madhya Pradesh","Sidhi","3108.0","3026.0","1890.0","1489.0","26.0","24.0","5024.0","4539.0"
"19","2015","6","Madhya Pradesh","Sidhi","3085.0","3877.0","2288.0","1524.0","2.0","16.0","5375.0","5417.0"
"19","2016","6","Madhya Pradesh","Sidhi","3605.0","5033.0","1358.0","2368.0","19.0","11.0","4982.0","7412.0"
"19","2017","6","Madhya Pradesh","Sidhi","5648.0","5180.0","2493.0","2241.0","20.0","19.0","8161.0","7440.0"
"20","1990","6","Madhya Pradesh","Satna","4268.0","6497.0","2505.0","5502.0","56.0","85.0","6829.0","12084.0"
"20","1991","6","Madhya Pradesh","Satna","3663.0","6497.0","2018.0","5600.0","11.0","88.0","5692.0","12185.0"
"20","1993","6","Madhya Pradesh","Satna","3727.0","7418.0","2070.0","3845.0","28.0","12.0","5825.0","11275.0"
"20","1994","6","Madhya Pradesh","Satna","3695.0","8708.0","2829.0","4598.0","25.0","269.0","6549.0","13575.0"
"20","1995","6","Madhya Pradesh","Satna","3695.0","8708.0","2829.0","4598.0","25.0","269.0","6549.0","13575.0"
"20","1996","6","Madhya Pradesh","Satna","3695.0","8708.0","2829.0","4598.0","25.0","269.0","6549.0","13575.0"
"20","1997","6","Madhya Pradesh","Satna","3223.0","6575.0","2387.0","5781.0","175.0","212.0","5785.0","12568.0"
"20","1998","6","Madhya Pradesh","Satna","-1.0","-1.0","-1.0","-1.0","-1.0","-1.0","-1.0","-1.0"
"20","1999","6","Madhya Pradesh","Satna","-1.0","-1.0","-1.0","-1.0","-1.0","-1.0","-1.0","-1.0"
"20","2000","6","Madhya Pradesh","Satna","3659.0","6390.0","2280.0","7192.0","60.0","148.0","5999.0","13730.0"
"20","2001","6","Madhya Pradesh","Satna","4671.0","6960.0","2976.0","7251.0","55.0","109.0","7702.0","14320.0"
"20","2002","6","Madhya Pradesh","Satna","2988.0","8758.0","1147.0","10849.0","26.0","172.0","4161.0","19779.0"
"20","2003","6","Madhya Pradesh","Satna","3087.0","9225.0","1382.0","9919.0","96.0","465.0","4565.0","19609.0"
"20","2004","6","Madhya Pradesh","Satna","5243.0","9000.0","2283.0","9594.0","75.0","370.0","7601.0","18964.0"
"20","2005","6","Madhya Pradesh","Satna","5626.0","9505.0","3169.0","7655.0","117.0","1219.0","8912.0","18379.0"
"20","2006","6","Madhya Pradesh","Satna","6569.0","9438.0","5612.0","6601.0","137.0","213.0","12318.0","16252.0"
"20","2007","6","Madhya Pradesh","Satna","5360.0","9301.0","3079.0","6669.0","161.0","436.0","8600.0","16406.0"
"20","2008","6","Madhya Pradesh","Satna","6915.0","10244.0","5202.0","6133.0","535.0","328.0","12652.0","16705.0"
"20","2009","6","Madhya Pradesh","Satna","5021.0","11782.0","5734.0","7083.0","117.0","414.0","10872.0","19279.0"
"20","2010","6","Madhya Pradesh","Satna","7275.0","14086.0","7908.0","8346.0","778.0","722.0","15961.0","23154.0"
"20","2011","6","Madhya Pradesh","Satna","8170.0","13175.0","6997.0","7546.0","163.0","280.0","15330.0","21001.0"
"20","2012","6","Madhya Pradesh","Satna","8193.0","11753.0","8826.0","5814.0","175.0","76.0","17194.0","17643.0"
"20","2013","6","Madhya Pradesh","Satna","7296.0","16025.0","4210.0","6365.0","22.0","88.0","11528.0","22478.0"
"20","2014","6","Madhya Pradesh","Satna","5377.0","15003.0","3754.0","6734.0","76.0","392.0","9207.0","22129.0"
"20","2015","6","Madhya Pradesh","Satna","8543.0","16256.0","5296.0","7904.0","154.0","66.0","13993.0","24226.0"
"20","2016","6","Madhya Pradesh","Satna","9291.0","19402.0","4955.0","9947.0","47.0","145.0","14293.0","29494.0"
"20","2017","6","Madhya Pradesh","Satna","12471.0","16596.0","6249.0","8835.0","134.0","219.0","18855.0","25650.0"
"21","1990","6","Madhya Pradesh","Shahdol","403.0","1123.0","398.0","1070.0","7.0","19.0","808.0","2212.0"
"21","1991","6","Madhya Pradesh","Shahdol","818.0","1123.0","520.0","1100.0","34.0","27.0","1372.0","2250.0"
"21","1993","6","Madhya Pradesh","Shahdol","744.0","1258.0","543.0","809.0","11.0","14.0","1298.0","2081.0"
"21","1994","6","Madhya Pradesh","Shahdol","841.0","2068.0","435.0","1009.0","3.0","23.0","1279.0","3100.0"
"21","1995","6","Madhya Pradesh","Shahdol","841.0","2068.0","435.0","1009.0","3.0","23.0","1279.0","3100.0"
"21","1996","6","Madhya Pradesh","Shahdol","841.0","2068.0","435.0","1009.0","3.0","23.0","1279.0","3100.0"
"21","1997","6","Madhya Pradesh","Shahdol","944.0","2135.0","554.0","1518.0","15.0","13.0","1513.0","3666.0"
"21","1998","6","Madhya Pradesh","Shahdol","-1.0","-1.0","-1.0","-1.0","-1.0","-1.0","-1.0","-1.0"
"21","1999","6","Madhya Pradesh","Shahdol","-1.0","-1.0","-1.0","-1.0","-1.0","-1.0","-1.0","-1.0"
"21","2000","6","Madhya Pradesh","Shahdol","1178.0","1866.0","630.0","1553.0","26.0","33.0","1834.0","3452.0"
"21","2001","6","Madhya Pradesh","Shahdol","1445.0","2262.0","899.0","1776.0","51.0","42.0","2395.0","4080.0"
"21","2002","6","Madhya Pradesh","Shahdol","1147.0","2251.0","568.0","1680.0","40.0","34.0","1755.0","3965.0"
"21","2003","6","Madhya Pradesh","Shahdol","1415.0","2767.0","993.0","1894.0","53.0","73.0","2461.0","4734.0"
"21","2004","6","Madhya Pradesh","Shahdol","1438.0","2246.0","1090.0","1675.0","54.0","85.0","2582.0","4006.0"
"21","2005","6","Madhya Pradesh","Shahdol","1607.0","2153.0","1108.0","1577.0","96.0","210.0","2811.0","3940.0"
"21","2006","6","Madhya Pradesh","Shahdol","2065.0","2612.0","1445.0","1824.0","96.0","94.0","3606.0","4530.0"
"21","2007","6","Madhya Pradesh","Shahdol","2099.0","2667.0","1530.0","1887.0","121.0","79.0","3750.0","4633.0"
"21","2008","6","Madhya Pradesh","Shahdol","2475.0","3165.0","2227.0","2465.0","116.0","69.0","4818.0","5699.0"
"21","2009","6","Madhya Pradesh","Shahdol","2226.0","3180.0","2030.0","2542.0","118.0","118.0","4374.0","5840.0"
"21","2010","6","Madhya Pradesh","Shahdol","2871.0","4134.0","2448.0","3200.0","114.0","180.0","5433.0","7514.0"
"21","2011","6","Madhya Pradesh","Shahdol","3661.0","4950.0","2961.0","3258.0","12.0","43.0","6634.0","8251.0"
"21","2012","6","Madhya Pradesh","Shahdol","4332.0","3649.0","3229.0","1685.0","112.0","63.0","7673.0","5397.0"
"21","2013","6","Madhya Pradesh","Shahdol","4471.0","4342.0","3459.0","2498.0","78.0","54.0","8008.0","6894.0"
"21","2014","6","Madhya Pradesh","Shahdol","4121.0","4940.0","2924.0","3272.0","80.0","44.0","7125.0","8256.0"
"21","2015","6","Madhya Pradesh","Shahdol","5489.0","3695.0","3368.0","2124.0","58.0","51.0","8915.0","5870.0"
"21","2016","6","Madhya Pradesh","Shahdol","5025.0","5094.0","2866.0","3065.0","56.0","51.0","7947.0","8210.0"
"21","2017","6","Madhya Pradesh","Shahdol","6227.0","4597.0","3976.0","2457.0","93.0","70.0","10296.0","7124.0"
"22","1990","6","Madhya Pradesh","Gwalior","3332.0","7547.0","2667.0","4458.0","137.0","284.0","6136.0","12289.0"
"22","1991","6","Madhya Pradesh","Gwalior","3195.0","8047.0","1300.0","4458.0","106.0","298.0","4601.0","12803.0"
"22","1993","6","Madhya Pradesh","Gwalior","3061.0","7681.0","1637.0","3064.0","97.0","38.0","4795.0","10783.0"
"22","1994","6","Madhya Pradesh","Gwalior","3253.0","6547.0","1556.0","1878.0","41.0","165.0","4850.0","8590.0"
"22","1995","6","Madhya Pradesh","Gwalior","3253.0","6547.0","1556.0","1878.0","41.0","165.0","4850.0","8590.0"
"22","1996","6","Madhya Pradesh","Gwalior","3253.0","6547.0","1556.0","1878.0","41.0","165.0","4850.0","8590.0"
"22","1997","6","Madhya Pradesh","Gwalior","5742.0","12022.0","1728.0","6131.0","75.0","269.0","7545.0","18422.0"
"22","1998","6","Madhya Pradesh","Gwalior","-1.0","-1.0","-1.0","-1.0","-1.0","-1.0","-1.0","-1.0"
"22","1999","6","Madhya Pradesh","Gwalior","-1.0","-1.0","-1.0","-1.0","-1.0","-1.0","-1.0","-1.0"
"22","2000","6","Madhya Pradesh","Gwalior","7179.0","6421.0","2660.0","3973.0","94.0","220.0","9933.0","10614.0"
"22","2001","6","Madhya Pradesh","Gwalior","7445.0","9001.0","2738.0","4613.0","84.0","134.0","10267.0","13748.0"
"22","2002","6","Madhya Pradesh","Gwalior","3225.0","6507.0","1214.0","3954.0","38.0","158.0","4477.0","10619.0"
"22","2003","6","Madhya Pradesh","Gwalior","2808.0","12774.0","991.0","7057.0","45.0","487.0","3844.0","20318.0"
"22","2004","6","Madhya Pradesh","Gwalior","5208.0","11524.0","2108.0","6422.0","78.0","336.0","7394.0","18282.0"
"22","2005","6","Madhya Pradesh","Gwalior","5318.0","12183.0","1977.0","5600.0","113.0","886.0","7408.0","18669.0"
"22","2006","6","Madhya Pradesh","Gwalior","6570.0","12541.0","3773.0","5768.0","250.0","453.0","10593.0","18762.0"
"22","2007","6","Madhya Pradesh","Gwalior","6399.0","12801.0","2430.0","5593.0","104.0","455.0","8933.0","18849.0"
"22","2008","6","Madhya Pradesh","Gwalior","11251.0","17921.0","5443.0","9376.0","499.0","400.0","17193.0","27697.0"
"22","2009","6","Madhya Pradesh","Gwalior","10720.0","18243.0","9058.0","7457.0","923.0","1930.0","20701.0","27630.0"
"22","2010","6","Madhya Pradesh","Gwalior","11154.0","18491.0","9610.0","8649.0","114.0","321.0","20878.0","27461.0"
"22","2011","6","Madhya Pradesh","Gwalior","15055.0","19429.0","8312.0","8113.0","288.0","217.0","23655.0","27759.0"
"22","2012","6","Madhya Pradesh","Gwalior","13605.0","21149.0","8640.0","8813.0","167.0","285.0","22412.0","30247.0"
"22","2013","6","Madhya Pradesh","Gwalior","14401.0","20705.0","5573.0","6692.0","20.0","275.0","19994.0","27672.0"
"22","2014","6","Madhya Pradesh","Gwalior","11554.0","21818.0","4998.0","6541.0","107.0","129.0","16659.0","28488.0"
"22","2015","6","Madhya Pradesh","Gwalior","9914.0","19199.0","4037.0","4748.0","82.0","261.0","14033.0","24208.0"
"22","2016","6","Madhya Pradesh","Gwalior","11400.0","18240.0","3613.0","7287.0","189.0","277.0","15202.0","25804.0"
"22","2017","6","Madhya Pradesh","Gwalior","9462.0","17580.0","5034.0","7571.0","304.0","162.0","14800.0","25313.0"
"23","1990","6","Madhya Pradesh","Shivpuri","1197.0","2717.0","1184.0","2087.0","92.0","115.0","2473.0","4919.0"
"23","1991","6","Madhya Pradesh","Shivpuri","808.0","3517.0","1279.0","2087.0","59.0","197.0","2146.0","5801.0"
"23","1993","6","Madhya Pradesh","Shivpuri","1076.0","3440.0","1742.0","2169.0","31.0","17.0","2849.0","5626.0"
"23","1994","6","Madhya Pradesh","Shivpuri","1064.0","4394.0","1334.0","2495.0","17.0","86.0","2415.0","6975.0"
"23","1995","6","Madhya Pradesh","Shivpuri","1064.0","4394.0","1334.0","2495.0","17.0","86.0","2415.0","6975.0"
"23","1996","6","Madhya Pradesh","Shivpuri","1064.0","4394.0","1334.0","2495.0","17.0","86.0","2415.0","6975.0"
"23","1997","6","Madhya Pradesh","Shivpuri","1486.0","6233.0","1697.0","3891.0","30.0","60.0","3213.0","10184.0"
"23","1998","6","Madhya Pradesh","Shivpuri","-1.0","-1.0","-1.0","-1.0","-1.0","-1.0","-1.0","-1.0"
"23","1999","6","Madhya Pradesh","Shivpuri","-1.0","-1.0","-1.0","-1.0","-1.0","-1.0","-1.0","-1.0"
"23","2000","6","Madhya Pradesh","Shivpuri","1929.0","4638.0","3141.0","3534.0","143.0","157.0","5213.0","8329.0"
"23","2001","6","Madhya Pradesh","Shivpuri","1872.0","5202.0","2508.0","4538.0","69.0","184.0","4449.0","9924.0"
"23","2002","6","Madhya Pradesh","Shivpuri","1187.0","2750.0","2025.0","2396.0","46.0","106.0","3258.0","5252.0"
"23","2003","6","Madhya Pradesh","Shivpuri","1701.0","8358.0","1609.0","6685.0","32.0","281.0","3342.0","15324.0"
"23","2004","6","Madhya Pradesh","Shivpuri","2722.0","7259.0","2849.0","5076.0","121.0","264.0","5692.0","12599.0"
"23","2005","6","Madhya Pradesh","Shivpuri","2867.0","6829.0","3561.0","4475.0","111.0","530.0","6539.0","11834.0"
"23","2006","6","Madhya Pradesh","Shivpuri","3330.0","6764.0","4761.0","2968.0","143.0","201.0","8234.0","9933.0"
"23","2007","6","Madhya Pradesh","Shivpuri","3423.0","7034.0","4693.0","3610.0","431.0","215.0","8547.0","10859.0"
"23","2008","6","Madhya Pradesh","Shivpuri","5727.0","10081.0","7148.0","5557.0","264.0","146.0","13139.0","15784.0"
"23","2009","6","Madhya Pradesh","Shivpuri","5426.0","10831.0","8299.0","5382.0","139.0","671.0","13864.0","16884.0"
"23","2010","6","Madhya Pradesh","Shivpuri","5843.0","11190.0","9126.0","6101.0","338.0","555.0","15307.0","17846.0"
"23","2011","6","Madhya Pradesh","Shivpuri","7110.0","11194.0","8278.0","7393.0","372.0","6.0","15760.0","18593.0"
"23","2012","6","Madhya Pradesh","Shivpuri","7433.0","11818.0","9297.0","7058.0","197.0","73.0","16927.0","18949.0"
"23","2013","6","Madhya Pradesh","Shivpuri","7244.0","13572.0","7200.0","7096.0","312.0","350.0","14756.0","21018.0"
"23","2014","6","Madhya Pradesh","Shivpuri","5534.0","14664.0","6626.0","7378.0","105.0","102.0","12265.0","22144.0"
"23","2015","6","Madhya Pradesh","Shivpuri","6439.0","12500.0","8097.0","5411.0","184.0","186.0","14720.0","18097.0"
"23","2016","6","Madhya Pradesh","Shivpuri","5840.0","13498.0","4404.0","6176.0","287.0","292.0","10531.0","19966.0"
"23","2017","6","Madhya Pradesh","Shivpuri","5809.0","13768.0","7244.0","5837.0","240.0","131.0","13293.0","19736.0"
"24","1990","6","Madhya Pradesh","Guna","1029.0","3525.0","510.0","2405.0","19.0","32.0","1558.0","5962.0"
"24","1991","6","Madhya Pradesh","Guna","1069.0","3935.0","1774.0","2405.0","7.0","68.0","2850.0","6408.0"
"24","1993","6","Madhya Pradesh","Guna","1404.0","3751.0","1909.0","1767.0","7.0","16.0","3320.0","5534.0"
"24","1994","6","Madhya Pradesh","Guna","1086.0","3741.0","1879.0","1792.0","2.0","64.0","2967.0","5597.0"
"24","1995","6","Madhya Pradesh","Guna","1086.0","3741.0","1879.0","1792.0","2.0","64.0","2967.0","5597.0"
"24","1996","6","Madhya Pradesh","Guna","1086.0","3741.0","1879.0","1792.0","2.0","64.0","2967.0","5597.0"
"24","1997","6","Madhya Pradesh","Guna","1612.0","8942.0","2109.0","5292.0","7.0","152.0","3728.0","14386.0"
"24","1998","6","Madhya Pradesh","Guna","-1.0","-1.0","-1.0","-1.0","-1.0","-1.0","-1.0","-1.0"
"24","1999","6","Madhya Pradesh","Guna","-1.0","-1.0","-1.0","-1.0","-1.0","-1.0","-1.0","-1.0"
"24","2000","6","Madhya Pradesh","Guna","2510.0","7187.0","3782.0","5636.0","64.0","327.0","6356.0","13150.0"
"24","2001","6","Madhya Pradesh","Guna","2351.0","8151.0","4413.0","6935.0","49.0","460.0","6813.0","15546.0"
"24","2002","6","Madhya Pradesh","Guna","706.0","4132.0","3051.0","5669.0","61.0","365.0","3818.0","10166.0"
"24","2003","6","Madhya Pradesh","Guna","1623.0","10424.0","3839.0","8210.0","174.0","730.0","5636.0","19364.0"
"24","2004","6","Madhya Pradesh","Guna","2335.0","10102.0","3953.0","6850.0","96.0","676.0","6384.0","17628.0"
"24","2005","6","Madhya Pradesh","Guna","2426.0","9040.0","3609.0","4523.0","158.0","861.0","6193.0","14424.0"
"24","2006","6","Madhya Pradesh","Guna","3897.0","11911.0","5286.0","4518.0","121.0","139.0","9304.0","16568.0"
"24","2007","6","Madhya Pradesh","Guna","4659.0","9770.0","5584.0","3714.0","430.0","69.0","10673.0","13553.0"
"24","2008","6","Madhya Pradesh","Guna","5147.0","11198.0","7814.0","5231.0","114.0","138.0","13075.0","16567.0"
"24","2009","6","Madhya Pradesh","Guna","3823.0","11368.0","7755.0","5856.0","47.0","257.0","11625.0","17481.0"
"24","2010","6","Madhya Pradesh","Guna","5212.0","14661.0","9758.0","8357.0","165.0","179.0","15135.0","23197.0"
"24","2011","6","Madhya Pradesh","Guna","3999.0","15258.0","7926.0","7248.0","204.0","153.0","12129.0","22659.0"
"24","2012","6","Madhya Pradesh","Guna","4514.0","15928.0","11647.0","7704.0","57.0","45.0","16218.0","23677.0"
"24","2013","6","Madhya Pradesh","Guna","6961.0","18974.0","12446.0","7414.0","45.0","252.0","19452.0","26640.0"
"24","2014","6","Madhya Pradesh","Guna","6592.0","20939.0","8763.0","9716.0","27.0","125.0","15382.0","30780.0"
"24","2015","6","Madhya Pradesh","Guna","9744.0","20104.0","10914.0","8933.0","275.0","204.0","20933.0","29241.0"
"24","2016","6","Madhya Pradesh","Guna","6837.0","22221.0","7740.0","10104.0","61.0","245.0","14638.0","32570.0"
"24","2017","6","Madhya Pradesh","Guna","6336.0","23284.0","9294.0","13268.0","193.0","123.0","15822.0","36675.0"
"25","1990","6","Madhya Pradesh","Datia","1272.0","2696.0","225.0","1559.0","40.0","72.0","1537.0","4327.0"
"25","1991","6","Madhya Pradesh","Datia","154.0","2996.0","78.0","1558.0","1.0","96.0","233.0","4650.0"
"25","1993","6","Madhya Pradesh","Datia","149.0","3503.0","87.0","1151.0","0.0","13.0","236.0","4667.0"
"25","1994","6","Madhya Pradesh","Datia","268.0","2706.0","154.0","1247.0","13.0","84.0","435.0","4037.0"
"25","1995","6","Madhya Pradesh","Datia","268.0","2706.0","154.0","1247.0","13.0","84.0","435.0","4037.0"
"25","1996","6","Madhya Pradesh","Datia","268.0","2706.0","154.0","1247.0","13.0","84.0","435.0","4037.0"
"25","1997","6","Madhya Pradesh","Datia","524.0","5222.0","223.0","2080.0","0.0","102.0","747.0","7404.0"
"25","1998","6","Madhya Pradesh","Datia","-1.0","-1.0","-1.0","-1.0","-1.0","-1.0","-1.0","-1.0"
"25","1999","6","Madhya Pradesh","Datia","-1.0","-1.0","-1.0","-1.0","-1.0","-1.0","-1.0","-1.0"
"25","2000","6","Madhya Pradesh","Datia","868.0","5143.0","392.0","2571.0","13.0","158.0","1273.0","7872.0"
"25","2001","6","Madhya Pradesh","Datia","992.0","4867.0","967.0","2323.0","30.0","117.0","1989.0","7307.0"
"25","2002","6","Madhya Pradesh","Datia","433.0","5232.0","117.0","2762.0","1.0","149.0","551.0","8143.0"
"25","2003","6","Madhya Pradesh","Datia","593.0","6789.0","66.0","3575.0","2.0","218.0","661.0","10582.0"
"25","2004","6","Madhya Pradesh","Datia","944.0","6522.0","339.0","3277.0","5.0","150.0","1288.0","9949.0"
"25","2005","6","Madhya Pradesh","Datia","1219.0","6681.0","367.0","2040.0","19.0","327.0","1605.0","9048.0"
"25","2006","6","Madhya Pradesh","Datia","1864.0","7637.0","1047.0","2428.0","52.0","71.0","2963.0","10136.0"
"25","2007","6","Madhya Pradesh","Datia","2737.0","8806.0","1132.0","3656.0","95.0","174.0","3964.0","12636.0"
"25","2008","6","Madhya Pradesh","Datia","3472.0","10267.0","3143.0","4159.0","32.0","38.0","6647.0","14464.0"
"25","2009","6","Madhya Pradesh","Datia","3567.0","9938.0","3294.0","3984.0","30.0","651.0","6891.0","14573.0"
"25","2010","6","Madhya Pradesh","Datia","3697.0","10207.0","3034.0","6007.0","39.0","158.0","6770.0","16372.0"
"25","2011","6","Madhya Pradesh","Datia","5096.0","10409.0","3699.0","4570.0","99.0","123.0","8894.0","15102.0"
"25","2012","6","Madhya Pradesh","Datia","5540.0","10891.0","4173.0","3885.0","122.0","374.0","9835.0","15150.0"
"25","2013","6","Madhya Pradesh","Datia","5302.0","8873.0","1261.0","2481.0","0.0","167.0","6563.0","11521.0"
"25","2014","6","Madhya Pradesh","Datia","5290.0","11718.0","1974.0","3401.0","3.0","14.0","7267.0","15133.0"
"25","2015","6","Madhya Pradesh","Datia","6388.0","18482.0","981.0","1731.0","28.0","52.0","7397.0","20265.0"
"25","2016","6","Madhya Pradesh","Datia","4308.0","11235.0","585.0","3249.0","23.0","138.0","4916.0","14622.0"
"25","2017","6","Madhya Pradesh","Datia","5557.0","15716.0","2009.0","5781.0","81.0","168.0","7648.0","21665.0"
"26","1990","6","Madhya Pradesh","Morena","9892.0","17593.0","3110.0","4363.0","461.0","523.0","13463.0","22479.0"
"26","1991","6","Madhya Pradesh","Morena","8188.0","18635.0","2289.0","4363.0","287.0","596.0","10764.0","23594.0"
"26","1993","6","Madhya Pradesh","Morena","7424.0","21572.0","1753.0","2772.0","184.0","1.0","9361.0","24345.0"
"26","1994","6","Madhya Pradesh","Morena","7376.0","15069.0","2997.0","3581.0","75.0","187.0","10448.0","18837.0"
"26","1995","6","Madhya Pradesh","Morena","7376.0","15069.0","2997.0","3581.0","75.0","187.0","10448.0","18837.0"
"26","1996","6","Madhya Pradesh","Morena","7376.0","15069.0","2997.0","3581.0","75.0","187.0","10448.0","18837.0"
"26","1997","6","Madhya Pradesh","Morena","13448.0","23006.0","5994.0","6599.0","88.0","389.0","19530.0","29994.0"
"26","1998","6","Madhya Pradesh","Morena","-1.0","-1.0","-1.0","-1.0","-1.0","-1.0","-1.0","-1.0"
"26","1999","6","Madhya Pradesh","Morena","-1.0","-1.0","-1.0","-1.0","-1.0","-1.0","-1.0","-1.0"
"26","2000","6","Madhya Pradesh","Morena","8136.0","13240.0","4228.0","4911.0","176.0","213.0","12540.0","18364.0"
"26","2001","6","Madhya Pradesh","Morena","5929.0","13737.0","2937.0","6054.0","69.0","169.0","8935.0","19960.0"
"26","2002","6","Madhya Pradesh","Morena","3752.0","8840.0","1179.0","4415.0","41.0","220.0","4972.0","13475.0"
"26","2003","6","Madhya Pradesh","Morena","6565.0","23902.0","3160.0","8686.0","76.0","852.0","9801.0","33440.0"
"26","2004","6","Madhya Pradesh","Morena","13309.0","19675.0","4041.0","8351.0","149.0","449.0","17499.0","28475.0"
"26","2005","6","Madhya Pradesh","Morena","12100.0","20268.0","3156.0","5789.0","117.0","532.0","15373.0","26589.0"
"26","2006","6","Madhya Pradesh","Morena","13444.0","16493.0","8053.0","3984.0","441.0","146.0","21938.0","20623.0"
"26","2007","6","Madhya Pradesh","Morena","16993.0","20812.0","6754.0","6745.0","279.0","915.0","24026.0","28472.0"
"26","2008","6","Madhya Pradesh","Morena","19369.0","22748.0","10903.0","7050.0","998.0","235.0","31270.0","30033.0"
"26","2009","6","Madhya Pradesh","Morena","19088.0","22773.0","12934.0","5712.0","500.0","998.0","32522.0","29483.0"
"26","2010","6","Madhya Pradesh","Morena","16172.0","24537.0","11874.0","8052.0","63.0","248.0","28109.0","32837.0"
"26","2011","6","Madhya Pradesh","Morena","17760.0","24366.0","9277.0","11315.0","156.0","33.0","27193.0","35714.0"
"26","2012","6","Madhya Pradesh","Morena","18016.0","24507.0","10931.0","8438.0","176.0","147.0","29123.0","33092.0"
"26","2013","6","Madhya Pradesh","Morena","18472.0","30148.0","6751.0","8020.0","35.0","304.0","25258.0","38472.0"
"26","2014","6","Madhya Pradesh","Morena","15134.0","30635.0","7713.0","8048.0","93.0","271.0","22940.0","38954.0"
"26","2015","6","Madhya Pradesh","Morena","18880.0","30570.0","7513.0","7222.0","106.0","219.0","26499.0","38011.0"
"26","2016","6","Madhya Pradesh","Morena","18051.0","32275.0","4622.0","10190.0","225.0","200.0","22898.0","42665.0"
"26","2017","6","Madhya Pradesh","Morena","21269.0","28713.0","8773.0","9674.0","282.0","397.0","30325.0","38784.0"
"27","1990","6","Madhya Pradesh","Bhind","3511.0","7737.0","787.0","3257.0","65.0","279.0","4363.0","11273.0"
"27","1991","6","Madhya Pradesh","Bhind","2289.0","8567.0","870.0","3257.0","63.0","327.0","3222.0","12151.0"
"27","1993","6","Madhya Pradesh","Bhind","3625.0","13063.0","1132.0","1348.0","121.0","29.0","4878.0","14440.0"
"27","1994","6","Madhya Pradesh","Bhind","4753.0","9436.0","1549.0","2527.0","52.0","201.0","6354.0","12164.0"
"27","1995","6","Madhya Pradesh","Bhind","4753.0","9436.0","1549.0","2527.0","52.0","201.0","6354.0","12164.0"
"27","1996","6","Madhya Pradesh","Bhind","4753.0","9436.0","1549.0","2527.0","52.0","201.0","6354.0","12164.0"
"27","1997","6","Madhya Pradesh","Bhind","7562.0","11516.0","3053.0","3532.0","75.0","237.0","10690.0","15285.0"
"27","1998","6","Madhya Pradesh","Bhind","-1.0","-1.0","-1.0","-1.0","-1.0","-1.0","-1.0","-1.0"
"27","1999","6","Madhya Pradesh","Bhind","-1.0","-1.0","-1.0","-1.0","-1.0","-1.0","-1.0","-1.0"
"27","2000","6","Madhya Pradesh","Bhind","4997.0","7076.0","2645.0","4145.0","117.0","211.0","7759.0","11432.0"
"27","2001","6","Madhya Pradesh","Bhind","3390.0","9005.0","1682.0","5095.0","60.0","167.0","5132.0","14267.0"
"27","2002","6","Madhya Pradesh","Bhind","1875.0","7792.0","728.0","5578.0","29.0","286.0","2632.0","13656.0"
"27","2003","6","Madhya Pradesh","Bhind","2876.0","13432.0","1223.0","7814.0","14.0","650.0","4113.0","21896.0"
"27","2004","6","Madhya Pradesh","Bhind","6388.0","10517.0","3447.0","5587.0","86.0","383.0","9921.0","16487.0"
"27","2005","6","Madhya Pradesh","Bhind","4921.0","11841.0","1512.0","4807.0","281.0","961.0","6714.0","17609.0"
"27","2006","6","Madhya Pradesh","Bhind","6097.0","10254.0","4365.0","3220.0","180.0","161.0","10642.0","13635.0"
"27","2007","6","Madhya Pradesh","Bhind","6799.0","11643.0","3401.0","4405.0","234.0","546.0","10434.0","16594.0"
"27","2008","6","Madhya Pradesh","Bhind","8832.0","12314.0","6768.0","5628.0","254.0","124.0","15854.0","18066.0"
"27","2009","6","Madhya Pradesh","Bhind","8380.0","11464.0","9689.0","3827.0","136.0","522.0","18205.0","15813.0"
"27","2010","6","Madhya Pradesh","Bhind","7827.0","11318.0","8549.0","5456.0","37.0","92.0","16413.0","16866.0"
"27","2011","6","Madhya Pradesh","Bhind","8399.0","12560.0","5103.0","4678.0","134.0","163.0","13636.0","17401.0"
"27","2012","6","Madhya Pradesh","Bhind","8867.0","11864.0","9811.0","3799.0","78.0","29.0","18756.0","15692.0"
"27","2013","6","Madhya Pradesh","Bhind","8817.0","14870.0","5250.0","5265.0","25.0","135.0","14092.0","20270.0"
"27","2014","6","Madhya Pradesh","Bhind","6993.0","16274.0","4131.0","5199.0","7.0","57.0","11131.0","21530.0"
"27","2015","6","Madhya Pradesh","Bhind","8552.0","18344.0","4184.0","5575.0","14.0","65.0","12750.0","23984.0"
"27","2016","6","Madhya Pradesh","Bhind","10004.0","18118.0","3004.0","7761.0","48.0","133.0","13056.0","26012.0"
"27","2017","6","Madhya Pradesh","Bhind","9872.0","18323.0","4342.0","9944.0","64.0","193.0","14278.0","28460.0"
"28","1990","6","Madhya Pradesh","Indore","8758.0","10790.0","9949.0","5454.0","749.0","249.0","19456.0","16493.0"
"28","1991","6","Madhya Pradesh","Indore","10765.0","8790.0","9672.0","5546.0","780.0","248.0","21217.0","14584.0"
"28","1993","6","Madhya Pradesh","Indore","4045.0","7846.0","6947.0","1671.0","508.0","157.0","11500.0","9674.0"
"28","1994","6","Madhya Pradesh","Indore","4321.0","12001.0","5058.0","4873.0","418.0","666.0","9797.0","17540.0"
"28","1995","6","Madhya Pradesh","Indore","4321.0","12001.0","5058.0","4873.0","418.0","666.0","9797.0","17540.0"
"28","1996","6","Madhya Pradesh","Indore","4321.0","12001.0","5058.0","4873.0","418.0","666.0","9797.0","17540.0"
"28","1997","6","Madhya Pradesh","Indore","5177.0","19080.0","8143.0","9349.0","1048.0","1981.0","14368.0","30410.0"
"28","1998","6","Madhya Pradesh","Indore","-1.0","-1.0","-1.0","-1.0","-1.0","-1.0","-1.0","-1.0"
"28","1999","6","Madhya Pradesh","Indore","-1.0","-1.0","-1.0","-1.0","-1.0","-1.0","-1.0","-1.0"
"28","2000","6","Madhya Pradesh","Indore","3792.0","5747.0","4981.0","2207.0","795.0","718.0","9568.0","8672.0"
"28","2001","6","Madhya Pradesh","Indore","3464.0","7087.0","4226.0","4164.0","392.0","1291.0","8082.0","12542.0"
"28","2002","6","Madhya Pradesh","Indore","3758.0","9083.0","5686.0","4981.0","926.0","1624.0","10370.0","15688.0"
"28","2003","6","Madhya Pradesh","Indore","3928.0","19244.0","3806.0","10087.0","1013.0","2913.0","8747.0","32244.0"
"28","2004","6","Madhya Pradesh","Indore","5102.0","20099.0","7363.0","9556.0","1381.0","2953.0","13846.0","32608.0"
"28","2005","6","Madhya Pradesh","Indore","4465.0","12304.0","5840.0","8071.0","534.0","2372.0","10839.0","22747.0"
"28","2006","6","Madhya Pradesh","Indore","8217.0","24349.0","11099.0","12728.0","2684.0","2877.0","22000.0","39954.0"
"28","2007","6","Madhya Pradesh","Indore","15712.0","26438.0","15693.0","11543.0","4256.0","4220.0","35661.0","42201.0"
"28","2008","6","Madhya Pradesh","Indore","13649.0","18958.0","19116.0","10696.0","5484.0","2219.0","38249.0","31873.0"
"28","2009","6","Madhya Pradesh","Indore","14890.0","29643.0","23938.0","12905.0","5447.0","8062.0","44275.0","50610.0"
"28","2010","6","Madhya Pradesh","Indore","17516.0","27846.0","27522.0","16395.0","7160.0","5207.0","52198.0","49448.0"
"28","2011","6","Madhya Pradesh","Indore","17620.0","20170.0","21007.0","18314.0","2744.0","3679.0","41371.0","42163.0"
"28","2012","6","Madhya Pradesh","Indore","13760.0","20231.0","16455.0","14517.0","3439.0","1865.0","33654.0","36613.0"
"28","2013","6","Madhya Pradesh","Indore","21523.0","20487.0","14393.0","10186.0","2514.0","2044.0","38430.0","32717.0"
"28","2014","6","Madhya Pradesh","Indore","12333.0","23556.0","10284.0","14730.0","1919.0","2719.0","24536.0","41005.0"
"28","2015","6","Madhya Pradesh","Indore","18663.0","20774.0","16827.0","11648.0","3877.0","2337.0","39367.0","34759.0"
"28","2016","6","Madhya Pradesh","Indore","15201.0","26245.0","10347.0","12930.0","2350.0","4601.0","27898.0","43776.0"
"28","2017","6","Madhya Pradesh","Indore","12326.0","27269.0","8357.0","12113.0","1804.0","3818.0","22487.0","43200.0"
"29","1990","6","Madhya Pradesh","Ratlam","8629.0","6733.0","5806.0","4083.0","537.0","545.0","14972.0","11361.0"
"29","1991","6","Madhya Pradesh","Ratlam","8642.0","6433.0","5681.0","4083.0","570.0","565.0","14893.0","11081.0"
"29","1993","6","Madhya Pradesh","Ratlam","9227.0","5256.0","6699.0","907.0","416.0","117.0","16342.0","6280.0"
"29","1994","6","Madhya Pradesh","Ratlam","13407.0","10423.0","5673.0","3354.0","405.0","282.0","19485.0","14059.0"
"29","1995","6","Madhya Pradesh","Ratlam","13407.0","10423.0","5673.0","3354.0","405.0","282.0","19485.0","14059.0"
"29","1996","6","Madhya Pradesh","Ratlam","13407.0","10423.0","5673.0","3354.0","405.0","282.0","19485.0","14059.0"
"29","1997","6","Madhya Pradesh","Ratlam","11469.0","12859.0","8177.0","5349.0","640.0","769.0","20286.0","18977.0"
"29","1998","6","Madhya Pradesh","Ratlam","-1.0","-1.0","-1.0","-1.0","-1.0","-1.0","-1.0","-1.0"
"29","1999","6","Madhya Pradesh","Ratlam","-1.0","-1.0","-1.0","-1.0","-1.0","-1.0","-1.0","-1.0"
"29","2000","6","Madhya Pradesh","Ratlam","9434.0","2187.0","7802.0","1225.0","884.0","175.0","18120.0","3587.0"
"29","2001","6","Madhya Pradesh","Ratlam","9498.0","2621.0","5420.0","1707.0","700.0","601.0","15618.0","4929.0"
"29","2002","6","Madhya Pradesh","Ratlam","7739.0","1965.0","3940.0","1192.0","1047.0","398.0","12726.0","3555.0"
"29","2003","6","Madhya Pradesh","Ratlam","9353.0","8083.0","2991.0","2980.0","544.0","985.0","12888.0","12048.0"
"29","2004","6","Madhya Pradesh","Ratlam","10968.0","9786.0","6335.0","6608.0","969.0","1698.0","18272.0","18092.0"
"29","2005","6","Madhya Pradesh","Ratlam","9544.0","5682.0","6471.0","2800.0","1084.0","537.0","17099.0","9019.0"
"29","2006","6","Madhya Pradesh","Ratlam","11788.0","16033.0","6346.0","5614.0","1107.0","1567.0","19241.0","23214.0"
"29","2007","6","Madhya Pradesh","Ratlam","13819.0","16990.0","9073.0","7825.0","2165.0","2439.0","25057.0","27254.0"
"29","2008","6","Madhya Pradesh","Ratlam","13461.0","8600.0","10385.0","5862.0","3443.0","1145.0","27289.0","15607.0"
"29","2009","6","Madhya Pradesh","Ratlam","14771.0","15370.0","13005.0","6569.0","3017.0","3894.0","30793.0","25833.0"
"29","2010","6","Madhya Pradesh","Ratlam","16416.0","16677.0","15065.0","9789.0","2288.0","2446.0","33769.0","28912.0"
"29","2011","6","Madhya Pradesh","Ratlam","19915.0","22328.0","14821.0","14253.0","1081.0","2405.0","35817.0","38986.0"
"29","2012","6","Madhya Pradesh","Ratlam","15598.0","23019.0","9359.0","13232.0","2339.0","616.0","27296.0","36867.0"
"29","2013","6","Madhya Pradesh","Ratlam","21447.0","20398.0","11566.0","7723.0","1207.0","1353.0","34220.0","29474.0"
"29","2014","6","Madhya Pradesh","Ratlam","16448.0","19597.0","8204.0","7319.0","1668.0","1462.0","26320.0","28378.0"
"29","2015","6","Madhya Pradesh","Ratlam","18708.0","17370.0","10835.0","9674.0","2050.0","2265.0","31593.0","29309.0"
"29","2016","6","Madhya Pradesh","Ratlam","15369.0","19763.0","8686.0","8827.0","1449.0","2240.0","25504.0","30830.0"
"29","2017","6","Madhya Pradesh","Ratlam","16586.0","18798.0","9670.0","7440.0","2618.0","2188.0","28875.0","28426.0"
"30","1990","6","Madhya Pradesh","Ujjain","7328.0","10160.0","7187.0","6297.0","562.0","441.0","15077.0","16898.0"
"30","1991","6","Madhya Pradesh","Ujjain","8261.0","8160.0","8516.0","6297.0","507.0","456.0","17284.0","14913.0"
"30","1993","6","Madhya Pradesh","Ujjain","9468.0","8421.0","9346.0","2848.0","321.0","184.0","19135.0","11453.0"
"30","1994","6","Madhya Pradesh","Ujjain","11621.0","11775.0","8693.0","4796.0","284.0","571.0","20598.0","17142.0"
"30","1995","6","Madhya Pradesh","Ujjain","11621.0","11775.0","8693.0","4796.0","284.0","571.0","20598.0","17142.0"
"30","1996","6","Madhya Pradesh","Ujjain","11621.0","11775.0","8693.0","4796.0","284.0","571.0","20598.0","17142.0"
"30","1997","6","Madhya Pradesh","Ujjain","7393.0","20556.0","8871.0","6889.0","427.0","773.0","16691.0","28218.0"
"30","1998","6","Madhya Pradesh","Ujjain","-1.0","-1.0","-1.0","-1.0","-1.0","-1.0","-1.0","-1.0"
"30","1999","6","Madhya Pradesh","Ujjain","-1.0","-1.0","-1.0","-1.0","-1.0","-1.0","-1.0","-1.0"
"30","2000","6","Madhya Pradesh","Ujjain","6101.0","4338.0","9280.0","651.0","534.0","214.0","15915.0","5203.0"
"30","2001","6","Madhya Pradesh","Ujjain","5603.0","5904.0","6100.0","4280.0","544.0","740.0","12247.0","10924.0"
"30","2002","6","Madhya Pradesh","Ujjain","5365.0","5685.0","7590.0","3539.0","652.0","632.0","13607.0","9856.0"
"30","2003","6","Madhya Pradesh","Ujjain","4975.0","16976.0","5476.0","8342.0","593.0","1909.0","11044.0","27227.0"
"30","2004","6","Madhya Pradesh","Ujjain","6540.0","16857.0","12260.0","10394.0","773.0","2283.0","19573.0","29534.0"
"30","2005","6","Madhya Pradesh","Ujjain","5157.0","8607.0","9020.0","5796.0","463.0","1395.0","14640.0","15798.0"
"30","2006","6","Madhya Pradesh","Ujjain","6272.0","20727.0","11540.0","10594.0","1203.0","2164.0","19015.0","33485.0"
"30","2007","6","Madhya Pradesh","Ujjain","10684.0","23082.0","13856.0","10110.0","2212.0","1995.0","26752.0","35187.0"
"30","2008","6","Madhya Pradesh","Ujjain","8165.0","10622.0","16443.0","7407.0","2749.0","905.0","27357.0","18934.0"
"30","2009","6","Madhya Pradesh","Ujjain","10428.0","17328.0","21248.0","8068.0","1878.0","2927.0","33554.0","28323.0"
"30","2010","6","Madhya Pradesh","Ujjain","11815.0","18263.0","28659.0","12966.0","3259.0","2539.0","43733.0","33768.0"
"30","2011","6","Madhya Pradesh","Ujjain","12874.0","21130.0","21305.0","22391.0","2133.0","1619.0","36312.0","45140.0"
"30","2012","6","Madhya Pradesh","Ujjain","11162.0","21000.0","14798.0","15606.0","1008.0","1165.0","26968.0","37771.0"
"30","2013","6","Madhya Pradesh","Ujjain","22517.0","28153.0","18909.0","16115.0","2166.0","2070.0","43592.0","46338.0"
"30","2014","6","Madhya Pradesh","Ujjain","12536.0","23560.0","12649.0","13045.0","880.0","1983.0","26065.0","38588.0"
"30","2015","6","Madhya Pradesh","Ujjain","21047.0","26810.0","22721.0","16146.0","3714.0","2309.0","47482.0","45265.0"
"30","2016","6","Madhya Pradesh","Ujjain","13822.0","32629.0","13318.0","15307.0","2159.0","3262.0","29299.0","51198.0"
"30","2017","6","Madhya Pradesh","Ujjain","12156.0","29874.0","16797.0","14159.0","2327.0","3242.0","31280.0","47275.0"
"31","1990","6","Madhya Pradesh","Mandsaur","13901.0","13652.0","10578.0","8286.0","843.0","765.0","25322.0","22703.0"
"31","1991","6","Madhya Pradesh","Mandsaur","9665.0","10652.0","8703.0","8286.0","807.0","765.0","19175.0","19703.0"
"31","1993","6","Madhya Pradesh","Mandsaur","15311.0","11049.0","10253.0","2604.0","625.0","241.0","26189.0","13894.0"
"31","1994","6","Madhya Pradesh","Mandsaur","16710.0","17288.0","7264.0","6384.0","482.0","934.0","24456.0","24606.0"
"31","1995","6","Madhya Pradesh","Mandsaur","16710.0","17288.0","7264.0","6384.0","482.0","934.0","24456.0","24606.0"
"31","1996","6","Madhya Pradesh","Mandsaur","16710.0","17288.0","7264.0","6384.0","482.0","934.0","24456.0","24606.0"
"31","1997","6","Madhya Pradesh","Mandsaur","15870.0","21077.0","12725.0","9313.0","814.0","704.0","29409.0","31094.0"
"31","1998","6","Madhya Pradesh","Mandsaur","-1.0","-1.0","-1.0","-1.0","-1.0","-1.0","-1.0","-1.0"
"31","1999","6","Madhya Pradesh","Mandsaur","-1.0","-1.0","-1.0","-1.0","-1.0","-1.0","-1.0","-1.0"
"31","2000","6","Madhya Pradesh","Mandsaur","11291.0","3928.0","18621.0","3011.0","1812.0","551.0","31724.0","7490.0"
"31","2001","6","Madhya Pradesh","Mandsaur","11329.0","8705.0","10374.0","8167.0","1055.0","1217.0","22758.0","18089.0"
"31","2002","6","Madhya Pradesh","Mandsaur","10920.0","2516.0","12274.0","2600.0","1266.0","454.0","24460.0","5570.0"
"31","2003","6","Madhya Pradesh","Mandsaur","12643.0","10620.0","10094.0","6600.0","1192.0","1204.0","23929.0","18424.0"
"31","2004","6","Madhya Pradesh","Mandsaur","17167.0","16072.0","14947.0","7923.0","1861.0","1629.0","33975.0","25624.0"
"31","2005","6","Madhya Pradesh","Mandsaur","14903.0","10942.0","11928.0","3968.0","1825.0","805.0","28656.0","15715.0"
"31","2006","6","Madhya Pradesh","Mandsaur","14572.0","19293.0","11299.0","6784.0","1780.0","1404.0","27651.0","27481.0"
"31","2007","6","Madhya Pradesh","Mandsaur","19083.0","17470.0","12786.0","6648.0","2442.0","791.0","34311.0","24909.0"
"31","2008","6","Madhya Pradesh","Mandsaur","17727.0","16813.0","13563.0","7856.0","3379.0","1254.0","34669.0","25923.0"
"31","2009","6","Madhya Pradesh","Mandsaur","19970.0","18354.0","17159.0","6295.0","1024.0","3196.0","38153.0","27845.0"
"31","2010","6","Madhya Pradesh","Mandsaur","20083.0","19577.0","20763.0","9561.0","4464.0","3532.0","45310.0","32670.0"
"31","2011","6","Madhya Pradesh","Mandsaur","21468.0","24546.0","21519.0","16656.0","1989.0","3066.0","44976.0","44268.0"
"31","2012","6","Madhya Pradesh","Mandsaur","21031.0","24315.0","16940.0","12064.0","2603.0","1063.0","40574.0","37442.0"
"31","2013","6","Madhya Pradesh","Mandsaur","27433.0","27583.0","18514.0","9663.0","2187.0","2058.0","48134.0","39304.0"
"31","2014","6","Madhya Pradesh","Mandsaur","20486.0","26078.0","13191.0","10339.0","2479.0","2557.0","36156.0","38974.0"
"31","2015","6","Madhya Pradesh","Mandsaur","27790.0","19833.0","16511.0","6750.0","4247.0","2552.0","48548.0","29135.0"
"31","2016","6","Madhya Pradesh","Mandsaur","21849.0","25892.0","12617.0","9646.0","3969.0","3563.0","38435.0","39101.0"
"31","2017","6","Madhya Pradesh","Mandsaur","21136.0","21943.0","14237.0","6164.0","3816.0","2709.0","39190.0","30816.0"
"32","1990","6","Madhya Pradesh","Dewas","4436.0","8775.0","3913.0","3741.0","283.0","170.0","8632.0","12686.0"
"32","1991","6","Madhya Pradesh","Dewas","7117.0","8575.0","4396.0","3741.0","275.0","206.0","11788.0","12522.0"
"32","1993","6","Madhya Pradesh","Dewas","5735.0","6333.0","5337.0","2269.0","420.0","343.0","11492.0","8945.0"
"32","1994","6","Madhya Pradesh","Dewas","6023.0","7728.0","5361.0","4049.0","280.0","332.0","11664.0","12109.0"
"32","1995","6","Madhya Pradesh","Dewas","6023.0","7728.0","5361.0","4049.0","280.0","332.0","11664.0","12109.0"
"32","1996","6","Madhya Pradesh","Dewas","6023.0","7728.0","5361.0","4049.0","280.0","332.0","11664.0","12109.0"
"32","1997","6","Madhya Pradesh","Dewas","7222.0","13494.0","7025.0","6781.0","606.0","731.0","14853.0","21006.0"
"32","1998","6","Madhya Pradesh","Dewas","-1.0","-1.0","-1.0","-1.0","-1.0","-1.0","-1.0","-1.0"
"32","1999","6","Madhya Pradesh","Dewas","-1.0","-1.0","-1.0","-1.0","-1.0","-1.0","-1.0","-1.0"
"32","2000","6","Madhya Pradesh","Dewas","5337.0","4709.0","5851.0","2222.0","660.0","368.0","11848.0","7299.0"
"32","2001","6","Madhya Pradesh","Dewas","5856.0","7511.0","5239.0","3729.0","614.0","716.0","11709.0","11956.0"
"32","2002","6","Madhya Pradesh","Dewas","4072.0","7166.0","4173.0","3583.0","459.0","1063.0","8704.0","11812.0"
"32","2003","6","Madhya Pradesh","Dewas","4807.0","13257.0","3910.0","6290.0","506.0","1626.0","9223.0","21173.0"
"32","2004","6","Madhya Pradesh","Dewas","6471.0","11923.0","7424.0","7093.0","726.0","1943.0","14621.0","20959.0"
"32","2005","6","Madhya Pradesh","Dewas","5945.0","8748.0","7046.0","4840.0","742.0","974.0","13733.0","14562.0"
"32","2006","6","Madhya Pradesh","Dewas","8231.0","15806.0","9724.0","7024.0","1349.0","1373.0","19304.0","24203.0"
"32","2007","6","Madhya Pradesh","Dewas","10405.0","16492.0","9749.0","6396.0","2749.0","1662.0","22903.0","24550.0"
"32","2008","6","Madhya Pradesh","Dewas","11757.0","10874.0","13234.0","5934.0","3549.0","1243.0","28540.0","18051.0"
"32","2009","6","Madhya Pradesh","Dewas","12516.0","19336.0","15564.0","7250.0","2623.0","4769.0","30703.0","31355.0"
"32","2010","6","Madhya Pradesh","Dewas","13044.0","21992.0","21172.0","11861.0","4094.0","3637.0","38310.0","37490.0"
"32","2011","6","Madhya Pradesh","Dewas","16825.0","20947.0","17818.0","13735.0","1267.0","1934.0","35910.0","36616.0"
"32","2012","6","Madhya Pradesh","Dewas","16100.0","19047.0","16321.0","12840.0","2603.0","1141.0","35024.0","33028.0"
"32","2013","6","Madhya Pradesh","Dewas","15439.0","18918.0","13140.0","8199.0","935.0","1362.0","29514.0","28479.0"
"32","2014","6","Madhya Pradesh","Dewas","10949.0","20677.0","9309.0","10376.0","1039.0","1388.0","21297.0","32441.0"
"32","2015","6","Madhya Pradesh","Dewas","16754.0","20181.0","13554.0","9144.0","2348.0","1685.0","32656.0","31010.0"
"32","2016","6","Madhya Pradesh","Dewas","12162.0","21731.0","9536.0","9115.0","1872.0","2779.0","23570.0","33625.0"
"32","2017","6","Madhya Pradesh","Dewas","9930.0","17750.0","10111.0","5517.0","1724.0","1776.0","21765.0","25043.0"
"33","1990","6","Madhya Pradesh","Dhar","13768.0","8547.0","9535.0","4947.0","3374.0","588.0","26677.0","14082.0"
"33","1991","6","Madhya Pradesh","Dhar","19225.0","8047.0","10656.0","5123.0","1880.0","580.0","31761.0","13750.0"
"33","1993","6","Madhya Pradesh","Dhar","13660.0","5680.0","8005.0","2312.0","949.0","177.0","22614.0","8169.0"
"33","1994","6","Madhya Pradesh","Dhar","13823.0","10305.0","8545.0","3151.0","598.0","348.0","22966.0","13804.0"
"33","1995","6","Madhya Pradesh","Dhar","13823.0","10305.0","8545.0","3151.0","598.0","348.0","22966.0","13804.0"
"33","1996","6","Madhya Pradesh","Dhar","13823.0","10305.0","8545.0","3151.0","598.0","348.0","22966.0","13804.0"
"33","1997","6","Madhya Pradesh","Dhar","20833.0","18757.0","11958.0","6448.0","904.0","644.0","33695.0","25849.0"
"33","1998","6","Madhya Pradesh","Dhar","-1.0","-1.0","-1.0","-1.0","-1.0","-1.0","-1.0","-1.0"
"33","1999","6","Madhya Pradesh","Dhar","-1.0","-1.0","-1.0","-1.0","-1.0","-1.0","-1.0","-1.0"
"33","2000","6","Madhya Pradesh","Dhar","15532.0","3177.0","9510.0","1419.0","1116.0","357.0","26158.0","4953.0"
"33","2001","6","Madhya Pradesh","Dhar","14266.0","6898.0","7182.0","3374.0","1100.0","906.0","22548.0","11178.0"
"33","2002","6","Madhya Pradesh","Dhar","12961.0","9412.0","7858.0","3074.0","1150.0","892.0","21969.0","13378.0"
"33","2003","6","Madhya Pradesh","Dhar","17346.0","21813.0","8258.0","6372.0","1339.0","1920.0","26943.0","30105.0"
"33","2004","6","Madhya Pradesh","Dhar","20615.0","19492.0","11176.0","7759.0","2393.0","2432.0","34184.0","29683.0"
"33","2005","6","Madhya Pradesh","Dhar","18769.0","12198.0","11393.0","6107.0","1964.0","1785.0","32126.0","20090.0"
"33","2006","6","Madhya Pradesh","Dhar","23922.0","22906.0","13628.0","8936.0","3307.0","2464.0","40857.0","34306.0"
"33","2007","6","Madhya Pradesh","Dhar","30932.0","23871.0","16208.0","7810.0","3006.0","1192.0","50146.0","32873.0"
"33","2008","6","Madhya Pradesh","Dhar","28385.0","18185.0","18953.0","7934.0","4900.0","577.0","52238.0","26696.0"
"33","2009","6","Madhya Pradesh","Dhar","29258.0","24902.0","22414.0","7946.0","3456.0","2950.0","55128.0","35798.0"
"33","2010","6","Madhya Pradesh","Dhar","31206.0","28566.0","26871.0","11333.0","5132.0","2881.0","63209.0","42780.0"
"33","2011","6","Madhya Pradesh","Dhar","30093.0","25280.0","21527.0","17188.0","1818.0","2621.0","53438.0","45089.0"
"33","2012","6","Madhya Pradesh","Dhar","23725.0","25142.0","19961.0","10973.0","3042.0","846.0","46728.0","36961.0"
"33","2013","6","Madhya Pradesh","Dhar","37714.0","26026.0","23469.0","9582.0","2920.0","862.0","64103.0","36470.0"
"33","2014","6","Madhya Pradesh","Dhar","30608.0","25206.0","18989.0","13490.0","3361.0","2096.0","52958.0","40792.0"
"33","2015","6","Madhya Pradesh","Dhar","35590.0","31279.0","21397.0","12401.0","3583.0","1820.0","60570.0","45500.0"
"33","2016","6","Madhya Pradesh","Dhar","33049.0","35559.0","16986.0","17814.0","3746.0","4675.0","53781.0","58048.0"
"33","2017","6","Madhya Pradesh","Dhar","35285.0","30811.0","19474.0","12943.0","5101.0","2275.0","59859.0","46029.0"
"34","1990","6","Madhya Pradesh","Jhabua","4373.0","1598.0","1208.0","506.0","148.0","53.0","5729.0","2157.0"
"34","1991","6","Madhya Pradesh","Jhabua","5912.0","1398.0","1273.0","615.0","174.0","58.0","7359.0","2071.0"
"34","1993","6","Madhya Pradesh","Jhabua","5261.0","1746.0","1213.0","330.0","158.0","19.0","6632.0","2095.0"
"34","1994","6","Madhya Pradesh","Jhabua","7163.0","3649.0","1735.0","723.0","58.0","36.0","8956.0","4408.0"
"34","1995","6","Madhya Pradesh","Jhabua","7163.0","3649.0","1735.0","723.0","58.0","36.0","8956.0","4408.0"
"34","1996","6","Madhya Pradesh","Jhabua","7163.0","3649.0","1735.0","723.0","58.0","36.0","8956.0","4408.0"
"34","1997","6","Madhya Pradesh","Jhabua","8421.0","4894.0","2320.0","1066.0","189.0","162.0","10930.0","6122.0"
"34","1998","6","Madhya Pradesh","Jhabua","-1.0","-1.0","-1.0","-1.0","-1.0","-1.0","-1.0","-1.0"
"34","1999","6","Madhya Pradesh","Jhabua","-1.0","-1.0","-1.0","-1.0","-1.0","-1.0","-1.0","-1.0"
"34","2000","6","Madhya Pradesh","Jhabua","8169.0","114.0","2323.0","103.0","215.0","0.0","10707.0","217.0"
"34","2001","6","Madhya Pradesh","Jhabua","8420.0","1130.0","1731.0","286.0","198.0","35.0","10349.0","1451.0"
"34","2002","6","Madhya Pradesh","Jhabua","8095.0","1553.0","2451.0","660.0","230.0","69.0","10776.0","2282.0"
"34","2003","6","Madhya Pradesh","Jhabua","10699.0","5233.0","1133.0","1014.0","215.0","143.0","12047.0","6390.0"
"34","2004","6","Madhya Pradesh","Jhabua","12611.0","3906.0","3199.0","973.0","421.0","142.0","16231.0","5021.0"
"34","2005","6","Madhya Pradesh","Jhabua","11904.0","3728.0","2244.0","1210.0","394.0","211.0","14542.0","5149.0"
"34","2006","6","Madhya Pradesh","Jhabua","13911.0","8783.0","3592.0","1479.0","477.0","159.0","17980.0","10421.0"
"34","2007","6","Madhya Pradesh","Jhabua","16194.0","7679.0","3441.0","1567.0","385.0","69.0","20020.0","9315.0"
"34","2008","6","Madhya Pradesh","Jhabua","16045.0","5506.0","3157.0","1786.0","510.0","74.0","19712.0","7366.0"
"34","2009","6","Madhya Pradesh","Jhabua","16900.0","7236.0","3344.0","1468.0","204.0","399.0","20448.0","9103.0"
"34","2010","6","Madhya Pradesh","Jhabua","15073.0","8917.0","4688.0","2305.0","715.0","274.0","20476.0","11496.0"
"34","2011","6","Madhya Pradesh","Jhabua","13786.0","7515.0","5205.0","2912.0","212.0","342.0","19203.0","10769.0"
"34","2012","6","Madhya Pradesh","Jhabua","12331.0","11209.0","5176.0","3415.0","439.0","73.0","17946.0","14697.0"
"34","2013","6","Madhya Pradesh","Jhabua","14612.0","13223.0","3940.0","2916.0","327.0","14.0","18879.0","16153.0"
"34","2014","6","Madhya Pradesh","Jhabua","20426.0","13065.0","5945.0","3655.0","1003.0","482.0","27374.0","17202.0"
"34","2015","6","Madhya Pradesh","Jhabua","17258.0","10838.0","5586.0","2753.0","744.0","249.0","23588.0","13840.0"
"34","2016","6","Madhya Pradesh","Jhabua","21286.0","10861.0","5976.0","3365.0","698.0","152.0","27960.0","14378.0"
"34","2017","6","Madhya Pradesh","Jhabua","21740.0","9305.0","6109.0","2219.0","1033.0","189.0","28883.0","11713.0"
"35","1990","6","Madhya Pradesh","Khargone / West Nimar","14800.0","6127.0","7061.0","2872.0","1499.0","791.0","23360.0","9790.0"
"35","1991","6","Madhya Pradesh","Khargone / West Nimar","28501.0","5827.0","9364.0","2937.0","2746.0","760.0","40611.0","9524.0"
"35","1993","6","Madhya Pradesh","Khargone / West Nimar","23501.0","5917.0","8258.0","2162.0","2431.0","412.0","34190.0","8491.0"
"35","1994","6","Madhya Pradesh","Khargone / West Nimar","24271.0","13858.0","7097.0","3785.0","1648.0","387.0","33016.0","18030.0"
"35","1995","6","Madhya Pradesh","Khargone / West Nimar","24271.0","13858.0","7097.0","3785.0","1648.0","387.0","33016.0","18030.0"
"35","1996","6","Madhya Pradesh","Khargone / West Nimar","24271.0","13858.0","7097.0","3785.0","1648.0","387.0","33016.0","18030.0"
"35","1997","6","Madhya Pradesh","Khargone / West Nimar","32102.0","18850.0","15175.0","6392.0","4624.0","894.0","51901.0","26136.0"
"35","1998","6","Madhya Pradesh","Khargone / West Nimar","-1.0","-1.0","-1.0","-1.0","-1.0","-1.0","-1.0","-1.0"
"35","1999","6","Madhya Pradesh","Khargone / West Nimar","-1.0","-1.0","-1.0","-1.0","-1.0","-1.0","-1.0","-1.0"
"35","2000","6","Madhya Pradesh","Khargone / West Nimar","20854.0","5458.0","12190.0","1778.0","4086.0","407.0","37130.0","7643.0"
"35","2001","6","Madhya Pradesh","Khargone / West Nimar","17695.0","8899.0","8880.0","2426.0","3693.0","554.0","30268.0","11879.0"
"35","2002","6","Madhya Pradesh","Khargone / West Nimar","14084.0","12479.0","7049.0","4270.0","2952.0","946.0","24085.0","17695.0"
"35","2003","6","Madhya Pradesh","Khargone / West Nimar","20372.0","21904.0","8810.0","6353.0","3678.0","2211.0","32860.0","30468.0"
"35","2004","6","Madhya Pradesh","Khargone / West Nimar","26472.0","16694.0","12063.0","5814.0","5657.0","1393.0","44192.0","23901.0"
"35","2005","6","Madhya Pradesh","Khargone / West Nimar","27172.0","11530.0","12727.0","4261.0","6436.0","1373.0","46335.0","17164.0"
"35","2006","6","Madhya Pradesh","Khargone / West Nimar","32303.0","24331.0","13939.0","8328.0","8900.0","2359.0","55142.0","35018.0"
"35","2007","6","Madhya Pradesh","Khargone / West Nimar","41476.0","25717.0","17966.0","8595.0","8949.0","2206.0","68391.0","36518.0"
"35","2008","6","Madhya Pradesh","Khargone / West Nimar","44505.0","18434.0","20126.0","7094.0","10389.0","1169.0","75020.0","26697.0"
"35","2009","6","Madhya Pradesh","Khargone / West Nimar","50868.0","30342.0","27571.0","10549.0","6801.0","3957.0","85240.0","44848.0"
"35","2010","6","Madhya Pradesh","Khargone / West Nimar","47336.0","35834.0","27844.0","14207.0","15195.0","3560.0","90375.0","53601.0"
"35","2011","6","Madhya Pradesh","Khargone / West Nimar","48624.0","34262.0","27780.0","15203.0","5306.0","4654.0","81710.0","54119.0"
"35","2012","6","Madhya Pradesh","Khargone / West Nimar","44541.0","34603.0","29269.0","10477.0","10005.0","1719.0","83815.0","46799.0"
"35","2013","6","Madhya Pradesh","Khargone / West Nimar","54337.0","36027.0","27220.0","11981.0","8799.0","2201.0","90356.0","50209.0"
"35","2014","6","Madhya Pradesh","Khargone / West Nimar","46959.0","31257.0","28134.0","11242.0","10597.0","2337.0","85690.0","44836.0"
"35","2015","6","Madhya Pradesh","Khargone / West Nimar","50450.0","33458.0","26155.0","13192.0","8077.0","3354.0","84682.0","50004.0"
"35","2016","6","Madhya Pradesh","Khargone / West Nimar","49501.0","28461.0","23585.0","14105.0","9332.0","2314.0","82418.0","44880.0"
"35","2017","6","Madhya Pradesh","Khargone / West Nimar","56070.0","30133.0","26829.0","14633.0","12054.0","2922.0","94954.0","47688.0"
"36","1990","6","Madhya Pradesh","Khandwa / East Nimar","9840.0","4698.0","5176.0","2587.0","4588.0","2354.0","19604.0","9639.0"
"36","1991","6","Madhya Pradesh","Khandwa / East Nimar","18169.0","4398.0","6999.0","2614.0","5513.0","2154.0","30681.0","9166.0"
"36","1993","6","Madhya Pradesh","Khandwa / East Nimar","12472.0","4965.0","5561.0","1615.0","3696.0","684.0","21729.0","7264.0"
"36","1994","6","Madhya Pradesh","Khandwa / East Nimar","14010.0","9080.0","4817.0","2517.0","2526.0","1477.0","21353.0","13074.0"
"36","1995","6","Madhya Pradesh","Khandwa / East Nimar","14010.0","9080.0","4817.0","2517.0","2526.0","1477.0","21353.0","13074.0"
"36","1996","6","Madhya Pradesh","Khandwa / East Nimar","14010.0","9080.0","4817.0","2517.0","2526.0","1477.0","21353.0","13074.0"
"36","1997","6","Madhya Pradesh","Khandwa / East Nimar","13738.0","10772.0","7596.0","5342.0","4828.0","3113.0","26162.0","19227.0"
"36","1998","6","Madhya Pradesh","Khandwa / East Nimar","-1.0","-1.0","-1.0","-1.0","-1.0","-1.0","-1.0","-1.0"
"36","1999","6","Madhya Pradesh","Khandwa / East Nimar","-1.0","-1.0","-1.0","-1.0","-1.0","-1.0","-1.0","-1.0"
"36","2000","6","Madhya Pradesh","Khandwa / East Nimar","8596.0","2848.0","6222.0","1074.0","4139.0","1057.0","18957.0","4979.0"
"36","2001","6","Madhya Pradesh","Khandwa / East Nimar","7101.0","5340.0","4452.0","3983.0","2851.0","1644.0","14404.0","10967.0"
"36","2002","6","Madhya Pradesh","Khandwa / East Nimar","5903.0","6500.0","4606.0","4030.0","2666.0","1308.0","13175.0","11838.0"
"36","2003","6","Madhya Pradesh","Khandwa / East Nimar","8158.0","9403.0","5726.0","4951.0","3877.0","2475.0","17761.0","16829.0"
"36","2004","6","Madhya Pradesh","Khandwa / East Nimar","10117.0","8691.0","7548.0","4767.0","4942.0","1976.0","22607.0","15434.0"
"36","2005","6","Madhya Pradesh","Khandwa / East Nimar","12031.0","9485.0","7937.0","5418.0","5441.0","2929.0","25409.0","17832.0"
"36","2006","6","Madhya Pradesh","Khandwa / East Nimar","14407.0","14883.0","9195.0","6399.0","5386.0","4245.0","28988.0","25527.0"
"36","2007","6","Madhya Pradesh","Khandwa / East Nimar","17936.0","14328.0","10648.0","6129.0","8499.0","3439.0","37083.0","23896.0"
"36","2008","6","Madhya Pradesh","Khandwa / East Nimar","19485.0","13696.0","13253.0","5605.0","12343.0","4501.0","45081.0","23802.0"
"36","2009","6","Madhya Pradesh","Khandwa / East Nimar","24846.0","17528.0","16070.0","6644.0","11103.0","8777.0","52019.0","32949.0"
"36","2010","6","Madhya Pradesh","Khandwa / East Nimar","22319.0","23160.0","16322.0","10749.0","13248.0","5923.0","51889.0","39832.0"
"36","2011","6","Madhya Pradesh","Khandwa / East Nimar","23364.0","20424.0","15759.0","11992.0","6474.0","7103.0","45597.0","39519.0"
"36","2012","6","Madhya Pradesh","Khandwa / East Nimar","24026.0","20427.0","18367.0","7969.0","11287.0","3821.0","53680.0","32217.0"
"36","2013","6","Madhya Pradesh","Khandwa / East Nimar","23781.0","26547.0","12147.0","6649.0","6831.0","2034.0","42759.0","35230.0"
"36","2014","6","Madhya Pradesh","Khandwa / East Nimar","24011.0","21343.0","13464.0","8015.0","10400.0","3832.0","47875.0","33190.0"
"36","2015","6","Madhya Pradesh","Khandwa / East Nimar","25182.0","22315.0","12983.0","11469.0","7982.0","5076.0","46147.0","38860.0"
"36","2016","6","Madhya Pradesh","Khandwa / East Nimar","24168.0","24434.0","10782.0","9435.0","9215.0","5809.0","44165.0","39678.0"
"36","2017","6","Madhya Pradesh","Khandwa / East Nimar","27067.0","21939.0","13239.0","8923.0","11692.0","5617.0","51998.0","36479.0"
"37","1990","6","Madhya Pradesh","Sehore","6115.0","7339.0","7578.0","5860.0","372.0","276.0","14065.0","13475.0"
"37","1991","6","Madhya Pradesh","Sehore","4812.0","7582.0","5990.0","5860.0","351.0","314.0","11153.0","13756.0"
"37","1993","6","Madhya Pradesh","Sehore","4972.0","5482.0","5994.0","2785.0","161.0","112.0","11127.0","8379.0"
"37","1994","6","Madhya Pradesh","Sehore","4792.0","10013.0","5274.0","4603.0","117.0","169.0","10183.0","14785.0"
"37","1995","6","Madhya Pradesh","Sehore","4792.0","10013.0","5274.0","4603.0","117.0","169.0","10183.0","14785.0"
"37","1996","6","Madhya Pradesh","Sehore","4792.0","10013.0","5274.0","4603.0","117.0","169.0","10183.0","14785.0"
"37","1997","6","Madhya Pradesh","Sehore","6218.0","18700.0","7536.0","12098.0","312.0","1183.0","14066.0","31981.0"
"37","1998","6","Madhya Pradesh","Sehore","-1.0","-1.0","-1.0","-1.0","-1.0","-1.0","-1.0","-1.0"
"37","1999","6","Madhya Pradesh","Sehore","-1.0","-1.0","-1.0","-1.0","-1.0","-1.0","-1.0","-1.0"
"37","2000","6","Madhya Pradesh","Sehore","5364.0","8866.0","8950.0","5540.0","399.0","546.0","14713.0","14952.0"
"37","2001","6","Madhya Pradesh","Sehore","4841.0","14399.0","4873.0","10557.0","190.0","819.0","9904.0","25775.0"
"37","2002","6","Madhya Pradesh","Sehore","3440.0","12391.0","4745.0","6557.0","173.0","661.0","8358.0","19609.0"
"37","2003","6","Madhya Pradesh","Sehore","3899.0","20603.0","4599.0","10379.0","252.0","1296.0","8750.0","32278.0"
"37","2004","6","Madhya Pradesh","Sehore","6113.0","19575.0","7157.0","9264.0","449.0","1167.0","13719.0","30006.0"
"37","2005","6","Madhya Pradesh","Sehore","4826.0","18413.0","5828.0","9889.0","392.0","1234.0","11046.0","29536.0"
"37","2006","6","Madhya Pradesh","Sehore","6043.0","24664.0","7727.0","9937.0","503.0","1481.0","14273.0","36082.0"
"37","2007","6","Madhya Pradesh","Sehore","8591.0","24053.0","10041.0","13491.0","1146.0","818.0","19778.0","38362.0"
"37","2008","6","Madhya Pradesh","Sehore","9000.0","20624.0","12093.0","11180.0","1140.0","885.0","22233.0","32689.0"
"37","2009","6","Madhya Pradesh","Sehore","10261.0","33550.0","13683.0","17243.0","1201.0","2968.0","25145.0","53761.0"
"37","2010","6","Madhya Pradesh","Sehore","12708.0","34490.0","24184.0","20074.0","1897.0","2404.0","38789.0","56968.0"
"37","2011","6","Madhya Pradesh","Sehore","15690.0","39383.0","18586.0","24513.0","1501.0","1498.0","35777.0","65394.0"
"37","2012","6","Madhya Pradesh","Sehore","15753.0","42193.0","20402.0","19194.0","1920.0","623.0","38075.0","62010.0"
"37","2013","6","Madhya Pradesh","Sehore","21942.0","44705.0","18982.0","16660.0","464.0","831.0","41388.0","62196.0"
"37","2014","6","Madhya Pradesh","Sehore","15021.0","50153.0","13076.0","23161.0","388.0","932.0","28485.0","74246.0"
"37","2015","6","Madhya Pradesh","Sehore","25130.0","41393.0","20115.0","16974.0","624.0","887.0","45869.0","59254.0"
"37","2016","6","Madhya Pradesh","Sehore","14471.0","54994.0","11203.0","20921.0","795.0","1588.0","26469.0","77503.0"
"37","2017","6","Madhya Pradesh","Sehore","18823.0","45081.0","15815.0","18371.0","523.0","895.0","35160.0","64347.0"
"38","1990","6","Madhya Pradesh","Raisen","1532.0","7600.0","1129.0","6369.0","13.0","141.0","2674.0","14110.0"
"38","1991","6","Madhya Pradesh","Raisen","1740.0","7653.0","2139.0","6383.0","132.0","158.0","4011.0","14194.0"
"38","1993","6","Madhya Pradesh","Raisen","1521.0","4797.0","2039.0","3036.0","45.0","51.0","3605.0","7884.0"
"38","1994","6","Madhya Pradesh","Raisen","582.0","4590.0","919.0","2355.0","7.0","73.0","1508.0","7018.0"
"38","1995","6","Madhya Pradesh","Raisen","582.0","4590.0","919.0","2355.0","7.0","73.0","1508.0","7018.0"
"38","1996","6","Madhya Pradesh","Raisen","582.0","4590.0","919.0","2355.0","7.0","73.0","1508.0","7018.0"
"38","1997","6","Madhya Pradesh","Raisen","1302.0","9620.0","2460.0","6994.0","69.0","276.0","3831.0","16890.0"
"38","1998","6","Madhya Pradesh","Raisen","-1.0","-1.0","-1.0","-1.0","-1.0","-1.0","-1.0","-1.0"
"38","1999","6","Madhya Pradesh","Raisen","-1.0","-1.0","-1.0","-1.0","-1.0","-1.0","-1.0","-1.0"
"38","2000","6","Madhya Pradesh","Raisen","1280.0","8844.0","2549.0","7211.0","47.0","328.0","3876.0","16383.0"
"38","2001","6","Madhya Pradesh","Raisen","1638.0","11365.0","3295.0","9572.0","94.0","492.0","5027.0","21429.0"
"38","2002","6","Madhya Pradesh","Raisen","848.0","13360.0","1684.0","11093.0","34.0","490.0","2566.0","24943.0"
"38","2003","6","Madhya Pradesh","Raisen","1131.0","14754.0","1919.0","10132.0","95.0","384.0","3145.0","25270.0"
"38","2004","6","Madhya Pradesh","Raisen","1305.0","13451.0","1375.0","8680.0","88.0","391.0","2768.0","22522.0"
"38","2005","6","Madhya Pradesh","Raisen","1675.0","13923.0","1561.0","7177.0","97.0","898.0","3333.0","21998.0"
"38","2006","6","Madhya Pradesh","Raisen","4434.0","13180.0","4651.0","6689.0","134.0","676.0","9219.0","20545.0"
"38","2007","6","Madhya Pradesh","Raisen","5300.0","13990.0","5475.0","6903.0","743.0","279.0","11518.0","21172.0"
"38","2008","6","Madhya Pradesh","Raisen","7365.0","13929.0","8477.0","8037.0","644.0","399.0","16486.0","22365.0"
"38","2009","6","Madhya Pradesh","Raisen","5783.0","17845.0","7926.0","9107.0","241.0","747.0","13950.0","27699.0"
"38","2010","6","Madhya Pradesh","Raisen","7734.0","18477.0","11501.0","10163.0","434.0","411.0","19669.0","29051.0"
"38","2011","6","Madhya Pradesh","Raisen","8550.0","20990.0","8681.0","12839.0","326.0","587.0","17557.0","34416.0"
"38","2012","6","Madhya Pradesh","Raisen","9607.0","23189.0","12655.0","9687.0","264.0","196.0","22526.0","33072.0"
"38","2013","6","Madhya Pradesh","Raisen","11559.0","24994.0","11652.0","10599.0","206.0","267.0","23417.0","35860.0"
"38","2014","6","Madhya Pradesh","Raisen","13051.0","25746.0","13438.0","10479.0","319.0","190.0","26808.0","36415.0"
"38","2015","6","Madhya Pradesh","Raisen","16632.0","20821.0","13925.0","7698.0","403.0","259.0","30960.0","28778.0"
"38","2016","6","Madhya Pradesh","Raisen","13270.0","19772.0","11527.0","9082.0","552.0","180.0","25349.0","29034.0"
"38","2017","6","Madhya Pradesh","Raisen","17272.0","23567.0","15312.0","8571.0","528.0","348.0","33113.0","32486.0"
"39","1990","6","Madhya Pradesh","Vidisha","2093.0","4446.0","2609.0","5198.0","29.0","88.0","4731.0","9732.0"
"39","1991","6","Madhya Pradesh","Vidisha","1959.0","4446.0","3300.0","4789.0","69.0","96.0","5328.0","9331.0"
"39","1993","6","Madhya Pradesh","Vidisha","1614.0","3257.0","2866.0","2521.0","38.0","26.0","4518.0","5804.0"
"39","1994","6","Madhya Pradesh","Vidisha","689.0","5006.0","1652.0","3417.0","28.0","119.0","2369.0","8542.0"
"39","1995","6","Madhya Pradesh","Vidisha","689.0","5006.0","1652.0","3417.0","28.0","119.0","2369.0","8542.0"
"39","1996","6","Madhya Pradesh","Vidisha","689.0","5006.0","1652.0","3417.0","28.0","119.0","2369.0","8542.0"
"39","1997","6","Madhya Pradesh","Vidisha","1821.0","9873.0","3640.0","10149.0","102.0","654.0","5563.0","20676.0"
"39","1998","6","Madhya Pradesh","Vidisha","-1.0","-1.0","-1.0","-1.0","-1.0","-1.0","-1.0","-1.0"
"39","1999","6","Madhya Pradesh","Vidisha","-1.0","-1.0","-1.0","-1.0","-1.0","-1.0","-1.0","-1.0"
"39","2000","6","Madhya Pradesh","Vidisha","2220.0","7998.0","5437.0","9225.0","188.0","226.0","7845.0","17449.0"
"39","2001","6","Madhya Pradesh","Vidisha","2010.0","8839.0","5052.0","10066.0","113.0","167.0","7175.0","19072.0"
"39","2002","6","Madhya Pradesh","Vidisha","1115.0","7952.0","3267.0","8847.0","17.0","381.0","4399.0","17180.0"
"39","2003","6","Madhya Pradesh","Vidisha","2314.0","11401.0","5117.0","11082.0","160.0","265.0","7591.0","22748.0"
"39","2004","6","Madhya Pradesh","Vidisha","1697.0","10435.0","2782.0","10766.0","76.0","444.0","4555.0","21645.0"
"39","2005","6","Madhya Pradesh","Vidisha","1690.0","8984.0","2647.0","6180.0","254.0","657.0","4591.0","15821.0"
"39","2006","6","Madhya Pradesh","Vidisha","2706.0","10899.0","5400.0","5574.0","97.0","414.0","8203.0","16887.0"
"39","2007","6","Madhya Pradesh","Vidisha","3868.0","7886.0","5503.0","4400.0","216.0","137.0","9587.0","12423.0"
"39","2008","6","Madhya Pradesh","Vidisha","5828.0","6504.0","10121.0","3688.0","258.0","117.0","16207.0","10309.0"
"39","2009","6","Madhya Pradesh","Vidisha","5027.0","13447.0","10162.0","6669.0","255.0","646.0","15444.0","20762.0"
"39","2010","6","Madhya Pradesh","Vidisha","6379.0","12679.0","11206.0","6787.0","1102.0","121.0","18687.0","19587.0"
"39","2011","6","Madhya Pradesh","Vidisha","4007.0","13569.0","8472.0","8804.0","494.0","609.0","12973.0","22982.0"
"39","2012","6","Madhya Pradesh","Vidisha","7336.0","12441.0","15762.0","6098.0","188.0","50.0","23286.0","18589.0"
"39","2013","6","Madhya Pradesh","Vidisha","7693.0","16029.0","9242.0","9796.0","18.0","426.0","16953.0","26251.0"
"39","2014","6","Madhya Pradesh","Vidisha","4119.0","17973.0","7164.0","9468.0","34.0","445.0","11317.0","27886.0"
"39","2015","6","Madhya Pradesh","Vidisha","8935.0","17771.0","11327.0","8241.0","293.0","41.0","20555.0","26053.0"
"39","2016","6","Madhya Pradesh","Vidisha","6091.0","23173.0","8338.0","11186.0","134.0","477.0","14563.0","34836.0"
"39","2017","6","Madhya Pradesh","Vidisha","7006.0","16622.0","10993.0","9807.0","353.0","447.0","18352.0","26876.0"
"40","1990","6","Madhya Pradesh","Betul","3414.0","3725.0","2207.0","1801.0","326.0","475.0","5947.0","6001.0"
"40","1991","6","Madhya Pradesh","Betul","2980.0","4458.0","1971.0","1800.0","347.0","475.0","5298.0","6733.0"
"40","1993","6","Madhya Pradesh","Betul","3122.0","3265.0","2432.0","999.0","301.0","90.0","5855.0","4354.0"
"40","1994","6","Madhya Pradesh","Betul","3741.0","3686.0","2081.0","1324.0","130.0","101.0","5952.0","5111.0"
"40","1995","6","Madhya Pradesh","Betul","3741.0","3686.0","2081.0","1324.0","130.0","101.0","5952.0","5111.0"
"40","1996","6","Madhya Pradesh","Betul","3741.0","3686.0","2081.0","1324.0","130.0","101.0","5952.0","5111.0"
"40","1997","6","Madhya Pradesh","Betul","3838.0","6191.0","2355.0","2215.0","161.0","374.0","6354.0","8780.0"
"40","1998","6","Madhya Pradesh","Betul","-1.0","-1.0","-1.0","-1.0","-1.0","-1.0","-1.0","-1.0"
"40","1999","6","Madhya Pradesh","Betul","-1.0","-1.0","-1.0","-1.0","-1.0","-1.0","-1.0","-1.0"
"40","2000","6","Madhya Pradesh","Betul","4378.0","1804.0","1676.0","691.0","197.0","143.0","6251.0","2638.0"
"40","2001","6","Madhya Pradesh","Betul","5143.0","4805.0","1738.0","2336.0","192.0","424.0","7073.0","7565.0"
"40","2002","6","Madhya Pradesh","Betul","4389.0","5411.0","2329.0","2732.0","259.0","492.0","6977.0","8635.0"
"40","2003","6","Madhya Pradesh","Betul","4852.0","7433.0","2358.0","3285.0","245.0","632.0","7455.0","11350.0"
"40","2004","6","Madhya Pradesh","Betul","5625.0","5073.0","3164.0","2424.0","233.0","602.0","9022.0","8099.0"
"40","2005","6","Madhya Pradesh","Betul","5756.0","7009.0","3210.0","2400.0","457.0","815.0","9423.0","10224.0"
"40","2006","6","Madhya Pradesh","Betul","6329.0","9467.0","3446.0","2995.0","439.0","591.0","10214.0","13053.0"
"40","2007","6","Madhya Pradesh","Betul","8080.0","10220.0","2942.0","3318.0","765.0","602.0","11787.0","14140.0"
"40","2008","6","Madhya Pradesh","Betul","7358.0","7919.0","3298.0","2981.0","994.0","725.0","11650.0","11625.0"
"40","2009","6","Madhya Pradesh","Betul","9313.0","13140.0","6455.0","4630.0","754.0","1132.0","16522.0","18902.0"
"40","2010","6","Madhya Pradesh","Betul","10783.0","14124.0","4983.0","5424.0","814.0","1044.0","16580.0","20592.0"
"40","2011","6","Madhya Pradesh","Betul","12141.0","12141.0","6056.0","5232.0","609.0","767.0","18806.0","18140.0"
"40","2012","6","Madhya Pradesh","Betul","12145.0","12914.0","6885.0","5170.0","322.0","775.0","19352.0","18859.0"
"40","2013","6","Madhya Pradesh","Betul","12008.0","13635.0","6537.0","4066.0","317.0","556.0","18862.0","18257.0"
"40","2014","6","Madhya Pradesh","Betul","11409.0","16385.0","6182.0","6588.0","812.0","776.0","18403.0","23749.0"
"40","2015","6","Madhya Pradesh","Betul","11721.0","13671.0","4653.0","4522.0","598.0","972.0","16972.0","19165.0"
"40","2016","6","Madhya Pradesh","Betul","18232.0","13814.0","6717.0","4077.0","738.0","891.0","25687.0","18782.0"
"40","2017","6","Madhya Pradesh","Betul","20812.0","11829.0","6943.0","3700.0","898.0","654.0","28653.0","16183.0"
"41","1990","6","Madhya Pradesh","Rajgarh","2564.0","5238.0","2104.0","3129.0","68.0","53.0","4736.0","8420.0"
"41","1991","6","Madhya Pradesh","Rajgarh","3565.0","5500.0","3924.0","3128.0","99.0","63.0","7588.0","8691.0"
"41","1993","6","Madhya Pradesh","Rajgarh","3551.0","4682.0","3582.0","1199.0","92.0","33.0","7225.0","5914.0"
"41","1994","6","Madhya Pradesh","Rajgarh","3770.0","5919.0","2632.0","2193.0","147.0","111.0","6549.0","8223.0"
"41","1995","6","Madhya Pradesh","Rajgarh","3770.0","5919.0","2632.0","2193.0","147.0","111.0","6549.0","8223.0"
"41","1996","6","Madhya Pradesh","Rajgarh","3770.0","5919.0","2632.0","2193.0","147.0","111.0","6549.0","8223.0"
"41","1997","6","Madhya Pradesh","Rajgarh","4476.0","10492.0","5565.0","5140.0","55.0","314.0","10096.0","15946.0"
"41","1998","6","Madhya Pradesh","Rajgarh","-1.0","-1.0","-1.0","-1.0","-1.0","-1.0","-1.0","-1.0"
"41","1999","6","Madhya Pradesh","Rajgarh","-1.0","-1.0","-1.0","-1.0","-1.0","-1.0","-1.0","-1.0"
"41","2000","6","Madhya Pradesh","Rajgarh","4486.0","3071.0","7167.0","2096.0","95.0","196.0","11748.0","5363.0"
"41","2001","6","Madhya Pradesh","Rajgarh","4994.0","5504.0","5140.0","4037.0","92.0","235.0","10226.0","9776.0"
"41","2002","6","Madhya Pradesh","Rajgarh","3646.0","2568.0","5357.0","1646.0","96.0","135.0","9099.0","4349.0"
"41","2003","6","Madhya Pradesh","Rajgarh","3581.0","10261.0","2889.0","5140.0","52.0","431.0","6522.0","15832.0"
"41","2004","6","Madhya Pradesh","Rajgarh","5588.0","9351.0","5272.0","5299.0","105.0","502.0","10965.0","15152.0"
"41","2005","6","Madhya Pradesh","Rajgarh","4825.0","7170.0","5130.0","5096.0","131.0","386.0","10086.0","12652.0"
"41","2006","6","Madhya Pradesh","Rajgarh","5736.0","14169.0","6336.0","7273.0","227.0","418.0","12299.0","21860.0"
"41","2007","6","Madhya Pradesh","Rajgarh","6397.0","11864.0","7505.0","6102.0","714.0","126.0","14616.0","18092.0"
"41","2008","6","Madhya Pradesh","Rajgarh","7782.0","8777.0","8822.0","6780.0","960.0","429.0","17564.0","15986.0"
"41","2009","6","Madhya Pradesh","Rajgarh","8033.0","14633.0","10718.0","8217.0","616.0","810.0","19367.0","23660.0"
"41","2010","6","Madhya Pradesh","Rajgarh","8469.0","15448.0","14518.0","10184.0","549.0","876.0","23536.0","26508.0"
"41","2011","6","Madhya Pradesh","Rajgarh","12385.0","17679.0","14504.0","13716.0","1042.0","313.0","27931.0","31708.0"
"41","2012","6","Madhya Pradesh","Rajgarh","12463.0","16140.0","13622.0","10410.0","745.0","372.0","26830.0","26922.0"
"41","2013","6","Madhya Pradesh","Rajgarh","16046.0","18491.0","15169.0","8752.0","258.0","289.0","31473.0","27532.0"
"41","2014","6","Madhya Pradesh","Rajgarh","10225.0","17391.0","10076.0","11189.0","239.0","622.0","20540.0","29202.0"
"41","2015","6","Madhya Pradesh","Rajgarh","17991.0","14535.0","16177.0","8604.0","501.0","952.0","34669.0","24091.0"
"41","2016","6","Madhya Pradesh","Rajgarh","15125.0","22974.0","12362.0","11852.0","551.0","1272.0","28038.0","36098.0"
"41","2017","6","Madhya Pradesh","Rajgarh","16005.0","19194.0","13875.0","7626.0","610.0","599.0","30490.0","27419.0"
"42","1990","6","Madhya Pradesh","Shajapur","3949.0","7955.0","5064.0","5622.0","126.0","176.0","9139.0","13753.0"
"42","1991","6","Madhya Pradesh","Shajapur","4885.0","6955.0","5413.0","5621.0","196.0","226.0","10494.0","12802.0"
"42","1993","6","Madhya Pradesh","Shajapur","4990.0","5701.0","5200.0","2488.0","185.0","166.0","10375.0","8355.0"
"42","1994","6","Madhya Pradesh","Shajapur","6469.0","9270.0","4693.0","4195.0","163.0","232.0","11325.0","13697.0"
"42","1995","6","Madhya Pradesh","Shajapur","6469.0","9270.0","4693.0","4195.0","163.0","232.0","11325.0","13697.0"
"42","1996","6","Madhya Pradesh","Shajapur","6469.0","9270.0","4693.0","4195.0","163.0","232.0","11325.0","13697.0"
"42","1997","6","Madhya Pradesh","Shajapur","5631.0","12207.0","9067.0","7300.0","233.0","507.0","14931.0","20014.0"
"42","1998","6","Madhya Pradesh","Shajapur","-1.0","-1.0","-1.0","-1.0","-1.0","-1.0","-1.0","-1.0"
"42","1999","6","Madhya Pradesh","Shajapur","-1.0","-1.0","-1.0","-1.0","-1.0","-1.0","-1.0","-1.0"
"42","2000","6","Madhya Pradesh","Shajapur","4621.0","2605.0","8889.0","1126.0","429.0","151.0","13939.0","3882.0"
"42","2001","6","Madhya Pradesh","Shajapur","5400.0","4355.0","8251.0","2937.0","366.0","363.0","14017.0","7655.0"
"42","2002","6","Madhya Pradesh","Shajapur","3359.0","3189.0","4234.0","2586.0","216.0","319.0","7809.0","6094.0"
"42","2003","6","Madhya Pradesh","Shajapur","3574.0","10008.0","3842.0","7311.0","169.0","951.0","7585.0","18270.0"
"42","2004","6","Madhya Pradesh","Shajapur","4983.0","9625.0","7162.0","8107.0","460.0","1082.0","12605.0","18814.0"
"42","2005","6","Madhya Pradesh","Shajapur","4425.0","5606.0","6919.0","4063.0","306.0","464.0","11650.0","10133.0"
"42","2006","6","Madhya Pradesh","Shajapur","5166.0","12734.0","8011.0","8108.0","582.0","920.0","13759.0","21762.0"
"42","2007","6","Madhya Pradesh","Shajapur","6880.0","12338.0","9793.0","6448.0","1175.0","681.0","17848.0","19467.0"
"42","2008","6","Madhya Pradesh","Shajapur","6398.0","7868.0","10044.0","5775.0","1078.0","528.0","17520.0","14171.0"
"42","2009","6","Madhya Pradesh","Shajapur","6681.0","13192.0","13637.0","6905.0","465.0","1278.0","20783.0","21375.0"
"42","2010","6","Madhya Pradesh","Shajapur","8221.0","14122.0","19170.0","9978.0","1941.0","997.0","29332.0","25097.0"
"42","2011","6","Madhya Pradesh","Shajapur","9098.0","15747.0","16253.0","15321.0","1166.0","1347.0","26517.0","32415.0"
"42","2012","6","Madhya Pradesh","Shajapur","15652.0","16630.0","18145.0","12757.0","1848.0","665.0","35645.0","30052.0"
"42","2013","6","Madhya Pradesh","Shajapur","15051.0","17836.0","19133.0","13201.0","1762.0","1067.0","35946.0","32104.0"
"42","2014","6","Madhya Pradesh","Shajapur","11633.0","16115.0","15684.0","10535.0","1179.0","1403.0","28496.0","28053.0"
"42","2015","6","Madhya Pradesh","Shajapur","15722.0","17240.0","16951.0","15007.0","1634.0","1903.0","34307.0","34150.0"
"42","2016","6","Madhya Pradesh","Shajapur","12561.0","19487.0","17922.0","10115.0","1526.0","1602.0","32009.0","31204.0"
"42","2017","6","Madhya Pradesh","Shajapur","9743.0","17536.0","13695.0","8102.0","1370.0","1637.0","24808.0","27275.0"
"43","1990","6","Madhya Pradesh","Hoshangabad","5893.0","17051.0","7737.0","10440.0","220.0","1056.0","13850.0","28547.0"
"43","1991","6","Madhya Pradesh","Hoshangabad","5564.0","16590.0","8167.0","10440.0","789.0","1055.0","14520.0","28085.0"
"43","1993","6","Madhya Pradesh","Hoshangabad","4652.0","20122.0","7542.0","9431.0","393.0","310.0","12587.0","29863.0"
"43","1994","6","Madhya Pradesh","Hoshangabad","2303.0","17515.0","6404.0","8133.0","53.0","289.0","8760.0","25937.0"
"43","1995","6","Madhya Pradesh","Hoshangabad","2303.0","17515.0","6404.0","8133.0","53.0","289.0","8760.0","25937.0"
"43","1996","6","Madhya Pradesh","Hoshangabad","2303.0","17515.0","6404.0","8133.0","53.0","289.0","8760.0","25937.0"
"43","1997","6","Madhya Pradesh","Hoshangabad","4860.0","28495.0","11322.0","17276.0","120.0","820.0","16302.0","46591.0"
"43","1998","6","Madhya Pradesh","Hoshangabad","-1.0","-1.0","-1.0","-1.0","-1.0","-1.0","-1.0","-1.0"
"43","1999","6","Madhya Pradesh","Hoshangabad","-1.0","-1.0","-1.0","-1.0","-1.0","-1.0","-1.0","-1.0"
"43","2000","6","Madhya Pradesh","Hoshangabad","2358.0","27025.0","6206.0","13398.0","224.0","1181.0","8788.0","41604.0"
"43","2001","6","Madhya Pradesh","Hoshangabad","2540.0","34362.0","6080.0","16057.0","182.0","1646.0","8802.0","52065.0"
"43","2002","6","Madhya Pradesh","Hoshangabad","1895.0","34142.0","5408.0","15718.0","184.0","2415.0","7487.0","52275.0"
"43","2003","6","Madhya Pradesh","Hoshangabad","2662.0","40337.0","3729.0","19166.0","185.0","2910.0","6576.0","62413.0"
"43","2004","6","Madhya Pradesh","Hoshangabad","6522.0","41801.0","4504.0","20469.0","175.0","2719.0","11201.0","64989.0"
"43","2005","6","Madhya Pradesh","Hoshangabad","4885.0","43982.0","4612.0","17540.0","708.0","3614.0","10205.0","65136.0"
"43","2006","6","Madhya Pradesh","Hoshangabad","9030.0","43421.0","12438.0","15095.0","569.0","2476.0","22037.0","60992.0"
"43","2007","6","Madhya Pradesh","Hoshangabad","13034.0","49994.0","13056.0","17108.0","1365.0","1977.0","27455.0","69079.0"
"43","2008","6","Madhya Pradesh","Hoshangabad","15464.0","49285.0","21098.0","17792.0","2110.0","1715.0","38672.0","68792.0"
"43","2009","6","Madhya Pradesh","Hoshangabad","13712.0","61485.0","21256.0","22135.0","1988.0","4799.0","36956.0","88419.0"
"43","2010","6","Madhya Pradesh","Hoshangabad","12759.0","63603.0","20153.0","30158.0","2315.0","4659.0","35227.0","98420.0"
"43","2011","6","Madhya Pradesh","Hoshangabad","21697.0","57778.0","22125.0","31238.0","1624.0","2348.0","45446.0","91364.0"
"43","2012","6","Madhya Pradesh","Hoshangabad","26294.0","55142.0","24739.0","23468.0","775.0","1153.0","51808.0","79763.0"
"43","2013","6","Madhya Pradesh","Hoshangabad","25314.0","55461.0","17636.0","20119.0","326.0","633.0","43276.0","76213.0"
"43","2014","6","Madhya Pradesh","Hoshangabad","16440.0","61882.0","15627.0","27485.0","1550.0","824.0","33617.0","90191.0"
"43","2015","6","Madhya Pradesh","Hoshangabad","32449.0","54452.0","23526.0","18352.0","1712.0","1528.0","57687.0","74332.0"
"43","2016","6","Madhya Pradesh","Hoshangabad","20485.0","65153.0","16387.0","24874.0","1205.0","1582.0","38077.0","91609.0"
"43","2017","6","Madhya Pradesh","Hoshangabad","28448.0","59259.0","28310.0","22741.0","1606.0","3481.0","58364.0","85481.0"
"44","1990","1","Andhra Pradesh","Srikakulam","20992.0","10008.0","8023.0","1280.0","1039.0","342.0","30054.0","11629.0"
"44","1991","1","Andhra Pradesh","Srikakulam","21389.0","15312.0","6926.0","2176.0","1750.0","823.0","30064.0","18311.0"
"44","1993","1","Andhra Pradesh","Srikakulam","30233.0","13766.0","5769.0","1453.0","1646.0","306.0","37647.0","15524.0"
"44","1994","1","Andhra Pradesh","Srikakulam","26329.0","13149.0","5983.0","937.0","1499.0","838.0","33810.0","14923.0"
"44","1995","1","Andhra Pradesh","Srikakulam","30106.0","7756.0","8190.0","1409.0","1584.0","369.0","39880.0","9533.0"
"44","1996","1","Andhra Pradesh","Srikakulam","25690.0","7511.0","6476.0","1564.0","2142.0","868.0","34307.0","9943.0"
"44","1997","1","Andhra Pradesh","Srikakulam","25690.0","7511.0","6476.0","1564.0","2142.0","868.0","34307.0","9943.0"
"44","1998","1","Andhra Pradesh","Srikakulam","-1.0","-1.0","-1.0","-1.0","-1.0","-1.0","-1.0","-1.0"
"44","1999","1","Andhra Pradesh","Srikakulam","-1.0","-1.0","-1.0","-1.0","-1.0","-1.0","-1.0","-1.0"
"44","2000","1","Andhra Pradesh","Srikakulam","34775.0","5895.0","9476.0","2260.0","3686.0","642.0","47936.0","8797.0"
"44","2001","1","Andhra Pradesh","Srikakulam","26828.0","10056.0","7276.0","3491.0","3488.0","1046.0","37591.0","14592.0"
"44","2002","1","Andhra Pradesh","Srikakulam","24321.0","6857.0","7914.0","1971.0","2898.0","933.0","35133.0","9760.0"
"44","2003","1","Andhra Pradesh","Srikakulam","28190.0","9616.0","8980.0","3214.0","3506.0","1854.0","40675.0","14683.0"
"44","2004","1","Andhra Pradesh","Srikakulam","30896.0","8426.0","10114.0","2918.0","4081.0","1313.0","45090.0","12657.0"
"44","2005","1","Andhra Pradesh","Srikakulam","23999.0","15271.0","8471.0","3813.0","2925.0","2970.0","35395.0","22054.0"
"44","2006","1","Andhra Pradesh","Srikakulam","34708.0","10088.0","10393.0","2494.0","5277.0","2395.0","50378.0","14976.0"
"44","2007","1","Andhra Pradesh","Srikakulam","33169.0","9373.0","10572.0","2273.0","6113.0","2505.0","49854.0","14151.0"
"44","2008","1","Andhra Pradesh","Srikakulam","35663.0","9477.0","11986.0","1913.0","10299.0","3303.0","57948.0","14693.0"
"44","2009","1","Andhra Pradesh","Srikakulam","32053.0","13541.0","13989.0","4666.0","7897.0","5109.0","53938.0","23316.0"
"44","2010","1","Andhra Pradesh","Srikakulam","37168.0","12649.0","16824.0","3602.0","10498.0","3466.0","64489.0","19716.0"
"44","2011","1","Andhra Pradesh","Srikakulam","40929.0","14530.0","14936.0","7321.0","2693.0","4173.0","58558.0","26024.0"
"44","2012","1","Andhra Pradesh","Srikakulam","34713.0","18009.0","9896.0","5874.0","3813.0","2319.0","48421.0","26202.0"
"44","2013","1","Andhra Pradesh","Srikakulam","36473.0","14253.0","12251.0","3823.0","4111.0","1958.0","52834.0","20033.0"
"44","2014","1","Andhra Pradesh","Srikakulam","32840.0","18695.0","10303.0","4282.0","6398.0","3727.0","49541.0","26704.0"
"44","2015","1","Andhra Pradesh","Srikakulam","38249.0","17520.0","13543.0","6216.0","5420.0","1778.0","57212.0","25513.0"
"44","2016","1","Andhra Pradesh","Srikakulam","40557.0","12915.0","13349.0","5005.0","8422.0","3010.0","62328.0","20930.0"
"44","2017","1","Andhra Pradesh","Srikakulam","37344.0","17958.0","13596.0","5619.0","9782.0","3234.0","60721.0","26810.0"
"45","1990","1","Andhra Pradesh","Visakhapatnam","19568.0","17050.0","4862.0","1969.0","990.0","369.0","25420.0","19387.0"
"45","1991","1","Andhra Pradesh","Visakhapatnam","14409.0","14316.0","4719.0","1694.0","1506.0","545.0","20613.0","16555.0"
"45","1993","1","Andhra Pradesh","Visakhapatnam","16409.0","15691.0","2183.0","1418.0","609.0","574.0","19200.0","17682.0"
"45","1994","1","Andhra Pradesh","Visakhapatnam","16100.0","16372.0","2219.0","1153.0","424.0","1017.0","18742.0","18541.0"
"45","1995","1","Andhra Pradesh","Visakhapatnam","22051.0","11404.0","3903.0","1609.0","841.0","3730.0","26795.0","16742.0"
"45","1996","1","Andhra Pradesh","Visakhapatnam","23844.0","7304.0","3609.0","983.0","839.0","793.0","28291.0","9080.0"
"45","1997","1","Andhra Pradesh","Visakhapatnam","23844.0","7304.0","3609.0","983.0","839.0","793.0","28291.0","9080.0"
"45","1998","1","Andhra Pradesh","Visakhapatnam","-1.0","-1.0","-1.0","-1.0","-1.0","-1.0","-1.0","-1.0"
"45","1999","1","Andhra Pradesh","Visakhapatnam","-1.0","-1.0","-1.0","-1.0","-1.0","-1.0","-1.0","-1.0"
"45","2000","1","Andhra Pradesh","Visakhapatnam","25665.0","7310.0","5705.0","1407.0","2143.0","546.0","33512.0","9263.0"
"45","2001","1","Andhra Pradesh","Visakhapatnam","18349.0","10981.0","3867.0","2351.0","1734.0","3822.0","23949.0","17153.0"
"45","2002","1","Andhra Pradesh","Visakhapatnam","17284.0","7016.0","3234.0","1232.0","2910.0","1650.0","23428.0","9897.0"
"45","2003","1","Andhra Pradesh","Visakhapatnam","18986.0","10720.0","4470.0","2229.0","4230.0","1932.0","27685.0","14880.0"
"45","2004","1","Andhra Pradesh","Visakhapatnam","24099.0","8514.0","6126.0","1830.0","3262.0","1180.0","33486.0","11524.0"
"45","2005","1","Andhra Pradesh","Visakhapatnam","20481.0","13360.0","4965.0","2744.0","3355.0","2067.0","28801.0","18171.0"
"45","2006","1","Andhra Pradesh","Visakhapatnam","31078.0","7579.0","7554.0","1699.0","4547.0","1719.0","43179.0","10996.0"
"45","2007","1","Andhra Pradesh","Visakhapatnam","25027.0","7836.0","7207.0","1930.0","4698.0","2141.0","36932.0","11907.0"
"45","2008","1","Andhra Pradesh","Visakhapatnam","23538.0","10024.0","7124.0","1344.0","5922.0","2871.0","36584.0","14239.0"
"45","2009","1","Andhra Pradesh","Visakhapatnam","22665.0","17017.0","7625.0","7124.0","4292.0","4292.0","34581.0","28433.0"
"45","2010","1","Andhra Pradesh","Visakhapatnam","27212.0","9495.0","10233.0","3294.0","5992.0","3248.0","43436.0","16036.0"
"45","2011","1","Andhra Pradesh","Visakhapatnam","28764.0","12475.0","8463.0","4417.0","2276.0","2820.0","39503.0","19712.0"
"45","2012","1","Andhra Pradesh","Visakhapatnam","23699.0","14478.0","4992.0","2370.0","2654.0","1217.0","31344.0","18065.0"
"45","2013","1","Andhra Pradesh","Visakhapatnam","29783.0","20481.0","6925.0","3709.0","4076.0","3122.0","40783.0","27311.0"
"45","2014","1","Andhra Pradesh","Visakhapatnam","28687.0","13069.0","8239.0","2445.0","5083.0","1742.0","42009.0","17256.0"
"45","2015","1","Andhra Pradesh","Visakhapatnam","28432.0","12438.0","9257.0","3504.0","3051.0","1252.0","40740.0","17193.0"
"45","2016","1","Andhra Pradesh","Visakhapatnam","27057.0","11115.0","7203.0","2616.0","4601.0","2176.0","38861.0","15907.0"
"45","2017","1","Andhra Pradesh","Visakhapatnam","24161.0","23958.0","7220.0","2617.0","4841.0","2650.0","36221.0","29224.0"
"46","1990","1","Andhra Pradesh","East Godavari","55468.0","50005.0","12998.0","8089.0","5183.0","2695.0","73649.0","60789.0"
"46","1991","1","Andhra Pradesh","East Godavari","24885.0","42625.0","10466.0","9409.0","5432.0","5433.0","40783.0","57467.0"
"46","1993","1","Andhra Pradesh","East Godavari","25738.0","51660.0","7839.0","11860.0","4188.0","5632.0","37765.0","69152.0"
"46","1994","1","Andhra Pradesh","East Godavari","31479.0","54409.0","8046.0","13426.0","3887.0","7167.0","43412.0","75002.0"
"46","1995","1","Andhra Pradesh","East Godavari","39484.0","46170.0","9871.0","11446.0","6258.0","9071.0","55613.0","66687.0"
"46","1996","1","Andhra Pradesh","East Godavari","40907.0","42671.0","9441.0","14173.0","4532.0","4470.0","54880.0","61314.0"
"46","1997","1","Andhra Pradesh","East Godavari","40907.0","42671.0","9441.0","14173.0","4532.0","4470.0","54880.0","61314.0"
"46","1998","1","Andhra Pradesh","East Godavari","-1.0","-1.0","-1.0","-1.0","-1.0","-1.0","-1.0","-1.0"
"46","1999","1","Andhra Pradesh","East Godavari","-1.0","-1.0","-1.0","-1.0","-1.0","-1.0","-1.0","-1.0"
"46","2000","1","Andhra Pradesh","East Godavari","37528.0","60577.0","13351.0","24962.0","7817.0","11527.0","58696.0","97066.0"
"46","2001","1","Andhra Pradesh","East Godavari","25154.0","54678.0","8995.0","32795.0","8569.0","16796.0","42718.0","104269.0"
"46","2002","1","Andhra Pradesh","East Godavari","27949.0","45065.0","9045.0","14556.0","9108.0","13085.0","46102.0","72706.0"
"46","2003","1","Andhra Pradesh","East Godavari","32980.0","50909.0","9384.0","20530.0","11467.0","16553.0","53831.0","87992.0"
"46","2004","1","Andhra Pradesh","East Godavari","33824.0","54555.0","10671.0","21099.0","12137.0","16104.0","56632.0","91758.0"
"46","2005","1","Andhra Pradesh","East Godavari","43454.0","54233.0","12806.0","21324.0","8708.0","17420.0","64968.0","92977.0"
"46","2006","1","Andhra Pradesh","East Godavari","39924.0","48978.0","14453.0","21111.0","6543.0","14274.0","60920.0","84363.0"
"46","2007","1","Andhra Pradesh","East Godavari","36034.0","54347.0","15512.0","23207.0","11226.0","18423.0","62772.0","95977.0"
"46","2008","1","Andhra Pradesh","East Godavari","45399.0","54707.0","21714.0","24870.0","16738.0","16429.0","83851.0","96006.0"
"46","2009","1","Andhra Pradesh","East Godavari","42419.0","47343.0","18588.0","14429.0","11355.0","15458.0","72361.0","77230.0"
"46","2010","1","Andhra Pradesh","East Godavari","48990.0","64413.0","24880.0","25150.0","12183.0","17486.0","86053.0","107049.0"
"46","2011","1","Andhra Pradesh","East Godavari","43868.0","65936.0","17145.0","30431.0","6093.0","18664.0","67106.0","115031.0"
"46","2012","1","Andhra Pradesh","East Godavari","44650.0","65985.0","17548.0","25201.0","9585.0","11303.0","71783.0","102489.0"
"46","2013","1","Andhra Pradesh","East Godavari","46862.0","63677.0","13774.0","25359.0","7483.0","12217.0","68119.0","101253.0"
"46","2014","1","Andhra Pradesh","East Godavari","34612.0","65679.0","8371.0","25066.0","12288.0","16039.0","55271.0","106784.0"
"46","2015","1","Andhra Pradesh","East Godavari","44512.0","56430.0","12185.0","24923.0","10816.0","12512.0","67513.0","93865.0"
"46","2016","1","Andhra Pradesh","East Godavari","41923.0","64299.0","15408.0","25298.0","11506.0","14735.0","68837.0","104332.0"
"46","2017","1","Andhra Pradesh","East Godavari","34321.0","49925.0","9887.0","20975.0","13594.0","14790.0","57802.0","85690.0"
"47","1990","1","Andhra Pradesh","West Godavari","45485.0","64175.0","17987.0","19982.0","8335.0","9933.0","71807.0","94090.0"
"47","1991","1","Andhra Pradesh","West Godavari","43522.0","59429.0","19446.0","21210.0","7174.0","9124.0","70142.0","89763.0"
"47","1993","1","Andhra Pradesh","West Godavari","37772.0","66023.0","15856.0","20431.0","4407.0","8597.0","58035.0","95051.0"
"47","1994","1","Andhra Pradesh","West Godavari","46447.0","65693.0","17025.0","23057.0","4562.0","10844.0","68034.0","99594.0"
"47","1995","1","Andhra Pradesh","West Godavari","48579.0","59312.0","18651.0","21331.0","7158.0","10746.0","74388.0","91389.0"
"47","1996","1","Andhra Pradesh","West Godavari","42853.0","57176.0","19663.0","26775.0","7057.0","7530.0","69573.0","91481.0"
"47","1997","1","Andhra Pradesh","West Godavari","42853.0","57176.0","19663.0","26775.0","7057.0","7530.0","69573.0","91481.0"
"47","1998","1","Andhra Pradesh","West Godavari","-1.0","-1.0","-1.0","-1.0","-1.0","-1.0","-1.0","-1.0"
"47","1999","1","Andhra Pradesh","West Godavari","-1.0","-1.0","-1.0","-1.0","-1.0","-1.0","-1.0","-1.0"
"47","2000","1","Andhra Pradesh","West Godavari","43775.0","74920.0","27628.0","35524.0","9162.0","11877.0","80565.0","122321.0"
"47","2001","1","Andhra Pradesh","West Godavari","27979.0","68093.0","17097.0","36281.0","9388.0","12164.0","54464.0","116538.0"
"47","2002","1","Andhra Pradesh","West Godavari","33218.0","62158.0","16544.0","29381.0","10508.0","15462.0","60270.0","107001.0"
"47","2003","1","Andhra Pradesh","West Godavari","39053.0","72258.0","15449.0","34648.0","13070.0","22280.0","67572.0","129186.0"
"47","2004","1","Andhra Pradesh","West Godavari","46372.0","71760.0","20087.0","36077.0","20089.0","27362.0","86548.0","135199.0"
"47","2005","1","Andhra Pradesh","West Godavari","57088.0","80526.0","25844.0","37795.0","13455.0","27038.0","96387.0","145359.0"
"47","2006","1","Andhra Pradesh","West Godavari","56333.0","72505.0","24505.0","36765.0","10057.0","23945.0","90895.0","133215.0"
"47","2007","1","Andhra Pradesh","West Godavari","51379.0","83554.0","27441.0","37868.0","16142.0","33904.0","94962.0","155326.0"
"47","2008","1","Andhra Pradesh","West Godavari","57995.0","93562.0","27835.0","39893.0","22301.0","30737.0","108131.0","164192.0"
"47","2009","1","Andhra Pradesh","West Godavari","54741.0","83201.0","30953.0","35374.0","20895.0","29939.0","106589.0","148514.0"
"47","2010","1","Andhra Pradesh","West Godavari","47783.0","86510.0","29008.0","41216.0","20211.0","33103.0","97002.0","160829.0"
"47","2011","1","Andhra Pradesh","West Godavari","60589.0","98136.0","27703.0","52899.0","8877.0","36735.0","97169.0","187770.0"
"47","2012","1","Andhra Pradesh","West Godavari","60011.0","92791.0","25502.0","42542.0","18452.0","22359.0","103965.0","157692.0"
"47","2013","1","Andhra Pradesh","West Godavari","56525.0","88851.0","18194.0","44375.0","18035.0","26178.0","92754.0","159404.0"
"47","2014","1","Andhra Pradesh","West Godavari","50276.0","94262.0","13807.0","46774.0","18704.0","29114.0","82787.0","170150.0"
"47","2015","1","Andhra Pradesh","West Godavari","56292.0","89379.0","25923.0","48748.0","20467.0","23536.0","102682.0","161663.0"
"47","2016","1","Andhra Pradesh","West Godavari","46522.0","81615.0","24789.0","40722.0","21042.0","28914.0","92353.0","151251.0"
"47","2017","1","Andhra Pradesh","West Godavari","36800.0","69391.0","15176.0","34402.0","19846.0","27017.0","71822.0","130810.0"
"48","1990","1","Andhra Pradesh","Krishna","46228.0","42590.0","23395.0","14511.0","7110.0","5942.0","76733.0","63043.0"
"48","1991","1","Andhra Pradesh","Krishna","40482.0","50196.0","23358.0","17978.0","8290.0","5852.0","72130.0","74026.0"
"48","1993","1","Andhra Pradesh","Krishna","44440.0","56181.0","18925.0","18550.0","4518.0","4506.0","67883.0","79237.0"
"48","1994","1","Andhra Pradesh","Krishna","46826.0","56030.0","22239.0","18126.0","4050.0","6757.0","73115.0","80913.0"
"48","1995","1","Andhra Pradesh","Krishna","48588.0","59392.0","19285.0","19227.0","12250.0","8737.0","80123.0","87356.0"
"48","1996","1","Andhra Pradesh","Krishna","51110.0","56563.0","24431.0","18266.0","8537.0","10323.0","84078.0","85152.0"
"48","1997","1","Andhra Pradesh","Krishna","51110.0","56563.0","24431.0","18266.0","8537.0","10323.0","84078.0","85152.0"
"48","1998","1","Andhra Pradesh","Krishna","-1.0","-1.0","-1.0","-1.0","-1.0","-1.0","-1.0","-1.0"
"48","1999","1","Andhra Pradesh","Krishna","-1.0","-1.0","-1.0","-1.0","-1.0","-1.0","-1.0","-1.0"
"48","2000","1","Andhra Pradesh","Krishna","50913.0","53538.0","28739.0","24429.0","15476.0","18941.0","95128.0","96908.0"
"48","2001","1","Andhra Pradesh","Krishna","41555.0","49195.0","22229.0","22581.0","18593.0","23560.0","82377.0","95336.0"
"48","2002","1","Andhra Pradesh","Krishna","41836.0","36516.0","20513.0","13993.0","14782.0","12996.0","77131.0","63505.0"
"48","2003","1","Andhra Pradesh","Krishna","41733.0","47535.0","18640.0","20170.0","9081.0","17142.0","69454.0","84847.0"
"48","2004","1","Andhra Pradesh","Krishna","39782.0","48146.0","20216.0","20971.0","13104.0","16622.0","73102.0","85739.0"
"48","2005","1","Andhra Pradesh","Krishna","61963.0","55960.0","28662.0","27334.0","13496.0","26984.0","104121.0","110278.0"
"48","2006","1","Andhra Pradesh","Krishna","54914.0","49752.0","28860.0","24042.0","13925.0","26468.0","97699.0","100262.0"
"48","2007","1","Andhra Pradesh","Krishna","54980.0","52669.0","28362.0","23667.0","15635.0","17144.0","98977.0","93480.0"
"48","2008","1","Andhra Pradesh","Krishna","58760.0","59965.0","25464.0","28265.0","18179.0","18622.0","102403.0","106852.0"
"48","2009","1","Andhra Pradesh","Krishna","54711.0","62409.0","27261.0","31753.0","11696.0","22906.0","93669.0","117068.0"
"48","2010","1","Andhra Pradesh","Krishna","67405.0","69517.0","39734.0","30981.0","21386.0","16014.0","128525.0","116512.0"
"48","2011","1","Andhra Pradesh","Krishna","61504.0","60190.0","33510.0","29387.0","6653.0","13299.0","101667.0","102876.0"
"48","2012","1","Andhra Pradesh","Krishna","66449.0","53583.0","32267.0","26381.0","12200.0","10352.0","110916.0","90316.0"
"48","2013","1","Andhra Pradesh","Krishna","74183.0","89659.0","26942.0","36886.0","9406.0","17740.0","110531.0","144285.0"
"48","2014","1","Andhra Pradesh","Krishna","58602.0","69586.0","24395.0","31688.0","13223.0","16274.0","96220.0","117548.0"
"48","2015","1","Andhra Pradesh","Krishna","59516.0","39489.0","25269.0","21340.0","9811.0","10589.0","94596.0","71418.0"
"48","2016","1","Andhra Pradesh","Krishna","51780.0","43140.0","23721.0","16592.0","7515.0","14652.0","83016.0","74384.0"
"48","2017","1","Andhra Pradesh","Krishna","51562.0","32967.0","22895.0","16210.0","11461.0","9307.0","85918.0","58484.0"
"49","1990","1","Andhra Pradesh","Guntur","66153.0","72430.0","31625.0","23531.0","12627.0","9828.0","110406.0","105789.0"
"49","1991","1","Andhra Pradesh","Guntur","59402.0","59445.0","38901.0","21495.0","9661.0","7812.0","107964.0","88752.0"
"49","1993","1","Andhra Pradesh","Guntur","57801.0","68576.0","35376.0","13482.0","4498.0","4106.0","97675.0","86164.0"
"49","1994","1","Andhra Pradesh","Guntur","62625.0","71520.0","31848.0","15774.0","5206.0","8584.0","99680.0","95878.0"
"49","1995","1","Andhra Pradesh","Guntur","60858.0","68135.0","27948.0","15491.0","5174.0","5876.0","93980.0","89503.0"
"49","1996","1","Andhra Pradesh","Guntur","62474.0","61913.0","31113.0","16687.0","7233.0","5748.0","100820.0","84348.0"
"49","1997","1","Andhra Pradesh","Guntur","62474.0","61913.0","31113.0","16687.0","7233.0","5748.0","100820.0","84348.0"
"49","1998","1","Andhra Pradesh","Guntur","-1.0","-1.0","-1.0","-1.0","-1.0","-1.0","-1.0","-1.0"
"49","1999","1","Andhra Pradesh","Guntur","-1.0","-1.0","-1.0","-1.0","-1.0","-1.0","-1.0","-1.0"
"49","2000","1","Andhra Pradesh","Guntur","57977.0","77629.0","35122.0","28072.0","8475.0","10842.0","101573.0","116543.0"
"49","2001","1","Andhra Pradesh","Guntur","41955.0","89259.0","26229.0","38587.0","4720.0","13394.0","72903.0","141240.0"
"49","2002","1","Andhra Pradesh","Guntur","35863.0","60874.0","21680.0","25420.0","5338.0","11433.0","62881.0","97727.0"
"49","2003","1","Andhra Pradesh","Guntur","43233.0","69264.0","23856.0","31437.0","8856.0","13268.0","75945.0","113970.0"
"49","2004","1","Andhra Pradesh","Guntur","45642.0","89971.0","27662.0","44747.0","8939.0","20480.0","82242.0","155198.0"
"49","2005","1","Andhra Pradesh","Guntur","62323.0","98235.0","37676.0","42883.0","10281.0","23021.0","110280.0","164139.0"
"49","2006","1","Andhra Pradesh","Guntur","71060.0","94092.0","45566.0","47236.0","12217.0","21183.0","128843.0","162511.0"
"49","2007","1","Andhra Pradesh","Guntur","74448.0","107543.0","43979.0","48511.0","12286.0","30656.0","130712.0","186710.0"
"49","2008","1","Andhra Pradesh","Guntur","82192.0","109266.0","52662.0","57685.0","23121.0","27906.0","157975.0","194857.0"
"49","2009","1","Andhra Pradesh","Guntur","70481.0","128621.0","58509.0","70297.0","12424.0","36095.0","141415.0","235013.0"
"49","2010","1","Andhra Pradesh","Guntur","93435.0","123296.0","82008.0","56433.0","21606.0","26564.0","197049.0","206293.0"
"49","2011","1","Andhra Pradesh","Guntur","92852.0","128361.0","65760.0","61854.0","7161.0","22356.0","165773.0","212572.0"
"49","2012","1","Andhra Pradesh","Guntur","71970.0","101668.0","36325.0","42208.0","6944.0","12124.0","115238.0","156000.0"
"49","2013","1","Andhra Pradesh","Guntur","91957.0","126835.0","41649.0","49824.0","4551.0","13091.0","138158.0","189751.0"
"49","2014","1","Andhra Pradesh","Guntur","66005.0","143587.0","27506.0","60802.0","9040.0","18333.0","102550.0","222721.0"
"49","2015","1","Andhra Pradesh","Guntur","84524.0","85684.0","40494.0","51167.0","9430.0","13119.0","134448.0","149971.0"
"49","2016","1","Andhra Pradesh","Guntur","71460.0","119396.0","37644.0","61058.0","8212.0","22971.0","117316.0","203425.0"
"49","2017","1","Andhra Pradesh","Guntur","77394.0","96189.0","42232.0","47669.0","7565.0","17439.0","127191.0","161297.0"
"50","1990","1","Andhra Pradesh","S.P.S. Nellore","21163.0","48109.0","9369.0","13671.0","3820.0","5799.0","34352.0","67579.0"
"50","1991","1","Andhra Pradesh","S.P.S. Nellore","26153.0","45318.0","13600.0","13956.0","4631.0","5414.0","44384.0","64688.0"
"50","1993","1","Andhra Pradesh","S.P.S. Nellore","13905.0","54267.0","6635.0","11571.0","1427.0","2965.0","21968.0","68803.0"
"50","1994","1","Andhra Pradesh","S.P.S. Nellore","23707.0","44876.0","9469.0","10779.0","1565.0","5506.0","34741.0","61161.0"
"50","1995","1","Andhra Pradesh","S.P.S. Nellore","27578.0","39267.0","12399.0","8356.0","1892.0","3252.0","41869.0","50875.0"
"50","1996","1","Andhra Pradesh","S.P.S. Nellore","22345.0","44997.0","12813.0","12878.0","2129.0","5502.0","37286.0","63377.0"
"50","1997","1","Andhra Pradesh","S.P.S. Nellore","22345.0","44997.0","12813.0","12878.0","2129.0","5502.0","37286.0","63377.0"
"50","1998","1","Andhra Pradesh","S.P.S. Nellore","-1.0","-1.0","-1.0","-1.0","-1.0","-1.0","-1.0","-1.0"
"50","1999","1","Andhra Pradesh","S.P.S. Nellore","-1.0","-1.0","-1.0","-1.0","-1.0","-1.0","-1.0","-1.0"
"50","2000","1","Andhra Pradesh","S.P.S. Nellore","16263.0","56032.0","9287.0","19546.0","3134.0","7001.0","28683.0","82579.0"
"50","2001","1","Andhra Pradesh","S.P.S. Nellore","11348.0","59775.0","7127.0","25046.0","1756.0","7235.0","20231.0","92056.0"
"50","2002","1","Andhra Pradesh","S.P.S. Nellore","15059.0","51769.0","6930.0","20794.0","2888.0","7583.0","24876.0","80147.0"
"50","2003","1","Andhra Pradesh","S.P.S. Nellore","12414.0","44706.0","5935.0","18854.0","1833.0","7018.0","20182.0","70578.0"
"50","2004","1","Andhra Pradesh","S.P.S. Nellore","13015.0","58771.0","6098.0","27098.0","3369.0","10804.0","22482.0","96673.0"
"50","2005","1","Andhra Pradesh","S.P.S. Nellore","19826.0","68262.0","11095.0","31849.0","3253.0","12675.0","34173.0","112786.0"
"50","2006","1","Andhra Pradesh","S.P.S. Nellore","31077.0","65570.0","12973.0","33058.0","4037.0","11130.0","48087.0","109758.0"
"50","2007","1","Andhra Pradesh","S.P.S. Nellore","26742.0","68723.0","15125.0","29881.0","4907.0","17413.0","46773.0","116017.0"
"50","2008","1","Andhra Pradesh","S.P.S. Nellore","28384.0","81189.0","19032.0","39763.0","6105.0","16945.0","53521.0","137897.0"
"50","2009","1","Andhra Pradesh","S.P.S. Nellore","31852.0","96246.0","20418.0","42540.0","5549.0","24332.0","57819.0","163118.0"
"50","2010","1","Andhra Pradesh","S.P.S. Nellore","32267.0","89747.0","25238.0","42362.0","5526.0","19474.0","63030.0","151583.0"
"50","2011","1","Andhra Pradesh","S.P.S. Nellore","34149.0","88243.0","22932.0","40749.0","4185.0","15692.0","61266.0","144684.0"
"50","2012","1","Andhra Pradesh","S.P.S. Nellore","31868.0","75850.0","11672.0","27907.0","3536.0","10916.0","47076.0","114673.0"
"50","2013","1","Andhra Pradesh","S.P.S. Nellore","30141.0","84901.0","11687.0","31182.0","2648.0","11756.0","44476.0","127839.0"
"50","2014","1","Andhra Pradesh","S.P.S. Nellore","30061.0","90300.0","8507.0","35164.0","5671.0","14655.0","44238.0","140119.0"
"50","2015","1","Andhra Pradesh","S.P.S. Nellore","32609.0","101584.0","14118.0","41283.0","2510.0","15054.0","49237.0","157921.0"
"50","2016","1","Andhra Pradesh","S.P.S. Nellore","31606.0","66413.0","15407.0","24998.0","7597.0","14582.0","54610.0","105993.0"
"50","2017","1","Andhra Pradesh","S.P.S. Nellore","21072.0","77314.0","8943.0","29265.0","4615.0","16202.0","34630.0","122781.0"
"51","1990","1","Andhra Pradesh","Kurnool","21957.0","24659.0","17537.0","12180.0","4753.0","4134.0","44246.0","40973.0"
"51","1991","1","Andhra Pradesh","Kurnool","23275.0","28276.0","20807.0","14118.0","4504.0","5552.0","48586.0","47946.0"
"51","1993","1","Andhra Pradesh","Kurnool","31555.0","32074.0","23457.0","11553.0","4095.0","3595.0","59107.0","47221.0"
"51","1994","1","Andhra Pradesh","Kurnool","28025.0","30394.0","21484.0","12594.0","3924.0","7622.0","53433.0","50610.0"
"51","1995","1","Andhra Pradesh","Kurnool","37541.0","30911.0","26566.0","11714.0","5801.0","6283.0","69909.0","48908.0"
"51","1996","1","Andhra Pradesh","Kurnool","37561.0","31083.0","24306.0","12332.0","5477.0","5203.0","67343.0","48618.0"
"51","1997","1","Andhra Pradesh","Kurnool","37561.0","31083.0","24306.0","12332.0","5477.0","5203.0","67343.0","48618.0"
"51","1998","1","Andhra Pradesh","Kurnool","-1.0","-1.0","-1.0","-1.0","-1.0","-1.0","-1.0","-1.0"
"51","1999","1","Andhra Pradesh","Kurnool","-1.0","-1.0","-1.0","-1.0","-1.0","-1.0","-1.0","-1.0"
"51","2000","1","Andhra Pradesh","Kurnool","44182.0","42570.0","33361.0","20519.0","7826.0","8024.0","85369.0","71112.0"
"51","2001","1","Andhra Pradesh","Kurnool","26880.0","49878.0","21788.0","25846.0","6178.0","9074.0","54847.0","84798.0"
"51","2002","1","Andhra Pradesh","Kurnool","31624.0","35645.0","24376.0","17926.0","7556.0","7739.0","63556.0","61310.0"
"51","2003","1","Andhra Pradesh","Kurnool","30855.0","34749.0","23702.0","20812.0","8014.0","8274.0","62571.0","63835.0"
"51","2004","1","Andhra Pradesh","Kurnool","39184.0","40471.0","32087.0","28422.0","9289.0","10248.0","80561.0","79141.0"
"51","2005","1","Andhra Pradesh","Kurnool","47509.0","54336.0","35842.0","32207.0","11419.0","14235.0","94770.0","100779.0"
"51","2006","1","Andhra Pradesh","Kurnool","49246.0","43194.0","39328.0","27093.0","9562.0","9426.0","98136.0","79713.0"
"51","2007","1","Andhra Pradesh","Kurnool","54428.0","47536.0","39451.0","27612.0","13141.0","18978.0","107020.0","94126.0"
"51","2008","1","Andhra Pradesh","Kurnool","53752.0","58470.0","46217.0","36678.0","19540.0","15826.0","119509.0","110974.0"
"51","2009","1","Andhra Pradesh","Kurnool","59884.0","64175.0","49877.0","42852.0","17138.0","22175.0","126899.0","129202.0"
"51","2010","1","Andhra Pradesh","Kurnool","70707.0","56482.0","67285.0","34166.0","18740.0","16195.0","156732.0","106843.0"
"51","2011","1","Andhra Pradesh","Kurnool","71323.0","61168.0","58436.0","43508.0","8389.0","13575.0","138148.0","118250.0"
"51","2012","1","Andhra Pradesh","Kurnool","54856.0","56638.0","34271.0","35043.0","9819.0","9029.0","98946.0","100710.0"
"51","2013","1","Andhra Pradesh","Kurnool","78018.0","78078.0","39805.0","38987.0","9741.0","13197.0","127564.0","130263.0"
"51","2014","1","Andhra Pradesh","Kurnool","80087.0","81351.0","47768.0","41002.0","14045.0","11408.0","141899.0","133761.0"
"51","2015","1","Andhra Pradesh","Kurnool","76141.0","58974.0","49004.0","40504.0","9943.0","10341.0","135087.0","109819.0"
"51","2016","1","Andhra Pradesh","Kurnool","81214.0","67493.0","53786.0","44215.0","12381.0","15625.0","147381.0","127333.0"
"51","2017","1","Andhra Pradesh","Kurnool","76594.0","63970.0","46176.0","34322.0","13216.0","11561.0","135986.0","109853.0"
"52","1990","1","Andhra Pradesh","Ananthapur","12009.0","12828.0","12859.0","3907.0","3734.0","3000.0","28602.0","19735.0"
"52","1991","1","Andhra Pradesh","Ananthapur","10800.0","12835.0","12719.0","4630.0","3145.0","2711.0","26664.0","20176.0"
"52","1993","1","Andhra Pradesh","Ananthapur","11678.0","13415.0","8905.0","3600.0","1945.0","1625.0","22528.0","18640.0"
"52","1994","1","Andhra Pradesh","Ananthapur","11528.0","14636.0","9874.0","3681.0","2572.0","2601.0","23974.0","20918.0"
"52","1995","1","Andhra Pradesh","Ananthapur","13974.0","11671.0","8397.0","5369.0","3058.0","2852.0","25429.0","19892.0"
"52","1996","1","Andhra Pradesh","Ananthapur","15483.0","15509.0","11973.0","5006.0","3247.0","2524.0","30703.0","23039.0"
"52","1997","1","Andhra Pradesh","Ananthapur","15483.0","15509.0","11973.0","5006.0","3247.0","2524.0","30703.0","23039.0"
"52","1998","1","Andhra Pradesh","Ananthapur","-1.0","-1.0","-1.0","-1.0","-1.0","-1.0","-1.0","-1.0"
"52","1999","1","Andhra Pradesh","Ananthapur","-1.0","-1.0","-1.0","-1.0","-1.0","-1.0","-1.0","-1.0"
"52","2000","1","Andhra Pradesh","Ananthapur","15836.0","17119.0","11826.0","7947.0","5148.0","3414.0","32810.0","28480.0"
"52","2001","1","Andhra Pradesh","Ananthapur","13262.0","20218.0","12520.0","9275.0","4626.0","7163.0","30408.0","36656.0"
"52","2002","1","Andhra Pradesh","Ananthapur","14617.0","17654.0","12402.0","9491.0","5692.0","7495.0","32711.0","34640.0"
"52","2003","1","Andhra Pradesh","Ananthapur","10498.0","14191.0","8270.0","7887.0","5088.0","5877.0","23856.0","27955.0"
"52","2004","1","Andhra Pradesh","Ananthapur","14337.0","13394.0","13806.0","8570.0","5662.0","5717.0","33805.0","27681.0"
"52","2005","1","Andhra Pradesh","Ananthapur","16235.0","18497.0","15901.0","12209.0","7508.0","8584.0","39644.0","39290.0"
"52","2006","1","Andhra Pradesh","Ananthapur","16102.0","16397.0","13945.0","9295.0","5829.0","8724.0","35876.0","34416.0"
"52","2007","1","Andhra Pradesh","Ananthapur","23438.0","20004.0","15252.0","9568.0","6769.0","10358.0","45459.0","39930.0"
"52","2008","1","Andhra Pradesh","Ananthapur","23450.0","19332.0","23143.0","10560.0","11467.0","9481.0","58060.0","39373.0"
"52","2009","1","Andhra Pradesh","Ananthapur","30720.0","23731.0","24293.0","14319.0","12713.0","13651.0","67725.0","51701.0"
"52","2010","1","Andhra Pradesh","Ananthapur","32409.0","28296.0","27262.0","15218.0","14758.0","11153.0","74429.0","54667.0"
"52","2011","1","Andhra Pradesh","Ananthapur","31935.0","27748.0","23240.0","20969.0","5599.0","11186.0","60774.0","59903.0"
"52","2012","1","Andhra Pradesh","Ananthapur","28881.0","23936.0","16307.0","12677.0","3143.0","4713.0","48331.0","41326.0"
"52","2013","1","Andhra Pradesh","Ananthapur","23972.0","21751.0","12125.0","10990.0","5455.0","5103.0","41552.0","37844.0"
"52","2014","1","Andhra Pradesh","Ananthapur","21496.0","23930.0","10129.0","12269.0","5998.0","3646.0","37623.0","39845.0"
"52","2015","1","Andhra Pradesh","Ananthapur","24954.0","22996.0","12282.0","14132.0","6471.0","4981.0","43707.0","42109.0"
"52","2016","1","Andhra Pradesh","Ananthapur","25832.0","16151.0","15892.0","11708.0","4781.0","4888.0","46505.0","32747.0"
"52","2017","1","Andhra Pradesh","Ananthapur","18014.0","20274.0","11215.0","14912.0","5879.0","6191.0","35108.0","41377.0"
"53","1990","1","Andhra Pradesh","Kadapa YSR","16021.0","16986.0","9366.0","6641.0","3244.0","1837.0","28631.0","25464.0"
"53","1991","1","Andhra Pradesh","Kadapa YSR","14316.0","16291.0","12733.0","7480.0","2868.0","2352.0","29917.0","26123.0"
"53","1993","1","Andhra Pradesh","Kadapa YSR","12284.0","21003.0","8028.0","5160.0","1641.0","1104.0","21953.0","27267.0"
"53","1994","1","Andhra Pradesh","Kadapa YSR","14553.0","17642.0","8649.0","4041.0","1332.0","1737.0","24534.0","23420.0"
"53","1995","1","Andhra Pradesh","Kadapa YSR","16106.0","18289.0","9790.0","6413.0","1986.0","2510.0","27882.0","27212.0"
"53","1996","1","Andhra Pradesh","Kadapa YSR","17635.0","17886.0","11008.0","5771.0","2200.0","2065.0","30843.0","25722.0"
"53","1997","1","Andhra Pradesh","Kadapa YSR","17635.0","17886.0","11008.0","5771.0","2200.0","2065.0","30843.0","25722.0"
"53","1998","1","Andhra Pradesh","Kadapa YSR","-1.0","-1.0","-1.0","-1.0","-1.0","-1.0","-1.0","-1.0"
"53","1999","1","Andhra Pradesh","Kadapa YSR","-1.0","-1.0","-1.0","-1.0","-1.0","-1.0","-1.0","-1.0"
"53","2000","1","Andhra Pradesh","Kadapa YSR","14298.0","19309.0","9524.0","7799.0","2372.0","2509.0","26194.0","29617.0"
"53","2001","1","Andhra Pradesh","Kadapa YSR","8510.0","22881.0","7977.0","10512.0","1740.0","2616.0","18227.0","36009.0"
"53","2002","1","Andhra Pradesh","Kadapa YSR","10813.0","15507.0","8313.0","9012.0","2799.0","3360.0","21925.0","27879.0"
"53","2003","1","Andhra Pradesh","Kadapa YSR","7701.0","15564.0","5306.0","8603.0","1901.0","3496.0","14908.0","27663.0"
"53","2004","1","Andhra Pradesh","Kadapa YSR","11183.0","15734.0","7936.0","8772.0","2797.0","3572.0","21916.0","28078.0"
"53","2005","1","Andhra Pradesh","Kadapa YSR","13098.0","16767.0","9379.0","10413.0","3132.0","3666.0","25609.0","30846.0"
"53","2006","1","Andhra Pradesh","Kadapa YSR","13498.0","12910.0","7003.0","8508.0","2660.0","4104.0","23161.0","25522.0"
"53","2007","1","Andhra Pradesh","Kadapa YSR","14957.0","16805.0","8042.0","9181.0","5202.0","8584.0","28201.0","34570.0"
"53","2008","1","Andhra Pradesh","Kadapa YSR","20020.0","18786.0","19790.0","13464.0","8585.0","11549.0","48395.0","43799.0"
"53","2009","1","Andhra Pradesh","Kadapa YSR","18126.0","22131.0","16938.0","14799.0","6084.0","13139.0","41148.0","50069.0"
"53","2010","1","Andhra Pradesh","Kadapa YSR","19510.0","24765.0","21202.0","13963.0","8527.0","9532.0","49239.0","48260.0"
"53","2011","1","Andhra Pradesh","Kadapa YSR","20246.0","25494.0","17678.0","18672.0","3960.0","11805.0","41884.0","55971.0"
"53","2012","1","Andhra Pradesh","Kadapa YSR","16276.0","21521.0","10849.0","8492.0","3696.0","6583.0","30821.0","36596.0"
"53","2013","1","Andhra Pradesh","Kadapa YSR","21686.0","25000.0","10548.0","12826.0","2254.0","5382.0","34488.0","43208.0"
"53","2014","1","Andhra Pradesh","Kadapa YSR","13436.0","25158.0","6043.0","8923.0","3265.0","4096.0","22744.0","38177.0"
"53","2015","1","Andhra Pradesh","Kadapa YSR","17353.0","28773.0","8564.0","12753.0","3273.0","5227.0","29190.0","46753.0"
"53","2016","1","Andhra Pradesh","Kadapa YSR","22592.0","22677.0","12786.0","11221.0","4012.0","5688.0","39390.0","39586.0"
"53","2017","1","Andhra Pradesh","Kadapa YSR","17814.0","29347.0","12268.0","11858.0","5976.0","6800.0","36058.0","48005.0"
"54","1990","1","Andhra Pradesh","Chittoor","7946.0","14666.0","4925.0","4860.0","1208.0","2010.0","14079.0","21536.0"
"54","1991","1","Andhra Pradesh","Chittoor","9515.0","15350.0","7598.0","5856.0","2122.0","2374.0","19235.0","23580.0"
"54","1993","1","Andhra Pradesh","Chittoor","8978.0","19891.0","2893.0","4960.0","1152.0","2495.0","13023.0","27346.0"
"54","1994","1","Andhra Pradesh","Chittoor","13984.0","18192.0","3978.0","4429.0","1856.0","3046.0","19818.0","25667.0"
"54","1995","1","Andhra Pradesh","Chittoor","14073.0","15079.0","4479.0","5044.0","1765.0","3448.0","20317.0","23571.0"
"54","1996","1","Andhra Pradesh","Chittoor","12552.0","15734.0","4055.0","4851.0","1574.0","2741.0","18181.0","23326.0"
"54","1997","1","Andhra Pradesh","Chittoor","12552.0","15734.0","4055.0","4851.0","1574.0","2741.0","18181.0","23326.0"
"54","1998","1","Andhra Pradesh","Chittoor","-1.0","-1.0","-1.0","-1.0","-1.0","-1.0","-1.0","-1.0"
"54","1999","1","Andhra Pradesh","Chittoor","-1.0","-1.0","-1.0","-1.0","-1.0","-1.0","-1.0","-1.0"
"54","2000","1","Andhra Pradesh","Chittoor","12198.0","19101.0","4036.0","6252.0","3172.0","3316.0","19406.0","28669.0"
"54","2001","1","Andhra Pradesh","Chittoor","10113.0","20104.0","4562.0","6337.0","2290.0","3452.0","16965.0","29893.0"
"54","2002","1","Andhra Pradesh","Chittoor","11852.0","13478.0","3860.0","5517.0","2810.0","3117.0","18522.0","22112.0"
"54","2003","1","Andhra Pradesh","Chittoor","8211.0","13498.0","3182.0","5715.0","2376.0","3288.0","13769.0","22501.0"
"54","2004","1","Andhra Pradesh","Chittoor","11292.0","14648.0","5041.0","6321.0","4772.0","3508.0","21105.0","24477.0"
"54","2005","1","Andhra Pradesh","Chittoor","10859.0","22782.0","4558.0","6547.0","3181.0","4206.0","18598.0","33535.0"
"54","2006","1","Andhra Pradesh","Chittoor","15926.0","14863.0","4896.0","5736.0","2960.0","3182.0","23782.0","23781.0"
"54","2007","1","Andhra Pradesh","Chittoor","13654.0","21437.0","4678.0","4915.0","2594.0","4730.0","20926.0","31082.0"
"54","2008","1","Andhra Pradesh","Chittoor","16336.0","25727.0","7688.0","8240.0","4552.0","5206.0","28576.0","39173.0"
"54","2009","1","Andhra Pradesh","Chittoor","17170.0","28855.0","9432.0","8568.0","2499.0","9499.0","29101.0","46922.0"
"54","2010","1","Andhra Pradesh","Chittoor","16819.0","22996.0","9669.0","8559.0","3815.0","5898.0","30303.0","37453.0"
"54","2011","1","Andhra Pradesh","Chittoor","16967.0","25912.0","7681.0","10489.0","2080.0","6482.0","26728.0","42883.0"
"54","2012","1","Andhra Pradesh","Chittoor","12733.0","22319.0","6247.0","5856.0","2516.0","3617.0","21496.0","31792.0"
"54","2013","1","Andhra Pradesh","Chittoor","12767.0","19270.0","2813.0","6539.0","1658.0","4761.0","17238.0","30570.0"
"54","2014","1","Andhra Pradesh","Chittoor","13507.0","21347.0","3506.0","6604.0","2688.0","3231.0","19701.0","31182.0"
"54","2015","1","Andhra Pradesh","Chittoor","15521.0","31598.0","3777.0","10734.0","1404.0","4474.0","20702.0","46806.0"
"54","2016","1","Andhra Pradesh","Chittoor","17197.0","19921.0","6467.0","9305.0","3473.0","4118.0","27137.0","33344.0"
"54","2017","1","Andhra Pradesh","Chittoor","14898.0","28422.0","6085.0","9875.0","3274.0","5688.0","24257.0","43985.0"
"55","1990","20","Telangana","Hyderabad","13831.0","15066.0","7899.0","6245.0","1564.0","1738.0","23294.0","23049.0"
"55","1991","20","Telangana","Hyderabad","14750.0","16468.0","8334.0","7812.0","1373.0","1777.0","24457.0","26057.0"
"55","1993","20","Telangana","Hyderabad","21521.0","16822.0","10180.0","6789.0","2094.0","1072.0","33795.0","24683.0"
"55","1994","20","Telangana","Hyderabad","24065.0","22172.0","10223.0","5873.0","1934.0","1730.0","36222.0","29775.0"
"55","1995","20","Telangana","Hyderabad","30467.0","26281.0","11539.0","8442.0","2356.0","1557.0","44362.0","36280.0"
"55","1996","20","Telangana","Hyderabad","33025.0","33027.0","8545.0","5790.0","2743.0","2827.0","44313.0","41644.0"
"55","1997","20","Telangana","Hyderabad","33025.0","33027.0","8545.0","5790.0","2743.0","2827.0","44313.0","41644.0"
"55","1998","20","Telangana","Hyderabad","-1.0","-1.0","-1.0","-1.0","-1.0","-1.0","-1.0","-1.0"
"55","1999","20","Telangana","Hyderabad","-1.0","-1.0","-1.0","-1.0","-1.0","-1.0","-1.0","-1.0"
"55","2000","20","Telangana","Hyderabad","24034.0","30589.0","13275.0","32648.0","8333.0","7464.0","45642.0","70701.0"
"55","2001","20","Telangana","Hyderabad","23954.0","24786.0","19321.0","13759.0","9917.0","11547.0","53192.0","50092.0"
"55","2002","20","Telangana","Hyderabad","20901.0","23882.0","8636.0","11701.0","7308.0","9217.0","36845.0","44800.0"
"55","2003","20","Telangana","Hyderabad","23091.0","26396.0","10205.0","15144.0","9723.0","10999.0","43019.0","52539.0"
"55","2004","20","Telangana","Hyderabad","33414.0","22735.0","14431.0","10824.0","16739.0","14363.0","64584.0","47922.0"
"55","2005","20","Telangana","Hyderabad","33048.0","38123.0","17335.0","21599.0","14943.0","20462.0","65326.0","80184.0"
"55","2006","20","Telangana","Hyderabad","30788.0","27166.0","17416.0","13511.0","18102.0","32800.0","66306.0","73477.0"
"55","2007","20","Telangana","Hyderabad","41771.0","25884.0","23496.0","14617.0","21626.0","8810.0","86893.0","49311.0"
"55","2008","20","Telangana","Hyderabad","31030.0","26863.0","13303.0","11388.0","6940.0","4859.0","51273.0","43110.0"
"55","2009","20","Telangana","Hyderabad","46325.0","31418.0","27176.0","11965.0","15258.0","9044.0","88759.0","52427.0"
"55","2010","20","Telangana","Hyderabad","31141.0","20826.0","22595.0","9730.0","13084.0","9736.0","66820.0","40292.0"
"55","2011","20","Telangana","Hyderabad","42241.0","31476.0","23660.0","21722.0","4011.0","9443.0","69912.0","62641.0"
"55","2012","20","Telangana","Hyderabad","42203.0","28024.0","21342.0","13857.0","6525.0","8709.0","70070.0","50590.0"
"55","2013","20","Telangana","Hyderabad","46244.0","48429.0","16405.0","22083.0","10034.0","10059.0","72683.0","80571.0"
"55","2014","20","Telangana","Hyderabad","69288.0","50951.0","40893.0","23227.0","11649.0","9389.0","121830.0","83567.0"
"55","2015","20","Telangana","Hyderabad","28862.0","22203.0","16099.0","11342.0","8590.0","6525.0","53551.0","40070.0"
"55","2016","20","Telangana","Hyderabad","50991.0","27167.0","27518.0","18371.0","8702.0","8113.0","87211.0","53651.0"
"55","2017","20","Telangana","Hyderabad","18265.0","11700.0","9156.0","6124.0","6516.0","3841.0","33937.0","21665.0"
"56","1990","20","Telangana","Nizamabad","31400.0","27896.0","13553.0","11480.0","2166.0","2467.0","47119.0","41843.0"
"56","1991","20","Telangana","Nizamabad","28067.0","23391.0","12738.0","7185.0","1745.0","1226.0","42550.0","31802.0"
"56","1993","20","Telangana","Nizamabad","35197.0","19091.0","7069.0","4581.0","964.0","780.0","43230.0","24452.0"
"56","1994","20","Telangana","Nizamabad","27514.0","21325.0","7627.0","5332.0","1119.0","1344.0","36260.0","28001.0"
"56","1995","20","Telangana","Nizamabad","34528.0","27292.0","7207.0","8856.0","1209.0","2012.0","42944.0","38160.0"
"56","1996","20","Telangana","Nizamabad","32039.0","28670.0","7347.0","6672.0","920.0","1536.0","40306.0","36878.0"
"56","1997","20","Telangana","Nizamabad","32039.0","28670.0","7347.0","6672.0","920.0","1536.0","40306.0","36878.0"
"56","1998","20","Telangana","Nizamabad","-1.0","-1.0","-1.0","-1.0","-1.0","-1.0","-1.0","-1.0"
"56","1999","20","Telangana","Nizamabad","-1.0","-1.0","-1.0","-1.0","-1.0","-1.0","-1.0","-1.0"
"56","2000","20","Telangana","Nizamabad","44759.0","27988.0","9679.0","9315.0","3007.0","2042.0","57445.0","39345.0"
"56","2001","20","Telangana","Nizamabad","36022.0","22751.0","7532.0","7605.0","2620.0","1624.0","46174.0","31980.0"
"56","2002","20","Telangana","Nizamabad","30020.0","23416.0","6288.0","9065.0","1185.0","1403.0","37493.0","33884.0"
"56","2003","20","Telangana","Nizamabad","34138.0","25921.0","5271.0","10495.0","1690.0","2114.0","41099.0","38530.0"
"56","2004","20","Telangana","Nizamabad","36650.0","17118.0","6812.0","6030.0","2644.0","4105.0","46106.0","27253.0"
"56","2005","20","Telangana","Nizamabad","52011.0","35759.0","13857.0","13527.0","5149.0","6535.0","71017.0","55821.0"
"56","2006","20","Telangana","Nizamabad","49950.0","34888.0","11909.0","13353.0","6303.0","7298.0","68162.0","55539.0"
"56","2007","20","Telangana","Nizamabad","49767.0","33225.0","14673.0","11384.0","7020.0","8494.0","71460.0","53103.0"
"56","2008","20","Telangana","Nizamabad","54295.0","37793.0","20418.0","18330.0","11028.0","8867.0","85741.0","64990.0"
"56","2009","20","Telangana","Nizamabad","44605.0","35433.0","20377.0","12456.0","8373.0","10075.0","73355.0","57964.0"
"56","2010","20","Telangana","Nizamabad","51894.0","52658.0","22633.0","18831.0","11197.0","8121.0","85724.0","79610.0"
"56","2011","20","Telangana","Nizamabad","57992.0","54977.0","22164.0","21598.0","4818.0","9298.0","84974.0","85873.0"
"56","2012","20","Telangana","Nizamabad","55976.0","46830.0","19457.0","14415.0","6822.0","4840.0","82255.0","66085.0"
"56","2013","20","Telangana","Nizamabad","56029.0","54057.0","11238.0","17090.0","3084.0","3225.0","70351.0","74372.0"
"56","2014","20","Telangana","Nizamabad","43029.0","38198.0","9624.0","9644.0","3103.0","2312.0","55756.0","50154.0"
"56","2015","20","Telangana","Nizamabad","30101.0","45976.0","9824.0","19457.0","4464.0","6822.0","44389.0","72255.0"
"56","2016","20","Telangana","Nizamabad","47003.0","54986.0","13902.0","14544.0","4247.0","4326.0","65152.0","73856.0"
"56","2017","20","Telangana","Nizamabad","44314.0","48740.0","13523.0","16510.0","5519.0","5689.0","63356.0","70939.0"
"57","1990","20","Telangana","Medak","10879.0","10113.0","4423.0","3737.0","376.0","663.0","15678.0","14513.0"
"57","1991","20","Telangana","Medak","14179.0","8952.0","6405.0","4581.0","786.0","1050.0","21370.0","14583.0"
"57","1993","20","Telangana","Medak","14587.0","9250.0","4681.0","2810.0","388.0","300.0","19656.0","12360.0"
"57","1994","20","Telangana","Medak","14671.0","11213.0","4742.0","3848.0","540.0","967.0","19953.0","16028.0"
"57","1995","20","Telangana","Medak","17809.0","13809.0","5462.0","4924.0","686.0","913.0","23957.0","19646.0"
"57","1996","20","Telangana","Medak","14605.0","18178.0","3943.0","3684.0","695.0","856.0","19243.0","22718.0"
"57","1997","20","Telangana","Medak","14605.0","18178.0","3943.0","3684.0","695.0","856.0","19243.0","22718.0"
"57","1998","20","Telangana","Medak","-1.0","-1.0","-1.0","-1.0","-1.0","-1.0","-1.0","-1.0"
"57","1999","20","Telangana","Medak","-1.0","-1.0","-1.0","-1.0","-1.0","-1.0","-1.0","-1.0"
"57","2000","20","Telangana","Medak","27435.0","18202.0","7092.0","7655.0","1641.0","1695.0","36168.0","27552.0"
"57","2001","20","Telangana","Medak","17884.0","16254.0","5284.0","6558.0","1418.0","1463.0","24586.0","24275.0"
"57","2002","20","Telangana","Medak","17111.0","14196.0","3945.0","5737.0","365.0","689.0","21421.0","20622.0"
"57","2003","20","Telangana","Medak","20005.0","9079.0","3618.0","4473.0","1333.0","1100.0","24956.0","14652.0"
"57","2004","20","Telangana","Medak","18034.0","10354.0","4635.0","4575.0","894.0","2756.0","23563.0","17685.0"
"57","2005","20","Telangana","Medak","26033.0","13713.0","6359.0","7216.0","1240.0","3572.0","33632.0","24501.0"
"57","2006","20","Telangana","Medak","23410.0","10539.0","9343.0","4866.0","1842.0","4139.0","34595.0","19544.0"
"57","2007","20","Telangana","Medak","24922.0","12727.0","7569.0","5813.0","3028.0","3922.0","35519.0","22462.0"
"57","2008","20","Telangana","Medak","32597.0","21662.0","16475.0","7237.0","9428.0","3722.0","58500.0","32621.0"
"57","2009","20","Telangana","Medak","25160.0","19847.0","14079.0","4929.0","5067.0","8846.0","44306.0","33622.0"
"57","2010","20","Telangana","Medak","45164.0","30964.0","29280.0","13699.0","10985.0","7813.0","85429.0","52476.0"
"57","2011","20","Telangana","Medak","32199.0","23854.0","15128.0","9891.0","1879.0","5250.0","49206.0","38995.0"
"57","2012","20","Telangana","Medak","34312.0","22009.0","12586.0","5659.0","1789.0","1384.0","48687.0","29052.0"
"57","2013","20","Telangana","Medak","46350.0","25204.0","7035.0","7562.0","1808.0","1378.0","55193.0","34144.0"
"57","2014","20","Telangana","Medak","34961.0","20836.0","6732.0","5366.0","1972.0","1071.0","43665.0","27273.0"
"57","2015","20","Telangana","Medak","39273.0","34312.0","8568.0","12586.0","2354.0","1789.0","50195.0","48687.0"
"57","2016","20","Telangana","Medak","34434.0","27339.0","9186.0","8611.0","1597.0","1924.0","45217.0","37874.0"
"57","2017","20","Telangana","Medak","4134.0","9060.0","5344.0","3614.0","1666.0","1005.0","11144.0","13678.0"
"58","1990","20","Telangana","Mahabubnagar","16022.0","16233.0","11433.0","8932.0","2294.0","2694.0","29749.0","27859.0"
"58","1991","20","Telangana","Mahabubnagar","22879.0","17075.0","16707.0","9357.0","2654.0","3023.0","42240.0","29455.0"
"58","1993","20","Telangana","Mahabubnagar","15102.0","18135.0","9516.0","7540.0","1811.0","1796.0","26429.0","27471.0"
"58","1994","20","Telangana","Mahabubnagar","16024.0","15038.0","8988.0","5770.0","1937.0","2487.0","26949.0","23295.0"
"58","1995","20","Telangana","Mahabubnagar","20907.0","21304.0","13397.0","8778.0","2658.0","2870.0","36962.0","32952.0"
"58","1996","20","Telangana","Mahabubnagar","21401.0","19773.0","12741.0","9210.0","3447.0","2919.0","37589.0","31902.0"
"58","1997","20","Telangana","Mahabubnagar","21401.0","19773.0","12741.0","9210.0","3447.0","2919.0","37589.0","31902.0"
"58","1998","20","Telangana","Mahabubnagar","-1.0","-1.0","-1.0","-1.0","-1.0","-1.0","-1.0","-1.0"
"58","1999","20","Telangana","Mahabubnagar","-1.0","-1.0","-1.0","-1.0","-1.0","-1.0","-1.0","-1.0"
"58","2000","20","Telangana","Mahabubnagar","29348.0","18184.0","17101.0","9511.0","3559.0","2730.0","50008.0","30425.0"
"58","2001","20","Telangana","Mahabubnagar","16054.0","19028.0","10989.0","8899.0","1720.0","2759.0","28763.0","30686.0"
"58","2002","20","Telangana","Mahabubnagar","20069.0","16976.0","10260.0","8605.0","1918.0","2012.0","32247.0","27593.0"
"58","2003","20","Telangana","Mahabubnagar","22687.0","16850.0","11223.0","10625.0","2778.0","2276.0","36688.0","29751.0"
"58","2004","20","Telangana","Mahabubnagar","16825.0","13843.0","12026.0","9089.0","1924.0","2790.0","30775.0","25722.0"
"58","2005","20","Telangana","Mahabubnagar","27983.0","24855.0","17199.0","15296.0","3760.0","4849.0","48942.0","45000.0"
"58","2006","20","Telangana","Mahabubnagar","25304.0","15374.0","16726.0","11908.0","2582.0","3200.0","44612.0","30482.0"
"58","2007","20","Telangana","Mahabubnagar","32266.0","18783.0","17383.0","10539.0","5530.0","7171.0","55179.0","36493.0"
"58","2008","20","Telangana","Mahabubnagar","33180.0","18073.0","22684.0","13210.0","10963.0","5284.0","66827.0","36567.0"
"58","2009","20","Telangana","Mahabubnagar","35613.0","28712.0","24805.0","14084.0","5102.0","9345.0","65520.0","52141.0"
"58","2010","20","Telangana","Mahabubnagar","44347.0","32912.0","32550.0","16043.0","11302.0","6437.0","88199.0","55392.0"
"58","2011","20","Telangana","Mahabubnagar","43227.0","31931.0","28993.0","22408.0","3580.0","6628.0","75800.0","60967.0"
"58","2012","20","Telangana","Mahabubnagar","45915.0","22696.0","20098.0","11370.0","4302.0","2336.0","70315.0","36402.0"
"58","2013","20","Telangana","Mahabubnagar","58682.0","33413.0","23393.0","19896.0","6166.0","3396.0","88241.0","56705.0"
"58","2014","20","Telangana","Mahabubnagar","51422.0","32092.0","16597.0","16755.0","3107.0","4512.0","71126.0","53359.0"
"58","2015","20","Telangana","Mahabubnagar","48647.0","45915.0","24042.0","20098.0","6613.0","4302.0","79302.0","70315.0"
"58","2016","20","Telangana","Mahabubnagar","57778.0","32809.0","21491.0","16476.0","1814.0","2415.0","81083.0","51700.0"
"58","2017","20","Telangana","Mahabubnagar","41446.0","32600.0","21785.0","13225.0","5158.0","3398.0","68389.0","49223.0"
"59","1990","20","Telangana","Nalgonda","15816.0","18845.0","11789.0","6970.0","1710.0","1874.0","29315.0","27689.0"
"59","1991","20","Telangana","Nalgonda","18126.0","22306.0","12640.0","9996.0","2048.0","2266.0","32814.0","34568.0"
"59","1993","20","Telangana","Nalgonda","28700.0","31871.0","13097.0","11290.0","2406.0","2390.0","44203.0","45551.0"
"59","1994","20","Telangana","Nalgonda","30745.0","37760.0","13543.0","13806.0","2991.0","5561.0","47279.0","57127.0"
"59","1995","20","Telangana","Nalgonda","29152.0","32740.0","16226.0","9552.0","3388.0","3779.0","48766.0","46071.0"
"59","1996","20","Telangana","Nalgonda","32541.0","36997.0","16488.0","17030.0","3894.0","4612.0","52923.0","58639.0"
"59","1997","20","Telangana","Nalgonda","32541.0","36997.0","16488.0","17030.0","3894.0","4612.0","52923.0","58639.0"
"59","1998","20","Telangana","Nalgonda","-1.0","-1.0","-1.0","-1.0","-1.0","-1.0","-1.0","-1.0"
"59","1999","20","Telangana","Nalgonda","-1.0","-1.0","-1.0","-1.0","-1.0","-1.0","-1.0","-1.0"
"59","2000","20","Telangana","Nalgonda","44671.0","38502.0","22787.0","14879.0","4908.0","3728.0","72366.0","57109.0"
"59","2001","20","Telangana","Nalgonda","26891.0","41325.0","14198.0","15674.0","2968.0","3536.0","44057.0","60535.0"
"59","2002","20","Telangana","Nalgonda","19315.0","25136.0","7957.0","10798.0","2042.0","2385.0","29314.0","38319.0"
"59","2003","20","Telangana","Nalgonda","23874.0","31820.0","10069.0","14556.0","3132.0","4345.0","37075.0","50721.0"
"59","2004","20","Telangana","Nalgonda","27496.0","38870.0","15574.0","20032.0","7400.0","6980.0","50470.0","65882.0"
"59","2005","20","Telangana","Nalgonda","38360.0","57988.0","22840.0","28409.0","5029.0","9898.0","66229.0","96295.0"
"59","2006","20","Telangana","Nalgonda","46310.0","50708.0","23411.0","24085.0","3231.0","6989.0","72952.0","81782.0"
"59","2007","20","Telangana","Nalgonda","48884.0","53249.0","26701.0","23895.0","7417.0","13651.0","83002.0","90795.0"
"59","2008","20","Telangana","Nalgonda","58103.0","55645.0","32020.0","27240.0","13637.0","14070.0","103760.0","96955.0"
"59","2009","20","Telangana","Nalgonda","44608.0","65024.0","33903.0","30107.0","8201.0","19323.0","86712.0","114454.0"
"59","2010","20","Telangana","Nalgonda","71292.0","70376.0","45477.0","29398.0","9474.0","13444.0","126243.0","113218.0"
"59","2011","20","Telangana","Nalgonda","68333.0","59599.0","38034.0","31300.0","5893.0","8347.0","112260.0","99246.0"
"59","2012","20","Telangana","Nalgonda","54313.0","48720.0","25972.0","14539.0","6030.0","4004.0","86315.0","67263.0"
"59","2013","20","Telangana","Nalgonda","73044.0","78859.0","22681.0","25624.0","3812.0","5752.0","99537.0","110235.0"
"59","2014","20","Telangana","Nalgonda","46763.0","66068.0","15727.0","21203.0","4972.0","7032.0","67462.0","94303.0"
"59","2015","20","Telangana","Nalgonda","69070.0","54313.0","23513.0","25972.0","7500.0","6030.0","100083.0","86315.0"
"59","2016","20","Telangana","Nalgonda","56892.0","65496.0","22012.0","20710.0","7473.0","8970.0","86377.0","95176.0"
"59","2017","20","Telangana","Nalgonda","12343.0","20700.0","7349.0","7414.0","2977.0","2628.0","22669.0","30742.0"
"60","1990","20","Telangana","Warangal","32873.0","33410.0","18157.0","9140.0","1740.0","1761.0","52770.0","44311.0"
"60","1991","20","Telangana","Warangal","29239.0","30205.0","15496.0","9721.0","2558.0","1603.0","47293.0","41529.0"
"60","1993","20","Telangana","Warangal","31963.0","28274.0","13564.0","6270.0","1893.0","937.0","47420.0","35481.0"
"60","1994","20","Telangana","Warangal","32614.0","36874.0","9078.0","7105.0","1934.0","1965.0","43626.0","45944.0"
"60","1995","20","Telangana","Warangal","39509.0","33837.0","14844.0","8857.0","2475.0","2180.0","56828.0","44874.0"
"60","1996","20","Telangana","Warangal","42925.0","39499.0","13848.0","8787.0","2613.0","2178.0","59386.0","50464.0"
"60","1997","20","Telangana","Warangal","42925.0","39499.0","13848.0","8787.0","2613.0","2178.0","59386.0","50464.0"
"60","1998","20","Telangana","Warangal","-1.0","-1.0","-1.0","-1.0","-1.0","-1.0","-1.0","-1.0"
"60","1999","20","Telangana","Warangal","-1.0","-1.0","-1.0","-1.0","-1.0","-1.0","-1.0","-1.0"
"60","2000","20","Telangana","Warangal","49081.0","38047.0","16924.0","9680.0","4499.0","2549.0","70504.0","50276.0"
"60","2001","20","Telangana","Warangal","43267.0","30760.0","14041.0","9701.0","4961.0","3125.0","62269.0","43586.0"
"60","2002","20","Telangana","Warangal","32001.0","29597.0","10630.0","9637.0","3253.0","3850.0","45884.0","43084.0"
"60","2003","20","Telangana","Warangal","41008.0","38182.0","11279.0","10742.0","6132.0","3325.0","58419.0","52249.0"
"60","2004","20","Telangana","Warangal","39928.0","20353.0","12223.0","5913.0","6376.0","2701.0","58527.0","28967.0"
"60","2005","20","Telangana","Warangal","47169.0","42736.0","15359.0","12846.0","8050.0","7215.0","70578.0","62797.0"
"60","2006","20","Telangana","Warangal","48438.0","42287.0","16260.0","13349.0","5555.0","6097.0","70253.0","61733.0"
"60","2007","20","Telangana","Warangal","52384.0","42147.0","16445.0","9525.0","11990.0","7410.0","80819.0","59082.0"
"60","2008","20","Telangana","Warangal","60061.0","39051.0","22390.0","15153.0","19268.0","9835.0","101719.0","64039.0"
"60","2009","20","Telangana","Warangal","48480.0","27298.0","19741.0","7195.0","10330.0","11540.0","78551.0","46033.0"
"60","2010","20","Telangana","Warangal","68484.0","57887.0","27578.0","15170.0","17691.0","8007.0","113753.0","81064.0"
"60","2011","20","Telangana","Warangal","63230.0","50268.0","26411.0","22275.0","3464.0","11025.0","93105.0","83568.0"
"60","2012","20","Telangana","Warangal","64119.0","56914.0","18170.0","15985.0","6171.0","5240.0","88460.0","78139.0"
"60","2013","20","Telangana","Warangal","73189.0","65440.0","13108.0","15560.0","3802.0","1975.0","90099.0","82975.0"
"60","2014","20","Telangana","Warangal","57833.0","50803.0","14101.0","13701.0","6096.0","3627.0","78030.0","68131.0"
"60","2015","20","Telangana","Warangal","69373.0","54119.0","23379.0","18170.0","11002.0","6171.0","103754.0","78460.0"
"60","2016","20","Telangana","Warangal","83197.0","57118.0","24381.0","16803.0","9398.0","10560.0","116976.0","84481.0"
"60","2017","20","Telangana","Warangal","76201.0","46002.0","17719.0","13762.0","9134.0","7068.0","103054.0","66832.0"
"61","1990","20","Telangana","Khammam","19610.0","19483.0","8632.0","7337.0","2055.0","1283.0","30297.0","28103.0"
"61","1991","20","Telangana","Khammam","18713.0","20691.0","9570.0","4984.0","1758.0","1437.0","30041.0","27112.0"
"61","1993","20","Telangana","Khammam","19807.0","21274.0","7851.0","3966.0","1611.0","685.0","29269.0","25925.0"
"61","1994","20","Telangana","Khammam","22618.0","24993.0","9078.0","4891.0","1450.0","1662.0","33146.0","31546.0"
"61","1995","20","Telangana","Khammam","23490.0","19089.0","11497.0","5799.0","2006.0","1438.0","36993.0","26326.0"
"61","1996","20","Telangana","Khammam","25001.0","25764.0","11834.0","5639.0","2527.0","1787.0","39362.0","33190.0"
"61","1997","20","Telangana","Khammam","25001.0","25764.0","11834.0","5639.0","2527.0","1787.0","39362.0","33190.0"
"61","1998","20","Telangana","Khammam","-1.0","-1.0","-1.0","-1.0","-1.0","-1.0","-1.0","-1.0"
"61","1999","20","Telangana","Khammam","-1.0","-1.0","-1.0","-1.0","-1.0","-1.0","-1.0","-1.0"
"61","2000","20","Telangana","Khammam","30696.0","22848.0","15481.0","6633.0","4913.0","1972.0","51090.0","31453.0"
"61","2001","20","Telangana","Khammam","21846.0","22314.0","12537.0","9545.0","3212.0","2312.0","37595.0","34171.0"
"61","2002","20","Telangana","Khammam","17528.0","20967.0","9251.0","5881.0","2182.0","2203.0","28961.0","29051.0"
"61","2003","20","Telangana","Khammam","23894.0","23000.0","10455.0","7606.0","3730.0","3185.0","38079.0","33791.0"
"61","2004","20","Telangana","Khammam","24563.0","23356.0","12299.0","7728.0","4988.0","3182.0","41850.0","34266.0"
"61","2005","20","Telangana","Khammam","32254.0","34191.0","15017.0","10642.0","3561.0","4311.0","50832.0","49144.0"
"61","2006","20","Telangana","Khammam","32495.0","29678.0","18261.0","10757.0","3769.0","5355.0","54525.0","45790.0"
"61","2007","20","Telangana","Khammam","36761.0","33475.0","17080.0","13289.0","7369.0","8612.0","61210.0","55376.0"
"61","2008","20","Telangana","Khammam","40276.0","29478.0","21199.0","14401.0","13089.0","9814.0","74564.0","53693.0"
"61","2009","20","Telangana","Khammam","30109.0","34832.0","16808.0","12392.0","7056.0","10672.0","53972.0","57896.0"
"61","2010","20","Telangana","Khammam","49250.0","41336.0","25068.0","13854.0","10875.0","10256.0","85193.0","65446.0"
"61","2011","20","Telangana","Khammam","43605.0","31955.0","23230.0","13886.0","3340.0","6267.0","70175.0","52108.0"
"61","2012","20","Telangana","Khammam","42488.0","29191.0","13824.0","7733.0","4825.0","1630.0","61137.0","38554.0"
"61","2013","20","Telangana","Khammam","42629.0","37692.0","14663.0","10200.0","4259.0","2792.0","61551.0","50684.0"
"61","2014","20","Telangana","Khammam","34584.0","42169.0","12987.0","10896.0","4599.0","4922.0","52170.0","57987.0"
"61","2015","20","Telangana","Khammam","51404.0","32488.0","25516.0","13824.0","9334.0","4825.0","86254.0","51137.0"
"61","2016","20","Telangana","Khammam","52264.0","40320.0","23505.0","16135.0","6319.0","7008.0","82088.0","63463.0"
"61","2017","20","Telangana","Khammam","8259.0","6922.0","5618.0","3178.0","2308.0","1335.0","16185.0","11434.0"
"62","1990","20","Telangana","Karimnagar","29066.0","33897.0","15163.0","9330.0","2261.0","2607.0","46490.0","45834.0"
"62","1991","20","Telangana","Karimnagar","24232.0","29817.0","11700.0","10772.0","1868.0","2449.0","37800.0","43038.0"
"62","1993","20","Telangana","Karimnagar","32231.0","23051.0","11171.0","5388.0","1857.0","1181.0","45259.0","29620.0"
"62","1994","20","Telangana","Karimnagar","28315.0","32279.0","11244.0","6798.0","1915.0","3464.0","41474.0","42541.0"
"62","1995","20","Telangana","Karimnagar","38869.0","36455.0","13134.0","10409.0","2601.0","5289.0","54604.0","52153.0"
"62","1996","20","Telangana","Karimnagar","35808.0","33661.0","11473.0","10057.0","2375.0","3072.0","49656.0","46790.0"
"62","1997","20","Telangana","Karimnagar","35808.0","33661.0","11473.0","10057.0","2375.0","3072.0","49656.0","46790.0"
"62","1998","20","Telangana","Karimnagar","-1.0","-1.0","-1.0","-1.0","-1.0","-1.0","-1.0","-1.0"
"62","1999","20","Telangana","Karimnagar","-1.0","-1.0","-1.0","-1.0","-1.0","-1.0","-1.0","-1.0"
"62","2000","20","Telangana","Karimnagar","55138.0","48638.0","19791.0","15439.0","3420.0","3825.0","78349.0","67902.0"
"62","2001","20","Telangana","Karimnagar","43708.0","46090.0","15569.0","16525.0","3520.0","4175.0","62797.0","66790.0"
"62","2002","20","Telangana","Karimnagar","43648.0","42577.0","12238.0","12384.0","4055.0","5037.0","59941.0","59998.0"
"62","2003","20","Telangana","Karimnagar","50006.0","45569.0","14087.0","12931.0","5659.0","5110.0","69752.0","63610.0"
"62","2004","20","Telangana","Karimnagar","37008.0","17229.0","12057.0","5064.0","4079.0","2946.0","53144.0","25239.0"
"62","2005","20","Telangana","Karimnagar","57229.0","55139.0","18451.0","16915.0","5827.0","8503.0","81507.0","80557.0"
"62","2006","20","Telangana","Karimnagar","59379.0","54817.0","18924.0","18687.0","7662.0","7790.0","85965.0","81294.0"
"62","2007","20","Telangana","Karimnagar","57294.0","56268.0","17316.0","16470.0","7649.0","10676.0","82259.0","83414.0"
"62","2008","20","Telangana","Karimnagar","76299.0","63510.0","28463.0","19799.0","22043.0","10065.0","126805.0","93374.0"
"62","2009","20","Telangana","Karimnagar","66307.0","39963.0","24370.0","7517.0","9976.0","10600.0","100652.0","58080.0"
"62","2010","20","Telangana","Karimnagar","77056.0","69874.0","30556.0","19514.0","15170.0","13932.0","122782.0","103320.0"
"62","2011","20","Telangana","Karimnagar","80287.0","71322.0","31111.0","26382.0","1949.0","13069.0","113347.0","110773.0"
"62","2012","20","Telangana","Karimnagar","77405.0","49832.0","21552.0","12558.0","6238.0","3308.0","105195.0","65698.0"
"62","2013","20","Telangana","Karimnagar","84781.0","75231.0","15292.0","21064.0","5482.0","6739.0","105555.0","103034.0"
"62","2014","20","Telangana","Karimnagar","68891.0","53688.0","19036.0","15930.0","7443.0","4722.0","95370.0","74340.0"
"62","2015","20","Telangana","Karimnagar","75224.0","77405.0","20917.0","21552.0","10764.0","6238.0","106905.0","105195.0"
"62","2016","20","Telangana","Karimnagar","78595.0","74036.0","22409.0","19996.0","9071.0","25178.0","110075.0","119210.0"
"62","2017","20","Telangana","Karimnagar","4054.0","8478.0","2480.0","3492.0","1037.0","812.0","7571.0","12782.0"
"63","1990","20","Telangana","Adilabad","12504.0","4692.0","5270.0","1083.0","224.0","72.0","17998.0","5847.0"
"63","1991","20","Telangana","Adilabad","7971.0","3311.0","4641.0","950.0","600.0","163.0","13212.0","4424.0"
"63","1993","20","Telangana","Adilabad","10401.0","5129.0","2985.0","854.0","230.0","48.0","13616.0","6031.0"
"63","1994","20","Telangana","Adilabad","11187.0","4164.0","2423.0","830.0","408.0","267.0","14018.0","5261.0"
"63","1995","20","Telangana","Adilabad","11489.0","4040.0","3890.0","1091.0","646.0","278.0","16025.0","5409.0"
"63","1996","20","Telangana","Adilabad","10308.0","5556.0","3941.0","1185.0","858.0","221.0","15107.0","6962.0"
"63","1997","20","Telangana","Adilabad","10308.0","5556.0","3941.0","1185.0","858.0","221.0","15107.0","6962.0"
"63","1998","20","Telangana","Adilabad","-1.0","-1.0","-1.0","-1.0","-1.0","-1.0","-1.0","-1.0"
"63","1999","20","Telangana","Adilabad","-1.0","-1.0","-1.0","-1.0","-1.0","-1.0","-1.0","-1.0"
"63","2000","20","Telangana","Adilabad","20163.0","6063.0","6853.0","1946.0","1639.0","346.0","28655.0","8355.0"
"63","2001","20","Telangana","Adilabad","16463.0","6271.0","5798.0","1533.0","1915.0","330.0","24176.0","8134.0"
"63","2002","20","Telangana","Adilabad","15878.0","5519.0","4489.0","2311.0","1540.0","268.0","21907.0","8098.0"
"63","2003","20","Telangana","Adilabad","18545.0","7906.0","6903.0","3143.0","2494.0","552.0","27942.0","11601.0"
"63","2004","20","Telangana","Adilabad","20393.0","4341.0","10594.0","2408.0","2706.0","377.0","33693.0","7126.0"
"63","2005","20","Telangana","Adilabad","22670.0","7762.0","8410.0","4499.0","2769.0","1114.0","33849.0","13375.0"
"63","2006","20","Telangana","Adilabad","25596.0","9159.0","12226.0","4432.0","4066.0","1114.0","41888.0","14705.0"
"63","2007","20","Telangana","Adilabad","33286.0","9196.0","12222.0","2369.0","6969.0","1302.0","52477.0","12867.0"
"63","2008","20","Telangana","Adilabad","43710.0","13224.0","20129.0","3039.0","17357.0","1874.0","81196.0","18137.0"
"63","2009","20","Telangana","Adilabad","42916.0","15846.0","22699.0","3405.0","8133.0","3485.0","73747.0","22736.0"
"63","2010","20","Telangana","Adilabad","54105.0","15192.0","28150.0","3566.0","12662.0","2621.0","94917.0","21379.0"
"63","2011","20","Telangana","Adilabad","53378.0","26094.0","27831.0","19132.0","4427.0","4593.0","85636.0","49819.0"
"63","2012","20","Telangana","Adilabad","49308.0","17782.0","16517.0","7867.0","4054.0","3163.0","69879.0","28812.0"
"63","2013","20","Telangana","Adilabad","53737.0","24525.0","13711.0","9597.0","1350.0","318.0","68798.0","34440.0"
"63","2014","20","Telangana","Adilabad","43926.0","21437.0","11051.0","4738.0","1643.0","227.0","56620.0","26402.0"
"63","2015","20","Telangana","Adilabad","49304.0","49308.0","16406.0","16517.0","3766.0","4054.0","69476.0","69879.0"
"63","2016","20","Telangana","Adilabad","64589.0","21187.0","17434.0","7176.0","6098.0","1842.0","88121.0","30205.0"
"63","2017","20","Telangana","Adilabad","54539.0","5109.0","10381.0","3121.0","5606.0","664.0","70526.0","8894.0"
"64","1990","5","Karnataka","Bangalore","11913.0","8257.0","7837.0","3525.0","4188.0","2820.0","23938.0","14602.0"
"64","1991","5","Karnataka","Bangalore","13155.0","11238.0","9030.0","4835.0","4274.0","4023.0","26459.0","20096.0"
"64","1993","5","Karnataka","Bangalore","15227.0","16343.0","7703.0","4530.0","2107.0","2883.0","25037.0","23756.0"
"64","1994","5","Karnataka","Bangalore","15278.0","16344.0","5975.0","2294.0","2567.0","2713.0","23820.0","21351.0"
"64","1995","5","Karnataka","Bangalore","18411.0","13876.0","5970.0","4357.0","3377.0","2962.0","27758.0","21195.0"
"64","1996","5","Karnataka","Bangalore","18402.0","15296.0","5567.0","2948.0","2733.0","2378.0","26702.0","20622.0"
"64","1997","5","Karnataka","Bangalore","20954.0","13516.0","10049.0","5047.0","3831.0","3709.0","34834.0","22272.0"
"64","1998","5","Karnataka","Bangalore","-1.0","-1.0","-1.0","-1.0","-1.0","-1.0","-1.0","-1.0"
"64","1999","5","Karnataka","Bangalore","-1.0","-1.0","-1.0","-1.0","-1.0","-1.0","-1.0","-1.0"
"64","2000","5","Karnataka","Bangalore","21220.0","17609.0","9382.0","14578.0","7824.0","6440.0","38426.0","38627.0"
"64","2001","5","Karnataka","Bangalore","19903.0","16921.0","10143.0","13694.0","10607.0","7552.0","40653.0","38167.0"
"64","2002","5","Karnataka","Bangalore","17662.0","15299.0","10214.0","7782.0","10311.0","9768.0","38187.0","32849.0"
"64","2003","5","Karnataka","Bangalore","14641.0","13471.0","6840.0","6214.0","11481.0","16808.0","32962.0","36493.0"
"64","2004","5","Karnataka","Bangalore","26736.0","19240.0","23336.0","8080.0","15846.0","16483.0","65918.0","43803.0"
"64","2005","5","Karnataka","Bangalore","26975.0","17660.0","19047.0","9037.0","10564.0","18778.0","56586.0","45475.0"
"64","2006","5","Karnataka","Bangalore","21611.0","15578.0","10956.0","7501.0","8549.0","9361.0","41116.0","32440.0"
"64","2007","5","Karnataka","Bangalore","22427.0","14805.0","9685.0","7586.0","8077.0","7664.0","40189.0","30055.0"
"64","2008","5","Karnataka","Bangalore","21937.0","16646.0","12467.0","9458.0","16824.0","6463.0","51228.0","32567.0"
"64","2009","5","Karnataka","Bangalore","21670.0","15682.0","15601.0","8981.0","6419.0","9228.0","43690.0","33891.0"
"64","2010","5","Karnataka","Bangalore","20689.0","15456.0","15546.0","9076.0","5755.0","5829.0","41990.0","30361.0"
"64","2011","5","Karnataka","Bangalore","25162.0","16622.0","14146.0","11970.0","4152.0","7590.0","43460.0","36182.0"
"64","2012","5","Karnataka","Bangalore","17777.0","18471.0","9299.0","7327.0","5020.0","3506.0","32096.0","29304.0"
"64","2013","5","Karnataka","Bangalore","27393.0","14195.0","16641.0","6136.0","5039.0","3240.0","49073.0","23571.0"
"64","2014","5","Karnataka","Bangalore","23064.0","16335.0","13939.0","7564.0","5320.0","4051.0","42323.0","27950.0"
"64","2015","5","Karnataka","Bangalore","18813.0","17434.0","9966.0","6817.0","4031.0","3269.0","32810.0","27520.0"
"64","2016","5","Karnataka","Bangalore","19352.0","13745.0","9859.0","6906.0","2410.0","2438.0","31620.0","23089.0"
"64","2017","5","Karnataka","Bangalore","19703.0","17851.0","8233.0","7446.0","2680.0","2650.0","30616.0","27947.0"
"65","1990","5","Karnataka","Kolar","10425.0","7995.0","6105.0","4866.0","2727.0","2737.0","19257.0","15598.0"
"65","1991","5","Karnataka","Kolar","9217.0","11775.0","6634.0","5565.0","2109.0","2789.0","17960.0","20129.0"
"65","1993","5","Karnataka","Kolar","9757.0","10611.0","3960.0","3254.0","1364.0","1883.0","15081.0","15748.0"
"65","1994","5","Karnataka","Kolar","11665.0","10555.0","4641.0","2027.0","1882.0","1210.0","18188.0","13792.0"
"65","1995","5","Karnataka","Kolar","13949.0","11040.0","4574.0","3665.0","2463.0","1787.0","20986.0","16492.0"
"65","1996","5","Karnataka","Kolar","14533.0","14527.0","4269.0","4025.0","1840.0","1782.0","20642.0","20334.0"
"65","1997","5","Karnataka","Kolar","14238.0","14964.0","7219.0","5173.0","2051.0","3085.0","23508.0","23222.0"
"65","1998","5","Karnataka","Kolar","-1.0","-1.0","-1.0","-1.0","-1.0","-1.0","-1.0","-1.0"
"65","1999","5","Karnataka","Kolar","-1.0","-1.0","-1.0","-1.0","-1.0","-1.0","-1.0","-1.0"
"65","2000","5","Karnataka","Kolar","23746.0","15609.0","7512.0","6256.0","4534.0","3852.0","35792.0","25717.0"
"65","2001","5","Karnataka","Kolar","15369.0","16334.0","5503.0","6468.0","3100.0","4048.0","23972.0","26850.0"
"65","2002","5","Karnataka","Kolar","13383.0","13031.0","5349.0","5622.0","4124.0","4265.0","22856.0","22918.0"
"65","2003","5","Karnataka","Kolar","13395.0","11761.0","5317.0","5933.0","4621.0","4642.0","23333.0","22336.0"
"65","2004","5","Karnataka","Kolar","14298.0","13196.0","6673.0","7369.0","5112.0","6547.0","26083.0","27112.0"
"65","2005","5","Karnataka","Kolar","15982.0","15325.0","8229.0","10015.0","4423.0","7651.0","28634.0","32991.0"
"65","2006","5","Karnataka","Kolar","14591.0","14380.0","8067.0","8618.0","3258.0","6078.0","25916.0","29076.0"
"65","2007","5","Karnataka","Kolar","17545.0","12468.0","7685.0","5850.0","4661.0","8361.0","29891.0","26679.0"
"65","2008","5","Karnataka","Kolar","18090.0","15998.0","10884.0","11701.0","6882.0","6432.0","35856.0","34131.0"
"65","2009","5","Karnataka","Kolar","19219.0","17335.0","15683.0","13249.0","6408.0","9103.0","41310.0","39687.0"
"65","2010","5","Karnataka","Kolar","21418.0","16393.0","19161.0","13749.0","8380.0","7282.0","48959.0","37424.0"
"65","2011","5","Karnataka","Kolar","21936.0","17183.0","16182.0","12257.0","3346.0","6822.0","41464.0","36262.0"
"65","2012","5","Karnataka","Kolar","16683.0","16662.0","9521.0","9822.0","3639.0","3687.0","29843.0","30171.0"
"65","2013","5","Karnataka","Kolar","21214.0","12679.0","10080.0","7991.0","3479.0","3382.0","34773.0","24052.0"
"65","2014","5","Karnataka","Kolar","14898.0","13020.0","8260.0","6837.0","3950.0","3811.0","27108.0","23668.0"
"65","2015","5","Karnataka","Kolar","17903.0","15492.0","9926.0","8063.0","3717.0","3336.0","31546.0","26891.0"
"65","2016","5","Karnataka","Kolar","15875.0","9759.0","9742.0","8612.0","3120.0","3438.0","28738.0","21809.0"
"65","2017","5","Karnataka","Kolar","15390.0","14541.0","8116.0","10246.0","3176.0","3989.0","26682.0","28776.0"
"66","1990","5","Karnataka","Tumkur","8788.0","3937.0","7796.0","2985.0","2185.0","1067.0","18769.0","7989.0"
"66","1991","5","Karnataka","Tumkur","8310.0","7805.0","6811.0","3820.0","2205.0","1828.0","17326.0","13453.0"
"66","1993","5","Karnataka","Tumkur","8605.0","7228.0","5766.0","2194.0","2049.0","1020.0","16420.0","10442.0"
"66","1994","5","Karnataka","Tumkur","11112.0","6095.0","6314.0","1532.0","1916.0","980.0","19342.0","8607.0"
"66","1995","5","Karnataka","Tumkur","13940.0","6519.0","6655.0","3068.0","2961.0","1208.0","23556.0","10795.0"
"66","1996","5","Karnataka","Tumkur","14497.0","8227.0","6034.0","2388.0","1804.0","1198.0","22335.0","11813.0"
"66","1997","5","Karnataka","Tumkur","14416.0","8302.0","7340.0","4063.0","2160.0","2322.0","23916.0","14687.0"
"66","1998","5","Karnataka","Tumkur","-1.0","-1.0","-1.0","-1.0","-1.0","-1.0","-1.0","-1.0"
"66","1999","5","Karnataka","Tumkur","-1.0","-1.0","-1.0","-1.0","-1.0","-1.0","-1.0","-1.0"
"66","2000","5","Karnataka","Tumkur","18389.0","9538.0","9884.0","4468.0","3655.0","2570.0","31928.0","16576.0"
"66","2001","5","Karnataka","Tumkur","13369.0","10558.0","6254.0","5657.0","3306.0","3138.0","22929.0","19353.0"
"66","2002","5","Karnataka","Tumkur","10529.0","9235.0","5758.0","4988.0","2021.0","2038.0","18308.0","16261.0"
"66","2003","5","Karnataka","Tumkur","7438.0","8066.0","2942.0","4461.0","1677.0","2098.0","12057.0","14625.0"
"66","2004","5","Karnataka","Tumkur","12917.0","5267.0","6682.0","2818.0","3393.0","2282.0","22992.0","10367.0"
"66","2005","5","Karnataka","Tumkur","13355.0","8974.0","6930.0","4884.0","3213.0","3862.0","23498.0","17720.0"
"66","2006","5","Karnataka","Tumkur","10892.0","6668.0","6825.0","3507.0","1932.0","3108.0","19649.0","13283.0"
"66","2007","5","Karnataka","Tumkur","15746.0","5730.0","6878.0","2456.0","3257.0","2111.0","25881.0","10297.0"
"66","2008","5","Karnataka","Tumkur","15973.0","7950.0","8543.0","6240.0","5387.0","4497.0","29903.0","18687.0"
"66","2009","5","Karnataka","Tumkur","17478.0","12057.0","15416.0","7256.0","4601.0","5856.0","37495.0","25169.0"
"66","2010","5","Karnataka","Tumkur","18268.0","9416.0","12011.0","6582.0","5288.0","2887.0","35567.0","18885.0"
"66","2011","5","Karnataka","Tumkur","17312.0","14760.0","10731.0","12271.0","1519.0","4190.0","29562.0","31221.0"
"66","2012","5","Karnataka","Tumkur","10956.0","13581.0","4568.0","3794.0","1199.0","2384.0","16723.0","19759.0"
"66","2013","5","Karnataka","Tumkur","15150.0","9178.0","7815.0","4575.0","1998.0","1966.0","24963.0","15719.0"
"66","2014","5","Karnataka","Tumkur","14232.0","8648.0","6531.0","5248.0","3000.0","2407.0","23763.0","16303.0"
"66","2015","5","Karnataka","Tumkur","14576.0","12661.0","7523.0","5530.0","2787.0","3174.0","24886.0","21365.0"
"66","2016","5","Karnataka","Tumkur","14851.0","6434.0","7562.0","4763.0","2294.0","2244.0","24707.0","13441.0"
"66","2017","5","Karnataka","Tumkur","14086.0","10462.0","6133.0","7157.0","2433.0","3913.0","22652.0","21532.0"
"67","1990","5","Karnataka","Mysore","15189.0","11310.0","9587.0","5516.0","8143.0","6397.0","32919.0","23223.0"
"67","1991","5","Karnataka","Mysore","16369.0","10880.0","9918.0","4153.0","8498.0","4180.0","34785.0","19213.0"
"67","1993","5","Karnataka","Mysore","16476.0","12981.0","7080.0","4456.0","7345.0","2744.0","30901.0","20181.0"
"67","1994","5","Karnataka","Mysore","19912.0","13900.0","8197.0","4039.0","8298.0","5799.0","36407.0","23738.0"
"67","1995","5","Karnataka","Mysore","23116.0","11952.0","9350.0","5384.0","11029.0","5697.0","43495.0","23033.0"
"67","1996","5","Karnataka","Mysore","22099.0","10456.0","8337.0","3209.0","7962.0","3679.0","38398.0","17344.0"
"67","1997","5","Karnataka","Mysore","27573.0","12988.0","14039.0","4807.0","15034.0","5368.0","56646.0","23163.0"
"67","1998","5","Karnataka","Mysore","-1.0","-1.0","-1.0","-1.0","-1.0","-1.0","-1.0","-1.0"
"67","1999","5","Karnataka","Mysore","-1.0","-1.0","-1.0","-1.0","-1.0","-1.0","-1.0","-1.0"
"67","2000","5","Karnataka","Mysore","24289.0","16750.0","16156.0","7503.0","14526.0","5055.0","54971.0","29308.0"
"67","2001","5","Karnataka","Mysore","22374.0","15555.0","9974.0","8117.0","10998.0","6123.0","43346.0","29795.0"
"67","2002","5","Karnataka","Mysore","18418.0","16147.0","8786.0","9038.0","9823.0","5821.0","37027.0","31006.0"
"67","2003","5","Karnataka","Mysore","15579.0","13926.0","7150.0","4538.0","9360.0","3997.0","32089.0","22461.0"
"67","2004","5","Karnataka","Mysore","22554.0","10511.0","11270.0","4301.0","15045.0","5241.0","48869.0","20053.0"
"67","2005","5","Karnataka","Mysore","23212.0","14652.0","13021.0","7095.0","14155.0","8060.0","50388.0","29807.0"
"67","2006","5","Karnataka","Mysore","26276.0","13658.0","14210.0","5807.0","14201.0","7909.0","54687.0","27374.0"
"67","2007","5","Karnataka","Mysore","24691.0","12318.0","15246.0","2932.0","15088.0","6744.0","55025.0","21994.0"
"67","2008","5","Karnataka","Mysore","25533.0","20699.0","15082.0","16213.0","16147.0","14664.0","56762.0","51576.0"
"67","2009","5","Karnataka","Mysore","26581.0","22181.0","18235.0","11956.0","18540.0","15566.0","63356.0","49703.0"
"67","2010","5","Karnataka","Mysore","28405.0","21807.0","22535.0","8952.0","20387.0","9197.0","71327.0","39956.0"
"67","2011","5","Karnataka","Mysore","28677.0","22557.0","19551.0","17614.0","11066.0","14556.0","59294.0","54727.0"
"67","2012","5","Karnataka","Mysore","21075.0","23086.0","7186.0","9374.0","12077.0","6631.0","40338.0","39091.0"
"67","2013","5","Karnataka","Mysore","29379.0","16695.0","13263.0","7125.0","14698.0","6441.0","57340.0","30261.0"
"67","2014","5","Karnataka","Mysore","28173.0","20521.0","14424.0","8357.0","14081.0","6362.0","56678.0","35240.0"
"67","2015","5","Karnataka","Mysore","31370.0","21393.0","15889.0","9469.0","17227.0","6801.0","64486.0","37663.0"
"67","2016","5","Karnataka","Mysore","27215.0","16126.0","16820.0","9601.0","9860.0","6193.0","53896.0","31920.0"
"67","2017","5","Karnataka","Mysore","27043.0","19877.0","12995.0","10011.0","10887.0","7301.0","50925.0","37189.0"
"68","1990","5","Karnataka","Mandya","16276.0","17619.0","7358.0","5610.0","4118.0","3937.0","27752.0","27166.0"
"68","1991","5","Karnataka","Mandya","15966.0","14895.0","6581.0","4206.0","4217.0","2895.0","26764.0","21996.0"
"68","1993","5","Karnataka","Mandya","13904.0","17381.0","5487.0","4015.0","3098.0","2373.0","22489.0","23769.0"
"68","1994","5","Karnataka","Mandya","19270.0","17456.0","5955.0","3006.0","3437.0","2957.0","28662.0","23419.0"
"68","1995","5","Karnataka","Mandya","16610.0","16068.0","4833.0","3788.0","3033.0","3496.0","24476.0","23352.0"
"68","1996","5","Karnataka","Mandya","20432.0","10164.0","4856.0","1302.0","3324.0","1157.0","28612.0","12623.0"
"68","1997","5","Karnataka","Mandya","22762.0","14725.0","7307.0","4301.0","5446.0","4674.0","35515.0","23700.0"
"68","1998","5","Karnataka","Mandya","-1.0","-1.0","-1.0","-1.0","-1.0","-1.0","-1.0","-1.0"
"68","1999","5","Karnataka","Mandya","-1.0","-1.0","-1.0","-1.0","-1.0","-1.0","-1.0","-1.0"
"68","2000","5","Karnataka","Mandya","21130.0","18053.0","8583.0","5292.0","7685.0","5014.0","37398.0","28359.0"
"68","2001","5","Karnataka","Mandya","21833.0","18355.0","7081.0","6181.0","7251.0","6323.0","36165.0","30859.0"
"68","2002","5","Karnataka","Mandya","14728.0","15528.0","4274.0","5241.0","4543.0","5219.0","23545.0","25988.0"
"68","2003","5","Karnataka","Mandya","10209.0","13287.0","2981.0","4099.0","3606.0","2962.0","16796.0","20348.0"
"68","2004","5","Karnataka","Mandya","19184.0","14038.0","6018.0","5276.0","7597.0","5544.0","32799.0","24858.0"
"68","2005","5","Karnataka","Mandya","21966.0","21162.0","8520.0","8172.0","8563.0","8830.0","39049.0","38164.0"
"68","2006","5","Karnataka","Mandya","25363.0","21381.0","9114.0","7712.0","6523.0","9210.0","41000.0","38303.0"
"68","2007","5","Karnataka","Mandya","29631.0","21607.0","8899.0","5603.0","7407.0","7382.0","45937.0","34592.0"
"68","2008","5","Karnataka","Mandya","24785.0","28618.0","10432.0","15503.0","13776.0","12764.0","48993.0","56885.0"
"68","2009","5","Karnataka","Mandya","26003.0","31089.0","10658.0","12684.0","9330.0","17537.0","45991.0","61310.0"
"68","2010","5","Karnataka","Mandya","31431.0","30432.0","18178.0","12764.0","10509.0","11334.0","60118.0","54530.0"
"68","2011","5","Karnataka","Mandya","31163.0","32655.0","15244.0","15583.0","6815.0","11125.0","53222.0","59363.0"
"68","2012","5","Karnataka","Mandya","20673.0","29347.0","6511.0","6892.0","5387.0","5216.0","32571.0","41455.0"
"68","2013","5","Karnataka","Mandya","30483.0","23750.0","7714.0","6403.0","4699.0","4945.0","42896.0","35098.0"
"68","2014","5","Karnataka","Mandya","24333.0","29454.0","9351.0","7897.0","8125.0","9133.0","41809.0","46484.0"
"68","2015","5","Karnataka","Mandya","28093.0","25460.0","10074.0","7019.0","7812.0","3610.0","45979.0","36089.0"
"68","2016","5","Karnataka","Mandya","21737.0","17090.0","7118.0","6009.0","3475.0","5130.0","32330.0","28229.0"
"68","2017","5","Karnataka","Mandya","19079.0","29965.0","5363.0","8492.0","3103.0","6196.0","27545.0","44653.0"
"69","1990","5","Karnataka","Hassan","12126.0","6868.0","7921.0","4382.0","6948.0","2631.0","26995.0","13881.0"
"69","1991","5","Karnataka","Hassan","13231.0","7859.0","9385.0","4489.0","6133.0","4011.0","28749.0","16359.0"
"69","1993","5","Karnataka","Hassan","14719.0","8802.0","6614.0","3029.0","3150.0","1981.0","24483.0","13812.0"
"69","1994","5","Karnataka","Hassan","15684.0","8502.0","7000.0","3531.0","4708.0","3415.0","27392.0","15448.0"
"69","1995","5","Karnataka","Hassan","16131.0","8338.0","6311.0","4836.0","5502.0","3513.0","27944.0","16687.0"
"69","1996","5","Karnataka","Hassan","17869.0","5014.0","6619.0","2628.0","5093.0","1751.0","29581.0","9393.0"
"69","1997","5","Karnataka","Hassan","20945.0","8026.0","11202.0","3290.0","8789.0","4863.0","40936.0","16179.0"
"69","1998","5","Karnataka","Hassan","-1.0","-1.0","-1.0","-1.0","-1.0","-1.0","-1.0","-1.0"
"69","1999","5","Karnataka","Hassan","-1.0","-1.0","-1.0","-1.0","-1.0","-1.0","-1.0","-1.0"
"69","2000","5","Karnataka","Hassan","23128.0","8928.0","11678.0","4862.0","9795.0","3612.0","44601.0","17402.0"
"69","2001","5","Karnataka","Hassan","19807.0","8079.0","8908.0","4566.0","8336.0","4470.0","37051.0","17115.0"
"69","2002","5","Karnataka","Hassan","14678.0","11415.0","6926.0","7239.0","6338.0","4686.0","27942.0","23340.0"
"69","2003","5","Karnataka","Hassan","13065.0","9861.0","6107.0","5515.0","6670.0","3105.0","25842.0","18481.0"
"69","2004","5","Karnataka","Hassan","18178.0","7118.0","9689.0","3700.0","10903.0","3960.0","38770.0","14778.0"
"69","2005","5","Karnataka","Hassan","21484.0","10712.0","13165.0","6131.0","14059.0","5887.0","48708.0","22730.0"
"69","2006","5","Karnataka","Hassan","24617.0","7556.0","14696.0","4989.0","10445.0","5052.0","49758.0","17597.0"
"69","2007","5","Karnataka","Hassan","25825.0","10339.0","14443.0","4737.0","13712.0","5431.0","53980.0","20507.0"
"69","2008","5","Karnataka","Hassan","23240.0","10582.0","13738.0","6408.0","15661.0","7380.0","52639.0","24370.0"
"69","2009","5","Karnataka","Hassan","20789.0","14487.0","13595.0","9474.0","14875.0","11411.0","49259.0","35372.0"
"69","2010","5","Karnataka","Hassan","22405.0","13318.0","15553.0","9718.0","15404.0","6677.0","53362.0","29713.0"
"69","2011","5","Karnataka","Hassan","25420.0","19142.0","15698.0","19951.0","7379.0","11887.0","48497.0","50980.0"
"69","2012","5","Karnataka","Hassan","17241.0","14800.0","7584.0","6867.0","8882.0","4560.0","33707.0","26227.0"
"69","2013","5","Karnataka","Hassan","23675.0","10337.0","12057.0","5724.0","9891.0","4784.0","45623.0","20845.0"
"69","2014","5","Karnataka","Hassan","24575.0","13286.0","13594.0","6454.0","11583.0","6514.0","49752.0","26254.0"
"69","2015","5","Karnataka","Hassan","23499.0","15185.0","15081.0","8454.0","10938.0","6637.0","49518.0","30276.0"
"69","2016","5","Karnataka","Hassan","26840.0","6842.0","15496.0","6441.0","8625.0","4188.0","50960.0","17471.0"
"69","2017","5","Karnataka","Hassan","23766.0","9128.0","12325.0","6766.0","11085.0","4354.0","47176.0","20248.0"
"70","1990","5","Karnataka","Shimoge","13530.0","7848.0","10509.0","5028.0","6548.0","4347.0","30587.0","17223.0"
"70","1991","5","Karnataka","Shimoge","13483.0","7268.0","10196.0","4256.0","5583.0","3800.0","29262.0","15324.0"
"70","1993","5","Karnataka","Shimoge","14823.0","10470.0","8407.0","4553.0","6226.0","3363.0","29456.0","18386.0"
"70","1994","5","Karnataka","Shimoge","13756.0","8408.0","8804.0","3364.0","3431.0","3098.0","25991.0","14870.0"
"70","1995","5","Karnataka","Shimoge","15269.0","9230.0","7667.0","5734.0","5995.0","3509.0","28931.0","18473.0"
"70","1996","5","Karnataka","Shimoge","16024.0","6217.0","7537.0","3788.0","5623.0","2022.0","29184.0","12027.0"
"70","1997","5","Karnataka","Shimoge","18990.0","8304.0","11360.0","4336.0","5837.0","4629.0","36187.0","17269.0"
"70","1998","5","Karnataka","Shimoge","-1.0","-1.0","-1.0","-1.0","-1.0","-1.0","-1.0","-1.0"
"70","1999","5","Karnataka","Shimoge","-1.0","-1.0","-1.0","-1.0","-1.0","-1.0","-1.0","-1.0"
"70","2000","5","Karnataka","Shimoge","18227.0","7142.0","11203.0","4935.0","8978.0","3541.0","38408.0","15618.0"
"70","2001","5","Karnataka","Shimoge","15001.0","6416.0","9039.0","5349.0","6614.0","3585.0","30654.0","15350.0"
"70","2002","5","Karnataka","Shimoge","13870.0","8107.0","7305.0","5960.0","5915.0","3377.0","27090.0","17444.0"
"70","2003","5","Karnataka","Shimoge","12210.0","5188.0","6182.0","3710.0","6033.0","2773.0","24425.0","11671.0"
"70","2004","5","Karnataka","Shimoge","17802.0","6139.0","9606.0","4433.0","9752.0","4244.0","37160.0","14816.0"
"70","2005","5","Karnataka","Shimoge","19378.0","8778.0","10091.0","6578.0","9733.0","6313.0","39202.0","21669.0"
"70","2006","5","Karnataka","Shimoge","22081.0","8200.0","13222.0","5624.0","7885.0","5781.0","43188.0","19605.0"
"70","2007","5","Karnataka","Shimoge","20613.0","7634.0","9847.0","3947.0","8765.0","4866.0","39225.0","16447.0"
"70","2008","5","Karnataka","Shimoge","20444.0","11079.0","11682.0","8211.0","11895.0","5685.0","44021.0","24975.0"
"70","2009","5","Karnataka","Shimoge","23931.0","11575.0","17368.0","9768.0","9840.0","9933.0","51139.0","31276.0"
"70","2010","5","Karnataka","Shimoge","24883.0","14288.0","14616.0","11076.0","10794.0","8010.0","50293.0","33374.0"
"70","2011","5","Karnataka","Shimoge","24166.0","19953.0","13189.0","17520.0","3362.0","9054.0","40717.0","46527.0"
"70","2012","5","Karnataka","Shimoge","16776.0","16358.0","6086.0","8158.0","5203.0","5475.0","28065.0","29991.0"
"70","2013","5","Karnataka","Shimoge","20958.0","10194.0","9102.0","6380.0","5050.0","4492.0","35110.0","21066.0"
"70","2014","5","Karnataka","Shimoge","21391.0","10601.0","9439.0","5579.0","6580.0","5297.0","37410.0","21477.0"
"70","2015","5","Karnataka","Shimoge","19811.0","10613.0","12807.0","6885.0","7614.0","3864.0","40232.0","21362.0"
"70","2016","5","Karnataka","Shimoge","20888.0","6905.0","11071.0","6360.0","7463.0","3923.0","39422.0","17188.0"
"70","2017","5","Karnataka","Shimoge","19584.0","9434.0","10808.0","6633.0","9464.0","4913.0","39856.0","20980.0"
"71","1990","5","Karnataka","Chickmagalur","7840.0","5100.0","5551.0","3730.0","5831.0","2245.0","19222.0","11075.0"
"71","1991","5","Karnataka","Chickmagalur","9452.0","6035.0","7536.0","3730.0","5106.0","3643.0","22094.0","13408.0"
"71","1993","5","Karnataka","Chickmagalur","7205.0","5369.0","4202.0","1976.0","2524.0","1914.0","13931.0","9259.0"
"71","1994","5","Karnataka","Chickmagalur","9992.0","4706.0","5700.0","1768.0","4679.0","2985.0","20371.0","9459.0"
"71","1995","5","Karnataka","Chickmagalur","12102.0","6132.0","5105.0","3590.0","6219.0","4525.0","23426.0","14247.0"
"71","1996","5","Karnataka","Chickmagalur","12644.0","4938.0","5056.0","2382.0","7095.0","1338.0","24795.0","8658.0"
"71","1997","5","Karnataka","Chickmagalur","13836.0","4975.0","9949.0","3891.0","10320.0","4809.0","34105.0","13675.0"
"71","1998","5","Karnataka","Chickmagalur","-1.0","-1.0","-1.0","-1.0","-1.0","-1.0","-1.0","-1.0"
"71","1999","5","Karnataka","Chickmagalur","-1.0","-1.0","-1.0","-1.0","-1.0","-1.0","-1.0","-1.0"
"71","2000","5","Karnataka","Chickmagalur","16219.0","5495.0","9137.0","3715.0","11458.0","3327.0","36814.0","12537.0"
"71","2001","5","Karnataka","Chickmagalur","12291.0","5098.0","6690.0","3430.0","9797.0","3517.0","28778.0","12045.0"
"71","2002","5","Karnataka","Chickmagalur","10648.0","6839.0","5500.0","4403.0","8457.0","4411.0","24605.0","15653.0"
"71","2003","5","Karnataka","Chickmagalur","7889.0","6426.0","4837.0","3058.0","7599.0","3509.0","20325.0","12993.0"
"71","2004","5","Karnataka","Chickmagalur","10894.0","4292.0","7990.0","3535.0","9986.0","4233.0","28870.0","12060.0"
"71","2005","5","Karnataka","Chickmagalur","14483.0","6412.0","9063.0","4376.0","12480.0","6137.0","36026.0","16925.0"
"71","2006","5","Karnataka","Chickmagalur","16645.0","4995.0","10846.0","3307.0","11317.0","5481.0","38808.0","13783.0"
"71","2007","5","Karnataka","Chickmagalur","17257.0","5262.0","9597.0","3096.0","13138.0","2492.0","39992.0","10850.0"
"71","2008","5","Karnataka","Chickmagalur","16577.0","8492.0","9416.0","5082.0","12750.0","7424.0","38743.0","20998.0"
"71","2009","5","Karnataka","Chickmagalur","19678.0","9292.0","11587.0","6371.0","14510.0","11236.0","45775.0","26899.0"
"71","2010","5","Karnataka","Chickmagalur","16743.0","11921.0","13806.0","7040.0","11136.0","9477.0","41685.0","28438.0"
"71","2011","5","Karnataka","Chickmagalur","19849.0","12483.0","12590.0","9913.0","5939.0","12723.0","38378.0","35119.0"
"71","2012","5","Karnataka","Chickmagalur","12826.0","10118.0","6283.0","5956.0","10594.0","4970.0","29703.0","21044.0"
"71","2013","5","Karnataka","Chickmagalur","16896.0","8729.0","9012.0","4667.0","9789.0","6878.0","35697.0","20274.0"
"71","2014","5","Karnataka","Chickmagalur","19633.0","12380.0","9944.0","6749.0","14538.0","10764.0","44115.0","29893.0"
"71","2015","5","Karnataka","Chickmagalur","22636.0","12591.0","14398.0","7113.0","15902.0","6912.0","52936.0","26616.0"
"71","2016","5","Karnataka","Chickmagalur","22036.0","7786.0","13293.0","5814.0","13785.0","5148.0","49114.0","18748.0"
"71","2017","5","Karnataka","Chickmagalur","20445.0","8388.0","12220.0","5562.0","15072.0","5257.0","47737.0","19207.0"
"72","1990","5","Karnataka","Chitradurga","17468.0","9354.0","12698.0","5559.0","6754.0","3673.0","36920.0","18586.0"
"72","1991","5","Karnataka","Chitradurga","18545.0","8042.0","15630.0","5377.0","5637.0","2762.0","39812.0","16181.0"
"72","1993","5","Karnataka","Chitradurga","18990.0","15505.0","13552.0","6980.0","5778.0","2386.0","38320.0","24871.0"
"72","1994","5","Karnataka","Chitradurga","19580.0","13330.0","13482.0","5396.0","3343.0","3074.0","36405.0","21800.0"
"72","1995","5","Karnataka","Chitradurga","21798.0","13822.0","10960.0","8500.0","4903.0","3780.0","37661.0","26102.0"
"72","1996","5","Karnataka","Chitradurga","24456.0","11563.0","9950.0","5517.0","3417.0","2322.0","37823.0","19402.0"
"72","1997","5","Karnataka","Chitradurga","28249.0","11428.0","15855.0","6869.0","4802.0","3256.0","48906.0","21553.0"
"72","1998","5","Karnataka","Chitradurga","-1.0","-1.0","-1.0","-1.0","-1.0","-1.0","-1.0","-1.0"
"72","1999","5","Karnataka","Chitradurga","-1.0","-1.0","-1.0","-1.0","-1.0","-1.0","-1.0","-1.0"
"72","2000","5","Karnataka","Chitradurga","39316.0","19670.0","19248.0","13127.0","7409.0","5327.0","65973.0","38124.0"
"72","2001","5","Karnataka","Chitradurga","34009.0","18727.0","17320.0","14304.0","6823.0","5060.0","58152.0","38091.0"
"72","2002","5","Karnataka","Chitradurga","34777.0","18996.0","17746.0","13809.0","7136.0","3807.0","59659.0","36612.0"
"72","2003","5","Karnataka","Chitradurga","14172.0","14726.0","8381.0","9042.0","4161.0","3317.0","26714.0","27085.0"
"72","2004","5","Karnataka","Chitradurga","32731.0","14971.0","17067.0","9837.0","6949.0","5224.0","56747.0","30032.0"
"72","2005","5","Karnataka","Chitradurga","39033.0","22562.0","21122.0","15709.0","8456.0","8400.0","68611.0","46671.0"
"72","2006","5","Karnataka","Chitradurga","39435.0","19238.0","23668.0","13159.0","7836.0","7544.0","70939.0","39941.0"
"72","2007","5","Karnataka","Chitradurga","33861.0","15643.0","18081.0","8464.0","9087.0","6155.0","61029.0","30262.0"
"72","2008","5","Karnataka","Chitradurga","38180.0","19669.0","30523.0","12864.0","14420.0","7707.0","83123.0","40240.0"
"72","2009","5","Karnataka","Chitradurga","42056.0","27822.0","31143.0","20116.0","10129.0","10617.0","83328.0","58555.0"
"72","2010","5","Karnataka","Chitradurga","45564.0","31250.0","31008.0","23836.0","14311.0","12780.0","90883.0","67866.0"
"72","2011","5","Karnataka","Chitradurga","46186.0","44904.0","23933.0","42217.0","3416.0","13784.0","73535.0","100905.0"
"72","2012","5","Karnataka","Chitradurga","27036.0","33964.0","11931.0","12806.0","5105.0","6555.0","44072.0","53325.0"
"72","2013","5","Karnataka","Chitradurga","50673.0","26338.0","23682.0","17171.0","7198.0","5243.0","81553.0","48752.0"
"72","2014","5","Karnataka","Chitradurga","47589.0","30562.0","26400.0","16638.0","9347.0","7382.0","83336.0","54582.0"
"72","2015","5","Karnataka","Chitradurga","46727.0","34317.0","28311.0","20195.0","10460.0","5819.0","85498.0","60331.0"
"72","2016","5","Karnataka","Chitradurga","57962.0","16831.0","30751.0","15078.0","9974.0","4931.0","98688.0","36840.0"
"72","2017","5","Karnataka","Chitradurga","38950.0","24497.0","20098.0","16290.0","7197.0","6693.0","66245.0","47480.0"
"73","1990","5","Karnataka","Bellary","21856.0","17469.0","20032.0","8852.0","11602.0","8185.0","53490.0","34506.0"
"73","1991","5","Karnataka","Bellary","28218.0","18546.0","23367.0","11387.0","13491.0","9494.0","65076.0","39427.0"
"73","1993","5","Karnataka","Bellary","24361.0","21946.0","12408.0","6978.0","7290.0","3985.0","44059.0","32909.0"
"73","1994","5","Karnataka","Bellary","27080.0","21583.0","11151.0","4616.0","7061.0","4823.0","45292.0","31022.0"
"73","1995","5","Karnataka","Bellary","27760.0","21544.0","11187.0","8129.0","6599.0","5687.0","45546.0","35360.0"
"73","1996","5","Karnataka","Bellary","28101.0","18551.0","10449.0","6280.0","5493.0","3931.0","44043.0","28762.0"
"73","1997","5","Karnataka","Bellary","25772.0","23479.0","14581.0","9678.0","6701.0","3348.0","47054.0","36505.0"
"73","1998","5","Karnataka","Bellary","-1.0","-1.0","-1.0","-1.0","-1.0","-1.0","-1.0","-1.0"
"73","1999","5","Karnataka","Bellary","-1.0","-1.0","-1.0","-1.0","-1.0","-1.0","-1.0","-1.0"
"73","2000","5","Karnataka","Bellary","36855.0","26886.0","16625.0","12396.0","9883.0","6600.0","63363.0","45882.0"
"73","2001","5","Karnataka","Bellary","36301.0","28772.0","14846.0","12767.0","7298.0","7240.0","58445.0","48779.0"
"73","2002","5","Karnataka","Bellary","31390.0","18576.0","12172.0","9327.0","5884.0","4680.0","49446.0","32583.0"
"73","2003","5","Karnataka","Bellary","25356.0","20784.0","10619.0","10120.0","5615.0","6658.0","41590.0","37562.0"
"73","2004","5","Karnataka","Bellary","36243.0","25365.0","17481.0","13592.0","12194.0","12946.0","65918.0","51903.0"
"73","2005","5","Karnataka","Bellary","38204.0","32481.0","22358.0","17853.0","12315.0","12586.0","72877.0","62920.0"
"73","2006","5","Karnataka","Bellary","38448.0","24818.0","21489.0","14955.0","10996.0","8731.0","70933.0","48504.0"
"73","2007","5","Karnataka","Bellary","43465.0","28723.0","20941.0","13968.0","12919.0","11973.0","77325.0","54664.0"
"73","2008","5","Karnataka","Bellary","42427.0","34819.0","22872.0","24157.0","14186.0","12456.0","79485.0","71432.0"
"73","2009","5","Karnataka","Bellary","51189.0","42234.0","29527.0","25468.0","10582.0","22658.0","91298.0","90360.0"
"73","2010","5","Karnataka","Bellary","45713.0","42361.0","32985.0","21789.0","12958.0","13716.0","91656.0","77866.0"
"73","2011","5","Karnataka","Bellary","47413.0","50621.0","28787.0","40817.0","5077.0","17696.0","81277.0","109134.0"
"73","2012","5","Karnataka","Bellary","39047.0","46564.0","16304.0","20203.0","9953.0","8893.0","65304.0","75660.0"
"73","2013","5","Karnataka","Bellary","54340.0","36706.0","21706.0","17537.0","10258.0","8263.0","86304.0","62506.0"
"73","2014","5","Karnataka","Bellary","56497.0","47004.0","26989.0","18313.0","12825.0","11012.0","96311.0","76329.0"
"73","2015","5","Karnataka","Bellary","56243.0","28437.0","27134.0","16541.0","9300.0","7830.0","92677.0","52808.0"
"73","2016","5","Karnataka","Bellary","52906.0","16777.0","28066.0","11611.0","7537.0","6432.0","88510.0","34820.0"
"73","2017","5","Karnataka","Bellary","33472.0","37197.0","19825.0","17638.0","6345.0","7146.0","59642.0","61981.0"
"74","1990","5","Karnataka","Dharwad","19283.0","6743.0","18045.0","5546.0","10650.0","3798.0","47978.0","16087.0"
"74","1991","5","Karnataka","Dharwad","22930.0","10728.0","22520.0","8738.0","12365.0","6463.0","57815.0","25929.0"
"74","1993","5","Karnataka","Dharwad","23263.0","9469.0","18009.0","5147.0","7931.0","1821.0","49203.0","16437.0"
"74","1994","5","Karnataka","Dharwad","25233.0","9026.0","19119.0","2931.0","6422.0","2088.0","50774.0","14045.0"
"74","1995","5","Karnataka","Dharwad","29971.0","12145.0","20842.0","9473.0","8118.0","4472.0","58931.0","26090.0"
"74","1996","5","Karnataka","Dharwad","27448.0","9311.0","16042.0","4629.0","7706.0","2691.0","51196.0","16631.0"
"74","1997","5","Karnataka","Dharwad","36610.0","8691.0","28248.0","5797.0","10856.0","4796.0","75714.0","19284.0"
"74","1998","5","Karnataka","Dharwad","-1.0","-1.0","-1.0","-1.0","-1.0","-1.0","-1.0","-1.0"
"74","1999","5","Karnataka","Dharwad","-1.0","-1.0","-1.0","-1.0","-1.0","-1.0","-1.0","-1.0"
"74","2000","5","Karnataka","Dharwad","42465.0","13631.0","28052.0","13148.0","11047.0","4898.0","81564.0","31677.0"
"74","2001","5","Karnataka","Dharwad","29892.0","14122.0","21106.0","15195.0","7508.0","4395.0","58506.0","33712.0"
"74","2002","5","Karnataka","Dharwad","25430.0","15349.0","15766.0","13395.0","5895.0","4479.0","47091.0","33223.0"
"74","2003","5","Karnataka","Dharwad","14868.0","12263.0","9410.0","8482.0","3860.0","3704.0","28138.0","24449.0"
"74","2004","5","Karnataka","Dharwad","32021.0","12453.0","19647.0","10605.0","8586.0","4474.0","60254.0","27532.0"
"74","2005","5","Karnataka","Dharwad","42420.0","14547.0","27120.0","12844.0","11936.0","9394.0","81476.0","36785.0"
"74","2006","5","Karnataka","Dharwad","43736.0","14449.0","31511.0","13561.0","11249.0","7843.0","86496.0","35853.0"
"74","2007","5","Karnataka","Dharwad","45139.0","19054.0","28278.0","13004.0","17754.0","6961.0","91171.0","39019.0"
"74","2008","5","Karnataka","Dharwad","45690.0","21233.0","31868.0","19818.0","18765.0","8548.0","96323.0","49599.0"
"74","2009","5","Karnataka","Dharwad","50007.0","20406.0","40383.0","20111.0","16427.0","15338.0","106817.0","55855.0"
"74","2010","5","Karnataka","Dharwad","52564.0","26406.0","39230.0","19178.0","17147.0","7513.0","108941.0","53097.0"
"74","2011","5","Karnataka","Dharwad","50108.0","46098.0","31805.0","45327.0","6330.0","18059.0","88243.0","109484.0"
"74","2012","5","Karnataka","Dharwad","32246.0","32213.0","14889.0","16749.0","5242.0","9591.0","52377.0","58553.0"
"74","2013","5","Karnataka","Dharwad","48768.0","20322.0","19731.0","10710.0","9215.0","5083.0","77714.0","36115.0"
"74","2014","5","Karnataka","Dharwad","56244.0","23888.0","26849.0","13791.0","12305.0","6582.0","95398.0","44261.0"
"74","2015","5","Karnataka","Dharwad","54134.0","33358.0","27601.0","20873.0","8184.0","5092.0","89919.0","59323.0"
"74","2016","5","Karnataka","Dharwad","54734.0","17390.0","25019.0","17285.0","6755.0","4480.0","86507.0","39155.0"
"74","2017","5","Karnataka","Dharwad","45747.0","16841.0","19268.0","11798.0","8587.0","4316.0","73602.0","32955.0"
"75","1990","5","Karnataka","Belgaum","25954.0","16115.0","13465.0","6013.0","6379.0","2777.0","45798.0","24905.0"
"75","1991","5","Karnataka","Belgaum","23176.0","14802.0","12504.0","7823.0","4447.0","3361.0","40127.0","25986.0"
"75","1993","5","Karnataka","Belgaum","27460.0","17515.0","8726.0","5679.0","3737.0","4076.0","39923.0","27270.0"
"75","1994","5","Karnataka","Belgaum","25683.0","15660.0","9610.0","3412.0","4166.0","3080.0","39459.0","22152.0"
"75","1995","5","Karnataka","Belgaum","26055.0","16926.0","8082.0","5585.0","4332.0","3317.0","38469.0","25828.0"
"75","1996","5","Karnataka","Belgaum","27398.0","17811.0","6744.0","3640.0","4272.0","2951.0","38414.0","24402.0"
"75","1997","5","Karnataka","Belgaum","39296.0","27604.0","19003.0","7916.0","7624.0","5995.0","65923.0","41515.0"
"75","1998","5","Karnataka","Belgaum","-1.0","-1.0","-1.0","-1.0","-1.0","-1.0","-1.0","-1.0"
"75","1999","5","Karnataka","Belgaum","-1.0","-1.0","-1.0","-1.0","-1.0","-1.0","-1.0","-1.0"
"75","2000","5","Karnataka","Belgaum","44682.0","31728.0","14600.0","13075.0","9382.0","8955.0","68664.0","53758.0"
"75","2001","5","Karnataka","Belgaum","40128.0","27962.0","12878.0","14745.0","8431.0","10428.0","61437.0","53135.0"
"75","2002","5","Karnataka","Belgaum","37394.0","26223.0","9350.0","10411.0","9058.0","7622.0","55802.0","44256.0"
"75","2003","5","Karnataka","Belgaum","19938.0","24708.0","5729.0","8816.0","6148.0","7447.0","31815.0","40971.0"
"75","2004","5","Karnataka","Belgaum","34080.0","29881.0","11428.0","14613.0","10065.0","11460.0","55573.0","55954.0"
"75","2005","5","Karnataka","Belgaum","39777.0","30442.0","14218.0","15329.0","13708.0","16113.0","67703.0","61884.0"
"75","2006","5","Karnataka","Belgaum","48990.0","27251.0","23255.0","13887.0","14668.0","17352.0","86913.0","58490.0"
"75","2007","5","Karnataka","Belgaum","45674.0","33968.0","18888.0","11022.0","18842.0","14454.0","83404.0","59444.0"
"75","2008","5","Karnataka","Belgaum","44035.0","43967.0","27366.0","29077.0","29253.0","26847.0","100654.0","99891.0"
"75","2009","5","Karnataka","Belgaum","54904.0","44362.0","33134.0","24950.0","26162.0","32241.0","114200.0","101553.0"
"75","2010","5","Karnataka","Belgaum","57323.0","44164.0","41738.0","22382.0","28615.0","18098.0","127676.0","84644.0"
"75","2011","5","Karnataka","Belgaum","45928.0","55458.0","24875.0","37246.0","9202.0","26542.0","80005.0","119246.0"
"75","2012","5","Karnataka","Belgaum","35167.0","51169.0","18278.0","14072.0","13903.0","14548.0","67348.0","79789.0"
"75","2013","5","Karnataka","Belgaum","46378.0","46465.0","23178.0","18542.0","13356.0","16234.0","82912.0","81241.0"
"75","2014","5","Karnataka","Belgaum","44942.0","47539.0","19768.0","18788.0","17770.0","18676.0","82480.0","85003.0"
"75","2015","5","Karnataka","Belgaum","52280.0","40505.0","27463.0","17120.0","15777.0","9526.0","95520.0","67151.0"
"75","2016","5","Karnataka","Belgaum","56661.0","43438.0","21990.0","23053.0","17170.0","17680.0","95821.0","84171.0"
"75","2017","5","Karnataka","Belgaum","44499.0","48379.0","18324.0","20905.0","14876.0","18388.0","77699.0","87672.0"
"76","1990","5","Karnataka","Bijapur / Vijayapura","10892.0","7555.0","6393.0","4347.0","3299.0","1569.0","20584.0","13471.0"
"76","1991","5","Karnataka","Bijapur / Vijayapura","12264.0","11128.0","10135.0","6597.0","2403.0","1381.0","24802.0","19106.0"
"76","1993","5","Karnataka","Bijapur / Vijayapura","13253.0","11456.0","7432.0","4315.0","1726.0","1624.0","22411.0","17395.0"
"76","1994","5","Karnataka","Bijapur / Vijayapura","12651.0","12944.0","7169.0","2757.0","3333.0","1955.0","23153.0","17656.0"
"76","1995","5","Karnataka","Bijapur / Vijayapura","15319.0","13750.0","7509.0","4393.0","3607.0","2447.0","26435.0","20590.0"
"76","1996","5","Karnataka","Bijapur / Vijayapura","16958.0","14088.0","6277.0","4124.0","3253.0","1885.0","26488.0","20097.0"
"76","1997","5","Karnataka","Bijapur / Vijayapura","24196.0","16473.0","14030.0","5424.0","3671.0","3273.0","41897.0","25170.0"
"76","1998","5","Karnataka","Bijapur / Vijayapura","-1.0","-1.0","-1.0","-1.0","-1.0","-1.0","-1.0","-1.0"
"76","1999","5","Karnataka","Bijapur / Vijayapura","-1.0","-1.0","-1.0","-1.0","-1.0","-1.0","-1.0","-1.0"
"76","2000","5","Karnataka","Bijapur / Vijayapura","25395.0","18311.0","12157.0","7943.0","5576.0","4886.0","43128.0","31140.0"
"76","2001","5","Karnataka","Bijapur / Vijayapura","23263.0","24433.0","12459.0","10509.0","5338.0","6273.0","41060.0","41215.0"
"76","2002","5","Karnataka","Bijapur / Vijayapura","24499.0","21653.0","9606.0","10284.0","5461.0","5539.0","39566.0","37476.0"
"76","2003","5","Karnataka","Bijapur / Vijayapura","15757.0","21945.0","6834.0","11221.0","3810.0","5460.0","26401.0","38626.0"
"76","2004","5","Karnataka","Bijapur / Vijayapura","24632.0","28088.0","10272.0","17602.0","6586.0","8688.0","41490.0","54378.0"
"76","2005","5","Karnataka","Bijapur / Vijayapura","26016.0","24426.0","13010.0","13756.0","8469.0","12140.0","47495.0","50322.0"
"76","2006","5","Karnataka","Bijapur / Vijayapura","34088.0","27222.0","19684.0","12927.0","8363.0","11045.0","62135.0","51194.0"
"76","2007","5","Karnataka","Bijapur / Vijayapura","31872.0","28814.0","15186.0","14011.0","10726.0","8056.0","57784.0","50881.0"
"76","2008","5","Karnataka","Bijapur / Vijayapura","32090.0","36862.0","19504.0","21898.0","15029.0","12473.0","66623.0","71233.0"
"76","2009","5","Karnataka","Bijapur / Vijayapura","42904.0","34938.0","27065.0","18253.0","11722.0","20212.0","81691.0","73403.0"
"76","2010","5","Karnataka","Bijapur / Vijayapura","44100.0","35405.0","30718.0","19235.0","16115.0","13851.0","90933.0","68491.0"
"76","2011","5","Karnataka","Bijapur / Vijayapura","42687.0","47080.0","26158.0","33318.0","4927.0","18970.0","73772.0","99368.0"
"76","2012","5","Karnataka","Bijapur / Vijayapura","27647.0","49149.0","13041.0","20304.0","10475.0","12913.0","51163.0","82366.0"
"76","2013","5","Karnataka","Bijapur / Vijayapura","43095.0","37823.0","19993.0","17085.0","11714.0","10779.0","74802.0","65687.0"
"76","2014","5","Karnataka","Bijapur / Vijayapura","38604.0","36267.0","24534.0","13518.0","15029.0","13093.0","78167.0","62878.0"
"76","2015","5","Karnataka","Bijapur / Vijayapura","44585.0","34958.0","24860.0","13935.0","9689.0","6866.0","79134.0","55759.0"
"76","2016","5","Karnataka","Bijapur / Vijayapura","43287.0","31329.0","24585.0","17356.0","10886.0","11599.0","78759.0","60284.0"
"76","2017","5","Karnataka","Bijapur / Vijayapura","35454.0","38523.0","20828.0","16579.0","11730.0","11790.0","68012.0","66892.0"
"77","1990","5","Karnataka","Bidar","4337.0","2499.0","3067.0","1150.0","379.0","433.0","7783.0","4082.0"
"77","1991","5","Karnataka","Bidar","4199.0","2136.0","3466.0","1388.0","257.0","364.0","7922.0","3888.0"
"77","1993","5","Karnataka","Bidar","4866.0","1688.0","2761.0","664.0","197.0","170.0","7824.0","2522.0"
"77","1994","5","Karnataka","Bidar","4769.0","953.0","2478.0","151.0","463.0","115.0","7710.0","1219.0"
"77","1995","5","Karnataka","Bidar","4604.0","2635.0","2988.0","1649.0","509.0","448.0","8101.0","4732.0"
"77","1996","5","Karnataka","Bidar","5384.0","1800.0","1973.0","743.0","314.0","287.0","7671.0","2830.0"
"77","1997","5","Karnataka","Bidar","6621.0","587.0","5627.0","1177.0","458.0","554.0","12706.0","2318.0"
"77","1998","5","Karnataka","Bidar","-1.0","-1.0","-1.0","-1.0","-1.0","-1.0","-1.0","-1.0"
"77","1999","5","Karnataka","Bidar","-1.0","-1.0","-1.0","-1.0","-1.0","-1.0","-1.0","-1.0"
"77","2000","5","Karnataka","Bidar","8284.0","2954.0","2816.0","3024.0","1659.0","724.0","12759.0","6702.0"
"77","2001","5","Karnataka","Bidar","7374.0","3912.0","5125.0","6217.0","742.0","1256.0","13241.0","11385.0"
"77","2002","5","Karnataka","Bidar","5845.0","3769.0","2906.0","5025.0","789.0","895.0","9540.0","9689.0"
"77","2003","5","Karnataka","Bidar","3025.0","2006.0","1703.0","1628.0","517.0","568.0","5245.0","4202.0"
"77","2004","5","Karnataka","Bidar","5458.0","3019.0","5259.0","2678.0","704.0","820.0","11421.0","6517.0"
"77","2005","5","Karnataka","Bidar","7029.0","3178.0","4989.0","2607.0","971.0","1658.0","12989.0","7443.0"
"77","2006","5","Karnataka","Bidar","8910.0","2227.0","6735.0","1933.0","1286.0","737.0","16931.0","4897.0"
"77","2007","5","Karnataka","Bidar","6259.0","2763.0","6743.0","1351.0","1323.0","874.0","14325.0","4988.0"
"77","2008","5","Karnataka","Bidar","6769.0","6579.0","7804.0","7700.0","2336.0","1229.0","16909.0","15508.0"
"77","2009","5","Karnataka","Bidar","7837.0","4692.0","7958.0","5113.0","2347.0","2435.0","18142.0","12240.0"
"77","2010","5","Karnataka","Bidar","11446.0","4353.0","12082.0","4132.0","2584.0","1133.0","26112.0","9618.0"
"77","2011","5","Karnataka","Bidar","9082.0","9358.0","10887.0","10336.0","1511.0","2952.0","21480.0","22646.0"
"77","2012","5","Karnataka","Bidar","6479.0","7900.0","3602.0","8198.0","2247.0","1689.0","12328.0","17787.0"
"77","2013","5","Karnataka","Bidar","9571.0","5391.0","3997.0","1998.0","909.0","1052.0","14477.0","8441.0"
"77","2014","5","Karnataka","Bidar","12266.0","3626.0","9590.0","3343.0","2192.0","1509.0","24048.0","8478.0"
"77","2015","5","Karnataka","Bidar","8684.0","4797.0","7676.0","4636.0","1534.0","454.0","17894.0","9887.0"
"77","2016","5","Karnataka","Bidar","7059.0","4799.0","5145.0","5867.0","742.0","1046.0","12946.0","11712.0"
"77","2017","5","Karnataka","Bidar","6694.0","3581.0","4578.0","3919.0","1449.0","939.0","12721.0","8439.0"
"78","1990","5","Karnataka","Raichur","24709.0","26593.0","12535.0","13274.0","7391.0","7356.0","44635.0","47223.0"
"78","1991","5","Karnataka","Raichur","29001.0","31846.0","15913.0","15076.0","7245.0","8892.0","52159.0","55814.0"
"78","1993","5","Karnataka","Raichur","35770.0","27737.0","15891.0","12305.0","5337.0","5069.0","56998.0","45111.0"
"78","1994","5","Karnataka","Raichur","33197.0","38775.0","15637.0","9727.0","7106.0","6051.0","55940.0","54553.0"
"78","1995","5","Karnataka","Raichur","36443.0","38465.0","15152.0","15945.0","7753.0","8882.0","59348.0","63292.0"
"78","1996","5","Karnataka","Raichur","32955.0","36235.0","11017.0","15063.0","4408.0","7655.0","48380.0","58953.0"
"78","1997","5","Karnataka","Raichur","35645.0","36476.0","19315.0","15719.0","8627.0","9085.0","63587.0","61280.0"
"78","1998","5","Karnataka","Raichur","-1.0","-1.0","-1.0","-1.0","-1.0","-1.0","-1.0","-1.0"
"78","1999","5","Karnataka","Raichur","-1.0","-1.0","-1.0","-1.0","-1.0","-1.0","-1.0","-1.0"
"78","2000","5","Karnataka","Raichur","51445.0","50137.0","25189.0","23947.0","15358.0","13730.0","91992.0","87814.0"
"78","2001","5","Karnataka","Raichur","44706.0","49478.0","19672.0","23927.0","12139.0","15173.0","76517.0","88578.0"
"78","2002","5","Karnataka","Raichur","50555.0","23041.0","19039.0","11950.0","12360.0","6264.0","81954.0","41255.0"
"78","2003","5","Karnataka","Raichur","40146.0","29735.0","16444.0","14766.0","10258.0","10337.0","66848.0","54838.0"
"78","2004","5","Karnataka","Raichur","51426.0","37114.0","24415.0","19140.0","14442.0","12835.0","90283.0","69089.0"
"78","2005","5","Karnataka","Raichur","51155.0","51081.0","26007.0","31442.0","17009.0","21449.0","94171.0","103972.0"
"78","2006","5","Karnataka","Raichur","54601.0","38509.0","28569.0","22771.0","15320.0","14923.0","98490.0","76203.0"
"78","2007","5","Karnataka","Raichur","63824.0","50752.0","30835.0","20524.0","22743.0","28308.0","117402.0","99584.0"
"78","2008","5","Karnataka","Raichur","60277.0","54205.0","29841.0","34311.0","21851.0","18128.0","111969.0","106644.0"
"78","2009","5","Karnataka","Raichur","66516.0","60119.0","38562.0","31748.0","20195.0","32112.0","125273.0","123979.0"
"78","2010","5","Karnataka","Raichur","73819.0","77316.0","59275.0","44570.0","20707.0","25319.0","153801.0","147205.0"
"78","2011","5","Karnataka","Raichur","76092.0","78759.0","44086.0","62219.0","9110.0","34254.0","129288.0","175232.0"
"78","2012","5","Karnataka","Raichur","66128.0","73562.0","25123.0","29391.0","14023.0","14550.0","105274.0","117503.0"
"78","2013","5","Karnataka","Raichur","78397.0","55721.0","29894.0","30004.0","17675.0","14218.0","125966.0","99943.0"
"78","2014","5","Karnataka","Raichur","75923.0","78261.0","36965.0","34545.0","19771.0","24265.0","132659.0","137071.0"
"78","2015","5","Karnataka","Raichur","80019.0","43932.0","40421.0","25786.0","17138.0","12776.0","137578.0","82494.0"
"78","2016","5","Karnataka","Raichur","78620.0","28677.0","41302.0","20579.0","14855.0","6755.0","134778.0","56011.0"
"78","2017","5","Karnataka","Raichur","59287.0","56545.0","33235.0","29382.0","11444.0","11312.0","103966.0","97239.0"
"79","1990","5","Karnataka","Gulbarga / Kalaburagi","11239.0","4370.0","11291.0","4343.0","1414.0","750.0","23944.0","9463.0"
"79","1991","5","Karnataka","Gulbarga / Kalaburagi","8362.0","4837.0","12996.0","3947.0","899.0","1196.0","22257.0","9980.0"
"79","1993","5","Karnataka","Gulbarga / Kalaburagi","5815.0","4114.0","5728.0","2164.0","784.0","486.0","12327.0","6764.0"
"79","1994","5","Karnataka","Gulbarga / Kalaburagi","8193.0","3666.0","9395.0","1320.0","1470.0","788.0","19058.0","5774.0"
"79","1995","5","Karnataka","Gulbarga / Kalaburagi","9629.0","6685.0","10954.0","5522.0","2035.0","1772.0","22618.0","13979.0"
"79","1996","5","Karnataka","Gulbarga / Kalaburagi","8502.0","4635.0","7127.0","2435.0","873.0","567.0","16502.0","7637.0"
"79","1997","5","Karnataka","Gulbarga / Kalaburagi","11332.0","4742.0","14660.0","2466.0","876.0","875.0","26868.0","8083.0"
"79","1998","5","Karnataka","Gulbarga / Kalaburagi","-1.0","-1.0","-1.0","-1.0","-1.0","-1.0","-1.0","-1.0"
"79","1999","5","Karnataka","Gulbarga / Kalaburagi","-1.0","-1.0","-1.0","-1.0","-1.0","-1.0","-1.0","-1.0"
"79","2000","5","Karnataka","Gulbarga / Kalaburagi","17118.0","10707.0","17409.0","8500.0","2330.0","2390.0","36857.0","21597.0"
"79","2001","5","Karnataka","Gulbarga / Kalaburagi","15693.0","14522.0","16679.0","11914.0","1955.0","2846.0","34327.0","29282.0"
"79","2002","5","Karnataka","Gulbarga / Kalaburagi","15533.0","16286.0","13300.0","11094.0","2429.0","2909.0","31262.0","30289.0"
"79","2003","5","Karnataka","Gulbarga / Kalaburagi","17285.0","18635.0","13238.0","11327.0","2973.0","5197.0","33496.0","35159.0"
"79","2004","5","Karnataka","Gulbarga / Kalaburagi","22548.0","20447.0","18428.0","14670.0","3507.0","5388.0","44483.0","40505.0"
"79","2005","5","Karnataka","Gulbarga / Kalaburagi","23253.0","20915.0","20078.0","14530.0","3887.0","7374.0","47218.0","42819.0"
"79","2006","5","Karnataka","Gulbarga / Kalaburagi","28466.0","19585.0","24040.0","12535.0","5584.0","6530.0","58090.0","38650.0"
"79","2007","5","Karnataka","Gulbarga / Kalaburagi","28205.0","18469.0","21004.0","8149.0","7116.0","6037.0","56325.0","32655.0"
"79","2008","5","Karnataka","Gulbarga / Kalaburagi","27246.0","27455.0","26222.0","18914.0","8624.0","6269.0","62092.0","52638.0"
"79","2009","5","Karnataka","Gulbarga / Kalaburagi","32616.0","32852.0","30065.0","21496.0","8004.0","15482.0","70685.0","69830.0"
"79","2010","5","Karnataka","Gulbarga / Kalaburagi","34916.0","47713.0","37190.0","25125.0","8779.0","9720.0","80885.0","82558.0"
"79","2011","5","Karnataka","Gulbarga / Kalaburagi","34701.0","31056.0","27680.0","34440.0","2261.0","9507.0","64642.0","75003.0"
"79","2012","5","Karnataka","Gulbarga / Kalaburagi","26107.0","29956.0","14381.0","20157.0","6396.0","4715.0","46884.0","54828.0"
"79","2013","5","Karnataka","Gulbarga / Kalaburagi","36138.0","23452.0","22192.0","12047.0","5402.0","5935.0","63732.0","41434.0"
"79","2014","5","Karnataka","Gulbarga / Kalaburagi","38247.0","30388.0","29891.0","16781.0","10339.0","8883.0","78477.0","56052.0"
"79","2015","5","Karnataka","Gulbarga / Kalaburagi","38179.0","30165.0","31424.0","18869.0","5979.0","3618.0","75582.0","52652.0"
"79","2016","5","Karnataka","Gulbarga / Kalaburagi","40329.0","35931.0","31377.0","24719.0","5254.0","7808.0","76961.0","68458.0"
"79","2017","5","Karnataka","Gulbarga / Kalaburagi","43708.0","26582.0","32341.0","13660.0","7262.0","5289.0","83311.0","45531.0"
"80","1990","5","Karnataka","Dakshina Kannada","4594.0","4282.0","2569.0","2595.0","5083.0","4401.0","12246.0","11278.0"
"80","1991","5","Karnataka","Dakshina Kannada","3869.0","4666.0","2705.0","2494.0","7586.0","3803.0","14160.0","10963.0"
"80","1993","5","Karnataka","Dakshina Kannada","4833.0","4031.0","2475.0","2078.0","5188.0","6154.0","12496.0","12263.0"
"80","1994","5","Karnataka","Dakshina Kannada","4161.0","3060.0","2120.0","998.0","5389.0","2958.0","11670.0","7016.0"
"80","1995","5","Karnataka","Dakshina Kannada","5763.0","4657.0","1991.0","1756.0","3540.0","3080.0","11294.0","9493.0"
"80","1996","5","Karnataka","Dakshina Kannada","5114.0","3790.0","1725.0","1389.0","3599.0","2492.0","10438.0","7671.0"
"80","1997","5","Karnataka","Dakshina Kannada","7211.0","3986.0","2316.0","1277.0","7512.0","4618.0","17039.0","9881.0"
"80","1998","5","Karnataka","Dakshina Kannada","0.0","0.0","0.0","0.0","0.0","0.0","0.0","0.0"
"80","1999","5","Karnataka","Dakshina Kannada","0.0","0.0","0.0","0.0","0.0","0.0","0.0","0.0"
"80","2000","5","Karnataka","Dakshina Kannada","5248.0","2954.0","3509.0","1585.0","4408.0","1850.0","13165.0","6389.0"
"80","2001","5","Karnataka","Dakshina Kannada","3857.0","2920.0","2647.0","1901.0","3339.0","2241.0","9843.0","7062.0"
"80","2002","5","Karnataka","Dakshina Kannada","4225.0","3237.0","3307.0","2046.0","4082.0","2672.0","11614.0","7955.0"
"80","2003","5","Karnataka","Dakshina Kannada","4135.0","3701.0","2738.0","1881.0","3995.0","2856.0","10868.0","8438.0"
"80","2004","5","Karnataka","Dakshina Kannada","4818.0","2654.0","3469.0","1643.0","5312.0","2819.0","13599.0","7116.0"
"80","2005","5","Karnataka","Dakshina Kannada","4958.0","3468.0","2254.0","2988.0","7014.0","3944.0","14226.0","10400.0"
"80","2006","5","Karnataka","Dakshina Kannada","6315.0","3183.0","2905.0","2248.0","7166.0","3754.0","16386.0","9185.0"
"80","2007","5","Karnataka","Dakshina Kannada","5498.0","2640.0","3037.0","1398.0","9102.0","3071.0","17637.0","7109.0"
"80","2008","5","Karnataka","Dakshina Kannada","6092.0","3686.0","3419.0","2167.0","5128.0","3210.0","14639.0","9063.0"
"80","2009","5","Karnataka","Dakshina Kannada","6991.0","3682.0","4948.0","2289.0","5351.0","4237.0","17290.0","10208.0"
"80","2010","5","Karnataka","Dakshina Kannada","5542.0","6372.0","2638.0","3700.0","3196.0","4461.0","11376.0","14533.0"
"80","2011","5","Karnataka","Dakshina Kannada","5576.0","5126.0","2700.0","2933.0","2481.0","5964.0","10757.0","14023.0"
"80","2012","5","Karnataka","Dakshina Kannada","5728.0","4926.0","2146.0","2316.0","3723.0","2713.0","11597.0","9955.0"
"80","2013","5","Karnataka","Dakshina Kannada","5080.0","3976.0","2072.0","1667.0","2617.0","2607.0","9769.0","8250.0"
"80","2014","5","Karnataka","Dakshina Kannada","6082.0","5380.0","3083.0","2629.0","3864.0","4420.0","13029.0","12429.0"
"80","2015","5","Karnataka","Dakshina Kannada","5476.0","5036.0","2260.0","3493.0","3645.0","4503.0","11381.0","13032.0"
"80","2016","5","Karnataka","Dakshina Kannada","5337.0","4426.0","2679.0","3213.0","4128.0","4954.0","12143.0","12593.0"
"80","2017","5","Karnataka","Dakshina Kannada","4724.0","4976.0","2654.0","3436.0","4553.0","4594.0","11931.0","13006.0"
"81","1990","5","Karnataka","Uttara Kannada","1892.0","916.0","1074.0","359.0","1147.0","1101.0","4113.0","2376.0"
"81","1991","5","Karnataka","Uttara Kannada","2010.0","1280.0","1196.0","792.0","1679.0","1050.0","4885.0","3122.0"
"81","1993","5","Karnataka","Uttara Kannada","1833.0","904.0","952.0","353.0","395.0","328.0","3180.0","1585.0"
"81","1994","5","Karnataka","Uttara Kannada","2460.0","836.0","967.0","199.0","580.0","204.0","4007.0","1239.0"
"81","1995","5","Karnataka","Uttara Kannada","2266.0","1320.0","1225.0","1059.0","908.0","882.0","4399.0","3261.0"
"81","1996","5","Karnataka","Uttara Kannada","2164.0","568.0","525.0","325.0","655.0","296.0","3344.0","1189.0"
"81","1997","5","Karnataka","Uttara Kannada","3384.0","594.0","1998.0","395.0","1014.0","269.0","6396.0","1258.0"
"81","1998","5","Karnataka","Uttara Kannada","-1.0","-1.0","-1.0","-1.0","-1.0","-1.0","-1.0","-1.0"
"81","1999","5","Karnataka","Uttara Kannada","-1.0","-1.0","-1.0","-1.0","-1.0","-1.0","-1.0","-1.0"
"81","2000","5","Karnataka","Uttara Kannada","3139.0","1166.0","1946.0","1214.0","1429.0","909.0","6514.0","3289.0"
"81","2001","5","Karnataka","Uttara Kannada","2783.0","1106.0","1636.0","1333.0","942.0","842.0","5361.0","3281.0"
"81","2002","5","Karnataka","Uttara Kannada","2115.0","1042.0","1114.0","954.0","1072.0","642.0","4301.0","2638.0"
"81","2003","5","Karnataka","Uttara Kannada","2451.0","1077.0","1454.0","953.0","1212.0","529.0","5117.0","2559.0"
"81","2004","5","Karnataka","Uttara Kannada","3145.0","1031.0","2131.0","1285.0","1980.0","822.0","7256.0","3138.0"
"81","2005","5","Karnataka","Uttara Kannada","4333.0","1530.0","2161.0","1637.0","2046.0","1293.0","8540.0","4460.0"
"81","2006","5","Karnataka","Uttara Kannada","5048.0","1161.0","2964.0","1350.0","2223.0","1065.0","10235.0","3576.0"
"81","2007","5","Karnataka","Uttara Kannada","4338.0","1579.0","2225.0","1333.0","2104.0","1186.0","8667.0","4098.0"
"81","2008","5","Karnataka","Uttara Kannada","5981.0","2440.0","3515.0","3106.0","3115.0","1032.0","12611.0","6578.0"
"81","2009","5","Karnataka","Uttara Kannada","5695.0","2365.0","4704.0","2384.0","2276.0","1698.0","12675.0","6447.0"
"81","2010","5","Karnataka","Uttara Kannada","4762.0","2755.0","3585.0","1499.0","2775.0","1731.0","11122.0","5985.0"
"81","2011","5","Karnataka","Uttara Kannada","4660.0","2819.0","3434.0","2725.0","862.0","1639.0","8956.0","7183.0"
"81","2012","5","Karnataka","Uttara Kannada","3539.0","2482.0","1401.0","1388.0","1278.0","885.0","6218.0","4755.0"
"81","2013","5","Karnataka","Uttara Kannada","4714.0","2549.0","1947.0","1298.0","1352.0","859.0","8013.0","4706.0"
"81","2014","5","Karnataka","Uttara Kannada","5570.0","2541.0","2982.0","1345.0","2092.0","862.0","10644.0","4748.0"
"81","2015","5","Karnataka","Uttara Kannada","5948.0","4092.0","2652.0","1895.0","2018.0","1344.0","10618.0","7331.0"
"81","2016","5","Karnataka","Uttara Kannada","6704.0","1942.0","2241.0","1578.0","1751.0","1101.0","10696.0","4621.0"
"81","2017","5","Karnataka","Uttara Kannada","7012.0","1769.0","2828.0","1222.0","2534.0","1311.0","12374.0","4302.0"
"82","1990","5","Karnataka","Kodagu / Coorg","5216.0","3938.0","2522.0","2059.0","6660.0","2851.0","14398.0","8848.0"
"82","1991","5","Karnataka","Kodagu / Coorg","5153.0","4671.0","4145.0","2676.0","3071.0","3199.0","12369.0","10546.0"
"82","1993","5","Karnataka","Kodagu / Coorg","4294.0","3812.0","1767.0","2230.0","1524.0","4393.0","7585.0","10435.0"
"82","1994","5","Karnataka","Kodagu / Coorg","6636.0","2579.0","3966.0","1484.0","3619.0","3658.0","14221.0","7721.0"
"82","1995","5","Karnataka","Kodagu / Coorg","7164.0","4985.0","3779.0","3743.0","5288.0","5311.0","16231.0","14039.0"
"82","1996","5","Karnataka","Kodagu / Coorg","6271.0","2945.0","3012.0","1917.0","4407.0","2388.0","13690.0","7250.0"
"82","1997","5","Karnataka","Kodagu / Coorg","9266.0","3906.0","6289.0","2908.0","9963.0","4147.0","25518.0","10961.0"
"82","1998","5","Karnataka","Kodagu / Coorg","-1.0","-1.0","-1.0","-1.0","-1.0","-1.0","-1.0","-1.0"
"82","1999","5","Karnataka","Kodagu / Coorg","-1.0","-1.0","-1.0","-1.0","-1.0","-1.0","-1.0","-1.0"
"82","2000","5","Karnataka","Kodagu / Coorg","10901.0","3524.0","6767.0","2081.0","9563.0","2687.0","27231.0","8292.0"
"82","2001","5","Karnataka","Kodagu / Coorg","6286.0","3172.0","4434.0","1779.0","6836.0","2394.0","17556.0","7345.0"
"82","2002","5","Karnataka","Kodagu / Coorg","6498.0","5050.0","3703.0","2884.0","6646.0","3722.0","16847.0","11656.0"
"82","2003","5","Karnataka","Kodagu / Coorg","5911.0","4137.0","3406.0","2102.0","5409.0","1470.0","14726.0","7709.0"
"82","2004","5","Karnataka","Kodagu / Coorg","7708.0","3789.0","5086.0","2850.0","8404.0","2899.0","21198.0","9538.0"
"82","2005","5","Karnataka","Kodagu / Coorg","8713.0","4409.0","5262.0","3514.0","8493.0","3981.0","22468.0","11904.0"
"82","2006","5","Karnataka","Kodagu / Coorg","10554.0","5437.0","6683.0","2540.0","7267.0","3734.0","24504.0","11711.0"
"82","2007","5","Karnataka","Kodagu / Coorg","9740.0","6224.0","7184.0","2676.0","8684.0","3572.0","25608.0","12472.0"
"82","2008","5","Karnataka","Kodagu / Coorg","11131.0","6660.0","5880.0","4944.0","10110.0","3567.0","27121.0","15171.0"
"82","2009","5","Karnataka","Kodagu / Coorg","13246.0","6415.0","8072.0","4484.0","11172.0","9936.0","32490.0","20835.0"
"82","2010","5","Karnataka","Kodagu / Coorg","12585.0","9019.0","10136.0","5367.0","10125.0","4905.0","32846.0","19291.0"
"82","2011","5","Karnataka","Kodagu / Coorg","9837.0","10980.0","8333.0","10738.0","5517.0","11268.0","23687.0","32986.0"
"82","2012","5","Karnataka","Kodagu / Coorg","6879.0","7378.0","3004.0","4729.0","6752.0","5291.0","16635.0","17398.0"
"82","2013","5","Karnataka","Kodagu / Coorg","12087.0","6215.0","6863.0","4197.0","8362.0","4294.0","27312.0","14706.0"
"82","2014","5","Karnataka","Kodagu / Coorg","11237.0","8390.0","6893.0","4265.0","8802.0","5780.0","26932.0","18435.0"
"82","2015","5","Karnataka","Kodagu / Coorg","13147.0","9070.0","8044.0","5202.0","10922.0","6620.0","32113.0","20892.0"
"82","2016","5","Karnataka","Kodagu / Coorg","12320.0","5196.0","7414.0","4354.0","7362.0","4300.0","27096.0","13850.0"
"82","2017","5","Karnataka","Kodagu / Coorg","13806.0","5851.0","8288.0","3695.0","10738.0","2812.0","32832.0","12358.0"
"83","1990","11","Tamil Nadu","Chengalpattu MGR / Kanchipuram","11361.0","24967.0","6337.0","8963.0","5425.0","10058.0","23123.0","43988.0"
"83","1991","11","Tamil Nadu","Chengalpattu MGR / Kanchipuram","12320.0","21044.0","6288.0","8053.0","6011.0","6693.0","24619.0","35790.0"
"83","1993","11","Tamil Nadu","Chengalpattu MGR / Kanchipuram","9899.0","24735.0","4262.0","9558.0","3402.0","8988.0","17563.0","43281.0"
"83","1994","11","Tamil Nadu","Chengalpattu MGR / Kanchipuram","11179.0","27380.0","6027.0","9683.0","5801.0","8459.0","23007.0","45522.0"
"83","1995","11","Tamil Nadu","Chengalpattu MGR / Kanchipuram","13870.0","30843.0","4955.0","7674.0","5476.0","6662.0","24301.0","45179.0"
"83","1996","11","Tamil Nadu","Chengalpattu MGR / Kanchipuram","11901.0","23821.0","3803.0","8887.0","2353.0","7158.0","18057.0","39866.0"
"83","1997","11","Tamil Nadu","Chengalpattu MGR / Kanchipuram","12976.0","24716.0","5852.0","8516.0","4618.0","8337.0","23446.0","41569.0"
"83","1998","11","Tamil Nadu","Chengalpattu MGR / Kanchipuram","-1.0","-1.0","-1.0","-1.0","-1.0","-1.0","-1.0","-1.0"
"83","1999","11","Tamil Nadu","Chengalpattu MGR / Kanchipuram","-1.0","-1.0","-1.0","-1.0","-1.0","-1.0","-1.0","-1.0"
"83","2000","11","Tamil Nadu","Chengalpattu MGR / Kanchipuram","19261.0","22797.0","6733.0","9196.0","3317.0","6831.0","29311.0","38824.0"
"83","2001","11","Tamil Nadu","Chengalpattu MGR / Kanchipuram","12874.0","28966.0","4710.0","11679.0","3216.0","9051.0","20800.0","49696.0"
"83","2002","11","Tamil Nadu","Chengalpattu MGR / Kanchipuram","15299.0","22117.0","4734.0","8941.0","3121.0","8650.0","23154.0","39708.0"
"83","2003","11","Tamil Nadu","Chengalpattu MGR / Kanchipuram","9837.0","21095.0","5008.0","8316.0","4347.0","8299.0","19192.0","37710.0"
"83","2004","11","Tamil Nadu","Chengalpattu MGR / Kanchipuram","13138.0","25768.0","7198.0","9514.0","8916.0","12709.0","29252.0","47991.0"
"83","2005","11","Tamil Nadu","Chengalpattu MGR / Kanchipuram","17742.0","26622.0","9430.0","10902.0","9673.0","14038.0","36845.0","51562.0"
"83","2006","11","Tamil Nadu","Chengalpattu MGR / Kanchipuram","21179.0","21508.0","10405.0","9836.0","8274.0","5497.0","39858.0","36841.0"
"83","2007","11","Tamil Nadu","Chengalpattu MGR / Kanchipuram","10759.0","26062.0","5278.0","15298.0","3560.0","18228.0","19597.0","59588.0"
"83","2008","11","Tamil Nadu","Chengalpattu MGR / Kanchipuram","12564.0","24887.0","6623.0","12637.0","14028.0","9318.0","33215.0","46842.0"
"83","2009","11","Tamil Nadu","Chengalpattu MGR / Kanchipuram","15620.0","27590.0","7997.0","9820.0","3882.0","9363.0","27499.0","46773.0"
"83","2010","11","Tamil Nadu","Chengalpattu MGR / Kanchipuram","16273.0","28415.0","13738.0","12437.0","4165.0","8457.0","34176.0","49309.0"
"83","2011","11","Tamil Nadu","Chengalpattu MGR / Kanchipuram","15498.0","24793.0","8786.0","10579.0","2089.0","7368.0","26373.0","42740.0"
"83","2012","11","Tamil Nadu","Chengalpattu MGR / Kanchipuram","15212.0","26977.0","6794.0","7893.0","1858.0","5015.0","23864.0","39885.0"
"83","2013","11","Tamil Nadu","Chengalpattu MGR / Kanchipuram","17813.0","26143.0","6007.0","8118.0","2947.0","4683.0","26767.0","38944.0"
"83","2014","11","Tamil Nadu","Chengalpattu MGR / Kanchipuram","16681.0","25449.0","5105.0","9650.0","2336.0","4533.0","24122.0","39632.0"
"83","2015","11","Tamil Nadu","Chengalpattu MGR / Kanchipuram","14032.0","30910.0","5615.0","11171.0","2161.0","5636.0","21808.0","47717.0"
"83","2016","11","Tamil Nadu","Chengalpattu MGR / Kanchipuram","17222.0","24457.0","7909.0","8782.0","2738.0","5459.0","27869.0","38698.0"
"83","2017","11","Tamil Nadu","Chengalpattu MGR / Kanchipuram","12168.0","33190.0","4768.0","12815.0","2577.0","7058.0","19513.0","53063.0"
"84","1990","11","Tamil Nadu","South Arcot / Cuddalore","16764.0","27259.0","8862.0","9773.0","12635.0","13412.0","38261.0","50444.0"
"84","1991","11","Tamil Nadu","South Arcot / Cuddalore","14965.0","26091.0","7226.0","8886.0","10364.0","14625.0","32555.0","49602.0"
"84","1993","11","Tamil Nadu","South Arcot / Cuddalore","15561.0","33586.0","7053.0","11842.0","7041.0","13709.0","29655.0","59137.0"
"84","1994","11","Tamil Nadu","South Arcot / Cuddalore","22193.0","34152.0","11396.0","11120.0","13870.0","13744.0","47459.0","59016.0"
"84","1995","11","Tamil Nadu","South Arcot / Cuddalore","20619.0","26256.0","7367.0","9509.0","10017.0","11064.0","38003.0","46829.0"
"84","1996","11","Tamil Nadu","South Arcot / Cuddalore","22530.0","38115.0","8211.0","12703.0","9384.0","13179.0","40125.0","63997.0"
"84","1997","11","Tamil Nadu","South Arcot / Cuddalore","23609.0","33135.0","10908.0","12000.0","12254.0","12911.0","46771.0","58046.0"
"84","1998","11","Tamil Nadu","South Arcot / Cuddalore","-1.0","-1.0","-1.0","-1.0","-1.0","-1.0","-1.0","-1.0"
"84","1999","11","Tamil Nadu","South Arcot / Cuddalore","-1.0","-1.0","-1.0","-1.0","-1.0","-1.0","-1.0","-1.0"
"84","2000","11","Tamil Nadu","South Arcot / Cuddalore","28282.0","35208.0","9593.0","17604.0","9970.0","14715.0","47845.0","67527.0"
"84","2001","11","Tamil Nadu","South Arcot / Cuddalore","22514.0","42161.0","9509.0","16089.0","9414.0","16164.0","41437.0","74414.0"
"84","2002","11","Tamil Nadu","South Arcot / Cuddalore","18026.0","30404.0","6488.0","10158.0","8621.0","10509.0","33135.0","51071.0"
"84","2003","11","Tamil Nadu","South Arcot / Cuddalore","17527.0","33478.0","7417.0","14596.0","8949.0","11936.0","33893.0","60010.0"
"84","2004","11","Tamil Nadu","South Arcot / Cuddalore","21347.0","41215.0","13831.0","17346.0","12881.0","18284.0","48059.0","76845.0"
"84","2005","11","Tamil Nadu","South Arcot / Cuddalore","28156.0","43814.0","16548.0","21053.0","13920.0","20472.0","58624.0","85339.0"
"84","2006","11","Tamil Nadu","South Arcot / Cuddalore","35478.0","35742.0","20225.0","15188.0","12300.0","15920.0","68003.0","66850.0"
"84","2007","11","Tamil Nadu","South Arcot / Cuddalore","21292.0","34658.0","10812.0","9881.0","10525.0","14089.0","42629.0","58628.0"
"84","2008","11","Tamil Nadu","South Arcot / Cuddalore","26367.0","41353.0","9351.0","11356.0","13432.0","24117.0","49150.0","76826.0"
"84","2009","11","Tamil Nadu","South Arcot / Cuddalore","26800.0","46127.0","11280.0","14205.0","13048.0","25073.0","51128.0","85405.0"
"84","2010","11","Tamil Nadu","South Arcot / Cuddalore","29198.0","51412.0","14153.0","17119.0","16075.0","21128.0","59426.0","89659.0"
"84","2011","11","Tamil Nadu","South Arcot / Cuddalore","43456.0","51136.0","17379.0","22453.0","6873.0","22979.0","67708.0","96568.0"
"84","2012","11","Tamil Nadu","South Arcot / Cuddalore","35092.0","55016.0","15415.0","18713.0","5510.0","13989.0","56017.0","87718.0"
"84","2013","11","Tamil Nadu","South Arcot / Cuddalore","36989.0","50601.0","11510.0","16849.0","8989.0","12860.0","57488.0","80310.0"
"84","2014","11","Tamil Nadu","South Arcot / Cuddalore","38254.0","56354.0","12782.0","20014.0","11788.0","15727.0","62824.0","92095.0"
"84","2015","11","Tamil Nadu","South Arcot / Cuddalore","37420.0","68236.0","12717.0","24131.0","10174.0","14783.0","60311.0","107150.0"
"84","2016","11","Tamil Nadu","South Arcot / Cuddalore","37937.0","44686.0","15994.0","16080.0","9933.0","13984.0","63864.0","74750.0"
"84","2017","11","Tamil Nadu","South Arcot / Cuddalore","22342.0","62795.0","8132.0","23771.0","10289.0","18072.0","40763.0","104638.0"
"85","1990","11","Tamil Nadu","North Arcot / Vellore","11488.0","23107.0","6366.0","8703.0","6825.0","10682.0","24679.0","42492.0"
"85","1991","11","Tamil Nadu","North Arcot / Vellore","11237.0","27408.0","6146.0","11341.0","6250.0","11294.0","23633.0","50043.0"
"85","1993","11","Tamil Nadu","North Arcot / Vellore","11701.0","27479.0","4696.0","11103.0","5347.0","10941.0","21744.0","49523.0"
"85","1994","11","Tamil Nadu","North Arcot / Vellore","15730.0","33563.0","7473.0","10520.0","9447.0","11188.0","32650.0","55271.0"
"85","1995","11","Tamil Nadu","North Arcot / Vellore","16970.0","25801.0","6601.0","8335.0","6520.0","9349.0","30091.0","43485.0"
"85","1996","11","Tamil Nadu","North Arcot / Vellore","15468.0","37325.0","4603.0","12761.0","5468.0","9028.0","25539.0","59114.0"
"85","1997","11","Tamil Nadu","North Arcot / Vellore","22294.0","30849.0","10708.0","10961.0","11007.0","10655.0","44009.0","52465.0"
"85","1998","11","Tamil Nadu","North Arcot / Vellore","-1.0","-1.0","-1.0","-1.0","-1.0","-1.0","-1.0","-1.0"
"85","1999","11","Tamil Nadu","North Arcot / Vellore","-1.0","-1.0","-1.0","-1.0","-1.0","-1.0","-1.0","-1.0"
"85","2000","11","Tamil Nadu","North Arcot / Vellore","18977.0","33119.0","6522.0","11796.0","5863.0","9774.0","31362.0","54689.0"
"85","2001","11","Tamil Nadu","North Arcot / Vellore","14536.0","36382.0","6340.0","14480.0","5859.0","15935.0","26735.0","66797.0"
"85","2002","11","Tamil Nadu","North Arcot / Vellore","13747.0","21355.0","5179.0","6891.0","5453.0","5947.0","24379.0","34193.0"
"85","2003","11","Tamil Nadu","North Arcot / Vellore","12218.0","25130.0","5669.0","9390.0","6002.0","6319.0","23889.0","40839.0"
"85","2004","11","Tamil Nadu","North Arcot / Vellore","15519.0","30610.0","8470.0","10779.0","6764.0","9475.0","30753.0","50864.0"
"85","2005","11","Tamil Nadu","North Arcot / Vellore","21135.0","32624.0","10648.0","13169.0","7375.0","10561.0","39158.0","56354.0"
"85","2006","11","Tamil Nadu","North Arcot / Vellore","26971.0","32190.0","12954.0","13782.0","6600.0","12018.0","46525.0","57990.0"
"85","2007","11","Tamil Nadu","North Arcot / Vellore","18306.0","40979.0","8860.0","15016.0","9801.0","17103.0","36967.0","73098.0"
"85","2008","11","Tamil Nadu","North Arcot / Vellore","26005.0","45034.0","9300.0","12504.0","14294.0","17879.0","49599.0","75417.0"
"85","2009","11","Tamil Nadu","North Arcot / Vellore","22355.0","41870.0","11835.0","13724.0","8465.0","20834.0","42655.0","76428.0"
"85","2010","11","Tamil Nadu","North Arcot / Vellore","23203.0","48459.0","11001.0","17270.0","8584.0","17948.0","42788.0","83677.0"
"85","2011","11","Tamil Nadu","North Arcot / Vellore","32462.0","45706.0","14643.0","19248.0","6309.0","15664.0","53414.0","80618.0"
"85","2012","11","Tamil Nadu","North Arcot / Vellore","28074.0","47473.0","11570.0","14546.0","7294.0","8624.0","46938.0","70643.0"
"85","2013","11","Tamil Nadu","North Arcot / Vellore","28916.0","39261.0","9101.0","11705.0","8136.0","6940.0","46153.0","57906.0"
"85","2014","11","Tamil Nadu","North Arcot / Vellore","22801.0","38851.0","6903.0","13886.0","5040.0","9469.0","34744.0","62206.0"
"85","2015","11","Tamil Nadu","North Arcot / Vellore","20552.0","62521.0","7784.0","19858.0","4701.0","10640.0","33037.0","93019.0"
"85","2016","11","Tamil Nadu","North Arcot / Vellore","25932.0","32578.0","10182.0","12216.0","6442.0","8690.0","42556.0","53484.0"
"85","2017","11","Tamil Nadu","North Arcot / Vellore","15225.0","53205.0","5651.0","17449.0","6275.0","12049.0","27151.0","82703.0"
"86","1990","11","Tamil Nadu","Salem","10029.0","15116.0","5947.0","6062.0","13061.0","8203.0","29037.0","29381.0"
"86","1991","11","Tamil Nadu","Salem","9970.0","23925.0","5478.0","9324.0","11383.0","8432.0","26831.0","41681.0"
"86","1993","11","Tamil Nadu","Salem","13057.0","20021.0","6615.0","9064.0","8928.0","10388.0","28600.0","39473.0"
"86","1994","11","Tamil Nadu","Salem","14684.0","21473.0","8627.0","7589.0","13589.0","12018.0","36900.0","41080.0"
"86","1995","11","Tamil Nadu","Salem","15335.0","19711.0","6200.0","6646.0","9641.0","9139.0","31176.0","35496.0"
"86","1996","11","Tamil Nadu","Salem","12184.0","28803.0","4956.0","10357.0","7629.0","9260.0","24769.0","48420.0"
"86","1997","11","Tamil Nadu","Salem","20258.0","22712.0","10507.0","9557.0","17451.0","8790.0","48216.0","41059.0"
"86","1998","11","Tamil Nadu","Salem","-1.0","-1.0","-1.0","-1.0","-1.0","-1.0","-1.0","-1.0"
"86","1999","11","Tamil Nadu","Salem","-1.0","-1.0","-1.0","-1.0","-1.0","-1.0","-1.0","-1.0"
"86","2000","11","Tamil Nadu","Salem","21769.0","28340.0","10790.0","11820.0","12592.0","11143.0","45151.0","51303.0"
"86","2001","11","Tamil Nadu","Salem","15967.0","28971.0","8758.0","12939.0","13920.0","11120.0","38645.0","53030.0"
"86","2002","11","Tamil Nadu","Salem","13721.0","20558.0","5847.0","6373.0","9762.0","6753.0","29330.0","33684.0"
"86","2003","11","Tamil Nadu","Salem","10797.0","16572.0","5565.0","7945.0","9557.0","10357.0","25919.0","34874.0"
"86","2004","11","Tamil Nadu","Salem","10599.0","19945.0","7175.0","9112.0","11078.0","15668.0","28852.0","44725.0"
"86","2005","11","Tamil Nadu","Salem","13939.0","21310.0","9008.0","10765.0","12327.0","17358.0","35274.0","49433.0"
"86","2006","11","Tamil Nadu","Salem","22700.0","27615.0","12326.0","14501.0","13039.0","16211.0","48065.0","58327.0"
"86","2007","11","Tamil Nadu","Salem","20626.0","28806.0","13082.0","12858.0","19193.0","12825.0","52901.0","54489.0"
"86","2008","11","Tamil Nadu","Salem","24966.0","37168.0","12083.0","17092.0","20803.0","20210.0","57852.0","74470.0"
"86","2009","11","Tamil Nadu","Salem","27509.0","32898.0","17347.0","15655.0","17703.0","18323.0","62559.0","66876.0"
"86","2010","11","Tamil Nadu","Salem","26013.0","38033.0","17430.0","20615.0","24179.0","19396.0","67622.0","78044.0"
"86","2011","11","Tamil Nadu","Salem","32226.0","41093.0","22166.0","23979.0","8024.0","22866.0","62416.0","87938.0"
"86","2012","11","Tamil Nadu","Salem","25804.0","31892.0","14270.0","15743.0","10413.0","10376.0","50487.0","58011.0"
"86","2013","11","Tamil Nadu","Salem","24784.0","25425.0","10558.0","13851.0","8841.0","10062.0","44183.0","49338.0"
"86","2014","11","Tamil Nadu","Salem","23104.0","38193.0","11817.0","15463.0","12736.0","10490.0","47657.0","64146.0"
"86","2015","11","Tamil Nadu","Salem","26038.0","41216.0","13293.0","20992.0","11681.0","11986.0","51012.0","74194.0"
"86","2016","11","Tamil Nadu","Salem","22020.0","24134.0","13872.0","14374.0","7932.0","9444.0","43824.0","47952.0"
"86","2017","11","Tamil Nadu","Salem","19070.0","27638.0","9199.0","21531.0","8521.0","14585.0","36790.0","63754.0"
"87","1990","11","Tamil Nadu","Coimbatore","16714.0","26126.0","6542.0","7909.0","13572.0","15060.0","36828.0","49095.0"
"87","1991","11","Tamil Nadu","Coimbatore","14720.0","25972.0","6136.0","8226.0","13370.0","14324.0","34226.0","48522.0"
"87","1993","11","Tamil Nadu","Coimbatore","15111.0","23715.0","4941.0","8198.0","11346.0","9238.0","31398.0","41151.0"
"87","1994","11","Tamil Nadu","Coimbatore","12770.0","26022.0","7349.0","6630.0","12523.0","13525.0","32642.0","46177.0"
"87","1995","11","Tamil Nadu","Coimbatore","15630.0","17081.0","5531.0","5419.0","11753.0","10329.0","32914.0","32829.0"
"87","1996","11","Tamil Nadu","Coimbatore","20198.0","22455.0","5338.0","6294.0","14212.0","8209.0","39748.0","36958.0"
"87","1997","11","Tamil Nadu","Coimbatore","23083.0","28853.0","10785.0","9394.0","19373.0","15411.0","53241.0","53658.0"
"87","1998","11","Tamil Nadu","Coimbatore","-1.0","-1.0","-1.0","-1.0","-1.0","-1.0","-1.0","-1.0"
"87","1999","11","Tamil Nadu","Coimbatore","-1.0","-1.0","-1.0","-1.0","-1.0","-1.0","-1.0","-1.0"
"87","2000","11","Tamil Nadu","Coimbatore","21967.0","29753.0","7921.0","9215.0","12000.0","17228.0","41888.0","56196.0"
"87","2001","11","Tamil Nadu","Coimbatore","17531.0","27461.0","6743.0","10143.0","14313.0","15099.0","38587.0","52703.0"
"87","2002","11","Tamil Nadu","Coimbatore","13687.0","30577.0","4836.0","11025.0","10298.0","13288.0","28821.0","54890.0"
"87","2003","11","Tamil Nadu","Coimbatore","11316.0","28544.0","7085.0","10957.0","13715.0","13027.0","32116.0","52528.0"
"87","2004","11","Tamil Nadu","Coimbatore","17615.0","34919.0","10174.0","12982.0","14160.0","20595.0","41949.0","68496.0"
"87","2005","11","Tamil Nadu","Coimbatore","24008.0","37244.0","12423.0","15533.0","15695.0","22691.0","52126.0","75468.0"
"87","2006","11","Tamil Nadu","Coimbatore","30080.0","28871.0","14850.0","15103.0","13020.0","24790.0","57950.0","68764.0"
"87","2007","11","Tamil Nadu","Coimbatore","25302.0","33274.0","13686.0","10196.0","24784.0","17173.0","63772.0","60643.0"
"87","2008","11","Tamil Nadu","Coimbatore","25019.0","29308.0","10460.0","12114.0","20986.0","19830.0","56465.0","61252.0"
"87","2009","11","Tamil Nadu","Coimbatore","23763.0","28456.0","12314.0","10950.0","16631.0","20783.0","52708.0","60189.0"
"87","2010","11","Tamil Nadu","Coimbatore","22324.0","34922.0","12544.0","11746.0","17583.0","18755.0","52451.0","65423.0"
"87","2011","11","Tamil Nadu","Coimbatore","23921.0","31633.0","13672.0","14413.0","9002.0","23561.0","46595.0","69607.0"
"87","2012","11","Tamil Nadu","Coimbatore","20266.0","25630.0","8749.0","8411.0","8878.0","9194.0","37892.0","43235.0"
"87","2013","11","Tamil Nadu","Coimbatore","20859.0","19174.0","7706.0","6824.0","11123.0","8543.0","39687.0","34540.0"
"87","2014","11","Tamil Nadu","Coimbatore","17259.0","29037.0","8368.0","11012.0","13197.0","13063.0","38823.0","53112.0"
"87","2015","11","Tamil Nadu","Coimbatore","20698.0","31418.0","8339.0","12798.0","13436.0","12081.0","42472.0","56296.0"
"87","2016","11","Tamil Nadu","Coimbatore","15007.0","22043.0","6649.0","10035.0","10403.0","10833.0","32059.0","42910.0"
"87","2017","11","Tamil Nadu","Coimbatore","10683.0","15435.0","5180.0","9071.0","9644.0","11571.0","25506.0","36076.0"
"88","1990","11","Tamil Nadu","Tiruchirapalli / Trichy","18925.0","36515.0","9962.0","11079.0","15229.0","19352.0","44116.0","66947.0"
"88","1991","11","Tamil Nadu","Tiruchirapalli / Trichy","19938.0","35254.0","10291.0","10858.0","17178.0","28660.0","47407.0","74772.0"
"88","1993","11","Tamil Nadu","Tiruchirapalli / Trichy","20786.0","36361.0","9097.0","13232.0","13474.0","17144.0","43356.0","66736.0"
"88","1994","11","Tamil Nadu","Tiruchirapalli / Trichy","24070.0","33727.0","12944.0","8305.0","17719.0","14709.0","54732.0","56742.0"
"88","1995","11","Tamil Nadu","Tiruchirapalli / Trichy","24127.0","30377.0","8093.0","8205.0","12432.0","15323.0","44652.0","53905.0"
"88","1996","11","Tamil Nadu","Tiruchirapalli / Trichy","20456.0","45273.0","6116.0","13283.0","10091.0","13156.0","36662.0","71712.0"
"88","1997","11","Tamil Nadu","Tiruchirapalli / Trichy","31373.0","35962.0","16689.0","13539.0","22362.0","22466.0","70424.0","71967.0"
"88","1998","11","Tamil Nadu","Tiruchirapalli / Trichy","-1.0","-1.0","-1.0","-1.0","-1.0","-1.0","-1.0","-1.0"
"88","1999","11","Tamil Nadu","Tiruchirapalli / Trichy","-1.0","-1.0","-1.0","-1.0","-1.0","-1.0","-1.0","-1.0"
"88","2000","11","Tamil Nadu","Tiruchirapalli / Trichy","32332.0","44491.0","12057.0","15543.0","12714.0","17289.0","57103.0","77323.0"
"88","2001","11","Tamil Nadu","Tiruchirapalli / Trichy","27235.0","42620.0","12375.0","16974.0","16437.0","24951.0","56047.0","84544.0"
"88","2002","11","Tamil Nadu","Tiruchirapalli / Trichy","19122.0","36301.0","7503.0","13519.0","10627.0","16060.0","37251.0","65881.0"
"88","2003","11","Tamil Nadu","Tiruchirapalli / Trichy","14722.0","33018.0","7525.0","15545.0","10962.0","14542.0","33209.0","63104.0"
"88","2004","11","Tamil Nadu","Tiruchirapalli / Trichy","21162.0","40295.0","14989.0","18507.0","15697.0","22443.0","51848.0","81246.0"
"88","2005","11","Tamil Nadu","Tiruchirapalli / Trichy","27770.0","42991.0","17626.0","22553.0","16957.0","24819.0","62353.0","90364.0"
"88","2006","11","Tamil Nadu","Tiruchirapalli / Trichy","36171.0","52259.0","21693.0","24862.0","14411.0","42092.0","72275.0","119213.0"
"88","2007","11","Tamil Nadu","Tiruchirapalli / Trichy","42017.0","58437.0","24760.0","22934.0","31438.0","32201.0","98215.0","113571.0"
"88","2008","11","Tamil Nadu","Tiruchirapalli / Trichy","47744.0","57834.0","25548.0","19316.0","31134.0","36522.0","104425.0","113671.0"
"88","2009","11","Tamil Nadu","Tiruchirapalli / Trichy","41205.0","54787.0","24144.0","18620.0","20188.0","36809.0","85537.0","110215.0"
"88","2010","11","Tamil Nadu","Tiruchirapalli / Trichy","37445.0","58466.0","21786.0","21302.0","23125.0","28166.0","82356.0","107933.0"
"88","2011","11","Tamil Nadu","Tiruchirapalli / Trichy","46887.0","60901.0","25963.0","28373.0","11341.0","36333.0","84190.0","125606.0"
"88","2012","11","Tamil Nadu","Tiruchirapalli / Trichy","39098.0","44313.0","18641.0","14854.0","10679.0","13952.0","68418.0","73119.0"
"88","2013","11","Tamil Nadu","Tiruchirapalli / Trichy","36194.0","41989.0","15778.0","13311.0","10479.0","14748.0","62451.0","70048.0"
"88","2014","11","Tamil Nadu","Tiruchirapalli / Trichy","31109.0","53150.0","14153.0","19056.0","13969.0","18132.0","59231.0","90338.0"
"88","2015","11","Tamil Nadu","Tiruchirapalli / Trichy","37837.0","54027.0","18427.0","22389.0","16029.0","17743.0","72293.0","94159.0"
"88","2016","11","Tamil Nadu","Tiruchirapalli / Trichy","28226.0","35656.0","15295.0","15750.0","9119.0","14854.0","52640.0","66260.0"
"88","2017","11","Tamil Nadu","Tiruchirapalli / Trichy","19741.0","48749.0","8234.0","17002.0","10870.0","15206.0","38845.0","80957.0"
"89","1990","11","Tamil Nadu","Thanjavur","29343.0","43711.0","15685.0","14980.0","14573.0","22833.0","59601.0","81523.0"
"89","1991","11","Tamil Nadu","Thanjavur","31479.0","37246.0","15651.0","9773.0","18538.0","20349.0","65668.0","67368.0"
"89","1993","11","Tamil Nadu","Thanjavur","30791.0","31973.0","12604.0","11062.0","17358.0","15909.0","60754.0","58945.0"
"89","1994","11","Tamil Nadu","Thanjavur","32751.0","43641.0","21412.0","10610.0","20750.0","13034.0","74914.0","67284.0"
"89","1995","11","Tamil Nadu","Thanjavur","30324.0","47474.0","13640.0","12434.0","12289.0","12127.0","56253.0","72035.0"
"89","1996","11","Tamil Nadu","Thanjavur","29534.0","44107.0","6958.0","11618.0","8114.0","10613.0","44607.0","66338.0"
"89","1997","11","Tamil Nadu","Thanjavur","41033.0","37785.0","18050.0","8039.0","13590.0","10096.0","72673.0","55920.0"
"89","1998","11","Tamil Nadu","Thanjavur","-1.0","-1.0","-1.0","-1.0","-1.0","-1.0","-1.0","-1.0"
"89","1999","11","Tamil Nadu","Thanjavur","-1.0","-1.0","-1.0","-1.0","-1.0","-1.0","-1.0","-1.0"
"89","2000","11","Tamil Nadu","Thanjavur","38965.0","53309.0","13305.0","18422.0","9390.0","19183.0","61660.0","90914.0"
"89","2001","11","Tamil Nadu","Thanjavur","39738.0","47284.0","16074.0","16758.0","10487.0","17269.0","66299.0","81312.0"
"89","2002","11","Tamil Nadu","Thanjavur","23476.0","46300.0","8919.0","11941.0","7833.0","12292.0","40229.0","70532.0"
"89","2003","11","Tamil Nadu","Thanjavur","18688.0","43801.0","6704.0","12856.0","7057.0","11945.0","32449.0","68603.0"
"89","2004","11","Tamil Nadu","Thanjavur","26617.0","54152.0","11919.0","15204.0","12993.0","18710.0","51529.0","88065.0"
"89","2005","11","Tamil Nadu","Thanjavur","36840.0","57805.0","14578.0","18415.0","13932.0","20823.0","65350.0","97042.0"
"89","2006","11","Tamil Nadu","Thanjavur","46906.0","35540.0","18067.0","11990.0","12240.0","22747.0","77213.0","70277.0"
"89","2007","11","Tamil Nadu","Thanjavur","35289.0","37490.0","17573.0","8594.0","21242.0","16901.0","74104.0","62986.0"
"89","2008","11","Tamil Nadu","Thanjavur","45860.0","48836.0","18936.0","16686.0","21782.0","21316.0","86579.0","86839.0"
"89","2009","11","Tamil Nadu","Thanjavur","41570.0","53925.0","20314.0","17982.0","14945.0","26912.0","76829.0","98820.0"
"89","2010","11","Tamil Nadu","Thanjavur","39153.0","47164.0","19063.0","14649.0","16146.0","20694.0","74362.0","82508.0"
"89","2011","11","Tamil Nadu","Thanjavur","49071.0","50951.0","22539.0","21656.0","8284.0","25154.0","79895.0","97762.0"
"89","2012","11","Tamil Nadu","Thanjavur","29122.0","44677.0","13045.0","10530.0","5759.0","10584.0","47926.0","65791.0"
"89","2013","11","Tamil Nadu","Thanjavur","45619.0","47060.0","17642.0","12217.0","10208.0","13493.0","73469.0","72770.0"
"89","2014","11","Tamil Nadu","Thanjavur","39539.0","57238.0","15806.0","15671.0","11047.0","15702.0","66393.0","88611.0"
"89","2015","11","Tamil Nadu","Thanjavur","46298.0","54833.0","16992.0","19708.0","13626.0","13400.0","76916.0","87942.0"
"89","2016","11","Tamil Nadu","Thanjavur","33845.0","56325.0","9923.0","16959.0","7436.0","15137.0","51204.0","88421.0"
"89","2017","11","Tamil Nadu","Thanjavur","30564.0","40288.0","7768.0","20019.0","9979.0","17956.0","48311.0","78262.0"
"90","1990","11","Tamil Nadu","Madurai","17482.0","25224.0","8213.0","9502.0","12381.0","17640.0","38076.0","52366.0"
"90","1991","11","Tamil Nadu","Madurai","16722.0","22358.0","8419.0","7414.0","13259.0","16681.0","38400.0","46453.0"
"90","1993","11","Tamil Nadu","Madurai","8028.0","27527.0","6041.0","10866.0","8845.0","14760.0","22914.0","53153.0"
"90","1994","11","Tamil Nadu","Madurai","16913.0","28559.0","8872.0","9512.0","13760.0","15734.0","39545.0","53805.0"
"90","1995","11","Tamil Nadu","Madurai","19089.0","20385.0","7152.0","6236.0","15114.0","15742.0","41355.0","42363.0"
"90","1996","11","Tamil Nadu","Madurai","16655.0","28798.0","5799.0","8670.0","7567.0","11324.0","30021.0","48792.0"
"90","1997","11","Tamil Nadu","Madurai","16080.0","33714.0","8271.0","10724.0","9328.0","15806.0","33679.0","60244.0"
"90","1998","11","Tamil Nadu","Madurai","-1.0","-1.0","-1.0","-1.0","-1.0","-1.0","-1.0","-1.0"
"90","1999","11","Tamil Nadu","Madurai","-1.0","-1.0","-1.0","-1.0","-1.0","-1.0","-1.0","-1.0"
"90","2000","11","Tamil Nadu","Madurai","23056.0","30066.0","11958.0","13711.0","8961.0","15717.0","43975.0","59494.0"
"90","2001","11","Tamil Nadu","Madurai","15943.0","26202.0","7651.0","10481.0","7876.0","11986.0","31470.0","48669.0"
"90","2002","11","Tamil Nadu","Madurai","11946.0","25184.0","7951.0","8569.0","7920.0","12991.0","27817.0","46744.0"
"90","2003","11","Tamil Nadu","Madurai","9084.0","24802.0","5173.0","10065.0","8089.0","9406.0","22346.0","44273.0"
"90","2004","11","Tamil Nadu","Madurai","15325.0","29892.0","8508.0","11483.0","10061.0","14305.0","33894.0","55680.0"
"90","2005","11","Tamil Nadu","Madurai","20860.0","31269.0","11412.0","13052.0","11069.0","15776.0","43341.0","60097.0"
"90","2006","11","Tamil Nadu","Madurai","25302.0","28251.0","12509.0","11217.0","8895.0","12117.0","46706.0","51585.0"
"90","2007","11","Tamil Nadu","Madurai","16419.0","30492.0","9383.0","9205.0","8435.0","16097.0","34237.0","55794.0"
"90","2008","11","Tamil Nadu","Madurai","23465.0","43678.0","11213.0","12721.0","14348.0","23648.0","49026.0","80047.0"
"90","2009","11","Tamil Nadu","Madurai","22940.0","36594.0","13080.0","12427.0","12453.0","20945.0","48473.0","69966.0"
"90","2010","11","Tamil Nadu","Madurai","21527.0","41867.0","10033.0","16135.0","10718.0","20310.0","42278.0","78312.0"
"90","2011","11","Tamil Nadu","Madurai","23242.0","42680.0","12954.0","17986.0","7690.0","21415.0","43886.0","82081.0"
"90","2012","11","Tamil Nadu","Madurai","22102.0","23057.0","10392.0","9150.0","4858.0","8100.0","37352.0","40307.0"
"90","2013","11","Tamil Nadu","Madurai","19419.0","19745.0","9259.0","8096.0","5706.0","7523.0","34384.0","35364.0"
"90","2014","11","Tamil Nadu","Madurai","14665.0","31978.0","7379.0","12946.0","4682.0","10027.0","26726.0","54951.0"
"90","2015","11","Tamil Nadu","Madurai","19479.0","32447.0","9122.0","13093.0","8860.0","8895.0","37461.0","54435.0"
"90","2016","11","Tamil Nadu","Madurai","15165.0","20883.0","9202.0","11342.0","5565.0","7999.0","29932.0","40224.0"
"90","2017","11","Tamil Nadu","Madurai","10658.0","23734.0","4937.0","10965.0","5045.0","8137.0","20640.0","42836.0"
"91","1990","11","Tamil Nadu","Ramananthapuram","5715.0","17631.0","2606.0","4883.0","3124.0","7245.0","11445.0","29759.0"
"91","1991","11","Tamil Nadu","Ramananthapuram","7774.0","22135.0","2995.0","6668.0","3186.0","8385.0","13955.0","37188.0"
"91","1993","11","Tamil Nadu","Ramananthapuram","5256.0","19760.0","1858.0","5575.0","1949.0","5342.0","9063.0","30677.0"
"91","1994","11","Tamil Nadu","Ramananthapuram","5877.0","15124.0","3287.0","3960.0","4215.0","4197.0","13379.0","23281.0"
"91","1995","11","Tamil Nadu","Ramananthapuram","6025.0","10306.0","2949.0","2259.0","2512.0","3178.0","11486.0","15743.0"
"91","1996","11","Tamil Nadu","Ramananthapuram","18681.0","13671.0","1400.0","3017.0","1738.0","2796.0","21819.0","19484.0"
"91","1997","11","Tamil Nadu","Ramananthapuram","5620.0","22333.0","2414.0","3993.0","2208.0","4321.0","10242.0","30647.0"
"91","1998","11","Tamil Nadu","Ramananthapuram","-1.0","-1.0","-1.0","-1.0","-1.0","-1.0","-1.0","-1.0"
"91","1999","11","Tamil Nadu","Ramananthapuram","-1.0","-1.0","-1.0","-1.0","-1.0","-1.0","-1.0","-1.0"
"91","2000","11","Tamil Nadu","Ramananthapuram","7569.0","15149.0","2820.0","3730.0","1527.0","2800.0","11916.0","21679.0"
"91","2001","11","Tamil Nadu","Ramananthapuram","5658.0","17290.0","2458.0","5070.0","1436.0","3338.0","9552.0","25698.0"
"91","2002","11","Tamil Nadu","Ramananthapuram","5342.0","16500.0","2741.0","4580.0","1700.0","3180.0","9783.0","24260.0"
"91","2003","11","Tamil Nadu","Ramananthapuram","3694.0","12633.0","1921.0","3712.0","1636.0","2911.0","7251.0","19256.0"
"91","2004","11","Tamil Nadu","Ramananthapuram","7744.0","15596.0","3491.0","4361.0","3116.0","4412.0","14351.0","24369.0"
"91","2005","11","Tamil Nadu","Ramananthapuram","10625.0","16516.0","4209.0","5227.0","3395.0","4831.0","18229.0","26574.0"
"91","2006","11","Tamil Nadu","Ramananthapuram","13113.0","17090.0","4926.0","4974.0","2625.0","3341.0","20664.0","25405.0"
"91","2007","11","Tamil Nadu","Ramananthapuram","5469.0","13723.0","3741.0","2929.0","2328.0","4171.0","11538.0","20823.0"
"91","2008","11","Tamil Nadu","Ramananthapuram","10282.0","22326.0","5157.0","8298.0","2699.0","7265.0","18138.0","37889.0"
"91","2009","11","Tamil Nadu","Ramananthapuram","7655.0","20261.0","5618.0","5947.0","2326.0","6908.0","15599.0","33116.0"
"91","2010","11","Tamil Nadu","Ramananthapuram","5575.0","22074.0","3593.0","7371.0","1741.0","6727.0","10909.0","36172.0"
"91","2011","11","Tamil Nadu","Ramananthapuram","6355.0","22751.0","3607.0","6680.0","1073.0","6335.0","11035.0","35766.0"
"91","2012","11","Tamil Nadu","Ramananthapuram","8647.0","13970.0","5193.0","3497.0","1320.0","3033.0","15160.0","20500.0"
"91","2013","11","Tamil Nadu","Ramananthapuram","6307.0","7127.0","3098.0","2318.0","749.0","1677.0","10154.0","11122.0"
"91","2014","11","Tamil Nadu","Ramananthapuram","4692.0","17754.0","1485.0","5308.0","696.0","4872.0","6873.0","27934.0"
"91","2015","11","Tamil Nadu","Ramananthapuram","9449.0","22122.0","4486.0","6667.0","1088.0","3764.0","15023.0","32553.0"
"91","2016","11","Tamil Nadu","Ramananthapuram","5966.0","11823.0","3864.0","5236.0","956.0","2341.0","10786.0","19400.0"
"91","2017","11","Tamil Nadu","Ramananthapuram","5264.0","35409.0","3049.0","3610.0","881.0","2205.0","9194.0","41224.0"
"92","1990","11","Tamil Nadu","Thirunelveli","11650.0","16751.0","5703.0","6097.0","5882.0","8926.0","23235.0","31774.0"
"92","1991","11","Tamil Nadu","Thirunelveli","13433.0","16072.0","6290.0","4650.0","7359.0","7976.0","27082.0","28698.0"
"92","1993","11","Tamil Nadu","Thirunelveli","8792.0","17190.0","3116.0","6030.0","3244.0","12037.0","15152.0","35257.0"
"92","1994","11","Tamil Nadu","Thirunelveli","9403.0","15117.0","4923.0","4908.0","6022.0","6871.0","20348.0","26896.0"
"92","1995","11","Tamil Nadu","Thirunelveli","10928.0","15213.0","4004.0","3622.0","5069.0","5473.0","20001.0","24308.0"
"92","1996","11","Tamil Nadu","Thirunelveli","8843.0","12887.0","2413.0","4039.0","2598.0","3948.0","13854.0","20874.0"
"92","1997","11","Tamil Nadu","Thirunelveli","7913.0","20673.0","3283.0","6301.0","3254.0","7238.0","14450.0","34212.0"
"92","1998","11","Tamil Nadu","Thirunelveli","-1.0","-1.0","-1.0","-1.0","-1.0","-1.0","-1.0","-1.0"
"92","1999","11","Tamil Nadu","Thirunelveli","-1.0","-1.0","-1.0","-1.0","-1.0","-1.0","-1.0","-1.0"
"92","2000","11","Tamil Nadu","Thirunelveli","12220.0","18443.0","5307.0","5156.0","3941.0","6346.0","21468.0","29945.0"
"92","2001","11","Tamil Nadu","Thirunelveli","8500.0","14642.0","4337.0","5904.0","4429.0","6382.0","17266.0","26928.0"
"92","2002","11","Tamil Nadu","Thirunelveli","7091.0","18662.0","3680.0","6530.0","2540.0","6528.0","13311.0","31720.0"
"92","2003","11","Tamil Nadu","Thirunelveli","4681.0","17456.0","3172.0","5733.0","2953.0","5921.0","10806.0","29110.0"
"92","2004","11","Tamil Nadu","Thirunelveli","10752.0","21412.0","5421.0","6676.0","6380.0","9108.0","22553.0","37196.0"
"92","2005","11","Tamil Nadu","Thirunelveli","14682.0","22844.0","6501.0","8177.0","6905.0","10059.0","28088.0","41080.0"
"92","2006","11","Tamil Nadu","Thirunelveli","18077.0","22375.0","7623.0","8251.0","5669.0","10351.0","31369.0","40977.0"
"92","2007","11","Tamil Nadu","Thirunelveli","13097.0","23607.0","6330.0","4275.0","7351.0","10166.0","26778.0","38048.0"
"92","2008","11","Tamil Nadu","Thirunelveli","17873.0","27359.0","7669.0","10787.0","8513.0","12981.0","34055.0","51127.0"
"92","2009","11","Tamil Nadu","Thirunelveli","15705.0","26493.0","7761.0","8193.0","7141.0","12513.0","30607.0","47199.0"
"92","2010","11","Tamil Nadu","Thirunelveli","17057.0","23052.0","8010.0","5628.0","6255.0","8610.0","31322.0","37290.0"
"92","2011","11","Tamil Nadu","Thirunelveli","12218.0","26165.0","5947.0","10271.0","1876.0","13569.0","20041.0","50005.0"
"92","2012","11","Tamil Nadu","Thirunelveli","13061.0","17027.0","7374.0","5562.0","1663.0","4264.0","22098.0","26853.0"
"92","2013","11","Tamil Nadu","Thirunelveli","11776.0","13768.0","4644.0","5001.0","2646.0","4100.0","19066.0","22869.0"
"92","2014","11","Tamil Nadu","Thirunelveli","10275.0","24869.0","4099.0","8528.0","2094.0","5138.0","16468.0","38535.0"
"92","2015","11","Tamil Nadu","Thirunelveli","15512.0","27056.0","6204.0","8548.0","3281.0","5676.0","24997.0","41280.0"
"92","2016","11","Tamil Nadu","Thirunelveli","15562.0","16169.0","8948.0","10112.0","2405.0","3360.0","26915.0","29641.0"
"92","2017","11","Tamil Nadu","Thirunelveli","5637.0","22241.0","3441.0","7324.0","1486.0","5568.0","10564.0","35133.0"
"93","1990","11","Tamil Nadu","The Nilgiris","3205.0","1997.0","497.0","685.0","2120.0","1814.0","5822.0","4496.0"
"93","1991","11","Tamil Nadu","The Nilgiris","3059.0","1369.0","725.0","381.0","2238.0","724.0","6022.0","2474.0"
"93","1993","11","Tamil Nadu","The Nilgiris","3045.0","1635.0","938.0","677.0","267.0","2262.0","4250.0","4574.0"
"93","1994","11","Tamil Nadu","The Nilgiris","1762.0","3207.0","689.0","597.0","2197.0","1070.0","4648.0","4874.0"
"93","1995","11","Tamil Nadu","The Nilgiris","3112.0","1989.0","854.0","890.0","647.0","1860.0","4613.0","4739.0"
"93","1996","11","Tamil Nadu","The Nilgiris","3451.0","2689.0","655.0","741.0","403.0","322.0","4509.0","3752.0"
"93","1997","11","Tamil Nadu","The Nilgiris","3513.0","2935.0","910.0","389.0","2730.0","1800.0","7153.0","5124.0"
"93","1998","11","Tamil Nadu","The Nilgiris","-1.0","-1.0","-1.0","-1.0","-1.0","-1.0","-1.0","-1.0"
"93","1999","11","Tamil Nadu","The Nilgiris","-1.0","-1.0","-1.0","-1.0","-1.0","-1.0","-1.0","-1.0"
"93","2000","11","Tamil Nadu","The Nilgiris","2474.0","2789.0","709.0","841.0","1903.0","966.0","5086.0","4596.0"
"93","2001","11","Tamil Nadu","The Nilgiris","4180.0","1849.0","883.0","858.0","3244.0","1770.0","8307.0","4477.0"
"93","2002","11","Tamil Nadu","The Nilgiris","2788.0","2503.0","1156.0","525.0","2434.0","1533.0","6378.0","4561.0"
"93","2003","11","Tamil Nadu","The Nilgiris","2832.0","1852.0","890.0","560.0","2267.0","1563.0","5989.0","3975.0"
"93","2004","11","Tamil Nadu","The Nilgiris","1114.0","2177.0","498.0","623.0","1700.0","2460.0","3312.0","5260.0"
"93","2005","11","Tamil Nadu","The Nilgiris","1558.0","2266.0","635.0","711.0","1823.0","2720.0","4016.0","5697.0"
"93","2006","11","Tamil Nadu","The Nilgiris","1786.0","1414.0","679.0","861.0","1531.0","2753.0","3996.0","5028.0"
"93","2007","11","Tamil Nadu","The Nilgiris","2431.0","917.0","989.0","401.0","2247.0","1300.0","5667.0","2618.0"
"93","2008","11","Tamil Nadu","The Nilgiris","2228.0","1469.0","1097.0","730.0","3163.0","1376.0","6488.0","3575.0"
"93","2009","11","Tamil Nadu","The Nilgiris","3326.0","1480.0","811.0","383.0","2500.0","1793.0","6637.0","3656.0"
"93","2010","11","Tamil Nadu","The Nilgiris","2018.0","2375.0","398.0","419.0","1510.0","1601.0","3926.0","4395.0"
"93","2011","11","Tamil Nadu","The Nilgiris","2354.0","1487.0","1104.0","464.0","1294.0","1388.0","4752.0","3339.0"
"93","2012","11","Tamil Nadu","The Nilgiris","1836.0","1242.0","328.0","219.0","827.0","1404.0","2991.0","2865.0"
"93","2013","11","Tamil Nadu","The Nilgiris","2395.0","1294.0","452.0","194.0","1445.0","892.0","4292.0","2380.0"
"93","2014","11","Tamil Nadu","The Nilgiris","1321.0","1538.0","209.0","226.0","1493.0","699.0","3023.0","2463.0"
"93","2015","11","Tamil Nadu","The Nilgiris","1104.0","1440.0","389.0","259.0","1615.0","1016.0","3108.0","2715.0"
"93","2016","11","Tamil Nadu","The Nilgiris","2583.0","1882.0","525.0","226.0","1365.0","1140.0","4473.0","3248.0"
"93","2017","11","Tamil Nadu","The Nilgiris","3010.0","1838.0","499.0","900.0","1068.0","832.0","4577.0","3570.0"
"94","1990","11","Tamil Nadu","Kanyakumari","2616.0","3980.0","1470.0","1593.0","2293.0","2507.0","6379.0","8080.0"
"94","1991","11","Tamil Nadu","Kanyakumari","2901.0","4870.0","1603.0","1757.0","2368.0","2711.0","6872.0","9338.0"
"94","1993","11","Tamil Nadu","Kanyakumari","3455.0","4416.0","1021.0","1894.0","1472.0","2303.0","5948.0","8613.0"
"94","1994","11","Tamil Nadu","Kanyakumari","2858.0","3680.0","1636.0","1712.0","2490.0","2031.0","6984.0","7423.0"
"94","1995","11","Tamil Nadu","Kanyakumari","3385.0","3083.0","1591.0","1475.0","1999.0","2060.0","6975.0","6618.0"
"94","1996","11","Tamil Nadu","Kanyakumari","2776.0","3094.0","1067.0","1370.0","1775.0","1892.0","5618.0","6356.0"
"94","1997","11","Tamil Nadu","Kanyakumari","2977.0","3188.0","1618.0","1533.0","2079.0","1887.0","6674.0","6608.0"
"94","1998","11","Tamil Nadu","Kanyakumari","-1.0","-1.0","-1.0","-1.0","-1.0","-1.0","-1.0","-1.0"
"94","1999","11","Tamil Nadu","Kanyakumari","-1.0","-1.0","-1.0","-1.0","-1.0","-1.0","-1.0","-1.0"
"94","2000","11","Tamil Nadu","Kanyakumari","3384.0","3444.0","1628.0","1569.0","1765.0","1957.0","6777.0","6970.0"
"94","2001","11","Tamil Nadu","Kanyakumari","2796.0","3690.0","1612.0","2310.0","1830.0","2374.0","6238.0","8374.0"
"94","2002","11","Tamil Nadu","Kanyakumari","1995.0","3687.0","913.0","1878.0","1703.0","2151.0","4611.0","7716.0"
"94","2003","11","Tamil Nadu","Kanyakumari","1580.0","3193.0","1279.0","1484.0","1839.0","2382.0","4698.0","7059.0"
"94","2004","11","Tamil Nadu","Kanyakumari","2054.0","3762.0","1312.0","1744.0","2524.0","3542.0","5890.0","9048.0"
"94","2005","11","Tamil Nadu","Kanyakumari","2686.0","3939.0","1682.0","1859.0","2776.0","3858.0","7144.0","9656.0"
"94","2006","11","Tamil Nadu","Kanyakumari","3150.0","2415.0","1470.0","1361.0","2086.0","1822.0","6706.0","5598.0"
"94","2007","11","Tamil Nadu","Kanyakumari","2060.0","1829.0","1405.0","636.0","2112.0","925.0","5577.0","3390.0"
"94","2008","11","Tamil Nadu","Kanyakumari","1910.0","3154.0","1581.0","1725.0","2144.0","1763.0","5635.0","6642.0"
"94","2009","11","Tamil Nadu","Kanyakumari","2601.0","3427.0","1417.0","1881.0","2587.0","2485.0","6605.0","7793.0"
"94","2010","11","Tamil Nadu","Kanyakumari","3962.0","3195.0","1598.0","1875.0","2414.0","1817.0","7974.0","6887.0"
"94","2011","11","Tamil Nadu","Kanyakumari","3960.0","4341.0","2361.0","2405.0","1233.0","2887.0","7554.0","9633.0"
"94","2012","11","Tamil Nadu","Kanyakumari","2450.0","2587.0","997.0","1137.0","673.0","913.0","4120.0","4637.0"
"94","2013","11","Tamil Nadu","Kanyakumari","3656.0","3037.0","1595.0","1278.0","1148.0","1258.0","6399.0","5573.0"
"94","2014","11","Tamil Nadu","Kanyakumari","3349.0","3857.0","1795.0","1620.0","1699.0","1567.0","6843.0","7044.0"
"94","2015","11","Tamil Nadu","Kanyakumari","3700.0","4389.0","1421.0","2160.0","1739.0","1054.0","6860.0","7603.0"
"94","2016","11","Tamil Nadu","Kanyakumari","3316.0","5475.0","1681.0","3559.0","601.0","1429.0","5598.0","10463.0"
"94","2017","11","Tamil Nadu","Kanyakumari","3587.0","6182.0","702.0","2965.0","708.0","1735.0","4997.0","10882.0"
"95","1990","7","Maharashtra","Bombay","-1.0","-1.0","-1.0","-1.0","-1.0","-1.0","-1.0","-1.0"
"95","1991","7","Maharashtra","Bombay","-1.0","-1.0","-1.0","-1.0","-1.0","-1.0","-1.0","-1.0"
"95","1993","7","Maharashtra","Bombay","-1.0","-1.0","-1.0","-1.0","-1.0","-1.0","-1.0","-1.0"
"95","1994","7","Maharashtra","Bombay","-1.0","-1.0","-1.0","-1.0","-1.0","-1.0","-1.0","-1.0"
"95","1995","7","Maharashtra","Bombay","-1.0","-1.0","-1.0","-1.0","-1.0","-1.0","-1.0","-1.0"
"95","1996","7","Maharashtra","Bombay","-1.0","-1.0","-1.0","-1.0","-1.0","-1.0","-1.0","-1.0"
"95","1997","7","Maharashtra","Bombay","-1.0","-1.0","-1.0","-1.0","-1.0","-1.0","-1.0","-1.0"
"95","1998","7","Maharashtra","Bombay","-1.0","-1.0","-1.0","-1.0","-1.0","-1.0","-1.0","-1.0"
"95","1999","7","Maharashtra","Bombay","-1.0","-1.0","-1.0","-1.0","-1.0","-1.0","-1.0","-1.0"
"95","2000","7","Maharashtra","Bombay","-1.0","-1.0","-1.0","-1.0","-1.0","-1.0","-1.0","-1.0"
"95","2001","7","Maharashtra","Bombay","-1.0","-1.0","-1.0","-1.0","-1.0","-1.0","-1.0","-1.0"
"95","2002","7","Maharashtra","Bombay","-1.0","-1.0","-1.0","-1.0","-1.0","-1.0","-1.0","-1.0"
"95","2003","7","Maharashtra","Bombay","-1.0","-1.0","-1.0","-1.0","-1.0","-1.0","-1.0","-1.0"
"95","2004","7","Maharashtra","Bombay","-1.0","-1.0","-1.0","-1.0","-1.0","-1.0","-1.0","-1.0"
"95","2005","7","Maharashtra","Bombay","-1.0","-1.0","-1.0","-1.0","-1.0","-1.0","-1.0","-1.0"
"95","2006","7","Maharashtra","Bombay","-1.0","-1.0","-1.0","-1.0","-1.0","-1.0","-1.0","-1.0"
"95","2007","7","Maharashtra","Bombay","-1.0","-1.0","-1.0","-1.0","-1.0","-1.0","-1.0","-1.0"
"95","2008","7","Maharashtra","Bombay","-1.0","-1.0","-1.0","-1.0","-1.0","-1.0","-1.0","-1.0"
"95","2011","7","Maharashtra","Bombay","16627.0","15321.0","4516.0","5988.0","658.0","860.0","21801.0","22169.0"
"96","1990","7","Maharashtra","Thane","5461.0","2963.0","1070.0","763.0","1146.0","1048.0","7677.0","4774.0"
"96","1991","7","Maharashtra","Thane","5747.0","4029.0","922.0","1300.0","1430.0","1298.0","8099.0","6627.0"
"96","1993","7","Maharashtra","Thane","7068.0","2971.0","370.0","605.0","284.0","471.0","7722.0","4047.0"
"96","1994","7","Maharashtra","Thane","6664.0","2905.0","560.0","1177.0","502.0","403.0","7726.0","4485.0"
"96","1995","7","Maharashtra","Thane","7544.0","2754.0","927.0","698.0","379.0","1010.0","8850.0","4462.0"
"96","1996","7","Maharashtra","Thane","9149.0","3482.0","606.0","1888.0","376.0","819.0","10131.0","6189.0"
"96","1997","7","Maharashtra","Thane","8874.0","3754.0","1048.0","1231.0","1365.0","646.0","11287.0","5631.0"
"96","1998","7","Maharashtra","Thane","-1.0","-1.0","-1.0","-1.0","-1.0","-1.0","-1.0","-1.0"
"96","1999","7","Maharashtra","Thane","-1.0","-1.0","-1.0","-1.0","-1.0","-1.0","-1.0","-1.0"
"96","2000","7","Maharashtra","Thane","8976.0","4467.0","803.0","1272.0","497.0","894.0","10276.0","6633.0"
"96","2001","7","Maharashtra","Thane","9102.0","4840.0","842.0","1311.0","479.0","998.0","10423.0","7149.0"
"96","2002","7","Maharashtra","Thane","9349.0","4425.0","756.0","1434.0","518.0","1264.0","10623.0","7123.0"
"96","2003","7","Maharashtra","Thane","9291.0","4922.0","999.0","1685.0","816.0","1194.0","11106.0","7801.0"
"96","2004","7","Maharashtra","Thane","9982.0","5008.0","967.0","1303.0","778.0","1286.0","11727.0","7597.0"
"96","2005","7","Maharashtra","Thane","11192.0","5350.0","1178.0","1377.0","791.0","1560.0","13161.0","8287.0"
"96","2006","7","Maharashtra","Thane","13089.0","5876.0","1641.0","1310.0","979.0","1639.0","15709.0","8825.0"
"96","2007","7","Maharashtra","Thane","14335.0","6216.0","1517.0","1141.0","1190.0","1667.0","17042.0","9024.0"
"96","2008","7","Maharashtra","Thane","12631.0","5467.0","1016.0","1043.0","1004.0","862.0","14651.0","7372.0"
"96","2009","7","Maharashtra","Thane","13042.0","4821.0","2260.0","1086.0","863.0","920.0","16165.0","6827.0"
"96","2010","7","Maharashtra","Thane","12052.0","3209.0","1576.0","1193.0","1197.0","738.0","14825.0","5140.0"
"96","2011","7","Maharashtra","Thane","10854.0","4390.0","1003.0","1465.0","774.0","887.0","12631.0","6742.0"
"96","2012","7","Maharashtra","Thane","12550.0","4172.0","1140.0","1078.0","975.0","936.0","14665.0","6186.0"
"96","2013","7","Maharashtra","Thane","12547.0","4886.0","1352.0","1642.0","889.0","1223.0","14788.0","7751.0"
"96","2014","7","Maharashtra","Thane","13026.0","5906.0","959.0","1528.0","861.0","1255.0","14846.0","8689.0"
"96","2015","7","Maharashtra","Thane","13658.0","5233.0","894.0","1686.0","656.0","1187.0","15208.0","8106.0"
"96","2016","7","Maharashtra","Thane","11738.0","4714.0","880.0","1684.0","605.0","1319.0","13224.0","7717.0"
"96","2017","7","Maharashtra","Thane","12011.0","4551.0","804.0","1806.0","656.0","1365.0","13471.0","7722.0"
"97","1990","7","Maharashtra","Raigad","4639.0","4242.0","610.0","1862.0","808.0","1706.0","6057.0","7810.0"
"97","1991","7","Maharashtra","Raigad","8381.0","4125.0","3107.0","1842.0","1259.0","1552.0","12747.0","7519.0"
"97","1993","7","Maharashtra","Raigad","7795.0","3611.0","362.0","1563.0","159.0","1135.0","8316.0","6309.0"
"97","1994","7","Maharashtra","Raigad","5243.0","3206.0","344.0","1092.0","152.0","500.0","5739.0","4798.0"
"97","1995","7","Maharashtra","Raigad","6289.0","1242.0","259.0","556.0","119.0","306.0","6667.0","2104.0"
"97","1996","7","Maharashtra","Raigad","7128.0","4380.0","427.0","1916.0","121.0","468.0","7676.0","6764.0"
"97","1997","7","Maharashtra","Raigad","6922.0","5913.0","661.0","2717.0","1574.0","1128.0","9157.0","9758.0"
"97","1998","7","Maharashtra","Raigad","-1.0","-1.0","-1.0","-1.0","-1.0","-1.0","-1.0","-1.0"
"97","1999","7","Maharashtra","Raigad","-1.0","-1.0","-1.0","-1.0","-1.0","-1.0","-1.0","-1.0"
"97","2000","7","Maharashtra","Raigad","7847.0","3466.0","1026.0","1510.0","254.0","1243.0","9127.0","6219.0"
"97","2001","7","Maharashtra","Raigad","7958.0","3604.0","1075.0","1505.0","245.0","814.0","9278.0","5923.0"
"97","2002","7","Maharashtra","Raigad","7822.0","3486.0","536.0","1626.0","323.0","354.0","8681.0","5466.0"
"97","2003","7","Maharashtra","Raigad","8361.0","2600.0","343.0","478.0","589.0","363.0","9293.0","3441.0"
"97","2004","7","Maharashtra","Raigad","8911.0","2689.0","439.0","578.0","347.0","374.0","9697.0","3641.0"
"97","2005","7","Maharashtra","Raigad","8446.0","2651.0","574.0","507.0","314.0","390.0","9334.0","3548.0"
"97","2006","7","Maharashtra","Raigad","9877.0","2912.0","799.0","482.0","389.0","410.0","11065.0","3804.0"
"97","2007","7","Maharashtra","Raigad","10776.0","2474.0","739.0","1159.0","475.0","1005.0","11990.0","4638.0"
"97","2008","7","Maharashtra","Raigad","9161.0","2189.0","1621.0","843.0","478.0","518.0","11260.0","3550.0"
"97","2009","7","Maharashtra","Raigad","9816.0","2170.0","1296.0","342.0","2477.0","596.0","13589.0","3108.0"
"97","2010","7","Maharashtra","Raigad","9317.0","2396.0","1123.0","1569.0","512.0","1182.0","10952.0","5147.0"
"97","2011","7","Maharashtra","Raigad","9181.0","2373.0","669.0","636.0","402.0","428.0","10252.0","3437.0"
"97","2012","7","Maharashtra","Raigad","9340.0","2103.0","829.0","1076.0","263.0","754.0","10432.0","3933.0"
"97","2013","7","Maharashtra","Raigad","8685.0","2614.0","1066.0","1886.0","833.0","791.0","10584.0","5291.0"
"97","2014","7","Maharashtra","Raigad","10171.0","3424.0","656.0","1161.0","757.0","635.0","11584.0","5220.0"
"97","2015","7","Maharashtra","Raigad","10007.0","2712.0","1338.0","651.0","923.0","489.0","12268.0","3852.0"
"97","2016","7","Maharashtra","Raigad","8884.0","2034.0","1520.0","937.0","917.0","712.0","11321.0","3683.0"
"97","2017","7","Maharashtra","Raigad","8097.0","858.0","809.0","426.0","450.0","769.0","9356.0","2053.0"
"98","1990","7","Maharashtra","Ratnagiri","7976.0","1072.0","2276.0","421.0","1652.0","320.0","11904.0","1813.0"
"98","1991","7","Maharashtra","Ratnagiri","8477.0","823.0","2512.0","420.0","2051.0","372.0","13040.0","1615.0"
"98","1993","7","Maharashtra","Ratnagiri","8403.0","806.0","1860.0","362.0","1296.0","184.0","11559.0","1352.0"
"98","1994","7","Maharashtra","Ratnagiri","6249.0","731.0","2007.0","343.0","1436.0","202.0","9692.0","1276.0"
"98","1995","7","Maharashtra","Ratnagiri","9525.0","648.0","1556.0","441.0","1298.0","321.0","12379.0","1410.0"
"98","1996","7","Maharashtra","Ratnagiri","9423.0","772.0","1770.0","339.0","1214.0","195.0","12407.0","1306.0"
"98","1997","7","Maharashtra","Ratnagiri","9843.0","564.0","2168.0","397.0","879.0","269.0","12890.0","1230.0"
"98","1998","7","Maharashtra","Ratnagiri","-1.0","-1.0","-1.0","-1.0","-1.0","-1.0","-1.0","-1.0"
"98","1999","7","Maharashtra","Ratnagiri","-1.0","-1.0","-1.0","-1.0","-1.0","-1.0","-1.0","-1.0"
"98","2000","7","Maharashtra","Ratnagiri","10369.0","1812.0","1725.0","585.0","1334.0","468.0","13428.0","2865.0"
"98","2001","7","Maharashtra","Ratnagiri","10515.0","2108.0","1808.0","479.0","1287.0","339.0","13610.0","2926.0"
"98","2002","7","Maharashtra","Ratnagiri","8991.0","1872.0","1990.0","407.0","1702.0","334.0","12683.0","2613.0"
"98","2003","7","Maharashtra","Ratnagiri","8731.0","1278.0","1784.0","304.0","1466.0","182.0","11981.0","1764.0"
"98","2004","7","Maharashtra","Ratnagiri","10057.0","578.0","2260.0","267.0","1948.0","196.0","14265.0","1041.0"
"98","2005","7","Maharashtra","Ratnagiri","10785.0","666.0","2479.0","284.0","2235.0","261.0","15499.0","1211.0"
"98","2006","7","Maharashtra","Ratnagiri","12613.0","731.0","3454.0","271.0","2767.0","274.0","18834.0","1276.0"
"98","2007","7","Maharashtra","Ratnagiri","14062.0","1364.0","3359.0","242.0","3421.0","228.0","20842.0","1834.0"
"98","2008","7","Maharashtra","Ratnagiri","9616.0","727.0","3093.0","476.0","2525.0","336.0","15234.0","1539.0"
"98","2009","7","Maharashtra","Ratnagiri","10079.0","1024.0","2792.0","2182.0","2099.0","477.0","14970.0","3683.0"
"98","2010","7","Maharashtra","Ratnagiri","15771.0","1162.0","6251.0","835.0","3593.0","381.0","25615.0","2378.0"
"98","2011","7","Maharashtra","Ratnagiri","9738.0","1403.0","3105.0","1071.0","1295.0","570.0","14138.0","3044.0"
"98","2012","7","Maharashtra","Ratnagiri","10246.0","549.0","2335.0","328.0","1760.0","272.0","14341.0","1149.0"
"98","2013","7","Maharashtra","Ratnagiri","9664.0","1304.0","1894.0","508.0","1423.0","454.0","12981.0","2266.0"
"98","2014","7","Maharashtra","Ratnagiri","10068.0","966.0","2368.0","338.0","1913.0","383.0","14349.0","1687.0"
"98","2015","7","Maharashtra","Ratnagiri","10409.0","2956.0","2508.0","1706.0","2054.0","897.0","14971.0","5559.0"
"98","2016","7","Maharashtra","Ratnagiri","9615.0","1121.0","2791.0","974.0","2175.0","557.0","14581.0","2652.0"
"98","2017","7","Maharashtra","Ratnagiri","10352.0","693.0","2968.0","335.0","2120.0","244.0","15440.0","1272.0"
"99","1990","7","Maharashtra","Nasik","24651.0","16234.0","9955.0","7731.0","5796.0","5221.0","40402.0","29186.0"
"99","1991","7","Maharashtra","Nasik","19022.0","14664.0","10976.0","8274.0","4113.0","2990.0","34111.0","25928.0"
"99","1993","7","Maharashtra","Nasik","25091.0","22363.0","8605.0","7516.0","5060.0","2013.0","38756.0","31892.0"
"99","1994","7","Maharashtra","Nasik","27544.0","24650.0","10728.0","10771.0","4646.0","2796.0","42918.0","38217.0"
"99","1995","7","Maharashtra","Nasik","24290.0","19553.0","7489.0","7705.0","2744.0","2755.0","34523.0","30013.0"
"99","1996","7","Maharashtra","Nasik","27839.0","23852.0","9017.0","8497.0","2945.0","2542.0","39801.0","34891.0"
"99","1997","7","Maharashtra","Nasik","29312.0","27672.0","11839.0","10904.0","4122.0","2400.0","45273.0","40976.0"
"99","1998","7","Maharashtra","Nasik","-1.0","-1.0","-1.0","-1.0","-1.0","-1.0","-1.0","-1.0"
"99","1999","7","Maharashtra","Nasik","-1.0","-1.0","-1.0","-1.0","-1.0","-1.0","-1.0","-1.0"
"99","2000","7","Maharashtra","Nasik","33504.0","26243.0","15736.0","13220.0","6928.0","4081.0","56168.0","43544.0"
"99","2001","7","Maharashtra","Nasik","33977.0","25179.0","16493.0","12508.0","6682.0","4280.0","57152.0","41967.0"
"99","2002","7","Maharashtra","Nasik","33361.0","23516.0","17199.0","13349.0","6028.0","3917.0","56588.0","40782.0"
"99","2003","7","Maharashtra","Nasik","31574.0","29635.0","14258.0","19088.0","4465.0","5486.0","50297.0","54209.0"
"99","2004","7","Maharashtra","Nasik","32221.0","35604.0","17624.0","24444.0","5675.0","7422.0","55520.0","67470.0"
"99","2005","7","Maharashtra","Nasik","31913.0","35416.0","14383.0","23377.0","5322.0","10328.0","51618.0","69121.0"
"99","2006","7","Maharashtra","Nasik","37322.0","38898.0","20035.0","22243.0","6590.0","10856.0","63947.0","71997.0"
"99","2007","7","Maharashtra","Nasik","41408.0","35344.0","19889.0","18819.0","9843.0","11690.0","71140.0","65853.0"
"99","2008","7","Maharashtra","Nasik","45078.0","40471.0","26144.0","25961.0","11823.0","9970.0","83045.0","76402.0"
"99","2009","7","Maharashtra","Nasik","52472.0","39386.0","31957.0","21551.0","11471.0","14578.0","95900.0","75515.0"
"99","2010","7","Maharashtra","Nasik","51609.0","42737.0","39088.0","23508.0","13576.0","12370.0","104273.0","78615.0"
"99","2011","7","Maharashtra","Nasik","49417.0","36728.0","33076.0","26259.0","6313.0","11605.0","88806.0","74592.0"
"99","2012","7","Maharashtra","Nasik","44832.0","32265.0","21974.0","17113.0","9055.0","9736.0","75861.0","59114.0"
"99","2013","7","Maharashtra","Nasik","52344.0","39487.0","26074.0","25126.0","10365.0","11905.0","88783.0","76518.0"
"99","2014","7","Maharashtra","Nasik","45579.0","43945.0","24259.0","23302.0","14325.0","11793.0","84163.0","79040.0"
"99","2015","7","Maharashtra","Nasik","46835.0","34075.0","23968.0","26470.0","11001.0","13207.0","81804.0","73752.0"
"99","2016","7","Maharashtra","Nasik","48601.0","42310.0","22152.0","27356.0","9399.0","13552.0","80152.0","83218.0"
"99","2017","7","Maharashtra","Nasik","53739.0","46240.0","29698.0","34408.0","15047.0","19165.0","98484.0","99813.0"
"100","1990","7","Maharashtra","Dhule","21067.0","7714.0","7999.0","4885.0","4899.0","2918.0","33965.0","15517.0"
"100","1991","7","Maharashtra","Dhule","18244.0","8988.0","6992.0","5101.0","3897.0","3180.0","29133.0","17269.0"
"100","1993","7","Maharashtra","Dhule","19953.0","13319.0","6520.0","3827.0","3623.0","1449.0","30096.0","18595.0"
"100","1994","7","Maharashtra","Dhule","23425.0","16280.0","6786.0","6133.0","3567.0","3232.0","33778.0","25645.0"
"100","1995","7","Maharashtra","Dhule","22723.0","10504.0","6652.0","3500.0","3674.0","1913.0","33049.0","15917.0"
"100","1996","7","Maharashtra","Dhule","28011.0","12668.0","9051.0","4038.0","2997.0","1370.0","40059.0","18076.0"
"100","1997","7","Maharashtra","Dhule","28907.0","15173.0","9249.0","5548.0","3811.0","2116.0","41967.0","22837.0"
"100","1998","7","Maharashtra","Dhule","-1.0","-1.0","-1.0","-1.0","-1.0","-1.0","-1.0","-1.0"
"100","1999","7","Maharashtra","Dhule","-1.0","-1.0","-1.0","-1.0","-1.0","-1.0","-1.0","-1.0"
"100","2000","7","Maharashtra","Dhule","23878.0","11050.0","5938.0","3617.0","4319.0","3063.0","34135.0","17730.0"
"100","2001","7","Maharashtra","Dhule","24215.0","15605.0","6223.0","4822.0","4165.0","3262.0","34603.0","23689.0"
"100","2002","7","Maharashtra","Dhule","33612.0","16205.0","7989.0","3761.0","4801.0","2524.0","46402.0","22490.0"
"100","2003","7","Maharashtra","Dhule","34437.0","15115.0","9269.0","4360.0","4957.0","2742.0","48663.0","22217.0"
"100","2004","7","Maharashtra","Dhule","32085.0","19894.0","8526.0","6240.0","4117.0","3105.0","44728.0","29239.0"
"100","2005","7","Maharashtra","Dhule","35660.0","17310.0","8901.0","7977.0","4221.0","5562.0","48782.0","30849.0"
"100","2006","7","Maharashtra","Dhule","41704.0","19012.0","12400.0","7590.0","5226.0","5847.0","59330.0","32449.0"
"100","2007","7","Maharashtra","Dhule","46043.0","25170.0","13048.0","6804.0","7726.0","6803.0","66817.0","38777.0"
"100","2008","7","Maharashtra","Dhule","44601.0","23164.0","15837.0","8902.0","12067.0","5245.0","72505.0","37311.0"
"100","2009","7","Maharashtra","Dhule","43691.0","28554.0","17017.0","11145.0","9316.0","12026.0","70024.0","51725.0"
"100","2010","7","Maharashtra","Dhule","40898.0","32186.0","24425.0","11035.0","13928.0","11570.0","79251.0","54791.0"
"100","2011","7","Maharashtra","Dhule","45121.0","24063.0","17068.0","12849.0","4225.0","10422.0","66414.0","47334.0"
"100","2012","7","Maharashtra","Dhule","42838.0","29234.0","14876.0","9681.0","11391.0","7941.0","69105.0","46856.0"
"100","2013","7","Maharashtra","Dhule","48758.0","30377.0","12795.0","12679.0","13112.0","7560.0","74665.0","50616.0"
"100","2014","7","Maharashtra","Dhule","45961.0","31535.0","15873.0","10157.0","15261.0","8960.0","77095.0","50652.0"
"100","2015","7","Maharashtra","Dhule","47837.0","30612.0","15949.0","15073.0","15858.0","12251.0","79644.0","57936.0"
"100","2016","7","Maharashtra","Dhule","44739.0","29616.0","14865.0","12300.0","13991.0","8753.0","73595.0","50669.0"
"100","2017","7","Maharashtra","Dhule","51302.0","23009.0","18243.0","12037.0","19450.0","8850.0","88995.0","43896.0"
"101","1990","7","Maharashtra","Jalgaon","44489.0","25436.0","17310.0","15757.0","17806.0","9878.0","79605.0","51071.0"
"101","1991","7","Maharashtra","Jalgaon","42247.0","22895.0","14978.0","10571.0","11786.0","11441.0","69011.0","44907.0"
"101","1993","7","Maharashtra","Jalgaon","46327.0","25831.0","9674.0","9770.0","9898.0","7243.0","65899.0","42844.0"
"101","1994","7","Maharashtra","Jalgaon","44774.0","29965.0","12410.0","14268.0","8903.0","8755.0","66087.0","52988.0"
"101","1995","7","Maharashtra","Jalgaon","45923.0","24812.0","13204.0","10238.0","11466.0","8123.0","70593.0","43173.0"
"101","1996","7","Maharashtra","Jalgaon","45754.0","26070.0","12603.0","13969.0","7021.0","6912.0","65378.0","46951.0"
"101","1997","7","Maharashtra","Jalgaon","60492.0","24706.0","20736.0","14551.0","16004.0","10332.0","97232.0","49589.0"
"101","1998","7","Maharashtra","Jalgaon","-1.0","-1.0","-1.0","-1.0","-1.0","-1.0","-1.0","-1.0"
"101","1999","7","Maharashtra","Jalgaon","-1.0","-1.0","-1.0","-1.0","-1.0","-1.0","-1.0","-1.0"
"101","2000","7","Maharashtra","Jalgaon","44564.0","25064.0","16480.0","12616.0","17004.0","10637.0","78048.0","48317.0"
"101","2001","7","Maharashtra","Jalgaon","45192.0","17357.0","17272.0","7816.0","16400.0","10852.0","78864.0","36025.0"
"101","2002","7","Maharashtra","Jalgaon","44118.0","26369.0","15586.0","13232.0","9745.0","11430.0","69449.0","51031.0"
"101","2003","7","Maharashtra","Jalgaon","46365.0","23975.0","16236.0","11363.0","16311.0","10057.0","78912.0","45395.0"
"101","2004","7","Maharashtra","Jalgaon","45875.0","25298.0","24837.0","14427.0","20218.0","12060.0","90930.0","51785.0"
"101","2005","7","Maharashtra","Jalgaon","48000.0","21918.0","22328.0","14677.0","19464.0","16537.0","89792.0","53132.0"
"101","2006","7","Maharashtra","Jalgaon","56136.0","24072.0","31104.0","13966.0","24100.0","17384.0","111340.0","55422.0"
"101","2007","7","Maharashtra","Jalgaon","62758.0","31580.0","31829.0","16258.0","32739.0","21469.0","127326.0","69307.0"
"101","2008","7","Maharashtra","Jalgaon","73605.0","37142.0","33350.0","20410.0","37411.0","21715.0","144366.0","79267.0"
"101","2009","7","Maharashtra","Jalgaon","77124.0","46218.0","42757.0","22380.0","31683.0","30473.0","151564.0","99071.0"
"101","2010","7","Maharashtra","Jalgaon","62053.0","76824.0","44347.0","37008.0","44539.0","45302.0","150939.0","159134.0"
"101","2011","7","Maharashtra","Jalgaon","69421.0","32729.0","33358.0","19153.0","16227.0","27103.0","119006.0","78985.0"
"101","2012","7","Maharashtra","Jalgaon","61543.0","31993.0","24182.0","13605.0","30150.0","15362.0","115875.0","60960.0"
"101","2013","7","Maharashtra","Jalgaon","71569.0","41755.0","23001.0","19770.0","33786.0","18908.0","128356.0","80433.0"
"101","2014","7","Maharashtra","Jalgaon","68139.0","50493.0","28808.0","16816.0","41976.0","20604.0","138923.0","87913.0"
"101","2015","7","Maharashtra","Jalgaon","67513.0","32112.0","26348.0","20488.0","33872.0","25769.0","127733.0","78369.0"
"101","2016","7","Maharashtra","Jalgaon","63587.0","43359.0","23294.0","22647.0","35668.0","23895.0","122550.0","89901.0"
"101","2017","7","Maharashtra","Jalgaon","64392.0","32380.0","28487.0","19209.0","54243.0","19915.0","147122.0","71504.0"
"102","1990","7","Maharashtra","Ahmednagar","28424.0","26597.0","13961.0","13613.0","8719.0","6282.0","51104.0","46492.0"
"102","1991","7","Maharashtra","Ahmednagar","35907.0","25387.0","16942.0","11467.0","9205.0","5129.0","62054.0","41983.0"
"102","1993","7","Maharashtra","Ahmednagar","25595.0","33316.0","8713.0","11960.0","4189.0","3482.0","38497.0","48758.0"
"102","1994","7","Maharashtra","Ahmednagar","37273.0","31597.0","14215.0","13106.0","6110.0","6025.0","57598.0","50728.0"
"102","1995","7","Maharashtra","Ahmednagar","31281.0","21607.0","9581.0","8660.0","5667.0","3619.0","46529.0","33886.0"
"102","1996","7","Maharashtra","Ahmednagar","30279.0","31666.0","9005.0","9697.0","4190.0","4192.0","43474.0","45555.0"
"102","1997","7","Maharashtra","Ahmednagar","28644.0","33157.0","13103.0","13639.0","6501.0","5236.0","48248.0","52032.0"
"102","1998","7","Maharashtra","Ahmednagar","-1.0","-1.0","-1.0","-1.0","-1.0","-1.0","-1.0","-1.0"
"102","1999","7","Maharashtra","Ahmednagar","-1.0","-1.0","-1.0","-1.0","-1.0","-1.0","-1.0","-1.0"
"102","2000","7","Maharashtra","Ahmednagar","32461.0","29399.0","13903.0","15481.0","8497.0","7780.0","54861.0","52660.0"
"102","2001","7","Maharashtra","Ahmednagar","32919.0","37623.0","14571.0","19118.0","8195.0","10859.0","55685.0","67600.0"
"102","2002","7","Maharashtra","Ahmednagar","37070.0","22800.0","17946.0","11721.0","9575.0","8212.0","64591.0","42733.0"
"102","2003","7","Maharashtra","Ahmednagar","21363.0","20885.0","8901.0","14533.0","5737.0","8136.0","36001.0","43554.0"
"102","2004","7","Maharashtra","Ahmednagar","30849.0","38701.0","13502.0","21944.0","8434.0","12099.0","52785.0","72744.0"
"102","2005","7","Maharashtra","Ahmednagar","34552.0","44985.0","16089.0","26535.0","11626.0","17263.0","62267.0","88783.0"
"102","2006","7","Maharashtra","Ahmednagar","40409.0","49407.0","22412.0","25248.0","14394.0","18147.0","77215.0","92802.0"
"102","2007","7","Maharashtra","Ahmednagar","44930.0","37257.0","22652.0","21669.0","19857.0","14489.0","87439.0","73415.0"
"102","2008","7","Maharashtra","Ahmednagar","38096.0","46543.0","21108.0","31228.0","14707.0","15289.0","73911.0","93060.0"
"102","2009","7","Maharashtra","Ahmednagar","49436.0","45207.0","35388.0","33457.0","17120.0","23475.0","101944.0","102139.0"
"102","2010","7","Maharashtra","Ahmednagar","49842.0","50060.0","38887.0","33731.0","26351.0","25287.0","115080.0","109078.0"
"102","2011","7","Maharashtra","Ahmednagar","55849.0","41595.0","35097.0","27993.0","6495.0","17439.0","97441.0","87027.0"
"102","2012","7","Maharashtra","Ahmednagar","44438.0","30932.0","21362.0","20499.0","14029.0","10430.0","79829.0","61861.0"
"102","2013","7","Maharashtra","Ahmednagar","51135.0","45606.0","25686.0","29578.0","14106.0","17806.0","90927.0","92990.0"
"102","2014","7","Maharashtra","Ahmednagar","42544.0","45771.0","24143.0","24035.0","20411.0","16034.0","87098.0","85840.0"
"102","2015","7","Maharashtra","Ahmednagar","39617.0","30643.0","20147.0","28049.0","10787.0","16712.0","70551.0","75404.0"
"102","2016","7","Maharashtra","Ahmednagar","43650.0","55356.0","20536.0","33904.0","12006.0","19520.0","76192.0","108780.0"
"102","2017","7","Maharashtra","Ahmednagar","50288.0","54876.0","27171.0","39102.0","17515.0","24368.0","94974.0","118346.0"
"103","1990","7","Maharashtra","Pune","21439.0","21673.0","7090.0","11815.0","6171.0","5741.0","34700.0","39229.0"
"103","1991","7","Maharashtra","Pune","23223.0","19009.0","8776.0","8853.0","6073.0","5873.0","38072.0","33735.0"
"103","1993","7","Maharashtra","Pune","23706.0","28239.0","7853.0","9725.0","4143.0","4402.0","35702.0","42366.0"
"103","1994","7","Maharashtra","Pune","28802.0","23469.0","10237.0","8182.0","6860.0","4259.0","45899.0","35910.0"
"103","1995","7","Maharashtra","Pune","22769.0","24135.0","7056.0","8671.0","4442.0","3918.0","34267.0","36724.0"
"103","1996","7","Maharashtra","Pune","23490.0","27103.0","7185.0","8501.0","3053.0","3369.0","33728.0","38973.0"
"103","1997","7","Maharashtra","Pune","25335.0","28447.0","10170.0","12276.0","4328.0","4956.0","39833.0","45679.0"
"103","1998","7","Maharashtra","Pune","-1.0","-1.0","-1.0","-1.0","-1.0","-1.0","-1.0","-1.0"
"103","1999","7","Maharashtra","Pune","-1.0","-1.0","-1.0","-1.0","-1.0","-1.0","-1.0","-1.0"
"103","2000","7","Maharashtra","Pune","22902.0","30988.0","11219.0","13150.0","6919.0","7746.0","41040.0","51884.0"
"103","2001","7","Maharashtra","Pune","23225.0","32365.0","11758.0","15790.0","6673.0","8784.0","41656.0","56939.0"
"103","2002","7","Maharashtra","Pune","30196.0","26531.0","14152.0","14180.0","8011.0","7217.0","52359.0","47928.0"
"103","2003","7","Maharashtra","Pune","21023.0","24922.0","9001.0","13825.0","4214.0","6957.0","34238.0","45704.0"
"103","2004","7","Maharashtra","Pune","25918.0","38758.0","10013.0","19890.0","4656.0","11332.0","40587.0","69980.0"
"103","2005","7","Maharashtra","Pune","30105.0","36377.0","13468.0","21225.0","7816.0","14679.0","51389.0","72281.0"
"103","2006","7","Maharashtra","Pune","35208.0","39953.0","18762.0","20196.0","9677.0","15430.0","63647.0","75579.0"
"103","2007","7","Maharashtra","Pune","39808.0","35403.0","20449.0","16111.0","14370.0","15010.0","74627.0","66524.0"
"103","2008","7","Maharashtra","Pune","35667.0","48363.0","18752.0","26817.0","11956.0","18467.0","66375.0","93647.0"
"103","2009","7","Maharashtra","Pune","47785.0","48556.0","31122.0","31885.0","18371.0","25947.0","97278.0","106388.0"
"103","2010","7","Maharashtra","Pune","52472.0","47195.0","38419.0","25519.0","22977.0","20887.0","113868.0","93601.0"
"103","2011","7","Maharashtra","Pune","51951.0","50490.0","31979.0","32862.0","6411.0","20404.0","90341.0","103756.0"
"103","2012","7","Maharashtra","Pune","41483.0","40976.0","17091.0","21283.0","9092.0","15320.0","67666.0","77579.0"
"103","2013","7","Maharashtra","Pune","46416.0","53638.0","19638.0","30283.0","12614.0","21670.0","78668.0","105591.0"
"103","2014","7","Maharashtra","Pune","36105.0","53128.0","18719.0","24543.0","13259.0","20829.0","68083.0","98500.0"
"103","2015","7","Maharashtra","Pune","40465.0","44257.0","18114.0","29894.0","11268.0","17105.0","69847.0","91256.0"
"103","2016","7","Maharashtra","Pune","42977.0","52366.0","16658.0","25458.0","10566.0","18856.0","70201.0","96680.0"
"103","2017","7","Maharashtra","Pune","44520.0","52718.0","19715.0","28575.0","14635.0","19821.0","78870.0","101114.0"
"104","1990","7","Maharashtra","Satara","18662.0","13700.0","7697.0","6982.0","4746.0","4734.0","31105.0","25416.0"
"104","1991","7","Maharashtra","Satara","18165.0","17609.0","9263.0","7649.0","4868.0","5544.0","32296.0","30802.0"
"104","1993","7","Maharashtra","Satara","20552.0","19738.0","6804.0","5476.0","5103.0","3832.0","32459.0","29046.0"
"104","1994","7","Maharashtra","Satara","19696.0","17045.0","7103.0","5778.0","5554.0","3936.0","32353.0","26759.0"
"104","1995","7","Maharashtra","Satara","20755.0","13082.0","6128.0","4165.0","3299.0","2962.0","30182.0","20209.0"
"104","1996","7","Maharashtra","Satara","20684.0","16459.0","6473.0","3921.0","4994.0","2478.0","32151.0","22858.0"
"104","1997","7","Maharashtra","Satara","22401.0","15960.0","9219.0","5943.0","6217.0","4213.0","37837.0","26116.0"
"104","1998","7","Maharashtra","Satara","-1.0","-1.0","-1.0","-1.0","-1.0","-1.0","-1.0","-1.0"
"104","1999","7","Maharashtra","Satara","-1.0","-1.0","-1.0","-1.0","-1.0","-1.0","-1.0","-1.0"
"104","2000","7","Maharashtra","Satara","21066.0","13776.0","7569.0","6070.0","6444.0","5280.0","35079.0","25126.0"
"104","2001","7","Maharashtra","Satara","21363.0","18738.0","7933.0","7623.0","6215.0","6086.0","35511.0","32447.0"
"104","2002","7","Maharashtra","Satara","20217.0","12464.0","9556.0","5094.0","7109.0","3943.0","36882.0","21501.0"
"104","2003","7","Maharashtra","Satara","13211.0","9103.0","5760.0","3188.0","3731.0","2053.0","22702.0","14344.0"
"104","2004","7","Maharashtra","Satara","19344.0","17190.0","7017.0","8310.0","4504.0","5637.0","30865.0","31137.0"
"104","2005","7","Maharashtra","Satara","19099.0","21399.0","8098.0","10765.0","5719.0","9061.0","32916.0","41225.0"
"104","2006","7","Maharashtra","Satara","22336.0","23503.0","11281.0","10243.0","7081.0","9525.0","40698.0","43271.0"
"104","2007","7","Maharashtra","Satara","25576.0","18439.0","12936.0","6843.0","10223.0","7477.0","48735.0","32759.0"
"104","2008","7","Maharashtra","Satara","32193.0","30256.0","20613.0","15738.0","15083.0","18281.0","67889.0","64275.0"
"104","2009","7","Maharashtra","Satara","28719.0","28443.0","15903.0","16110.0","8444.0","13401.0","53066.0","57954.0"
"104","2010","7","Maharashtra","Satara","25354.0","24725.0","19082.0","14411.0","12356.0","12418.0","56792.0","51554.0"
"104","2011","7","Maharashtra","Satara","27906.0","28584.0","14797.0","15551.0","4506.0","11402.0","47209.0","55537.0"
"104","2012","7","Maharashtra","Satara","22042.0","22209.0","10419.0","9870.0","6609.0","8879.0","39070.0","40958.0"
"104","2013","7","Maharashtra","Satara","22492.0","24604.0","10445.0","12875.0","7267.0","10827.0","40204.0","48306.0"
"104","2014","7","Maharashtra","Satara","23786.0","26080.0","10809.0","12753.0","9643.0","10754.0","44238.0","49587.0"
"104","2015","7","Maharashtra","Satara","23389.0","21694.0","12137.0","10878.0","7210.0","8827.0","42736.0","41399.0"
"104","2016","7","Maharashtra","Satara","23324.0","28067.0","12234.0","12113.0","8074.0","9641.0","43633.0","49821.0"
"104","2017","7","Maharashtra","Satara","23298.0","25966.0","11438.0","14366.0","9231.0","10695.0","43967.0","51027.0"
"105","1990","7","Maharashtra","Sangli","18501.0","19309.0","9522.0","9404.0","8268.0","9687.0","36291.0","38400.0"
"105","1991","7","Maharashtra","Sangli","18205.0","25313.0","8306.0","11464.0","8225.0","9959.0","34736.0","46736.0"
"105","1993","7","Maharashtra","Sangli","20971.0","23526.0","8408.0","8369.0","7204.0","6560.0","36583.0","38455.0"
"105","1994","7","Maharashtra","Sangli","24198.0","20584.0","11739.0","8122.0","7036.0","8455.0","42973.0","37161.0"
"105","1995","7","Maharashtra","Sangli","27411.0","21669.0","10407.0","7120.0","9885.0","6661.0","47703.0","35450.0"
"105","1996","7","Maharashtra","Sangli","24894.0","15440.0","8302.0","3732.0","6787.0","5019.0","39983.0","24191.0"
"105","1997","7","Maharashtra","Sangli","19416.0","14694.0","10106.0","4912.0","6350.0","8269.0","35872.0","27875.0"
"105","1998","7","Maharashtra","Sangli","-1.0","-1.0","-1.0","-1.0","-1.0","-1.0","-1.0","-1.0"
"105","1999","7","Maharashtra","Sangli","-1.0","-1.0","-1.0","-1.0","-1.0","-1.0","-1.0","-1.0"
"105","2000","7","Maharashtra","Sangli","17469.0","20026.0","8371.0","9799.0","8152.0","8492.0","33992.0","38317.0"
"105","2001","7","Maharashtra","Sangli","17715.0","23299.0","8774.0","10364.0","7863.0","13784.0","34352.0","47447.0"
"105","2002","7","Maharashtra","Sangli","18410.0","12192.0","10821.0","5590.0","7403.0","9220.0","36634.0","27002.0"
"105","2003","7","Maharashtra","Sangli","12437.0","12501.0","6521.0","4750.0","6952.0","6909.0","25910.0","24160.0"
"105","2004","7","Maharashtra","Sangli","21272.0","23704.0","10193.0","13377.0","7540.0","14627.0","39005.0","51708.0"
"105","2005","7","Maharashtra","Sangli","21481.0","26553.0","9098.0","16228.0","10700.0","19492.0","41279.0","62273.0"
"105","2006","7","Maharashtra","Sangli","25122.0","29163.0","12674.0","15441.0","13249.0","20490.0","51045.0","65094.0"
"105","2007","7","Maharashtra","Sangli","28118.0","28646.0","14358.0","19791.0","17951.0","21881.0","60427.0","70318.0"
"105","2008","7","Maharashtra","Sangli","36212.0","34825.0","16773.0","16368.0","15896.0","18761.0","68881.0","69954.0"
"105","2009","7","Maharashtra","Sangli","41492.0","39544.0","28652.0","19671.0","18433.0","17436.0","88577.0","76651.0"
"105","2010","7","Maharashtra","Sangli","34827.0","39919.0","24226.0","23394.0","14912.0","17342.0","73965.0","80655.0"
"105","2011","7","Maharashtra","Sangli","33641.0","34146.0","23312.0","17782.0","6222.0","16811.0","63175.0","68739.0"
"105","2012","7","Maharashtra","Sangli","29537.0","28826.0","12482.0","15492.0","9798.0","12344.0","51817.0","56662.0"
"105","2013","7","Maharashtra","Sangli","33308.0","27511.0","14004.0","13830.0","11850.0","10553.0","59162.0","51894.0"
"105","2014","7","Maharashtra","Sangli","24335.0","32265.0","9337.0","14858.0","12980.0","12292.0","46652.0","59415.0"
"105","2015","7","Maharashtra","Sangli","23841.0","23163.0","12220.0","14472.0","8777.0","11388.0","44838.0","49023.0"
"105","2016","7","Maharashtra","Sangli","26709.0","28998.0","13287.0","16017.0","12671.0","13139.0","52666.0","58154.0"
"105","2017","7","Maharashtra","Sangli","24179.0","30441.0","13109.0","14841.0","13219.0","11459.0","50507.0","56741.0"
"106","1990","7","Maharashtra","Solapur","19026.0","16564.0","9656.0","7207.0","5472.0","5020.0","34154.0","28791.0"
"106","1991","7","Maharashtra","Solapur","17792.0","19286.0","8545.0","8448.0","5224.0","5743.0","31561.0","33477.0"
"106","1993","7","Maharashtra","Solapur","19092.0","21433.0","8154.0","7773.0","3697.0","4449.0","30943.0","33655.0"
"106","1994","7","Maharashtra","Solapur","23842.0","25635.0","11980.0","11729.0","7057.0","6801.0","42879.0","44165.0"
"106","1995","7","Maharashtra","Solapur","24845.0","21089.0","10043.0","8694.0","4407.0","4073.0","39295.0","33856.0"
"106","1996","7","Maharashtra","Solapur","20862.0","20972.0","7665.0","5657.0","4525.0","2578.0","33052.0","29207.0"
"106","1997","7","Maharashtra","Solapur","23972.0","26568.0","12655.0","10712.0","6468.0","5748.0","43095.0","43028.0"
"106","1998","7","Maharashtra","Solapur","-1.0","-1.0","-1.0","-1.0","-1.0","-1.0","-1.0","-1.0"
"106","1999","7","Maharashtra","Solapur","-1.0","-1.0","-1.0","-1.0","-1.0","-1.0","-1.0","-1.0"
"106","2000","7","Maharashtra","Solapur","23554.0","27665.0","10728.0","11329.0","8632.0","7286.0","42914.0","46280.0"
"106","2001","7","Maharashtra","Solapur","23886.0","31313.0","11243.0","12279.0","8325.0","6912.0","43454.0","50504.0"
"106","2002","7","Maharashtra","Solapur","27713.0","22705.0","13632.0","8808.0","7981.0","5610.0","49326.0","37123.0"
"106","2003","7","Maharashtra","Solapur","13983.0","11041.0","5440.0","5055.0","2926.0","2436.0","22349.0","18532.0"
"106","2004","7","Maharashtra","Solapur","23171.0","33864.0","8737.0","17558.0","4054.0","10038.0","35962.0","61460.0"
"106","2005","7","Maharashtra","Solapur","24249.0","30915.0","9620.0","18678.0","5681.0","14729.0","39550.0","64322.0"
"106","2006","7","Maharashtra","Solapur","28360.0","33954.0","13401.0","17772.0","7034.0","15483.0","48795.0","67209.0"
"106","2007","7","Maharashtra","Solapur","32318.0","31268.0","15232.0","17133.0","10666.0","14029.0","58216.0","62430.0"
"106","2008","7","Maharashtra","Solapur","34326.0","43221.0","18269.0","23320.0","12801.0","19793.0","65396.0","86334.0"
"106","2009","7","Maharashtra","Solapur","50349.0","50610.0","37110.0","36466.0","19944.0","29166.0","107403.0","116242.0"
"106","2010","7","Maharashtra","Solapur","51902.0","44438.0","48356.0","27779.0","28993.0","24380.0","129251.0","96597.0"
"106","2011","7","Maharashtra","Solapur","52333.0","57784.0","35919.0","30332.0","11037.0","25185.0","99289.0","113301.0"
"106","2012","7","Maharashtra","Solapur","35441.0","36672.0","18049.0","18561.0","13693.0","14149.0","67183.0","69382.0"
"106","2013","7","Maharashtra","Solapur","47870.0","55652.0","18809.0","31444.0","11180.0","24792.0","77859.0","111888.0"
"106","2014","7","Maharashtra","Solapur","36763.0","51159.0","17747.0","20434.0","15056.0","18131.0","69566.0","89724.0"
"106","2015","7","Maharashtra","Solapur","35174.0","26131.0","14365.0","15212.0","9838.0","12144.0","59377.0","53487.0"
"106","2016","7","Maharashtra","Solapur","31586.0","56121.0","12903.0","23370.0","6990.0","19059.0","51479.0","98550.0"
"106","2017","7","Maharashtra","Solapur","44653.0","57103.0","23479.0","25788.0","20828.0","17515.0","88960.0","100406.0"
"107","1990","7","Maharashtra","Kolhapur","34496.0","21910.0","13715.0","10097.0","13041.0","9856.0","61252.0","41863.0"
"107","1991","7","Maharashtra","Kolhapur","31233.0","26170.0","13114.0","11829.0","13064.0","11014.0","57411.0","49013.0"
"107","1993","7","Maharashtra","Kolhapur","31489.0","24009.0","8236.0","9781.0","8531.0","8258.0","48256.0","42048.0"
"107","1994","7","Maharashtra","Kolhapur","36044.0","25921.0","11407.0","9625.0","10614.0","9320.0","58065.0","44866.0"
"107","1995","7","Maharashtra","Kolhapur","38859.0","22510.0","10731.0","10674.0","11723.0","10340.0","61313.0","43524.0"
"107","1996","7","Maharashtra","Kolhapur","34433.0","22954.0","7996.0","8928.0","7793.0","8366.0","50222.0","40248.0"
"107","1997","7","Maharashtra","Kolhapur","36414.0","29830.0","12293.0","10736.0","11152.0","11192.0","59859.0","51758.0"
"107","1998","7","Maharashtra","Kolhapur","-1.0","-1.0","-1.0","-1.0","-1.0","-1.0","-1.0","-1.0"
"107","1999","7","Maharashtra","Kolhapur","-1.0","-1.0","-1.0","-1.0","-1.0","-1.0","-1.0","-1.0"
"107","2000","7","Maharashtra","Kolhapur","26340.0","26863.0","8155.0","12988.0","8993.0","11454.0","43488.0","51305.0"
"107","2001","7","Maharashtra","Kolhapur","26712.0","24314.0","8547.0","13184.0","8674.0","10703.0","43933.0","48201.0"
"107","2002","7","Maharashtra","Kolhapur","30860.0","19158.0","7986.0","7902.0","7981.0","8423.0","46827.0","35483.0"
"107","2003","7","Maharashtra","Kolhapur","24328.0","19665.0","8322.0","9319.0","7979.0","8482.0","40629.0","37466.0"
"107","2004","7","Maharashtra","Kolhapur","24144.0","27189.0","8829.0","13954.0","8739.0","11812.0","41712.0","52955.0"
"107","2005","7","Maharashtra","Kolhapur","29098.0","24988.0","11258.0","12745.0","10585.0","14344.0","50941.0","52077.0"
"107","2006","7","Maharashtra","Kolhapur","34030.0","27444.0","15682.0","12127.0","13106.0","15078.0","62818.0","54649.0"
"107","2007","7","Maharashtra","Kolhapur","38109.0","25548.0","16506.0","15203.0","17402.0","11950.0","72017.0","52701.0"
"107","2008","7","Maharashtra","Kolhapur","23926.0","18680.0","12707.0","9983.0","9705.0","7638.0","46338.0","36301.0"
"107","2009","7","Maharashtra","Kolhapur","40154.0","29548.0","25711.0","17209.0","15969.0","18589.0","81834.0","65346.0"
"107","2010","7","Maharashtra","Kolhapur","35030.0","30241.0","22924.0","16725.0","17149.0","18508.0","75103.0","65474.0"
"107","2011","7","Maharashtra","Kolhapur","31820.0","36319.0","16111.0","21066.0","4738.0","20453.0","52669.0","77838.0"
"107","2012","7","Maharashtra","Kolhapur","39557.0","31492.0","14838.0","14820.0","14151.0","12653.0","68546.0","58965.0"
"107","2013","7","Maharashtra","Kolhapur","31119.0","34877.0","7301.0","17159.0","10770.0","14222.0","49190.0","66258.0"
"107","2014","7","Maharashtra","Kolhapur","38438.0","40526.0","14319.0","18916.0","16038.0","16156.0","68795.0","75598.0"
"107","2015","7","Maharashtra","Kolhapur","36290.0","32011.0","13728.0","16921.0","10163.0","14424.0","60181.0","63356.0"
"107","2016","7","Maharashtra","Kolhapur","37362.0","41250.0","14208.0","21800.0","13922.0","18934.0","65491.0","81984.0"
"107","2017","7","Maharashtra","Kolhapur","31647.0","39349.0","11816.0","19208.0","14214.0","16366.0","57677.0","74923.0"
"108","1990","7","Maharashtra","Aurangabad","27992.0","15401.0","10517.0","8979.0","5572.0","4001.0","44081.0","28381.0"
"108","1991","7","Maharashtra","Aurangabad","26086.0","12340.0","11655.0","9330.0","5876.0","3250.0","43617.0","24920.0"
"108","1993","7","Maharashtra","Aurangabad","32254.0","15538.0","7256.0","6637.0","3875.0","1049.0","43385.0","23224.0"
"108","1994","7","Maharashtra","Aurangabad","30804.0","16758.0","11177.0","8729.0","4454.0","2132.0","46435.0","27619.0"
"108","1995","7","Maharashtra","Aurangabad","32634.0","11103.0","10718.0","8930.0","2578.0","4757.0","45930.0","24790.0"
"108","1996","7","Maharashtra","Aurangabad","35079.0","15086.0","12222.0","5265.0","1356.0","1328.0","48657.0","21679.0"
"108","1997","7","Maharashtra","Aurangabad","46209.0","14473.0","21355.0","8789.0","7041.0","2719.0","74605.0","25981.0"
"108","1998","7","Maharashtra","Aurangabad","-1.0","-1.0","-1.0","-1.0","-1.0","-1.0","-1.0","-1.0"
"108","1999","7","Maharashtra","Aurangabad","-1.0","-1.0","-1.0","-1.0","-1.0","-1.0","-1.0","-1.0"
"108","2000","7","Maharashtra","Aurangabad","44185.0","29644.0","16858.0","17919.0","5614.0","7450.0","66657.0","55013.0"
"108","2001","7","Maharashtra","Aurangabad","44808.0","28492.0","17669.0","16888.0","5414.0","8597.0","67891.0","53977.0"
"108","2002","7","Maharashtra","Aurangabad","45098.0","33084.0","18924.0","18973.0","6712.0","8571.0","70734.0","60628.0"
"108","2003","7","Maharashtra","Aurangabad","53436.0","22676.0","18742.0","13494.0","5438.0","1243.0","77616.0","37413.0"
"108","2004","7","Maharashtra","Aurangabad","49429.0","25735.0","24166.0","20099.0","13562.0","12034.0","87157.0","57868.0"
"108","2005","7","Maharashtra","Aurangabad","56790.0","34767.0","21906.0","27125.0","10896.0","19128.0","89592.0","81020.0"
"108","2006","7","Maharashtra","Aurangabad","66416.0","38185.0","30516.0","25809.0","13492.0","20107.0","110424.0","84101.0"
"108","2007","7","Maharashtra","Aurangabad","74437.0","33506.0","31447.0","17927.0","20025.0","11463.0","125909.0","62896.0"
"108","2008","7","Maharashtra","Aurangabad","83977.0","41406.0","40768.0","28675.0","32465.0","19128.0","157210.0","89209.0"
"108","2009","7","Maharashtra","Aurangabad","83547.0","47103.0","74818.0","33285.0","30127.0","33464.0","188492.0","113852.0"
"108","2010","7","Maharashtra","Aurangabad","85251.0","88374.0","67454.0","46804.0","30417.0","39136.0","183122.0","174314.0"
"108","2011","7","Maharashtra","Aurangabad","93852.0","62811.0","54802.0","48407.0","8255.0","25058.0","156909.0","136276.0"
"108","2012","7","Maharashtra","Aurangabad","75856.0","33118.0","35377.0","20983.0","17485.0","11514.0","128718.0","65615.0"
"108","2013","7","Maharashtra","Aurangabad","97221.0","59963.0","35642.0","34831.0","17465.0","15377.0","150328.0","110171.0"
"108","2014","7","Maharashtra","Aurangabad","89756.0","47833.0","41934.0","21487.0","26009.0","14359.0","157699.0","83679.0"
"108","2015","7","Maharashtra","Aurangabad","88781.0","61108.0","39024.0","40712.0","17071.0","20344.0","144876.0","122164.0"
"108","2016","7","Maharashtra","Aurangabad","92469.0","60444.0","43872.0","37271.0","23152.0","20579.0","159493.0","118294.0"
"108","2017","7","Maharashtra","Aurangabad","99528.0","36654.0","48012.0","24450.0","28616.0","13158.0","176156.0","74262.0"
"109","1990","7","Maharashtra","Parbhani","15448.0","6400.0","6476.0","5044.0","2731.0","1354.0","24655.0","12798.0"
"109","1991","7","Maharashtra","Parbhani","17328.0","5780.0","5750.0","2789.0","2685.0","959.0","25763.0","9528.0"
"109","1993","7","Maharashtra","Parbhani","14796.0","7092.0","4164.0","2813.0","1302.0","728.0","20262.0","10633.0"
"109","1994","7","Maharashtra","Parbhani","14387.0","4737.0","6288.0","3081.0","1968.0","1222.0","22643.0","9040.0"
"109","1995","7","Maharashtra","Parbhani","18530.0","5914.0","7279.0","3768.0","2756.0","1590.0","28565.0","11272.0"
"109","1996","7","Maharashtra","Parbhani","21641.0","7546.0","8202.0","3373.0","2518.0","657.0","32361.0","11576.0"
"109","1997","7","Maharashtra","Parbhani","24416.0","8356.0","10383.0","4215.0","2297.0","1247.0","37096.0","13818.0"
"109","1998","7","Maharashtra","Parbhani","-1.0","-1.0","-1.0","-1.0","-1.0","-1.0","-1.0","-1.0"
"109","1999","7","Maharashtra","Parbhani","-1.0","-1.0","-1.0","-1.0","-1.0","-1.0","-1.0","-1.0"
"109","2000","7","Maharashtra","Parbhani","25147.0","14226.0","10043.0","5696.0","4876.0","2413.0","40066.0","22335.0"
"109","2001","7","Maharashtra","Parbhani","25501.0","15034.0","10525.0","6320.0","4703.0","3110.0","40729.0","24464.0"
"109","2002","7","Maharashtra","Parbhani","29861.0","14993.0","14884.0","7640.0","6913.0","2150.0","51658.0","24783.0"
"109","2003","7","Maharashtra","Parbhani","28422.0","11228.0","14786.0","6476.0","5660.0","1683.0","48868.0","19387.0"
"109","2004","7","Maharashtra","Parbhani","23192.0","6558.0","15665.0","3888.0","4151.0","1086.0","43008.0","11532.0"
"109","2005","7","Maharashtra","Parbhani","23381.0","14096.0","14668.0","9153.0","5014.0","3522.0","43063.0","26771.0"
"109","2006","7","Maharashtra","Parbhani","27345.0","15483.0","20433.0","8709.0","6209.0","3702.0","53987.0","27894.0"
"109","2007","7","Maharashtra","Parbhani","30657.0","13600.0","19685.0","6134.0","8856.0","3290.0","59198.0","23024.0"
"109","2008","7","Maharashtra","Parbhani","31374.0","12317.0","17835.0","8185.0","8857.0","4723.0","58066.0","25225.0"
"109","2009","7","Maharashtra","Parbhani","32717.0","11717.0","28692.0","7120.0","6443.0","6460.0","67852.0","25297.0"
"109","2010","7","Maharashtra","Parbhani","37303.0","23872.0","32094.0","17276.0","13643.0","9793.0","83040.0","50941.0"
"109","2011","7","Maharashtra","Parbhani","39707.0","24901.0","24122.0","15437.0","5483.0","7523.0","69312.0","47861.0"
"109","2012","7","Maharashtra","Parbhani","36966.0","20217.0","21919.0","12283.0","9444.0","4869.0","68329.0","37369.0"
"109","2013","7","Maharashtra","Parbhani","36320.0","25899.0","17912.0","14795.0","8477.0","6228.0","62709.0","46922.0"
"109","2014","7","Maharashtra","Parbhani","40397.0","14913.0","21496.0","9003.0","10764.0","5758.0","72657.0","29674.0"
"109","2015","7","Maharashtra","Parbhani","29983.0","17606.0","18971.0","17318.0","7062.0","6979.0","56016.0","41903.0"
"109","2016","7","Maharashtra","Parbhani","31438.0","18941.0","18100.0","13240.0","7909.0","5436.0","57448.0","37617.0"
"109","2017","7","Maharashtra","Parbhani","34449.0","18065.0","24291.0","14947.0","11675.0","4899.0","70415.0","37911.0"
"110","1990","7","Maharashtra","Beed","10820.0","5727.0","4211.0","5608.0","2052.0","1075.0","17083.0","12410.0"
"110","1991","7","Maharashtra","Beed","9581.0","3775.0","4216.0","2420.0","2101.0","544.0","15898.0","6739.0"
"110","1993","7","Maharashtra","Beed","13731.0","7260.0","4622.0","2738.0","1103.0","633.0","19456.0","10631.0"
"110","1994","7","Maharashtra","Beed","19823.0","10307.0","6566.0","4826.0","2309.0","1519.0","28698.0","16652.0"
"110","1995","7","Maharashtra","Beed","18585.0","5261.0","6155.0","3298.0","4422.0","3256.0","29162.0","11815.0"
"110","1996","7","Maharashtra","Beed","15292.0","4783.0","5434.0","1825.0","1646.0","464.0","22372.0","7072.0"
"110","1997","7","Maharashtra","Beed","16440.0","5975.0","9203.0","3018.0","1765.0","687.0","27408.0","9680.0"
"110","1998","7","Maharashtra","Beed","-1.0","-1.0","-1.0","-1.0","-1.0","-1.0","-1.0","-1.0"
"110","1999","7","Maharashtra","Beed","-1.0","-1.0","-1.0","-1.0","-1.0","-1.0","-1.0","-1.0"
"110","2000","7","Maharashtra","Beed","22444.0","11732.0","10257.0","5690.0","3736.0","2830.0","36437.0","20252.0"
"110","2001","7","Maharashtra","Beed","22760.0","9905.0","10750.0","4804.0","3603.0","1893.0","37113.0","16602.0"
"110","2002","7","Maharashtra","Beed","26439.0","7193.0","11945.0","3445.0","5799.0","889.0","44183.0","11527.0"
"110","2003","7","Maharashtra","Beed","19027.0","6520.0","10833.0","4564.0","4006.0","957.0","33866.0","12041.0"
"110","2004","7","Maharashtra","Beed","21399.0","5925.0","12751.0","4914.0","5199.0","2013.0","39349.0","12852.0"
"110","2005","7","Maharashtra","Beed","23213.0","11504.0","13341.0","7400.0","6707.0","4729.0","43261.0","23633.0"
"110","2006","7","Maharashtra","Beed","27148.0","12635.0","18584.0","7041.0","8305.0","4971.0","54037.0","24647.0"
"110","2007","7","Maharashtra","Beed","31069.0","10126.0","20378.0","3921.0","12443.0","3223.0","63890.0","17270.0"
"110","2008","7","Maharashtra","Beed","30099.0","13629.0","12740.0","7764.0","5834.0","5348.0","48673.0","26741.0"
"110","2009","7","Maharashtra","Beed","28461.0","17476.0","17856.0","11764.0","4064.0","9167.0","50381.0","38407.0"
"110","2010","7","Maharashtra","Beed","36095.0","25175.0","25437.0","14811.0","14000.0","12118.0","75532.0","52104.0"
"110","2011","7","Maharashtra","Beed","39646.0","23810.0","24494.0","14493.0","3896.0","8626.0","68036.0","46929.0"
"110","2012","7","Maharashtra","Beed","32265.0","13040.0","18085.0","7797.0","8526.0","4643.0","58876.0","25480.0"
"110","2013","7","Maharashtra","Beed","37556.0","20701.0","19052.0","12716.0","8741.0","6241.0","65349.0","39658.0"
"110","2014","7","Maharashtra","Beed","41048.0","12529.0","20156.0","6590.0","9426.0","4098.0","70630.0","23217.0"
"110","2015","7","Maharashtra","Beed","26159.0","16389.0","13904.0","14596.0","6014.0","5373.0","46077.0","36358.0"
"110","2016","7","Maharashtra","Beed","21305.0","25616.0","15598.0","18533.0","8347.0","9072.0","45251.0","53221.0"
"110","2017","7","Maharashtra","Beed","37518.0","22803.0","23768.0","17620.0","11464.0","9661.0","72750.0","50084.0"
"111","1990","7","Maharashtra","Nanded","32173.0","15767.0","10368.0","9956.0","9130.0","5110.0","51671.0","30833.0"
"111","1991","7","Maharashtra","Nanded","26650.0","11340.0","12163.0","5699.0","5658.0","5265.0","44471.0","22304.0"
"111","1993","7","Maharashtra","Nanded","23916.0","12664.0","3622.0","7536.0","1893.0","1991.0","29431.0","22191.0"
"111","1994","7","Maharashtra","Nanded","24689.0","12423.0","7418.0","8632.0","4356.0","2330.0","36463.0","23385.0"
"111","1995","7","Maharashtra","Nanded","30810.0","16776.0","9979.0","12532.0","2453.0","5717.0","43242.0","35025.0"
"111","1996","7","Maharashtra","Nanded","32867.0","17940.0","6491.0","3589.0","2252.0","1457.0","41610.0","22986.0"
"111","1997","7","Maharashtra","Nanded","34820.0","23469.0","16672.0","11625.0","8419.0","7873.0","59911.0","42967.0"
"111","1998","7","Maharashtra","Nanded","-1.0","-1.0","-1.0","-1.0","-1.0","-1.0","-1.0","-1.0"
"111","1999","7","Maharashtra","Nanded","-1.0","-1.0","-1.0","-1.0","-1.0","-1.0","-1.0","-1.0"
"111","2000","7","Maharashtra","Nanded","29657.0","27411.0","9510.0","16923.0","4584.0","6402.0","43751.0","50736.0"
"111","2001","7","Maharashtra","Nanded","30075.0","27624.0","9967.0","18258.0","4421.0","9320.0","44463.0","55202.0"
"111","2002","7","Maharashtra","Nanded","25936.0","20759.0","7059.0","15818.0","3597.0","10024.0","36592.0","46601.0"
"111","2003","7","Maharashtra","Nanded","30943.0","21401.0","7102.0","17062.0","3234.0","3691.0","41279.0","42154.0"
"111","2004","7","Maharashtra","Nanded","27687.0","18119.0","16167.0","15438.0","7756.0","9875.0","51610.0","43432.0"
"111","2005","7","Maharashtra","Nanded","31191.0","31551.0","16579.0","23698.0","4735.0","13408.0","52505.0","68657.0"
"111","2006","7","Maharashtra","Nanded","36478.0","34653.0","23094.0","22549.0","5862.0","14094.0","65434.0","71296.0"
"111","2007","7","Maharashtra","Nanded","40838.0","24230.0","23048.0","15855.0","8755.0","8565.0","72641.0","48650.0"
"111","2008","7","Maharashtra","Nanded","48406.0","26731.0","25732.0","23890.0","18758.0","16044.0","92896.0","66665.0"
"111","2009","7","Maharashtra","Nanded","50643.0","18168.0","49187.0","12554.0","22531.0","17789.0","122361.0","48511.0"
"111","2010","7","Maharashtra","Nanded","40858.0","41433.0","35389.0","28238.0","17037.0","14197.0","93284.0","83868.0"
"111","2011","7","Maharashtra","Nanded","46653.0","38694.0","34615.0","32723.0","5647.0","14322.0","86915.0","85739.0"
"111","2012","7","Maharashtra","Nanded","37138.0","27241.0","22528.0","23624.0","10829.0","8685.0","70495.0","59550.0"
"111","2013","7","Maharashtra","Nanded","44165.0","31550.0","20396.0","17566.0","7687.0","8529.0","72248.0","57645.0"
"111","2014","7","Maharashtra","Nanded","47991.0","37136.0","25641.0","20636.0","11238.0","14885.0","84870.0","72657.0"
"111","2015","7","Maharashtra","Nanded","45622.0","44308.0","24208.0","36270.0","6443.0","12312.0","76273.0","92890.0"
"111","2016","7","Maharashtra","Nanded","42619.0","44090.0","21288.0","29314.0","11432.0","13767.0","75339.0","87171.0"
"111","2017","7","Maharashtra","Nanded","52126.0","23238.0","32402.0","24289.0","19679.0","10363.0","104207.0","57890.0"
"112","1990","7","Maharashtra","Osmanabad","15697.0","10421.0","9417.0","8146.0","3803.0","2728.0","28917.0","21295.0"
"112","1991","7","Maharashtra","Osmanabad","20847.0","5888.0","10880.0","3793.0","3847.0","1243.0","35574.0","10924.0"
"112","1993","7","Maharashtra","Osmanabad","17258.0","11422.0","5245.0","5629.0","1720.0","1020.0","24223.0","18071.0"
"112","1994","7","Maharashtra","Osmanabad","18116.0","5440.0","7876.0","5467.0","3526.0","1608.0","29518.0","12515.0"
"112","1995","7","Maharashtra","Osmanabad","21060.0","12895.0","10003.0","11560.0","3811.0","4961.0","34874.0","29416.0"
"112","1996","7","Maharashtra","Osmanabad","20069.0","11913.0","8270.0","5131.0","1700.0","1752.0","30039.0","18796.0"
"112","1997","7","Maharashtra","Osmanabad","23116.0","9030.0","16809.0","5363.0","4186.0","1743.0","44111.0","16136.0"
"112","1998","7","Maharashtra","Osmanabad","-1.0","-1.0","-1.0","-1.0","-1.0","-1.0","-1.0","-1.0"
"112","1999","7","Maharashtra","Osmanabad","-1.0","-1.0","-1.0","-1.0","-1.0","-1.0","-1.0","-1.0"
"112","2000","7","Maharashtra","Osmanabad","25969.0","15081.0","15777.0","11403.0","5873.0","7352.0","47619.0","33836.0"
"112","2001","7","Maharashtra","Osmanabad","26337.0","12418.0","16537.0","8746.0","5664.0","2169.0","48538.0","23333.0"
"112","2002","7","Maharashtra","Osmanabad","23774.0","7744.0","16689.0","4591.0","5838.0","2712.0","46301.0","15047.0"
"112","2003","7","Maharashtra","Osmanabad","16823.0","8897.0","13176.0","7743.0","2503.0","1133.0","32502.0","17773.0"
"112","2004","7","Maharashtra","Osmanabad","16074.0","8523.0","14138.0","7686.0","2918.0","2352.0","33130.0","18561.0"
"112","2005","7","Maharashtra","Osmanabad","21077.0","17406.0","16297.0","16839.0","3642.0","7258.0","41016.0","41503.0"
"112","2006","7","Maharashtra","Osmanabad","24649.0","19117.0","22701.0","16022.0","4509.0","7630.0","51859.0","42769.0"
"112","2007","7","Maharashtra","Osmanabad","28260.0","11140.0","23643.0","5911.0","7514.0","2970.0","59417.0","20021.0"
"112","2008","7","Maharashtra","Osmanabad","24906.0","17807.0","20324.0","11183.0","7142.0","5612.0","52372.0","34602.0"
"112","2009","7","Maharashtra","Osmanabad","29906.0","18866.0","36673.0","13132.0","9285.0","8506.0","75864.0","40504.0"
"112","2010","7","Maharashtra","Osmanabad","39592.0","26112.0","35459.0","20540.0","14266.0","11551.0","89317.0","58203.0"
"112","2011","7","Maharashtra","Osmanabad","40464.0","34255.0","26944.0","30831.0","5785.0","9838.0","73193.0","74924.0"
"112","2012","7","Maharashtra","Osmanabad","34878.0","20320.0","23200.0","15388.0","5888.0","4129.0","63966.0","39837.0"
"112","2013","7","Maharashtra","Osmanabad","36138.0","26804.0","21077.0","18206.0","6974.0","6192.0","64189.0","51202.0"
"112","2014","7","Maharashtra","Osmanabad","36143.0","17170.0","26778.0","13463.0","11238.0","5387.0","74159.0","36020.0"
"112","2015","7","Maharashtra","Osmanabad","25052.0","12156.0","21441.0","15736.0","5343.0","4232.0","51836.0","32124.0"
"112","2016","7","Maharashtra","Osmanabad","21459.0","26088.0","20995.0","18300.0","4373.0","6775.0","46827.0","51163.0"
"112","2017","7","Maharashtra","Osmanabad","28780.0","28237.0","27380.0","23065.0","9849.0","9270.0","66009.0","60572.0"
"113","1990","7","Maharashtra","Buldhana","18945.0","8081.0","9205.0","4898.0","2726.0","999.0","30876.0","13978.0"
"113","1991","7","Maharashtra","Buldhana","16899.0","5146.0","8073.0","2627.0","2582.0","492.0","27554.0","8265.0"
"113","1993","7","Maharashtra","Buldhana","20009.0","8253.0","5591.0","4202.0","987.0","794.0","26587.0","13249.0"
"113","1994","7","Maharashtra","Buldhana","20792.0","10528.0","6418.0","5115.0","2228.0","990.0","29438.0","16633.0"
"113","1995","7","Maharashtra","Buldhana","23349.0","12289.0","7047.0","9227.0","2645.0","2013.0","33041.0","23529.0"
"113","1996","7","Maharashtra","Buldhana","22489.0","9313.0","6178.0","3936.0","713.0","1205.0","29380.0","14454.0"
"113","1997","7","Maharashtra","Buldhana","28009.0","9071.0","14028.0","3406.0","2830.0","191.0","44867.0","12668.0"
"113","1998","7","Maharashtra","Buldhana","-1.0","-1.0","-1.0","-1.0","-1.0","-1.0","-1.0","-1.0"
"113","1999","7","Maharashtra","Buldhana","-1.0","-1.0","-1.0","-1.0","-1.0","-1.0","-1.0","-1.0"
"113","2000","7","Maharashtra","Buldhana","26564.0","7511.0","12151.0","7068.0","3744.0","518.0","42459.0","15097.0"
"113","2001","7","Maharashtra","Buldhana","26939.0","13181.0","12735.0","6434.0","3611.0","292.0","43285.0","19907.0"
"113","2002","7","Maharashtra","Buldhana","25139.0","17626.0","15906.0","9080.0","3113.0","2536.0","44158.0","29242.0"
"113","2003","7","Maharashtra","Buldhana","25261.0","9534.0","12568.0","5859.0","2182.0","498.0","40011.0","15891.0"
"113","2004","7","Maharashtra","Buldhana","26723.0","6617.0","18495.0","6088.0","4310.0","1234.0","49528.0","13939.0"
"113","2005","7","Maharashtra","Buldhana","26664.0","10457.0","13902.0","9573.0","3274.0","2865.0","43840.0","22895.0"
"113","2006","7","Maharashtra","Buldhana","31183.0","11485.0","19366.0","9109.0","4054.0","3012.0","54603.0","23606.0"
"113","2007","7","Maharashtra","Buldhana","34159.0","11299.0","18083.0","8127.0","5935.0","4057.0","58177.0","23483.0"
"113","2008","7","Maharashtra","Buldhana","44391.0","11638.0","21750.0","11265.0","10922.0","5438.0","77063.0","28341.0"
"113","2009","7","Maharashtra","Buldhana","39967.0","19521.0","29088.0","16998.0","5174.0","8188.0","74229.0","44707.0"
"113","2010","7","Maharashtra","Buldhana","38690.0","31431.0","31908.0","23344.0","11178.0","14035.0","81776.0","68810.0"
"113","2011","7","Maharashtra","Buldhana","42955.0","20265.0","25089.0","18355.0","3414.0","7247.0","71458.0","45867.0"
"113","2012","7","Maharashtra","Buldhana","40026.0","16315.0","21943.0","15861.0","7995.0","4326.0","69964.0","36502.0"
"113","2013","7","Maharashtra","Buldhana","38935.0","26768.0","20039.0","18863.0","6657.0","5859.0","65631.0","51490.0"
"113","2014","7","Maharashtra","Buldhana","36024.0","25850.0","21616.0","22427.0","8135.0","9947.0","65775.0","58224.0"
"113","2015","7","Maharashtra","Buldhana","29716.0","22385.0","14404.0","24230.0","2929.0","7596.0","47049.0","54211.0"
"113","2016","7","Maharashtra","Buldhana","32186.0","21995.0","17588.0","19675.0","6432.0","6165.0","56206.0","47835.0"
"113","2017","7","Maharashtra","Buldhana","32175.0","14659.0","20218.0","17725.0","8340.0","5316.0","60733.0","37700.0"
"114","1990","7","Maharashtra","Akola","19185.0","7793.0","6165.0","5317.0","2779.0","1161.0","28129.0","14271.0"
"114","1991","7","Maharashtra","Akola","17658.0","4254.0","9710.0","3413.0","3191.0","1300.0","30559.0","8967.0"
"114","1993","7","Maharashtra","Akola","19120.0","6627.0","6541.0","2699.0","2139.0","373.0","27800.0","9699.0"
"114","1994","7","Maharashtra","Akola","21601.0","11061.0","8228.0","7182.0","773.0","1642.0","30602.0","19885.0"
"114","1995","7","Maharashtra","Akola","33576.0","10705.0","13183.0","7783.0","4289.0","506.0","51048.0","18994.0"
"114","1996","7","Maharashtra","Akola","32776.0","12070.0","11290.0","4698.0","2538.0","1178.0","46604.0","17946.0"
"114","1997","7","Maharashtra","Akola","36152.0","12494.0","19048.0","6889.0","1553.0","2497.0","56753.0","21880.0"
"114","1998","7","Maharashtra","Akola","-1.0","-1.0","-1.0","-1.0","-1.0","-1.0","-1.0","-1.0"
"114","1999","7","Maharashtra","Akola","-1.0","-1.0","-1.0","-1.0","-1.0","-1.0","-1.0","-1.0"
"114","2000","7","Maharashtra","Akola","23282.0","11472.0","12912.0","9422.0","1798.0","2190.0","37992.0","23084.0"
"114","2001","7","Maharashtra","Akola","23610.0","15864.0","13533.0","10890.0","1735.0","2566.0","38878.0","29320.0"
"114","2002","7","Maharashtra","Akola","18787.0","12100.0","13470.0","9418.0","2804.0","2306.0","35061.0","23824.0"
"114","2003","7","Maharashtra","Akola","18084.0","11717.0","8935.0","9410.0","1504.0","1786.0","28523.0","22913.0"
"114","2004","7","Maharashtra","Akola","19997.0","8028.0","14602.0","8768.0","2514.0","3566.0","37113.0","20362.0"
"114","2005","7","Maharashtra","Akola","18226.0","12329.0","9330.0","10850.0","2665.0","3003.0","30221.0","26182.0"
"114","2006","7","Maharashtra","Akola","21315.0","13541.0","12997.0","10323.0","3299.0","3157.0","37611.0","27021.0"
"114","2007","7","Maharashtra","Akola","22813.0","19083.0","11084.0","13097.0","4267.0","5657.0","38164.0","37837.0"
"114","2008","7","Maharashtra","Akola","23731.0","10189.0","17724.0","12494.0","5944.0","3961.0","47399.0","26644.0"
"114","2009","7","Maharashtra","Akola","31259.0","12331.0","28446.0","10309.0","4680.0","5043.0","64385.0","27683.0"
"114","2010","7","Maharashtra","Akola","30647.0","21969.0","27850.0","13837.0","7239.0","5875.0","65736.0","41681.0"
"114","2011","7","Maharashtra","Akola","32609.0","16556.0","20094.0","17676.0","6721.0","4590.0","59424.0","38822.0"
"114","2012","7","Maharashtra","Akola","26385.0","18884.0","18388.0","13469.0","6075.0","3333.0","50848.0","35686.0"
"114","2013","7","Maharashtra","Akola","27086.0","21572.0","16551.0","19492.0","3260.0","2621.0","46897.0","43685.0"
"114","2014","7","Maharashtra","Akola","23698.0","17220.0","17486.0","10585.0","5760.0","4828.0","46944.0","32633.0"
"114","2015","7","Maharashtra","Akola","27563.0","18603.0","20134.0","20470.0","5793.0","6443.0","53490.0","45516.0"
"114","2016","7","Maharashtra","Akola","25685.0","15074.0","15145.0","12566.0","4879.0","3346.0","45709.0","30986.0"
"114","2017","7","Maharashtra","Akola","23850.0","10509.0","19679.0","11020.0","7434.0","3355.0","50963.0","24884.0"
"115","1990","7","Maharashtra","Amarawati","19004.0","7201.0","9988.0","5639.0","4674.0","1642.0","33666.0","14482.0"
"115","1991","7","Maharashtra","Amarawati","15342.0","5201.0","8073.0","5143.0","2836.0","2191.0","26251.0","12535.0"
"115","1993","7","Maharashtra","Amarawati","15374.0","9181.0","6192.0","1692.0","2457.0","603.0","24023.0","11476.0"
"115","1994","7","Maharashtra","Amarawati","18369.0","11163.0","8957.0","5503.0","2897.0","2841.0","30223.0","19507.0"
"115","1995","7","Maharashtra","Amarawati","26431.0","7049.0","9223.0","6085.0","5217.0","707.0","40871.0","13841.0"
"115","1996","7","Maharashtra","Amarawati","24994.0","11822.0","11237.0","3873.0","3827.0","2722.0","40058.0","18417.0"
"115","1997","7","Maharashtra","Amarawati","21674.0","9135.0","9064.0","5569.0","2861.0","643.0","33599.0","15347.0"
"115","1998","7","Maharashtra","Amarawati","-1.0","-1.0","-1.0","-1.0","-1.0","-1.0","-1.0","-1.0"
"115","1999","7","Maharashtra","Amarawati","-1.0","-1.0","-1.0","-1.0","-1.0","-1.0","-1.0","-1.0"
"115","2000","7","Maharashtra","Amarawati","16836.0","8066.0","9288.0","5441.0","2591.0","1823.0","28715.0","15330.0"
"115","2001","7","Maharashtra","Amarawati","17074.0","5855.0","9735.0","3464.0","2499.0","441.0","29308.0","9760.0"
"115","2002","7","Maharashtra","Amarawati","12584.0","9272.0","7511.0","6207.0","1705.0","2805.0","21800.0","18284.0"
"115","2003","7","Maharashtra","Amarawati","14467.0","7713.0","10296.0","7329.0","1498.0","1066.0","26261.0","16108.0"
"115","2004","7","Maharashtra","Amarawati","10901.0","8497.0","7131.0","6685.0","1275.0","1732.0","19307.0","16914.0"
"115","2005","7","Maharashtra","Amarawati","11752.0","8121.0","6381.0","6645.0","2053.0","3620.0","20186.0","18386.0"
"115","2006","7","Maharashtra","Amarawati","13744.0","8919.0","8889.0","6323.0","2542.0","3805.0","25175.0","19047.0"
"115","2007","7","Maharashtra","Amarawati","15115.0","15015.0","8368.0","8180.0","3708.0","3593.0","27191.0","26788.0"
"115","2008","7","Maharashtra","Amarawati","19726.0","12886.0","16465.0","11896.0","7280.0","5350.0","43471.0","30132.0"
"115","2009","7","Maharashtra","Amarawati","25667.0","12969.0","21318.0","7535.0","6193.0","6605.0","53178.0","27109.0"
"115","2010","7","Maharashtra","Amarawati","16714.0","21196.0","17180.0","14469.0","5032.0","5365.0","38926.0","41030.0"
"115","2011","7","Maharashtra","Amarawati","20449.0","18989.0","15777.0","16873.0","2754.0","9347.0","38980.0","45209.0"
"115","2012","7","Maharashtra","Amarawati","20379.0","17605.0","14414.0","10827.0","4051.0","4804.0","38844.0","33236.0"
"115","2013","7","Maharashtra","Amarawati","20877.0","17096.0","16089.0","8526.0","7394.0","2699.0","44360.0","28321.0"
"115","2014","7","Maharashtra","Amarawati","18518.0","18875.0","14956.0","8745.0","9150.0","5124.0","42624.0","32744.0"
"115","2015","7","Maharashtra","Amarawati","25493.0","16283.0","18479.0","13394.0","8574.0","5348.0","52546.0","35025.0"
"115","2016","7","Maharashtra","Amarawati","20976.0","12366.0","12346.0","10431.0","6452.0","4381.0","39774.0","27178.0"
"115","2017","7","Maharashtra","Amarawati","21632.0","13409.0","14682.0","10934.0","8740.0","4727.0","45054.0","29070.0"
"116","1990","7","Maharashtra","Yeotmal","16008.0","5110.0","5899.0","3508.0","3572.0","1616.0","25479.0","10234.0"
"116","1991","7","Maharashtra","Yeotmal","20633.0","2866.0","8468.0","2336.0","4957.0","1520.0","34058.0","6722.0"
"116","1993","7","Maharashtra","Yeotmal","19092.0","5273.0","4755.0","1872.0","1843.0","695.0","25690.0","7840.0"
"116","1994","7","Maharashtra","Yeotmal","22334.0","8117.0","7623.0","3013.0","3175.0","1377.0","33132.0","12507.0"
"116","1995","7","Maharashtra","Yeotmal","23674.0","7405.0","7909.0","3086.0","3638.0","1951.0","35221.0","12442.0"
"116","1996","7","Maharashtra","Yeotmal","24008.0","6224.0","8347.0","2750.0","2565.0","1418.0","34920.0","10392.0"
"116","1997","7","Maharashtra","Yeotmal","25124.0","8545.0","13552.0","4442.0","2337.0","1703.0","41013.0","14690.0"
"116","1998","7","Maharashtra","Yeotmal","-1.0","-1.0","-1.0","-1.0","-1.0","-1.0","-1.0","-1.0"
"116","1999","7","Maharashtra","Yeotmal","-1.0","-1.0","-1.0","-1.0","-1.0","-1.0","-1.0","-1.0"
"116","2000","7","Maharashtra","Yeotmal","26045.0","9311.0","13343.0","5938.0","5331.0","2205.0","44719.0","17454.0"
"116","2001","7","Maharashtra","Yeotmal","26413.0","9112.0","14005.0","4377.0","5142.0","2217.0","45560.0","15706.0"
"116","2002","7","Maharashtra","Yeotmal","22924.0","11719.0","14130.0","5367.0","5013.0","1528.0","42067.0","18614.0"
"116","2003","7","Maharashtra","Yeotmal","21275.0","10580.0","12541.0","5958.0","3508.0","1353.0","37324.0","17891.0"
"116","2004","7","Maharashtra","Yeotmal","25666.0","3617.0","17876.0","3344.0","4371.0","868.0","47913.0","7829.0"
"116","2005","7","Maharashtra","Yeotmal","25764.0","9170.0","18021.0","5814.0","4503.0","2488.0","48288.0","17472.0"
"116","2006","7","Maharashtra","Yeotmal","30131.0","10071.0","25104.0","5532.0","5575.0","2615.0","60810.0","18218.0"
"116","2007","7","Maharashtra","Yeotmal","33265.0","13782.0","22429.0","4268.0","7654.0","1717.0","63348.0","19767.0"
"116","2008","7","Maharashtra","Yeotmal","36095.0","8770.0","17193.0","5142.0","10141.0","1667.0","63429.0","15579.0"
"116","2009","7","Maharashtra","Yeotmal","33304.0","7595.0","28699.0","6160.0","9745.0","7669.0","71748.0","21424.0"
"116","2010","7","Maharashtra","Yeotmal","36401.0","23428.0","27011.0","13388.0","13635.0","8126.0","77047.0","44942.0"
"116","2011","7","Maharashtra","Yeotmal","41699.0","22676.0","22713.0","17247.0","4712.0","9781.0","69124.0","49704.0"
"116","2012","7","Maharashtra","Yeotmal","41166.0","19186.0","26144.0","10314.0","11273.0","4189.0","78583.0","33689.0"
"116","2013","7","Maharashtra","Yeotmal","34537.0","23837.0","14874.0","12941.0","6805.0","4597.0","56216.0","41375.0"
"116","2014","7","Maharashtra","Yeotmal","43963.0","22008.0","21989.0","12097.0","13216.0","6416.0","79168.0","40521.0"
"116","2015","7","Maharashtra","Yeotmal","40737.0","27254.0","17829.0","19627.0","9501.0","7136.0","68067.0","54017.0"
"116","2016","7","Maharashtra","Yeotmal","36667.0","22706.0","13302.0","13673.0","11020.0","5678.0","60988.0","42057.0"
"116","2017","7","Maharashtra","Yeotmal","39257.0","9458.0","21729.0","10472.0","14748.0","3929.0","75734.0","23859.0"
"117","1990","7","Maharashtra","Wardha","14625.0","4797.0","6060.0","1741.0","3413.0","1421.0","24098.0","7959.0"
"117","1991","7","Maharashtra","Wardha","9943.0","5315.0","4532.0","2510.0","772.0","2979.0","15247.0","10804.0"
"117","1993","7","Maharashtra","Wardha","9161.0","3215.0","2355.0","3739.0","2752.0","2302.0","14268.0","9256.0"
"117","1994","7","Maharashtra","Wardha","10253.0","6900.0","2600.0","3356.0","729.0","1552.0","13582.0","11808.0"
"117","1995","7","Maharashtra","Wardha","11994.0","3536.0","2274.0","4091.0","511.0","2721.0","14779.0","10348.0"
"117","1996","7","Maharashtra","Wardha","17096.0","4063.0","4009.0","1328.0","322.0","606.0","21427.0","5997.0"
"117","1997","7","Maharashtra","Wardha","10171.0","5637.0","1971.0","2602.0","4469.0","3010.0","16611.0","11249.0"
"117","1998","7","Maharashtra","Wardha","-1.0","-1.0","-1.0","-1.0","-1.0","-1.0","-1.0","-1.0"
"117","1999","7","Maharashtra","Wardha","-1.0","-1.0","-1.0","-1.0","-1.0","-1.0","-1.0","-1.0"
"117","2000","7","Maharashtra","Wardha","10398.0","8472.0","3099.0","6347.0","2726.0","2241.0","16223.0","17060.0"
"117","2001","7","Maharashtra","Wardha","10545.0","7875.0","3248.0","5236.0","2629.0","3328.0","16422.0","16439.0"
"117","2002","7","Maharashtra","Wardha","5972.0","6132.0","1671.0","6924.0","1101.0","3967.0","8744.0","17023.0"
"117","2003","7","Maharashtra","Wardha","8987.0","3595.0","2226.0","2390.0","2520.0","1264.0","13733.0","7249.0"
"117","2004","7","Maharashtra","Wardha","9440.0","3794.0","4185.0","2279.0","2528.0","1676.0","16153.0","7749.0"
"117","2005","7","Maharashtra","Wardha","8794.0","5980.0","5103.0","3096.0","2708.0","3794.0","16605.0","12870.0"
"117","2006","7","Maharashtra","Wardha","10284.0","6568.0","7108.0","2946.0","3353.0","3988.0","20745.0","13502.0"
"117","2007","7","Maharashtra","Wardha","11551.0","6188.0","6774.0","3765.0","4678.0","1880.0","23003.0","11833.0"
"117","2008","7","Maharashtra","Wardha","16666.0","8535.0","14621.0","4449.0","5433.0","2551.0","36720.0","15535.0"
"117","2009","7","Maharashtra","Wardha","21277.0","6832.0","19862.0","4604.0","7350.0","4472.0","48489.0","15908.0"
"117","2010","7","Maharashtra","Wardha","15375.0","19570.0","13962.0","12364.0","3639.0","8893.0","32976.0","40827.0"
"117","2011","7","Maharashtra","Wardha","17643.0","12124.0","16229.0","8717.0","4179.0","4035.0","38051.0","24876.0"
"117","2012","7","Maharashtra","Wardha","17719.0","12759.0","11793.0","6443.0","5425.0","3657.0","34937.0","22859.0"
"117","2013","7","Maharashtra","Wardha","21736.0","12597.0","11597.0","7559.0","7449.0","2984.0","40782.0","23140.0"
"117","2014","7","Maharashtra","Wardha","20204.0","16727.0","11703.0","8663.0","8865.0","7784.0","40772.0","33174.0"
"117","2015","7","Maharashtra","Wardha","26772.0","10019.0","17059.0","9504.0","7262.0","5440.0","51093.0","24963.0"
"117","2016","7","Maharashtra","Wardha","27413.0","12833.0","15072.0","9183.0","9794.0","3994.0","52279.0","26010.0"
"117","2017","7","Maharashtra","Wardha","25500.0","4904.0","15637.0","5436.0","13914.0","2512.0","55051.0","12852.0"
"118","1990","7","Maharashtra","Nagpur","12152.0","6218.0","9979.0","3550.0","2878.0","717.0","25009.0","10485.0"
"118","1991","7","Maharashtra","Nagpur","11229.0","6110.0","10001.0","4051.0","2314.0","1408.0","23544.0","11569.0"
"118","1993","7","Maharashtra","Nagpur","12876.0","8007.0","6323.0","1755.0","1756.0","103.0","20955.0","9865.0"
"118","1994","7","Maharashtra","Nagpur","12209.0","8787.0","7995.0","3526.0","748.0","399.0","20952.0","12712.0"
"118","1995","7","Maharashtra","Nagpur","17265.0","8036.0","5236.0","3997.0","1640.0","393.0","24141.0","12426.0"
"118","1996","7","Maharashtra","Nagpur","13941.0","9899.0","8154.0","3311.0","832.0","860.0","22927.0","14070.0"
"118","1997","7","Maharashtra","Nagpur","17557.0","11525.0","12473.0","8698.0","2144.0","1236.0","32174.0","21459.0"
"118","1998","7","Maharashtra","Nagpur","-1.0","-1.0","-1.0","-1.0","-1.0","-1.0","-1.0","-1.0"
"118","1999","7","Maharashtra","Nagpur","-1.0","-1.0","-1.0","-1.0","-1.0","-1.0","-1.0","-1.0"
"118","2000","7","Maharashtra","Nagpur","17174.0","7493.0","10927.0","3048.0","1770.0","719.0","29871.0","11260.0"
"118","2001","7","Maharashtra","Nagpur","17416.0","5858.0","11452.0","2592.0","1708.0","1238.0","30576.0","9688.0"
"118","2002","7","Maharashtra","Nagpur","16973.0","13253.0","13790.0","7589.0","3755.0","2539.0","34518.0","23381.0"
"118","2003","7","Maharashtra","Nagpur","15133.0","12193.0","9946.0","7277.0","1175.0","1241.0","26254.0","20711.0"
"118","2004","7","Maharashtra","Nagpur","16078.0","8215.0","13708.0","5593.0","2437.0","799.0","32223.0","14607.0"
"118","2005","7","Maharashtra","Nagpur","14388.0","11705.0","13287.0","6117.0","1422.0","978.0","29097.0","18800.0"
"118","2006","7","Maharashtra","Nagpur","16827.0","12856.0","18508.0","5820.0","1761.0","1028.0","37096.0","19704.0"
"118","2007","7","Maharashtra","Nagpur","18720.0","12206.0","17172.0","3728.0","2793.0","1207.0","38685.0","17141.0"
"118","2008","7","Maharashtra","Nagpur","20056.0","10197.0","15845.0","7915.0","4648.0","3282.0","40549.0","21394.0"
"118","2009","7","Maharashtra","Nagpur","22335.0","15036.0","23224.0","6838.0","3360.0","2361.0","48919.0","24235.0"
"118","2010","7","Maharashtra","Nagpur","20120.0","20967.0","20594.0","12429.0","5512.0","4969.0","46226.0","38365.0"
"118","2011","7","Maharashtra","Nagpur","21745.0","20111.0","19409.0","12446.0","3718.0","5328.0","44872.0","37885.0"
"118","2012","7","Maharashtra","Nagpur","23529.0","18302.0","14755.0","8184.0","3968.0","3061.0","42252.0","29547.0"
"118","2013","7","Maharashtra","Nagpur","23030.0","19718.0","11643.0","8419.0","3854.0","2351.0","38527.0","30488.0"
"118","2014","7","Maharashtra","Nagpur","25072.0","19155.0","15821.0","7164.0","6480.0","3224.0","47373.0","29543.0"
"118","2015","7","Maharashtra","Nagpur","30787.0","22160.0","19483.0","12409.0","6929.0","2321.0","57199.0","36890.0"
"118","2016","7","Maharashtra","Nagpur","25516.0","16951.0","12977.0","8352.0","5969.0","2286.0","44462.0","27589.0"
"118","2017","7","Maharashtra","Nagpur","33374.0","17293.0","19715.0","10607.0","8459.0","2414.0","61548.0","30314.0"
"119","1990","7","Maharashtra","Bhandara","11814.0","4921.0","4737.0","3100.0","1559.0","1050.0","18110.0","9071.0"
"119","1991","7","Maharashtra","Bhandara","10939.0","3554.0","4460.0","1062.0","1543.0","300.0","16942.0","4916.0"
"119","1993","7","Maharashtra","Bhandara","14578.0","4958.0","3098.0","1142.0","948.0","188.0","18624.0","6288.0"
"119","1994","7","Maharashtra","Bhandara","15362.0","9417.0","6776.0","2431.0","1983.0","615.0","24121.0","12463.0"
"119","1995","7","Maharashtra","Bhandara","17504.0","5986.0","5652.0","1391.0","1608.0","582.0","24764.0","7959.0"
"119","1996","7","Maharashtra","Bhandara","19705.0","5720.0","7963.0","1811.0","1688.0","881.0","29356.0","8412.0"
"119","1997","7","Maharashtra","Bhandara","20134.0","5149.0","6287.0","1906.0","366.0","56.0","26787.0","7111.0"
"119","1998","7","Maharashtra","Bhandara","-1.0","-1.0","-1.0","-1.0","-1.0","-1.0","-1.0","-1.0"
"119","1999","7","Maharashtra","Bhandara","-1.0","-1.0","-1.0","-1.0","-1.0","-1.0","-1.0","-1.0"
"119","2000","7","Maharashtra","Bhandara","21384.0","5197.0","10655.0","1920.0","3753.0","632.0","35792.0","7749.0"
"119","2001","7","Maharashtra","Bhandara","21685.0","5454.0","11167.0","2391.0","3619.0","875.0","36471.0","8720.0"
"119","2002","7","Maharashtra","Bhandara","18046.0","7310.0","9232.0","3500.0","3073.0","1460.0","30351.0","12270.0"
"119","2003","7","Maharashtra","Bhandara","19266.0","6768.0","10373.0","3621.0","3282.0","1205.0","32921.0","11594.0"
"119","2004","7","Maharashtra","Bhandara","20016.0","4552.0","9259.0","2128.0","3133.0","721.0","32408.0","7401.0"
"119","2005","7","Maharashtra","Bhandara","21935.0","7317.0","10075.0","3490.0","3660.0","1065.0","35670.0","11872.0"
"119","2006","7","Maharashtra","Bhandara","25653.0","8044.0","14035.0","3321.0","4532.0","1120.0","44220.0","12485.0"
"119","2007","7","Maharashtra","Bhandara","27939.0","8855.0","11898.0","3839.0","5713.0","1836.0","45550.0","14530.0"
"119","2008","7","Maharashtra","Bhandara","25139.0","3459.0","7175.0","1881.0","866.0","485.0","33180.0","5825.0"
"119","2009","7","Maharashtra","Bhandara","22830.0","5995.0","13533.0","4032.0","735.0","1095.0","37098.0","11122.0"
"119","2010","7","Maharashtra","Bhandara","26499.0","9404.0","15270.0","4311.0","3788.0","897.0","45557.0","14612.0"
"119","2011","7","Maharashtra","Bhandara","23475.0","11695.0","11644.0","6491.0","804.0","1689.0","35923.0","19875.0"
"119","2012","7","Maharashtra","Bhandara","24853.0","8533.0","12862.0","4391.0","3293.0","909.0","41008.0","13833.0"
"119","2013","7","Maharashtra","Bhandara","28278.0","10842.0","9982.0","7014.0","2668.0","496.0","40928.0","18352.0"
"119","2014","7","Maharashtra","Bhandara","26008.0","12006.0","12493.0","6113.0","2527.0","755.0","41028.0","18874.0"
"119","2015","7","Maharashtra","Bhandara","31014.0","15084.0","11936.0","9348.0","1438.0","766.0","44388.0","25198.0"
"119","2016","7","Maharashtra","Bhandara","41203.0","13648.0","15100.0","9704.0","2798.0","853.0","59101.0","24205.0"
"119","2017","7","Maharashtra","Bhandara","29421.0","9745.0","11012.0","6276.0","1578.0","466.0","42011.0","16487.0"
"120","1990","7","Maharashtra","Chandrapur","10595.0","3760.0","2892.0","1756.0","926.0","874.0","14413.0","6390.0"
"120","1991","7","Maharashtra","Chandrapur","12877.0","2648.0","4431.0","1130.0","2064.0","250.0","19372.0","4028.0"
"120","1993","7","Maharashtra","Chandrapur","14676.0","2779.0","4015.0","502.0","803.0","117.0","19494.0","3398.0"
"120","1994","7","Maharashtra","Chandrapur","16633.0","2815.0","5808.0","1421.0","2029.0","292.0","24470.0","4528.0"
"120","1995","7","Maharashtra","Chandrapur","21270.0","3290.0","7532.0","1032.0","2186.0","332.0","30988.0","4654.0"
"120","1996","7","Maharashtra","Chandrapur","19047.0","5598.0","5887.0","1043.0","1896.0","276.0","26830.0","6917.0"
"120","1997","7","Maharashtra","Chandrapur","19383.0","7065.0","8179.0","2163.0","756.0","809.0","28318.0","10037.0"
"120","1998","7","Maharashtra","Chandrapur","-1.0","-1.0","-1.0","-1.0","-1.0","-1.0","-1.0","-1.0"
"120","1999","7","Maharashtra","Chandrapur","-1.0","-1.0","-1.0","-1.0","-1.0","-1.0","-1.0","-1.0"
"120","2000","7","Maharashtra","Chandrapur","21522.0","5893.0","10735.0","2577.0","2013.0","1478.0","34270.0","9948.0"
"120","2001","7","Maharashtra","Chandrapur","21916.0","7790.0","11249.0","3372.0","1941.0","1260.0","35106.0","12422.0"
"120","2002","7","Maharashtra","Chandrapur","21102.0","7382.0","12523.0","4002.0","3348.0","1409.0","36973.0","12793.0"
"120","2003","7","Maharashtra","Chandrapur","19811.0","8910.0","11095.0","4201.0","2823.0","678.0","33729.0","13789.0"
"120","2004","7","Maharashtra","Chandrapur","22175.0","4786.0","13474.0","2980.0","3643.0","1670.0","39292.0","9436.0"
"120","2005","7","Maharashtra","Chandrapur","24224.0","6608.0","13303.0","3764.0","2842.0","587.0","40369.0","10959.0"
"120","2006","7","Maharashtra","Chandrapur","28331.0","7262.0","18532.0","3591.0","3519.0","623.0","50382.0","11476.0"
"120","2007","7","Maharashtra","Chandrapur","30780.0","7926.0","15997.0","3066.0","4464.0","1020.0","51241.0","12012.0"
"120","2008","7","Maharashtra","Chandrapur","28525.0","4084.0","11635.0","2544.0","2913.0","628.0","43073.0","7256.0"
"120","2009","7","Maharashtra","Chandrapur","29795.0","5037.0","22292.0","3042.0","3765.0","2804.0","55852.0","10883.0"
"120","2010","7","Maharashtra","Chandrapur","30256.0","14343.0","24196.0","5342.0","5331.0","1555.0","59783.0","21240.0"
"120","2011","7","Maharashtra","Chandrapur","28179.0","17942.0","13838.0","10941.0","1368.0","4058.0","43385.0","32941.0"
"120","2012","7","Maharashtra","Chandrapur","33414.0","12933.0","17357.0","4512.0","5212.0","1184.0","55983.0","18629.0"
"120","2013","7","Maharashtra","Chandrapur","34958.0","10415.0","9395.0","9355.0","3101.0","934.0","47454.0","20704.0"
"120","2014","7","Maharashtra","Chandrapur","36765.0","13866.0","16972.0","8039.0","5214.0","1892.0","58951.0","23797.0"
"120","2015","7","Maharashtra","Chandrapur","43916.0","15233.0","16589.0","11442.0","4036.0","2541.0","64541.0","29216.0"
"120","2016","7","Maharashtra","Chandrapur","42948.0","11506.0","15648.0","8247.0","3395.0","1295.0","61989.0","21048.0"
"120","2017","7","Maharashtra","Chandrapur","47331.0","8975.0","20371.0","6840.0","5670.0","1208.0","73372.0","17023.0"
"121","1990","3","Gujarat","Ahmedabad","12521.0","14141.0","5843.0","3714.0","1886.0","1361.0","20250.0","19216.0"
"121","1991","3","Gujarat","Ahmedabad","16208.0","16535.0","3810.0","4441.0","1763.0","2278.0","21781.0","23253.0"
"121","1993","3","Gujarat","Ahmedabad","13722.0","16628.0","4401.0","2989.0","1674.0","2226.0","19797.0","21843.0"
"121","1994","3","Gujarat","Ahmedabad","15615.0","19665.0","4582.0","2963.0","1584.0","3600.0","21781.0","26228.0"
"121","1995","3","Gujarat","Ahmedabad","16699.0","17423.0","3152.0","2103.0","1965.0","3234.0","21817.0","22760.0"
"121","1996","3","Gujarat","Ahmedabad","20246.0","18744.0","4090.0","2201.0","2084.0","2975.0","26421.0","23920.0"
"121","1997","3","Gujarat","Ahmedabad","19474.0","23916.0","3939.0","3915.0","3005.0","3470.0","26418.0","31301.0"
"121","1998","3","Gujarat","Ahmedabad","-1.0","-1.0","-1.0","-1.0","-1.0","-1.0","-1.0","-1.0"
"121","1999","3","Gujarat","Ahmedabad","-1.0","-1.0","-1.0","-1.0","-1.0","-1.0","-1.0","-1.0"
"121","2000","3","Gujarat","Ahmedabad","14438.0","18223.0","5251.0","4622.0","3034.0","2295.0","22723.0","25139.0"
"121","2001","3","Gujarat","Ahmedabad","19381.0","21111.0","4893.0","5376.0","2745.0","3903.0","27019.0","30390.0"
"121","2002","3","Gujarat","Ahmedabad","12888.0","22329.0","3452.0","5542.0","2841.0","4153.0","19180.0","32025.0"
"121","2003","3","Gujarat","Ahmedabad","20351.0","22620.0","4502.0","5516.0","3238.0","3633.0","28091.0","31768.0"
"121","2004","3","Gujarat","Ahmedabad","18115.0","25950.0","4542.0","5892.0","2480.0","2653.0","25137.0","34495.0"
"121","2005","3","Gujarat","Ahmedabad","21730.0","26840.0","5321.0","7571.0","2622.0","4775.0","29673.0","39186.0"
"121","2006","3","Gujarat","Ahmedabad","23300.0","30368.0","5649.0","8604.0","3996.0","6153.0","32945.0","45125.0"
"121","2007","3","Gujarat","Ahmedabad","28895.0","39891.0","8801.0","9736.0","4611.0","4890.0","42307.0","54517.0"
"121","2008","3","Gujarat","Ahmedabad","35774.0","38748.0","12578.0","10424.0","5701.0","5801.0","54052.0","54974.0"
"121","2009","3","Gujarat","Ahmedabad","27728.0","41303.0","10462.0","11014.0","3123.0","4633.0","41313.0","56950.0"
"121","2010","3","Gujarat","Ahmedabad","35157.0","42542.0","14179.0","12024.0","2916.0","3308.0","52252.0","57873.0"
"121","2011","3","Gujarat","Ahmedabad","42812.0","39798.0","14304.0","8922.0","4114.0","2091.0","61230.0","50812.0"
"121","2012","3","Gujarat","Ahmedabad","34390.0","37410.0","6846.0","5928.0","1092.0","689.0","42328.0","44027.0"
"121","2013","3","Gujarat","Ahmedabad","35420.0","41802.0","7257.0","7575.0","812.0","849.0","43489.0","50226.0"
"121","2014","3","Gujarat","Ahmedabad","33064.0","50385.0","9951.0","8698.0","1081.0","1756.0","44097.0","60839.0"
"121","2015","3","Gujarat","Ahmedabad","35647.0","41853.0","9181.0","9413.0","1171.0","2104.0","45998.0","53370.0"
"121","2016","3","Gujarat","Ahmedabad","32831.0","47716.0","8954.0","9426.0","769.0","1776.0","42554.0","58917.0"
"121","2017","3","Gujarat","Ahmedabad","44257.0","50374.0","12003.0","12158.0","1426.0","1502.0","57686.0","64035.0"
"122","1990","3","Gujarat","Amreli","7323.0","8406.0","6680.0","7164.0","1127.0","693.0","15130.0","16263.0"
"122","1991","3","Gujarat","Amreli","8363.0","5348.0","8323.0","4513.0","1014.0","298.0","17700.0","10159.0"
"122","1993","3","Gujarat","Amreli","8846.0","6829.0","5433.0","3422.0","426.0","101.0","14705.0","10352.0"
"122","1994","3","Gujarat","Amreli","10142.0","13614.0","6275.0","7454.0","440.0","383.0","16857.0","21451.0"
"122","1995","3","Gujarat","Amreli","11443.0","7118.0","5123.0","3440.0","296.0","150.0","16862.0","10708.0"
"122","1996","3","Gujarat","Amreli","14720.0","8392.0","8848.0","2547.0","392.0","159.0","23960.0","11098.0"
"122","1997","3","Gujarat","Amreli","14025.0","11206.0","10217.0","5831.0","295.0","348.0","24537.0","17385.0"
"122","1998","3","Gujarat","Amreli","-1.0","-1.0","-1.0","-1.0","-1.0","-1.0","-1.0","-1.0"
"122","1999","3","Gujarat","Amreli","-1.0","-1.0","-1.0","-1.0","-1.0","-1.0","-1.0","-1.0"
"122","2000","3","Gujarat","Amreli","9578.0","2432.0","8093.0","1629.0","338.0","48.0","18009.0","4109.0"
"122","2001","3","Gujarat","Amreli","11176.0","5616.0","7139.0","3692.0","437.0","197.0","18752.0","9505.0"
"122","2002","3","Gujarat","Amreli","9729.0","6385.0","7794.0","3252.0","468.0","144.0","17991.0","9781.0"
"122","2003","3","Gujarat","Amreli","14442.0","8546.0","10277.0","4145.0","775.0","259.0","25494.0","12950.0"
"122","2004","3","Gujarat","Amreli","19220.0","10010.0","13345.0","4971.0","1050.0","509.0","33615.0","15490.0"
"122","2005","3","Gujarat","Amreli","20504.0","14281.0","13355.0","7198.0","1796.0","1191.0","35655.0","22670.0"
"122","2006","3","Gujarat","Amreli","25972.0","16119.0","15094.0","8050.0","2659.0","916.0","43725.0","25085.0"
"122","2007","3","Gujarat","Amreli","32607.0","19081.0","18794.0","11253.0","3760.0","1217.0","55161.0","31551.0"
"122","2008","3","Gujarat","Amreli","29377.0","17881.0","17967.0","10461.0","3618.0","1371.0","50962.0","29713.0"
"122","2009","3","Gujarat","Amreli","30132.0","11543.0","20087.0","10456.0","3190.0","2561.0","53409.0","24560.0"
"122","2010","3","Gujarat","Amreli","31960.0","24286.0","19820.0","14773.0","4719.0","2233.0","56499.0","41292.0"
"122","2011","3","Gujarat","Amreli","29085.0","21980.0","15788.0","11703.0","1680.0","1668.0","46553.0","35351.0"
"122","2012","3","Gujarat","Amreli","24573.0","4850.0","11103.0","2253.0","885.0","187.0","36561.0","7290.0"
"122","2013","3","Gujarat","Amreli","31226.0","15815.0","10252.0","6938.0","1396.0","614.0","42874.0","23367.0"
"122","2014","3","Gujarat","Amreli","29079.0","20596.0","16996.0","5964.0","2374.0","493.0","48449.0","27053.0"
"122","2015","3","Gujarat","Amreli","28573.0","9563.0","12276.0","5276.0","1533.0","557.0","42382.0","15396.0"
"122","2016","3","Gujarat","Amreli","30086.0","12890.0","14346.0","4961.0","1815.0","467.0","46247.0","18318.0"
"122","2017","3","Gujarat","Amreli","36416.0","10963.0","17977.0","6299.0","2147.0","664.0","56540.0","17926.0"
"123","1990","3","Gujarat","Banaskantha","8654.0","19985.0","5847.0","7056.0","137.0","441.0","14638.0","27482.0"
"123","1991","3","Gujarat","Banaskantha","7652.0","22608.0","1727.0","11821.0","76.0","666.0","9455.0","35095.0"
"123","1993","3","Gujarat","Banaskantha","8474.0","24118.0","3158.0","6839.0","216.0","508.0","11848.0","31465.0"
"123","1994","3","Gujarat","Banaskantha","10269.0","24721.0","4209.0","6420.0","156.0","1084.0","14634.0","32225.0"
"123","1995","3","Gujarat","Banaskantha","13135.0","22558.0","5988.0","5071.0","385.0","558.0","19508.0","28187.0"
"123","1996","3","Gujarat","Banaskantha","14824.0","26724.0","5494.0","8388.0","715.0","1538.0","21033.0","36650.0"
"123","1997","3","Gujarat","Banaskantha","14584.0","32946.0","5320.0","10940.0","142.0","1695.0","20046.0","45581.0"
"123","1998","3","Gujarat","Banaskantha","-1.0","-1.0","-1.0","-1.0","-1.0","-1.0","-1.0","-1.0"
"123","1999","3","Gujarat","Banaskantha","-1.0","-1.0","-1.0","-1.0","-1.0","-1.0","-1.0","-1.0"
"123","2000","3","Gujarat","Banaskantha","16409.0","26457.0","6646.0","9674.0","690.0","2091.0","23745.0","38222.0"
"123","2001","3","Gujarat","Banaskantha","16403.0","27955.0","4349.0","12041.0","820.0","2686.0","21572.0","42682.0"
"123","2002","3","Gujarat","Banaskantha","10066.0","26986.0","2059.0","14104.0","52.0","4210.0","12177.0","45300.0"
"123","2003","3","Gujarat","Banaskantha","15816.0","30877.0","4329.0","13370.0","117.0","3945.0","20262.0","48192.0"
"123","2004","3","Gujarat","Banaskantha","16725.0","32814.0","3591.0","14269.0","224.0","3543.0","20540.0","50626.0"
"123","2005","3","Gujarat","Banaskantha","18924.0","35630.0","3985.0","16136.0","316.0","5185.0","23225.0","56951.0"
"123","2006","3","Gujarat","Banaskantha","20517.0","40845.0","4284.0","16084.0","367.0","4644.0","25168.0","61573.0"
"123","2007","3","Gujarat","Banaskantha","21458.0","40039.0","5074.0","16564.0","591.0","5802.0","27123.0","62405.0"
"123","2008","3","Gujarat","Banaskantha","26607.0","45293.0","10217.0","16630.0","1485.0","5893.0","38309.0","67816.0"
"123","2009","3","Gujarat","Banaskantha","31129.0","50904.0","14066.0","14668.0","2921.0","8358.0","48116.0","73930.0"
"123","2010","3","Gujarat","Banaskantha","31987.0","52010.0","13613.0","16829.0","3449.0","5330.0","49049.0","74169.0"
"123","2011","3","Gujarat","Banaskantha","31952.0","43643.0","12224.0","11505.0","1566.0","4256.0","45742.0","59404.0"
"123","2012","3","Gujarat","Banaskantha","35542.0","49973.0","8130.0","10374.0","2224.0","2595.0","45896.0","62942.0"
"123","2013","3","Gujarat","Banaskantha","32215.0","47751.0","7199.0","15269.0","1099.0","5060.0","40513.0","68080.0"
"123","2014","3","Gujarat","Banaskantha","40396.0","55466.0","10440.0","14379.0","4153.0","6612.0","54989.0","76457.0"
"123","2015","3","Gujarat","Banaskantha","43905.0","61158.0","7604.0","19653.0","3381.0","6605.0","54890.0","87416.0"
"123","2016","3","Gujarat","Banaskantha","45248.0","67503.0","13126.0","22318.0","4264.0","9496.0","62638.0","99317.0"
"123","2017","3","Gujarat","Banaskantha","44276.0","75850.0","11403.0","24643.0","3012.0","9787.0","58691.0","110280.0"
"124","1990","3","Gujarat","Bharuch","5292.0","4664.0","2134.0","1873.0","2349.0","1483.0","9775.0","8020.0"
"124","1991","3","Gujarat","Bharuch","7337.0","6375.0","3777.0","2641.0","7365.0","1807.0","18479.0","10823.0"
"124","1993","3","Gujarat","Bharuch","7081.0","6653.0","3017.0","1397.0","979.0","1154.0","11077.0","9204.0"
"124","1994","3","Gujarat","Bharuch","7832.0","9253.0","2834.0","2276.0","883.0","2040.0","11549.0","13569.0"
"124","1995","3","Gujarat","Bharuch","10375.0","7063.0","1344.0","1598.0","935.0","1546.0","12654.0","10207.0"
"124","1996","3","Gujarat","Bharuch","13078.0","6265.0","2530.0","1529.0","1214.0","1267.0","16822.0","9061.0"
"124","1997","3","Gujarat","Bharuch","11423.0","8154.0","2786.0","2820.0","2039.0","2439.0","16248.0","13413.0"
"124","1998","3","Gujarat","Bharuch","-1.0","-1.0","-1.0","-1.0","-1.0","-1.0","-1.0","-1.0"
"124","1999","3","Gujarat","Bharuch","-1.0","-1.0","-1.0","-1.0","-1.0","-1.0","-1.0","-1.0"
"124","2000","3","Gujarat","Bharuch","11703.0","9366.0","3023.0","3362.0","2076.0","2759.0","16802.0","15487.0"
"124","2001","3","Gujarat","Bharuch","13033.0","9904.0","3442.0","4011.0","2216.0","2389.0","18691.0","16304.0"
"124","2002","3","Gujarat","Bharuch","10483.0","10482.0","2968.0","3965.0","1767.0","3413.0","15218.0","17860.0"
"124","2003","3","Gujarat","Bharuch","13693.0","9887.0","2765.0","2879.0","1939.0","2859.0","18397.0","15625.0"
"124","2004","3","Gujarat","Bharuch","13672.0","12694.0","3630.0","4178.0","2564.0","4294.0","19866.0","21166.0"
"124","2005","3","Gujarat","Bharuch","16053.0","11103.0","3442.0","5484.0","3028.0","5546.0","22523.0","22133.0"
"124","2006","3","Gujarat","Bharuch","18114.0","11193.0","4050.0","5033.0","3121.0","4616.0","25285.0","20842.0"
"124","2007","3","Gujarat","Bharuch","15362.0","10757.0","3542.0","3993.0","3162.0","3642.0","22066.0","18392.0"
"124","2008","3","Gujarat","Bharuch","16223.0","14894.0","4975.0","5959.0","4101.0","5913.0","25299.0","26766.0"
"124","2009","3","Gujarat","Bharuch","21848.0","18574.0","6625.0","7705.0","3611.0","8507.0","32084.0","34786.0"
"124","2010","3","Gujarat","Bharuch","22924.0","21708.0","6210.0","6913.0","4863.0","6836.0","33997.0","35457.0"
"124","2011","3","Gujarat","Bharuch","27342.0","19283.0","7627.0","4118.0","3224.0","4339.0","38193.0","27740.0"
"124","2012","3","Gujarat","Bharuch","28285.0","20499.0","4130.0","4114.0","3135.0","3038.0","35550.0","27651.0"
"124","2013","3","Gujarat","Bharuch","28135.0","19957.0","3579.0","4525.0","2559.0","3777.0","34273.0","28259.0"
"124","2014","3","Gujarat","Bharuch","31892.0","26099.0","5568.0","4388.0","3691.0","4276.0","41151.0","34763.0"
"124","2015","3","Gujarat","Bharuch","25872.0","13454.0","3842.0","3325.0","3008.0","2950.0","32722.0","19729.0"
"124","2016","3","Gujarat","Bharuch","22171.0","15637.0","4099.0","3646.0","3764.0","3886.0","30034.0","23169.0"
"124","2017","3","Gujarat","Bharuch","27368.0","18604.0","5279.0","5012.0","5471.0","5190.0","38118.0","28806.0"
"125","1990","3","Gujarat","Vadodara / Baroda","16023.0","13805.0","6979.0","3165.0","1650.0","1048.0","24652.0","18018.0"
"125","1991","3","Gujarat","Vadodara / Baroda","20375.0","16866.0","5431.0","3820.0","1382.0","1257.0","27188.0","21943.0"
"125","1993","3","Gujarat","Vadodara / Baroda","21264.0","17201.0","4149.0","2011.0","1207.0","1279.0","26620.0","20491.0"
"125","1994","3","Gujarat","Vadodara / Baroda","23333.0","22235.0","4468.0","1806.0","947.0","1355.0","28748.0","25396.0"
"125","1995","3","Gujarat","Vadodara / Baroda","25533.0","19572.0","3589.0","1513.0","1054.0","884.0","30176.0","21969.0"
"125","1996","3","Gujarat","Vadodara / Baroda","28780.0","18870.0","4641.0","1904.0","830.0","2319.0","34251.0","23093.0"
"125","1997","3","Gujarat","Vadodara / Baroda","29114.0","20612.0","5736.0","2805.0","1265.0","1266.0","36115.0","24683.0"
"125","1998","3","Gujarat","Vadodara / Baroda","-1.0","-1.0","-1.0","-1.0","-1.0","-1.0","-1.0","-1.0"
"125","1999","3","Gujarat","Vadodara / Baroda","-1.0","-1.0","-1.0","-1.0","-1.0","-1.0","-1.0","-1.0"
"125","2000","3","Gujarat","Vadodara / Baroda","19974.0","15275.0","5238.0","2576.0","1344.0","1091.0","26556.0","18942.0"
"125","2001","3","Gujarat","Vadodara / Baroda","28239.0","16972.0","5782.0","4349.0","1789.0","1507.0","35810.0","22828.0"
"125","2002","3","Gujarat","Vadodara / Baroda","20403.0","17598.0","4967.0","3719.0","1329.0","2058.0","26699.0","23375.0"
"125","2003","3","Gujarat","Vadodara / Baroda","28260.0","20647.0","6258.0","3911.0","1635.0","2331.0","36153.0","26889.0"
"125","2004","3","Gujarat","Vadodara / Baroda","29003.0","25187.0","8307.0","4568.0","2457.0","3634.0","39767.0","33389.0"
"125","2005","3","Gujarat","Vadodara / Baroda","32237.0","23746.0","7897.0","5025.0","3044.0","3517.0","43178.0","32288.0"
"125","2006","3","Gujarat","Vadodara / Baroda","34707.0","28600.0","8755.0","5929.0","2847.0","4681.0","46309.0","39210.0"
"125","2007","3","Gujarat","Vadodara / Baroda","35485.0","32855.0","9265.0","8992.0","5238.0","6674.0","49988.0","48521.0"
"125","2008","3","Gujarat","Vadodara / Baroda","38036.0","33322.0","12289.0","7661.0","6901.0","5939.0","57226.0","46922.0"
"125","2009","3","Gujarat","Vadodara / Baroda","37187.0","36239.0","12498.0","8095.0","4627.0","10568.0","54312.0","54902.0"
"125","2010","3","Gujarat","Vadodara / Baroda","36035.0","40030.0","12886.0","8673.0","6747.0","7890.0","55668.0","56593.0"
"125","2011","3","Gujarat","Vadodara / Baroda","39906.0","39039.0","11933.0","4395.0","8235.0","4911.0","60074.0","48345.0"
"125","2012","3","Gujarat","Vadodara / Baroda","43115.0","37568.0","7171.0","3904.0","2834.0","1808.0","53120.0","43280.0"
"125","2013","3","Gujarat","Vadodara / Baroda","44184.0","39188.0","7495.0","4822.0","2764.0","2291.0","54443.0","46301.0"
"125","2014","3","Gujarat","Vadodara / Baroda","38592.0","42161.0","9057.0","4395.0","3454.0","3084.0","51103.0","49640.0"
"125","2015","3","Gujarat","Vadodara / Baroda","33908.0","29008.0","5936.0","4186.0","2523.0","2293.0","42367.0","35487.0"
"125","2016","3","Gujarat","Vadodara / Baroda","33167.0","35136.0","6425.0","4880.0","3686.0","3549.0","43278.0","43565.0"
"125","2017","3","Gujarat","Vadodara / Baroda","41938.0","35960.0","8177.0","6194.0","4182.0","4777.0","54297.0","46931.0"
"126","1990","3","Gujarat","Bhavnagar","13996.0","15649.0","9597.0","9907.0","1030.0","649.0","24623.0","26205.0"
"126","1991","3","Gujarat","Bhavnagar","16113.0","7761.0","12522.0","5887.0","1335.0","398.0","29970.0","14046.0"
"126","1993","3","Gujarat","Bhavnagar","15063.0","9947.0","9566.0","4415.0","682.0","277.0","25311.0","14639.0"
"126","1994","3","Gujarat","Bhavnagar","16831.0","19062.0","10482.0","7523.0","618.0","621.0","27931.0","27206.0"
"126","1995","3","Gujarat","Bhavnagar","23624.0","8739.0","9568.0","5255.0","294.0","246.0","33486.0","14240.0"
"126","1996","3","Gujarat","Bhavnagar","23927.0","6131.0","9484.0","1869.0","397.0","158.0","33808.0","8158.0"
"126","1997","3","Gujarat","Bhavnagar","22934.0","14696.0","14182.0","8466.0","702.0","459.0","37818.0","23621.0"
"126","1998","3","Gujarat","Bhavnagar","-1.0","-1.0","-1.0","-1.0","-1.0","-1.0","-1.0","-1.0"
"126","1999","3","Gujarat","Bhavnagar","-1.0","-1.0","-1.0","-1.0","-1.0","-1.0","-1.0","-1.0"
"126","2000","3","Gujarat","Bhavnagar","14596.0","2018.0","9340.0","1081.0","205.0","55.0","24141.0","3154.0"
"126","2001","3","Gujarat","Bhavnagar","18440.0","7943.0","9170.0","4413.0","309.0","258.0","27919.0","12614.0"
"126","2002","3","Gujarat","Bhavnagar","14968.0","12535.0","7461.0","5697.0","324.0","574.0","22753.0","18806.0"
"126","2003","3","Gujarat","Bhavnagar","23123.0","11205.0","12041.0","4134.0","579.0","355.0","35743.0","15694.0"
"126","2004","3","Gujarat","Bhavnagar","27114.0","10073.0","14948.0","3970.0","897.0","603.0","42959.0","14646.0"
"126","2005","3","Gujarat","Bhavnagar","28824.0","19311.0","15046.0","9128.0","1305.0","1770.0","45175.0","30209.0"
"126","2006","3","Gujarat","Bhavnagar","36066.0","19913.0","19176.0","7553.0","2282.0","1062.0","57524.0","28528.0"
"126","2007","3","Gujarat","Bhavnagar","44821.0","24185.0","23477.0","12111.0","3921.0","1467.0","72219.0","37763.0"
"126","2008","3","Gujarat","Bhavnagar","42998.0","24192.0","23673.0","12667.0","4223.0","2697.0","70894.0","39556.0"
"126","2009","3","Gujarat","Bhavnagar","36378.0","14105.0","23850.0","9794.0","3229.0","2217.0","63457.0","26116.0"
"126","2010","3","Gujarat","Bhavnagar","41267.0","31976.0","22187.0","18630.0","4165.0","3438.0","67619.0","54044.0"
"126","2011","3","Gujarat","Bhavnagar","40181.0","23600.0","21116.0","12074.0","2388.0","2758.0","63685.0","38432.0"
"126","2012","3","Gujarat","Bhavnagar","32082.0","6316.0","15265.0","2589.0","1414.0","616.0","48761.0","9521.0"
"126","2013","3","Gujarat","Bhavnagar","43538.0","26645.0","17453.0","9268.0","2360.0","1530.0","63351.0","37443.0"
"126","2014","3","Gujarat","Bhavnagar","40305.0","28652.0","24310.0","7318.0","3380.0","1172.0","67995.0","37142.0"
"126","2015","3","Gujarat","Bhavnagar","41277.0","13292.0","17097.0","6990.0","3155.0","1086.0","61529.0","21368.0"
"126","2016","3","Gujarat","Bhavnagar","35285.0","17039.0","17419.0","6422.0","2876.0","1369.0","55580.0","24830.0"
"126","2017","3","Gujarat","Bhavnagar","44130.0","18713.0","20789.0","8502.0","3268.0","2149.0","68187.0","29364.0"
"127","1990","3","Gujarat","Valsad","8681.0","5802.0","3751.0","4429.0","1959.0","2981.0","14391.0","13212.0"
"127","1991","3","Gujarat","Valsad","10810.0","5610.0","5636.0","4054.0","2215.0","3513.0","18661.0","13177.0"
"127","1993","3","Gujarat","Valsad","10627.0","7399.0","4321.0","3460.0","2001.0","2410.0","16949.0","13269.0"
"127","1994","3","Gujarat","Valsad","11086.0","10615.0","4471.0","5305.0","1529.0","4087.0","17086.0","20007.0"
"127","1995","3","Gujarat","Valsad","10994.0","6861.0","3538.0","2949.0","2554.0","4463.0","17086.0","14273.0"
"127","1996","3","Gujarat","Valsad","10960.0","8437.0","3103.0","3478.0","2901.0","3763.0","16964.0","15678.0"
"127","1997","3","Gujarat","Valsad","11097.0","11231.0","4226.0","5933.0","4037.0","6492.0","19360.0","23656.0"
"127","1998","3","Gujarat","Valsad","-1.0","-1.0","-1.0","-1.0","-1.0","-1.0","-1.0","-1.0"
"127","1999","3","Gujarat","Valsad","-1.0","-1.0","-1.0","-1.0","-1.0","-1.0","-1.0","-1.0"
"127","2000","3","Gujarat","Valsad","10639.0","7538.0","4854.0","4557.0","4399.0","4287.0","19892.0","16382.0"
"127","2001","3","Gujarat","Valsad","10899.0","8536.0","5003.0","5722.0","5081.0","6387.0","20983.0","20645.0"
"127","2002","3","Gujarat","Valsad","11247.0","8836.0","4784.0","5232.0","4617.0","7856.0","20648.0","21924.0"
"127","2003","3","Gujarat","Valsad","11308.0","7284.0","5307.0","3757.0","3604.0","5681.0","20219.0","16722.0"
"127","2004","3","Gujarat","Valsad","12888.0","9894.0","5313.0","5604.0","3960.0","7315.0","22161.0","22813.0"
"127","2005","3","Gujarat","Valsad","14451.0","10522.0","5981.0","6536.0","4974.0","6900.0","25406.0","23958.0"
"127","2006","3","Gujarat","Valsad","16203.0","9722.0","7384.0","6011.0","5626.0","6799.0","29213.0","22532.0"
"127","2007","3","Gujarat","Valsad","16927.0","9978.0","7761.0","6354.0","6436.0","6560.0","31124.0","22892.0"
"127","2008","3","Gujarat","Valsad","18409.0","12183.0","11300.0","9019.0","7414.0","8662.0","37123.0","29864.0"
"127","2009","3","Gujarat","Valsad","19238.0","11198.0","10478.0","8013.0","7345.0","9699.0","37061.0","28910.0"
"127","2010","3","Gujarat","Valsad","20539.0","13993.0","9938.0","7848.0","6514.0","6769.0","36991.0","28610.0"
"127","2011","3","Gujarat","Valsad","21048.0","13728.0","8822.0","6005.0","7052.0","5647.0","36922.0","25380.0"
"127","2012","3","Gujarat","Valsad","19203.0","12313.0","6115.0","3970.0","4075.0","3911.0","29393.0","20194.0"
"127","2013","3","Gujarat","Valsad","19944.0","11364.0","5741.0","4512.0","4960.0","5234.0","30645.0","21110.0"
"127","2014","3","Gujarat","Valsad","17678.0","12285.0","6580.0","3818.0","4969.0","4416.0","29227.0","20519.0"
"127","2015","3","Gujarat","Valsad","18598.0","10220.0","5936.0","4421.0","5320.0","4481.0","29854.0","19122.0"
"127","2016","3","Gujarat","Valsad","19584.0","11910.0","6612.0","3545.0","4850.0","5071.0","31046.0","20526.0"
"127","2017","3","Gujarat","Valsad","20985.0","10648.0","6573.0","4267.0","5057.0","3962.0","32615.0","18877.0"
"128","1990","3","Gujarat","Dangs","7.0","6.0","2.0","3.0","1.0","2.0","10.0","11.0"
"128","1991","3","Gujarat","Dangs","0.0","9.0","0.0","5.0","0.0","0.0","0.0","14.0"
"128","1993","3","Gujarat","Dangs","0.0","10.0","0.0","11.0","0.0","2.0","0.0","23.0"
"128","1994","3","Gujarat","Dangs","0.0","37.0","0.0","9.0","0.0","0.0","0.0","46.0"
"128","1995","3","Gujarat","Dangs","17.0","68.0","5.0","0.0","0.0","0.0","22.0","68.0"
"128","1996","3","Gujarat","Dangs","10.0","60.0","6.0","0.0","0.0","9.0","16.0","69.0"
"128","1997","3","Gujarat","Dangs","0.0","73.0","9.0","10.0","0.0","0.0","9.0","83.0"
"128","1998","3","Gujarat","Dangs","-1.0","-1.0","-1.0","-1.0","-1.0","-1.0","-1.0","-1.0"
"128","1999","3","Gujarat","Dangs","-1.0","-1.0","-1.0","-1.0","-1.0","-1.0","-1.0","-1.0"
"128","2000","3","Gujarat","Dangs","9.0","0.0","2.0","0.0","43.0","59.0","54.0","59.0"
"128","2001","3","Gujarat","Dangs","12.0","0.0","1.0","0.0","15.0","10.0","28.0","10.0"
"128","2002","3","Gujarat","Dangs","4.0","20.0","6.0","46.0","0.0","0.0","10.0","66.0"
"128","2003","3","Gujarat","Dangs","162.0","1.0","3.0","0.0","3.0","0.0","168.0","1.0"
"128","2004","3","Gujarat","Dangs","18.0","4.0","0.0","11.0","0.0","167.0","18.0","182.0"
"128","2005","3","Gujarat","Dangs","19.0","19.0","6.0","7.0","8.0","5.0","33.0","31.0"
"128","2006","3","Gujarat","Dangs","32.0","9.0","28.0","0.0","2.0","6.0","62.0","15.0"
"128","2007","3","Gujarat","Dangs","30.0","65.0","0.0","0.0","0.0","0.0","30.0","65.0"
"128","2008","3","Gujarat","Dangs","0.0","96.0","0.0","0.0","0.0","0.0","0.0","96.0"
"128","2009","3","Gujarat","Dangs","68.0","9.0","14.0","9.0","0.0","0.0","82.0","18.0"
"128","2010","3","Gujarat","Dangs","122.0","95.0","209.0","3.0","34.0","45.0","365.0","143.0"
"128","2011","3","Gujarat","Dangs","137.0","59.0","49.0","10.0","29.0","7.0","215.0","76.0"
"128","2012","3","Gujarat","Dangs","172.0","61.0","61.0","29.0","5.0","19.0","238.0","109.0"
"128","2013","3","Gujarat","Dangs","350.0","59.0","112.0","32.0","27.0","8.0","489.0","99.0"
"128","2014","3","Gujarat","Dangs","513.0","48.0","277.0","16.0","288.0","7.0","1078.0","71.0"
"128","2015","3","Gujarat","Dangs","332.0","101.0","16.0","25.0","0.0","0.0","348.0","126.0"
"128","2016","3","Gujarat","Dangs","421.0","253.0","89.0","211.0","47.0","146.0","557.0","610.0"
"128","2017","3","Gujarat","Dangs","427.0","76.0","83.0","24.0","43.0","13.0","553.0","113.0"
"129","1990","3","Gujarat","Jamnagar","5002.0","8040.0","6486.0","5905.0","1315.0","452.0","12803.0","14397.0"
"129","1991","3","Gujarat","Jamnagar","5737.0","3694.0","6590.0","3125.0","1357.0","461.0","13684.0","7280.0"
"129","1993","3","Gujarat","Jamnagar","5826.0","3886.0","4380.0","1338.0","396.0","73.0","10602.0","5297.0"
"129","1994","3","Gujarat","Jamnagar","6673.0","11247.0","5133.0","6035.0","455.0","478.0","12261.0","17760.0"
"129","1995","3","Gujarat","Jamnagar","7651.0","6354.0","6373.0","3350.0","259.0","245.0","14283.0","9949.0"
"129","1996","3","Gujarat","Jamnagar","9367.0","5987.0","6736.0","2384.0","337.0","92.0","16440.0","8463.0"
"129","1997","3","Gujarat","Jamnagar","10830.0","16051.0","11336.0","9962.0","433.0","414.0","22599.0","26427.0"
"129","1998","3","Gujarat","Jamnagar","-1.0","-1.0","-1.0","-1.0","-1.0","-1.0","-1.0","-1.0"
"129","1999","3","Gujarat","Jamnagar","-1.0","-1.0","-1.0","-1.0","-1.0","-1.0","-1.0","-1.0"
"129","2000","3","Gujarat","Jamnagar","8146.0","4789.0","6759.0","5172.0","387.0","128.0","15292.0","10089.0"
"129","2001","3","Gujarat","Jamnagar","9784.0","10175.0","6837.0","11117.0","453.0","472.0","17074.0","21764.0"
"129","2002","3","Gujarat","Jamnagar","5094.0","4479.0","5438.0","2817.0","509.0","229.0","11041.0","7525.0"
"129","2003","3","Gujarat","Jamnagar","11473.0","17388.0","11676.0","9262.0","866.0","810.0","24015.0","27460.0"
"129","2004","3","Gujarat","Jamnagar","16143.0","12445.0","13982.0","6386.0","1460.0","670.0","31585.0","19501.0"
"129","2005","3","Gujarat","Jamnagar","19122.0","18206.0","13560.0","8586.0","1979.0","1277.0","34661.0","28069.0"
"129","2006","3","Gujarat","Jamnagar","27228.0","19484.0","17527.0","8957.0","2853.0","1762.0","47608.0","30203.0"
"129","2007","3","Gujarat","Jamnagar","28315.0","22675.0","18547.0","13372.0","3564.0","1714.0","50426.0","37761.0"
"129","2008","3","Gujarat","Jamnagar","24457.0","17931.0","17434.0","12040.0","3804.0","1898.0","45695.0","31869.0"
"129","2009","3","Gujarat","Jamnagar","31899.0","20183.0","21948.0","14587.0","2511.0","2538.0","56358.0","37308.0"
"129","2010","3","Gujarat","Jamnagar","30332.0","31408.0","18938.0","18152.0","4551.0","3335.0","53821.0","52895.0"
"129","2011","3","Gujarat","Jamnagar","31974.0","19783.0","15930.0","12869.0","2690.0","1841.0","50594.0","34493.0"
"129","2012","3","Gujarat","Jamnagar","21691.0","6024.0","11254.0","2403.0","1536.0","209.0","34481.0","8636.0"
"129","2013","3","Gujarat","Jamnagar","21655.0","23328.0","11374.0","11774.0","1640.0","1357.0","34669.0","36459.0"
"129","2014","3","Gujarat","Jamnagar","25059.0","16307.0","16226.0","6270.0","2920.0","923.0","44205.0","23500.0"
"129","2015","3","Gujarat","Jamnagar","28736.0","5426.0","11709.0","3765.0","1877.0","440.0","42322.0","9631.0"
"129","2016","3","Gujarat","Jamnagar","19991.0","15487.0","14079.0","7845.0","2261.0","1151.0","36331.0","24483.0"
"129","2017","3","Gujarat","Jamnagar","27114.0","19703.0","17712.0","11428.0","2764.0","2101.0","47590.0","33231.0"
"130","1990","3","Gujarat","Junagadh","11387.0","16139.0","10531.0","12675.0","2454.0","1280.0","24372.0","30094.0"
"130","1991","3","Gujarat","Junagadh","11828.0","12412.0","12566.0","8422.0","2728.0","1686.0","27122.0","22520.0"
"130","1993","3","Gujarat","Junagadh","11403.0","12604.0","8494.0","5485.0","1469.0","777.0","21366.0","18866.0"
"130","1994","3","Gujarat","Junagadh","11286.0","22534.0","9258.0","9814.0","1262.0","1829.0","21806.0","34177.0"
"130","1995","3","Gujarat","Junagadh","11887.0","15697.0","8648.0","6694.0","1409.0","1343.0","21944.0","23734.0"
"130","1996","3","Gujarat","Junagadh","14528.0","15345.0","9778.0","5214.0","814.0","463.0","25120.0","21022.0"
"130","1997","3","Gujarat","Junagadh","12832.0","22484.0","13787.0","12238.0","1169.0","1133.0","27788.0","35855.0"
"130","1998","3","Gujarat","Junagadh","-1.0","-1.0","-1.0","-1.0","-1.0","-1.0","-1.0","-1.0"
"130","1999","3","Gujarat","Junagadh","-1.0","-1.0","-1.0","-1.0","-1.0","-1.0","-1.0","-1.0"
"130","2000","3","Gujarat","Junagadh","11992.0","8176.0","9277.0","4133.0","804.0","410.0","22073.0","12719.0"
"130","2001","3","Gujarat","Junagadh","14002.0","19094.0","11684.0","10832.0","1414.0","763.0","27100.0","30689.0"
"130","2002","3","Gujarat","Junagadh","10257.0","9650.0","10920.0","4999.0","1017.0","666.0","22194.0","15315.0"
"130","2003","3","Gujarat","Junagadh","14120.0","25661.0","12333.0","13628.0","1266.0","1515.0","27719.0","40804.0"
"130","2004","3","Gujarat","Junagadh","17754.0","29080.0","15741.0","15590.0","2415.0","2265.0","35910.0","46935.0"
"130","2005","3","Gujarat","Junagadh","18412.0","30235.0","15299.0","16730.0","2412.0","2837.0","36123.0","49802.0"
"130","2006","3","Gujarat","Junagadh","24024.0","33389.0","18840.0","16870.0","3048.0","3110.0","45912.0","53369.0"
"130","2007","3","Gujarat","Junagadh","26550.0","39306.0","18932.0","22745.0","4398.0","2882.0","49880.0","64933.0"
"130","2008","3","Gujarat","Junagadh","26662.0","41067.0","22963.0","22122.0","4576.0","4102.0","54201.0","67291.0"
"130","2009","3","Gujarat","Junagadh","29560.0","35603.0","26256.0","19946.0","4181.0","5503.0","59997.0","61052.0"
"130","2010","3","Gujarat","Junagadh","30621.0","51936.0","24004.0","25270.0","4857.0","4310.0","59482.0","81516.0"
"130","2011","3","Gujarat","Junagadh","36694.0","36048.0","23403.0","17245.0","3472.0","2767.0","63569.0","56060.0"
"130","2012","3","Gujarat","Junagadh","21725.0","13653.0","13974.0","3843.0","1756.0","500.0","37455.0","17996.0"
"130","2013","3","Gujarat","Junagadh","26210.0","38284.0","13309.0","16989.0","2198.0","2096.0","41717.0","57369.0"
"130","2014","3","Gujarat","Junagadh","32481.0","36685.0","20738.0","12258.0","3891.0","1881.0","57110.0","50824.0"
"130","2015","3","Gujarat","Junagadh","27894.0","21421.0","15217.0","9713.0","2969.0","1096.0","46080.0","32230.0"
"130","2016","3","Gujarat","Junagadh","21225.0","32899.0","13805.0","14036.0","3273.0","2604.0","38303.0","49539.0"
"130","2017","3","Gujarat","Junagadh","31086.0","33620.0","17182.0","16255.0","3890.0","3158.0","52158.0","53033.0"
"131","1990","3","Gujarat","Kheda","25366.0","32801.0","6361.0","4332.0","4336.0","3265.0","36063.0","40398.0"
"131","1991","3","Gujarat","Kheda","27881.0","36919.0","5654.0","4860.0","2159.0","2048.0","35694.0","43827.0"
"131","1993","3","Gujarat","Kheda","32091.0","38053.0","4746.0","2601.0","1646.0","2682.0","38483.0","43336.0"
"131","1994","3","Gujarat","Kheda","33241.0","37618.0","5009.0","2957.0","1402.0","2367.0","39652.0","42942.0"
"131","1995","3","Gujarat","Kheda","37468.0","40713.0","2758.0","2258.0","1786.0","1828.0","42012.0","44799.0"
"131","1996","3","Gujarat","Kheda","37957.0","44234.0","3246.0","3228.0","1153.0","1836.0","42356.0","49298.0"
"131","1997","3","Gujarat","Kheda","43419.0","42635.0","5592.0","4324.0","1873.0","2853.0","50884.0","49812.0"
"131","1998","3","Gujarat","Kheda","-1.0","-1.0","-1.0","-1.0","-1.0","-1.0","-1.0","-1.0"
"131","1999","3","Gujarat","Kheda","-1.0","-1.0","-1.0","-1.0","-1.0","-1.0","-1.0","-1.0"
"131","2000","3","Gujarat","Kheda","29744.0","41338.0","5298.0","4553.0","2471.0","3221.0","37513.0","49112.0"
"131","2001","3","Gujarat","Kheda","33722.0","40831.0","4688.0","5305.0","2757.0","3032.0","41167.0","49168.0"
"131","2002","3","Gujarat","Kheda","25130.0","44658.0","4145.0","7151.0","2874.0","4729.0","32149.0","56538.0"
"131","2003","3","Gujarat","Kheda","40374.0","50105.0","6300.0","7563.0","3886.0","6117.0","50560.0","63785.0"
"131","2004","3","Gujarat","Kheda","37068.0","58255.0","7489.0","8304.0","6401.0","8591.0","50958.0","75150.0"
"131","2005","3","Gujarat","Kheda","38661.0","62489.0","6373.0","10371.0","8682.0","4321.0","53716.0","77181.0"
"131","2006","3","Gujarat","Kheda","38046.0","56832.0","7025.0","11524.0","2009.0","5928.0","47080.0","74284.0"
"131","2007","3","Gujarat","Kheda","44348.0","62935.0","8815.0","11560.0","4489.0","8043.0","57652.0","82538.0"
"131","2008","3","Gujarat","Kheda","55000.0","65669.0","12746.0","11475.0","8649.0","10451.0","76395.0","87595.0"
"131","2009","3","Gujarat","Kheda","57510.0","85830.0","13727.0","13355.0","8023.0","11248.0","79260.0","110433.0"
"131","2010","3","Gujarat","Kheda","59727.0","73469.0","14251.0","11733.0","6221.0","7692.0","80199.0","92894.0"
"131","2011","3","Gujarat","Kheda","58907.0","69915.0","12972.0","7039.0","3528.0","6056.0","75407.0","83010.0"
"131","2012","3","Gujarat","Kheda","58092.0","64835.0","6316.0","4511.0","2973.0","4197.0","67381.0","73543.0"
"131","2013","3","Gujarat","Kheda","58994.0","68185.0","6485.0","6549.0","3154.0","3292.0","68633.0","78026.0"
"131","2014","3","Gujarat","Kheda","50919.0","72878.0","10033.0","6176.0","3312.0","3994.0","64264.0","83048.0"
"131","2015","3","Gujarat","Kheda","63286.0","70214.0","7367.0","8200.0","3276.0","4371.0","73929.0","82785.0"
"131","2016","3","Gujarat","Kheda","56419.0","78378.0","6636.0","7598.0","3027.0","4329.0","66082.0","90305.0"
"131","2017","3","Gujarat","Kheda","59209.0","69133.0","7967.0","8652.0","2847.0","4318.0","70023.0","82103.0"
"132","1990","3","Gujarat","Kutch","3128.0","6088.0","1548.0","2442.0","207.0","208.0","4883.0","8738.0"
"132","1991","3","Gujarat","Kutch","3296.0","7405.0","1952.0","3266.0","304.0","271.0","5552.0","10942.0"
"132","1993","3","Gujarat","Kutch","4512.0","6585.0","1725.0","1417.0","220.0","45.0","6457.0","8047.0"
"132","1994","3","Gujarat","Kutch","5024.0","10614.0","1815.0","2268.0","155.0","139.0","6994.0","13021.0"
"132","1995","3","Gujarat","Kutch","6159.0","7422.0","2189.0","1372.0","155.0","79.0","8503.0","8873.0"
"132","1996","3","Gujarat","Kutch","7279.0","9854.0","2753.0","2571.0","220.0","73.0","10252.0","12498.0"
"132","1997","3","Gujarat","Kutch","8499.0","13622.0","2358.0","2944.0","300.0","207.0","11157.0","16773.0"
"132","1998","3","Gujarat","Kutch","-1.0","-1.0","-1.0","-1.0","-1.0","-1.0","-1.0","-1.0"
"132","1999","3","Gujarat","Kutch","-1.0","-1.0","-1.0","-1.0","-1.0","-1.0","-1.0","-1.0"
"132","2000","3","Gujarat","Kutch","9006.0","11140.0","3709.0","3426.0","240.0","104.0","12955.0","14670.0"
"132","2001","3","Gujarat","Kutch","9002.0","12991.0","4030.0","4503.0","172.0","147.0","13204.0","17641.0"
"132","2002","3","Gujarat","Kutch","7311.0","14123.0","2578.0","4808.0","138.0","213.0","10027.0","19144.0"
"132","2003","3","Gujarat","Kutch","10156.0","16295.0","3615.0","5332.0","278.0","285.0","14049.0","21912.0"
"132","2004","3","Gujarat","Kutch","11064.0","13466.0","4487.0","4398.0","433.0","766.0","15984.0","18630.0"
"132","2005","3","Gujarat","Kutch","10402.0","12177.0","4274.0","4470.0","453.0","699.0","15129.0","17346.0"
"132","2006","3","Gujarat","Kutch","12197.0","17033.0","4689.0","5457.0","572.0","533.0","17458.0","23023.0"
"132","2007","3","Gujarat","Kutch","14957.0","18720.0","5922.0","6232.0","918.0","673.0","21797.0","25625.0"
"132","2008","3","Gujarat","Kutch","16122.0","16674.0","7192.0","5527.0","1111.0","675.0","24425.0","22876.0"
"132","2009","3","Gujarat","Kutch","18629.0","21270.0","7223.0","7724.0","1337.0","889.0","27189.0","29883.0"
"132","2010","3","Gujarat","Kutch","18980.0","26567.0","7751.0","9748.0","911.0","758.0","27642.0","37073.0"
"132","2011","3","Gujarat","Kutch","19809.0","24359.0","7107.0","5918.0","239.0","341.0","27155.0","30618.0"
"132","2012","3","Gujarat","Kutch","18121.0","20365.0","4676.0","4164.0","290.0","349.0","23087.0","24878.0"
"132","2013","3","Gujarat","Kutch","18222.0","24308.0","4358.0","6921.0","348.0","485.0","22928.0","31714.0"
"132","2014","3","Gujarat","Kutch","19357.0","23146.0","6495.0","4930.0","752.0","525.0","26604.0","28601.0"
"132","2015","3","Gujarat","Kutch","19991.0","26047.0","5874.0","7563.0","619.0","391.0","26484.0","34001.0"
"132","2016","3","Gujarat","Kutch","19498.0","24791.0","5944.0","6903.0","792.0","590.0","26234.0","32284.0"
"132","2017","3","Gujarat","Kutch","23126.0","27864.0","7763.0","8270.0","1236.0","1345.0","32125.0","37479.0"
"133","1990","3","Gujarat","Mehsana","9482.0","25773.0","4244.0","10014.0","656.0","796.0","14382.0","36583.0"
"133","1991","3","Gujarat","Mehsana","14003.0","28903.0","2781.0","10882.0","692.0","1103.0","17476.0","40889.0"
"133","1993","3","Gujarat","Mehsana","13725.0","28368.0","4037.0","5810.0","707.0","491.0","18469.0","34669.0"
"133","1994","3","Gujarat","Mehsana","15676.0","27069.0","4081.0","5117.0","503.0","1088.0","20260.0","33274.0"
"133","1995","3","Gujarat","Mehsana","17104.0","28426.0","4613.0","5025.0","467.0","352.0","22183.0","33803.0"
"133","1996","3","Gujarat","Mehsana","17424.0","31196.0","5556.0","8833.0","601.0","767.0","23580.0","40796.0"
"133","1997","3","Gujarat","Mehsana","17259.0","39899.0","4235.0","8819.0","561.0","744.0","22055.0","49462.0"
"133","1998","3","Gujarat","Mehsana","-1.0","-1.0","-1.0","-1.0","-1.0","-1.0","-1.0","-1.0"
"133","1999","3","Gujarat","Mehsana","-1.0","-1.0","-1.0","-1.0","-1.0","-1.0","-1.0","-1.0"
"133","2000","3","Gujarat","Mehsana","13907.0","29063.0","3802.0","9912.0","651.0","1201.0","18360.0","40177.0"
"133","2001","3","Gujarat","Mehsana","15873.0","32518.0","3583.0","11167.0","969.0","1091.0","20425.0","44776.0"
"133","2002","3","Gujarat","Mehsana","9493.0","29476.0","2278.0","11963.0","625.0","1504.0","12397.0","42942.0"
"133","2003","3","Gujarat","Mehsana","16310.0","31305.0","4132.0","10520.0","414.0","1172.0","20856.0","42998.0"
"133","2004","3","Gujarat","Mehsana","15578.0","33085.0","3668.0","12147.0","753.0","998.0","19999.0","46230.0"
"133","2005","3","Gujarat","Mehsana","19774.0","35382.0","4073.0","13908.0","1280.0","1748.0","25127.0","51038.0"
"133","2006","3","Gujarat","Mehsana","19860.0","42660.0","3794.0","15257.0","1035.0","1943.0","24689.0","59860.0"
"133","2007","3","Gujarat","Mehsana","21372.0","50782.0","4827.0","18006.0","1288.0","2489.0","27487.0","71277.0"
"133","2008","3","Gujarat","Mehsana","29244.0","46373.0","11759.0","14994.0","2621.0","2640.0","43625.0","64007.0"
"133","2009","3","Gujarat","Mehsana","27758.0","51251.0","11557.0","15029.0","3340.0","4964.0","42655.0","71244.0"
"133","2010","3","Gujarat","Mehsana","32919.0","51113.0","12633.0","14095.0","3537.0","2504.0","49089.0","67713.0"
"133","2011","3","Gujarat","Mehsana","31781.0","51672.0","12263.0","9991.0","1770.0","2169.0","45814.0","63831.0"
"133","2012","3","Gujarat","Mehsana","29084.0","48575.0","6382.0","7676.0","1036.0","1223.0","36502.0","57474.0"
"133","2013","3","Gujarat","Mehsana","26311.0","49778.0","4884.0","10140.0","1028.0","1653.0","32223.0","61571.0"
"133","2014","3","Gujarat","Mehsana","31477.0","58577.0","6556.0","9287.0","1761.0","2345.0","39793.0","70209.0"
"133","2015","3","Gujarat","Mehsana","28648.0","58985.0","5416.0","12903.0","1114.0","2374.0","35178.0","74262.0"
"133","2016","3","Gujarat","Mehsana","26735.0","58232.0","5489.0","12525.0","1185.0","2981.0","33409.0","73739.0"
"133","2017","3","Gujarat","Mehsana","29190.0","63676.0","6433.0","14860.0","1449.0","2462.0","37072.0","80997.0"
"134","1990","3","Gujarat","Panchmahal","9744.0","5958.0","4249.0","3047.0","123.0","118.0","14116.0","9123.0"
"134","1991","3","Gujarat","Panchmahal","10025.0","7927.0","4303.0","3017.0","137.0","175.0","14465.0","11119.0"
"134","1993","3","Gujarat","Panchmahal","12769.0","7530.0","3786.0","2129.0","125.0","157.0","16680.0","9816.0"
"134","1994","3","Gujarat","Panchmahal","15198.0","7790.0","4127.0","2238.0","86.0","121.0","19411.0","10149.0"
"134","1995","3","Gujarat","Panchmahal","16657.0","8368.0","2766.0","1239.0","86.0","119.0","19509.0","9726.0"
"134","1996","3","Gujarat","Panchmahal","16857.0","13930.0","2301.0","2059.0","321.0","63.0","19479.0","16052.0"
"134","1997","3","Gujarat","Panchmahal","20694.0","15084.0","3250.0","4112.0","103.0","123.0","24047.0","19319.0"
"134","1998","3","Gujarat","Panchmahal","-1.0","-1.0","-1.0","-1.0","-1.0","-1.0","-1.0","-1.0"
"134","1999","3","Gujarat","Panchmahal","-1.0","-1.0","-1.0","-1.0","-1.0","-1.0","-1.0","-1.0"
"134","2000","3","Gujarat","Panchmahal","14505.0","3423.0","3730.0","822.0","278.0","39.0","18513.0","4284.0"
"134","2001","3","Gujarat","Panchmahal","18546.0","4949.0","3737.0","882.0","179.0","165.0","22462.0","5996.0"
"134","2002","3","Gujarat","Panchmahal","16869.0","5803.0","3061.0","1892.0","81.0","117.0","20011.0","7812.0"
"134","2003","3","Gujarat","Panchmahal","21497.0","10046.0","3272.0","3864.0","121.0","133.0","24890.0","14043.0"
"134","2004","3","Gujarat","Panchmahal","19405.0","14622.0","5218.0","4848.0","246.0","272.0","24869.0","19742.0"
"134","2005","3","Gujarat","Panchmahal","20774.0","14239.0","5508.0","5732.0","625.0","830.0","26907.0","20801.0"
"134","2006","3","Gujarat","Panchmahal","21262.0","15725.0","5199.0","6335.0","607.0","461.0","27068.0","22521.0"
"134","2007","3","Gujarat","Panchmahal","29230.0","23738.0","7157.0","7653.0","679.0","1006.0","37066.0","32397.0"
"134","2008","3","Gujarat","Panchmahal","26143.0","18445.0","7513.0","5064.0","1824.0","723.0","35480.0","24232.0"
"134","2009","3","Gujarat","Panchmahal","25898.0","17353.0","8522.0","5338.0","3330.0","4555.0","37750.0","27246.0"
"134","2010","3","Gujarat","Panchmahal","30760.0","25484.0","9314.0","4412.0","949.0","1009.0","41023.0","30905.0"
"134","2011","3","Gujarat","Panchmahal","27516.0","28956.0","9285.0","3546.0","2101.0","763.0","38902.0","33265.0"
"134","2012","3","Gujarat","Panchmahal","38737.0","30224.0","6839.0","3266.0","503.0","224.0","46079.0","33714.0"
"134","2013","3","Gujarat","Panchmahal","38934.0","27572.0","6113.0","3800.0","332.0","498.0","45379.0","31870.0"
"134","2014","3","Gujarat","Panchmahal","27627.0","29878.0","5462.0","3251.0","978.0","614.0","34067.0","33743.0"
"134","2015","3","Gujarat","Panchmahal","34611.0","17618.0","3735.0","2310.0","626.0","373.0","38972.0","20301.0"
"134","2016","3","Gujarat","Panchmahal","37884.0","28984.0","4546.0","3328.0","962.0","532.0","43392.0","32844.0"
"134","2017","3","Gujarat","Panchmahal","42377.0","28121.0","5896.0","3831.0","711.0","648.0","48984.0","32600.0"
"135","1990","3","Gujarat","Rajkot","15073.0","20398.0","14067.0","13232.0","3528.0","1917.0","32668.0","35547.0"
"135","1991","3","Gujarat","Rajkot","16562.0","10731.0","15176.0","7469.0","3594.0","1258.0","35332.0","19458.0"
"135","1993","3","Gujarat","Rajkot","15934.0","11053.0","10072.0","6127.0","1433.0","841.0","27439.0","18021.0"
"135","1994","3","Gujarat","Rajkot","18461.0","31562.0","11020.0","13688.0","1611.0","2467.0","31092.0","47717.0"
"135","1995","3","Gujarat","Rajkot","24367.0","16383.0","12896.0","10657.0","1718.0","1689.0","38981.0","28729.0"
"135","1996","3","Gujarat","Rajkot","26993.0","17504.0","16212.0","7177.0","1834.0","784.0","45039.0","25465.0"
"135","1997","3","Gujarat","Rajkot","29716.0","35069.0","23611.0","18979.0","2666.0","2766.0","55993.0","56814.0"
"135","1998","3","Gujarat","Rajkot","-1.0","-1.0","-1.0","-1.0","-1.0","-1.0","-1.0","-1.0"
"135","1999","3","Gujarat","Rajkot","-1.0","-1.0","-1.0","-1.0","-1.0","-1.0","-1.0","-1.0"
"135","2000","3","Gujarat","Rajkot","17667.0","6253.0","10578.0","3374.0","1284.0","476.0","29529.0","10103.0"
"135","2001","3","Gujarat","Rajkot","25970.0","13103.0","18344.0","6717.0","2678.0","840.0","46992.0","20660.0"
"135","2002","3","Gujarat","Rajkot","15486.0","11923.0","14978.0","5810.0","1927.0","1186.0","32391.0","18919.0"
"135","2003","3","Gujarat","Rajkot","28067.0","32342.0","19539.0","14924.0","2555.0","2823.0","50161.0","50089.0"
"135","2004","3","Gujarat","Rajkot","38886.0","29038.0","23409.0","13554.0","3877.0","2734.0","66172.0","45326.0"
"135","2005","3","Gujarat","Rajkot","42070.0","42715.0","24565.0","18342.0","5116.0","5085.0","71751.0","66142.0"
"135","2006","3","Gujarat","Rajkot","57619.0","42597.0","31455.0","18516.0","8150.0","4991.0","97224.0","66104.0"
"135","2007","3","Gujarat","Rajkot","59833.0","55787.0","32741.0","27977.0","10828.0","6701.0","103402.0","90465.0"
"135","2008","3","Gujarat","Rajkot","55445.0","49142.0","35753.0","27151.0","12228.0","7772.0","103426.0","84065.0"
"135","2009","3","Gujarat","Rajkot","60582.0","33585.0","39490.0","21237.0","9760.0","8688.0","109832.0","63510.0"
"135","2010","3","Gujarat","Rajkot","68764.0","62248.0","40152.0","33119.0","12896.0","9434.0","121812.0","104801.0"
"135","2011","3","Gujarat","Rajkot","77378.0","42045.0","34218.0","22338.0","8134.0","4785.0","119730.0","69168.0"
"135","2012","3","Gujarat","Rajkot","45316.0","14123.0","22743.0","4961.0","4792.0","1195.0","72851.0","20279.0"
"135","2013","3","Gujarat","Rajkot","50716.0","49204.0","18342.0","20115.0","4598.0","4004.0","73656.0","73323.0"
"135","2014","3","Gujarat","Rajkot","65424.0","37756.0","28650.0","10866.0","7447.0","2156.0","101521.0","50778.0"
"135","2015","3","Gujarat","Rajkot","63335.0","24748.0","25040.0","12427.0","6068.0","3410.0","94443.0","40585.0"
"135","2016","3","Gujarat","Rajkot","45490.0","32792.0","24932.0","12830.0","7075.0","3729.0","77497.0","49351.0"
"135","2017","3","Gujarat","Rajkot","62130.0","46388.0","31281.0","23400.0","7456.0","5368.0","100868.0","75156.0"
"136","1990","3","Gujarat","Sabarkantha","11052.0","17510.0","6500.0","5879.0","1713.0","1415.0","19265.0","24804.0"
"136","1991","3","Gujarat","Sabarkantha","12923.0","19747.0","7502.0","8430.0","2189.0","1749.0","22614.0","29926.0"
"136","1993","3","Gujarat","Sabarkantha","14255.0","19321.0","6146.0","5613.0","1156.0","961.0","21557.0","25895.0"
"136","1994","3","Gujarat","Sabarkantha","15039.0","21563.0","6665.0","5504.0","1102.0","1383.0","22806.0","28450.0"
"136","1995","3","Gujarat","Sabarkantha","20248.0","19008.0","6853.0","4640.0","1108.0","967.0","28209.0","24615.0"
"136","1996","3","Gujarat","Sabarkantha","21947.0","24838.0","8487.0","5816.0","1854.0","1538.0","32288.0","32192.0"
"136","1997","3","Gujarat","Sabarkantha","22037.0","29706.0","8148.0","8876.0","1558.0","2097.0","31743.0","40679.0"
"136","1998","3","Gujarat","Sabarkantha","-1.0","-1.0","-1.0","-1.0","-1.0","-1.0","-1.0","-1.0"
"136","1999","3","Gujarat","Sabarkantha","-1.0","-1.0","-1.0","-1.0","-1.0","-1.0","-1.0","-1.0"
"136","2000","3","Gujarat","Sabarkantha","21160.0","15547.0","8392.0","5591.0","1363.0","1037.0","30915.0","22175.0"
"136","2001","3","Gujarat","Sabarkantha","22194.0","18513.0","8515.0","6427.0","1528.0","1503.0","32237.0","26443.0"
"136","2002","3","Gujarat","Sabarkantha","17221.0","13061.0","6954.0","4699.0","1099.0","1598.0","25274.0","19358.0"
"136","2003","3","Gujarat","Sabarkantha","25083.0","23074.0","7549.0","8226.0","1350.0","2008.0","33982.0","33308.0"
"136","2004","3","Gujarat","Sabarkantha","21797.0","24145.0","9796.0","7877.0","2517.0","1841.0","34110.0","33863.0"
"136","2005","3","Gujarat","Sabarkantha","25399.0","27614.0","10268.0","9461.0","2229.0","4571.0","37896.0","41646.0"
"136","2006","3","Gujarat","Sabarkantha","25775.0","35022.0","10740.0","11552.0","3372.0","4527.0","39887.0","51101.0"
"136","2007","3","Gujarat","Sabarkantha","30464.0","36848.0","10933.0","12996.0","5567.0","5080.0","46964.0","54924.0"
"136","2008","3","Gujarat","Sabarkantha","32002.0","30091.0","13199.0","9360.0","7862.0","3975.0","53063.0","43426.0"
"136","2009","3","Gujarat","Sabarkantha","29228.0","33739.0","14027.0","10781.0","7867.0","6526.0","51122.0","51046.0"
"136","2010","3","Gujarat","Sabarkantha","29619.0","36373.0","14474.0","12002.0","8336.0","6836.0","52429.0","55211.0"
"136","2011","3","Gujarat","Sabarkantha","29694.0","34751.0","13424.0","8213.0","5769.0","6474.0","48887.0","49438.0"
"136","2012","3","Gujarat","Sabarkantha","30791.0","35010.0","9710.0","6819.0","3899.0","2727.0","44400.0","44556.0"
"136","2013","3","Gujarat","Sabarkantha","30651.0","38505.0","8559.0","9492.0","5213.0","3792.0","44423.0","51789.0"
"136","2014","3","Gujarat","Sabarkantha","30282.0","45257.0","10825.0","9549.0","5710.0","5793.0","46817.0","60599.0"
"136","2015","3","Gujarat","Sabarkantha","31197.0","39631.0","9193.0","11804.0","5484.0","7098.0","45874.0","58533.0"
"136","2016","3","Gujarat","Sabarkantha","30223.0","45373.0","9526.0","11725.0","7211.0","7613.0","46960.0","64711.0"
"136","2017","3","Gujarat","Sabarkantha","34619.0","47128.0","10536.0","13231.0","6289.0","7820.0","51444.0","68179.0"
"137","1990","3","Gujarat","Surat","21330.0","19957.0","8675.0","11982.0","6639.0","8884.0","36644.0","40823.0"
"137","1991","3","Gujarat","Surat","24455.0","21181.0","10004.0","13627.0","6975.0","10996.0","41434.0","45804.0"
"137","1993","3","Gujarat","Surat","23729.0","21894.0","7439.0","9582.0","3991.0","6552.0","35159.0","38028.0"
"137","1994","3","Gujarat","Surat","24191.0","27448.0","7612.0","14983.0","3147.0","10643.0","34950.0","53074.0"
"137","1995","3","Gujarat","Surat","28993.0","21438.0","8336.0","8074.0","3235.0","5853.0","40564.0","35365.0"
"137","1996","3","Gujarat","Surat","24468.0","17997.0","7407.0","9063.0","3666.0","3901.0","35541.0","30961.0"
"137","1997","3","Gujarat","Surat","22166.0","25654.0","8026.0","13967.0","3722.0","9644.0","33914.0","49265.0"
"137","1998","3","Gujarat","Surat","-1.0","-1.0","-1.0","-1.0","-1.0","-1.0","-1.0","-1.0"
"137","1999","3","Gujarat","Surat","-1.0","-1.0","-1.0","-1.0","-1.0","-1.0","-1.0","-1.0"
"137","2000","3","Gujarat","Surat","25451.0","21175.0","9151.0","14090.0","6956.0","9777.0","41558.0","45042.0"
"137","2001","3","Gujarat","Surat","27304.0","25487.0","9709.0","16717.0","7662.0","12243.0","44675.0","54447.0"
"137","2002","3","Gujarat","Surat","23459.0","25316.0","8766.0","15229.0","6375.0","12569.0","38600.0","53114.0"
"137","2003","3","Gujarat","Surat","22336.0","19399.0","6887.0","11354.0","5522.0","10891.0","34745.0","41644.0"
"137","2004","3","Gujarat","Surat","24669.0","27659.0","9509.0","17077.0","6850.0","16031.0","41028.0","60767.0"
"137","2005","3","Gujarat","Surat","31287.0","25293.0","10037.0","17255.0","8076.0","14365.0","49400.0","56913.0"
"137","2006","3","Gujarat","Surat","34793.0","24620.0","11656.0","16880.0","8753.0","14597.0","55202.0","56097.0"
"137","2007","3","Gujarat","Surat","32120.0","22740.0","12047.0","15342.0","11072.0","13948.0","55239.0","52030.0"
"137","2008","3","Gujarat","Surat","36036.0","29001.0","17402.0","21957.0","14748.0","20102.0","68186.0","71060.0"
"137","2009","3","Gujarat","Surat","42755.0","36775.0","21780.0","26494.0","16161.0","26140.0","80696.0","89409.0"
"137","2010","3","Gujarat","Surat","40331.0","27787.0","17367.0","18524.0","15115.0","14834.0","72813.0","61145.0"
"137","2011","3","Gujarat","Surat","39902.0","26511.0","17394.0","12992.0","11959.0","12348.0","69255.0","51851.0"
"137","2012","3","Gujarat","Surat","36923.0","29856.0","11287.0","13830.0","8918.0","10725.0","57128.0","54411.0"
"137","2013","3","Gujarat","Surat","38832.0","26140.0","9762.0","13563.0","7230.0","10970.0","55824.0","50673.0"
"137","2014","3","Gujarat","Surat","43447.0","31789.0","15082.0","15065.0","9890.0","12009.0","68419.0","58863.0"
"137","2015","3","Gujarat","Surat","35926.0","27695.0","8970.0","12858.0","7619.0","10332.0","52515.0","50885.0"
"137","2016","3","Gujarat","Surat","39721.0","29552.0","11576.0","13896.0","9826.0","11333.0","61123.0","54781.0"
"137","2017","3","Gujarat","Surat","47417.0","32657.0","13493.0","16818.0","13255.0","13958.0","74165.0","63433.0"
"138","1990","3","Gujarat","Surendranagar","4835.0","6728.0","3437.0","3397.0","306.0","84.0","8578.0","10209.0"
"138","1991","3","Gujarat","Surendranagar","6604.0","6384.0","4420.0","4482.0","291.0","151.0","11315.0","11017.0"
"138","1993","3","Gujarat","Surendranagar","6968.0","8525.0","3625.0","3421.0","223.0","89.0","10816.0","12035.0"
"138","1994","3","Gujarat","Surendranagar","7790.0","7940.0","4254.0","2985.0","184.0","636.0","12228.0","11561.0"
"138","1995","3","Gujarat","Surendranagar","10919.0","5443.0","6096.0","1088.0","104.0","44.0","17119.0","6575.0"
"138","1996","3","Gujarat","Surendranagar","12303.0","6472.0","4680.0","2006.0","196.0","37.0","17179.0","8515.0"
"138","1997","3","Gujarat","Surendranagar","16037.0","13593.0","7660.0","5483.0","206.0","61.0","23903.0","19137.0"
"138","1998","3","Gujarat","Surendranagar","-1.0","-1.0","-1.0","-1.0","-1.0","-1.0","-1.0","-1.0"
"138","1999","3","Gujarat","Surendranagar","-1.0","-1.0","-1.0","-1.0","-1.0","-1.0","-1.0","-1.0"
"138","2000","3","Gujarat","Surendranagar","13787.0","14039.0","7259.0","6695.0","234.0","131.0","21280.0","20865.0"
"138","2001","3","Gujarat","Surendranagar","18640.0","17322.0","8520.0","7535.0","397.0","148.0","27557.0","25005.0"
"138","2002","3","Gujarat","Surendranagar","10303.0","16722.0","6083.0","7429.0","78.0","253.0","16464.0","24404.0"
"138","2003","3","Gujarat","Surendranagar","19799.0","14496.0","7017.0","5094.0","286.0","246.0","27102.0","19836.0"
"138","2004","3","Gujarat","Surendranagar","25988.0","20466.0","8920.0","6724.0","464.0","289.0","35372.0","27479.0"
"138","2005","3","Gujarat","Surendranagar","24683.0","21609.0","9058.0","8470.0","1734.0","2428.0","35475.0","32507.0"
"138","2006","3","Gujarat","Surendranagar","26293.0","21436.0","10161.0","7010.0","1098.0","962.0","37552.0","29408.0"
"138","2007","3","Gujarat","Surendranagar","32047.0","27427.0","12580.0","10421.0","1880.0","917.0","46507.0","38765.0"
"138","2008","3","Gujarat","Surendranagar","32150.0","27141.0","13390.0","10309.0","2381.0","1129.0","47921.0","38579.0"
"138","2009","3","Gujarat","Surendranagar","30133.0","24479.0","14193.0","10619.0","1739.0","2562.0","46065.0","37660.0"
"138","2010","3","Gujarat","Surendranagar","33663.0","32487.0","14854.0","12468.0","1468.0","1129.0","49985.0","46084.0"
"138","2011","3","Gujarat","Surendranagar","32013.0","29998.0","11029.0","9248.0","486.0","1082.0","43528.0","40328.0"
"138","2012","3","Gujarat","Surendranagar","31520.0","26677.0","12812.0","8369.0","585.0","294.0","44917.0","35340.0"
"138","2013","3","Gujarat","Surendranagar","36885.0","28623.0","10082.0","10732.0","925.0","445.0","47892.0","39800.0"
"138","2014","3","Gujarat","Surendranagar","35093.0","36858.0","12913.0","9200.0","1904.0","495.0","49910.0","46553.0"
"138","2015","3","Gujarat","Surendranagar","41518.0","28136.0","12705.0","11560.0","1266.0","450.0","55489.0","40146.0"
"138","2016","3","Gujarat","Surendranagar","38375.0","34561.0","14850.0","11515.0","1830.0","768.0","55055.0","46844.0"
"138","2017","3","Gujarat","Surendranagar","46376.0","37150.0","17415.0","14335.0","1616.0","1032.0","65407.0","52517.0"
"139","1990","10","Rajasthan","Ajmer","1445.0","1575.0","1348.0","1156.0","69.0","43.0","2862.0","2774.0"
"139","1991","10","Rajasthan","Ajmer","2088.0","2447.0","1862.0","1312.0","182.0","75.0","4132.0","3834.0"
"139","1993","10","Rajasthan","Ajmer","3106.0","3286.0","2397.0","955.0","4.0","6.0","5507.0","4247.0"
"139","1994","10","Rajasthan","Ajmer","3569.0","4584.0","2431.0","1904.0","44.0","78.0","6044.0","6566.0"
"139","1995","10","Rajasthan","Ajmer","3526.0","4218.0","2036.0","1586.0","31.0","48.0","5593.0","5852.0"
"139","1996","10","Rajasthan","Ajmer","4067.0","5237.0","2220.0","1365.0","108.0","83.0","6395.0","6685.0"
"139","1997","10","Rajasthan","Ajmer","3518.0","5190.0","3423.0","1650.0","59.0","32.0","7000.0","6872.0"
"139","1998","10","Rajasthan","Ajmer","-1.0","-1.0","-1.0","-1.0","-1.0","-1.0","-1.0","-1.0"
"139","1999","10","Rajasthan","Ajmer","-1.0","-1.0","-1.0","-1.0","-1.0","-1.0","-1.0","-1.0"
"139","2000","10","Rajasthan","Ajmer","3269.0","3035.0","2287.0","1095.0","45.0","43.0","5601.0","4173.0"
"139","2001","10","Rajasthan","Ajmer","4095.0","4938.0","3287.0","1330.0","72.0","53.0","7454.0","6321.0"
"139","2002","10","Rajasthan","Ajmer","2244.0","1352.0","2415.0","452.0","47.0","26.0","4706.0","1830.0"
"139","2003","10","Rajasthan","Ajmer","2300.0","2691.0","2173.0","814.0","24.0","47.0","4497.0","3552.0"
"139","2004","10","Rajasthan","Ajmer","2601.0","4839.0","2134.0","1609.0","65.0","66.0","4800.0","6514.0"
"139","2005","10","Rajasthan","Ajmer","2710.0","4041.0","2277.0","2361.0","179.0","139.0","5166.0","6541.0"
"139","2006","10","Rajasthan","Ajmer","3020.0","4818.0","2576.0","1599.0","221.0","124.0","5817.0","6541.0"
"139","2007","10","Rajasthan","Ajmer","3672.0","3047.0","3653.0","823.0","237.0","41.0","7562.0","3911.0"
"139","2008","10","Rajasthan","Ajmer","3405.0","2753.0","3677.0","1335.0","131.0","85.0","7213.0","4173.0"
"139","2009","10","Rajasthan","Ajmer","2791.0","1945.0","3908.0","542.0","43.0","89.0","6742.0","2576.0"
"139","2010","10","Rajasthan","Ajmer","4911.0","6134.0","6194.0","1598.0","489.0","194.0","11594.0","7926.0"
"139","2011","10","Rajasthan","Ajmer","5198.0","5856.0","5995.0","3435.0","1456.0","95.0","12649.0","9386.0"
"139","2012","10","Rajasthan","Ajmer","5507.0","9921.0","3595.0","4267.0","308.0","322.0","9410.0","14510.0"
"139","2013","10","Rajasthan","Ajmer","5470.0","7068.0","4254.0","2842.0","23.0","72.0","9747.0","9982.0"
"139","2014","10","Rajasthan","Ajmer","5464.0","9093.0","5215.0","1936.0","124.0","239.0","10803.0","11268.0"
"139","2015","10","Rajasthan","Ajmer","8668.0","7754.0","6979.0","3311.0","158.0","46.0","15806.0","11111.0"
"139","2016","10","Rajasthan","Ajmer","7501.0","8981.0","4049.0","4149.0","49.0","45.0","11599.0","13175.0"
"139","2017","10","Rajasthan","Ajmer","4653.0","5919.0","3288.0","3002.0","25.0","37.0","7967.0","8958.0"
"140","1990","10","Rajasthan","Alwar","3477.0","6139.0","2252.0","2948.0","427.0","110.0","6156.0","9197.0"
"140","1991","10","Rajasthan","Alwar","3715.0","8438.0","1747.0","3517.0","340.0","208.0","5802.0","12163.0"
"140","1993","10","Rajasthan","Alwar","7468.0","8618.0","1515.0","1541.0","36.0","60.0","9019.0","10219.0"
"140","1994","10","Rajasthan","Alwar","8881.0","11231.0","1871.0","1895.0","393.0","204.0","11145.0","13330.0"
"140","1995","10","Rajasthan","Alwar","7290.0","13960.0","3767.0","2073.0","263.0","226.0","11320.0","16259.0"
"140","1996","10","Rajasthan","Alwar","9395.0","15955.0","2822.0","2400.0","416.0","103.0","12633.0","18458.0"
"140","1997","10","Rajasthan","Alwar","11301.0","15717.0","4170.0","2102.0","235.0","141.0","15706.0","17960.0"
"140","1998","10","Rajasthan","Alwar","-1.0","-1.0","-1.0","-1.0","-1.0","-1.0","-1.0","-1.0"
"140","1999","10","Rajasthan","Alwar","-1.0","-1.0","-1.0","-1.0","-1.0","-1.0","-1.0","-1.0"
"140","2000","10","Rajasthan","Alwar","14077.0","17187.0","5673.0","3177.0","228.0","295.0","19978.0","20659.0"
"140","2001","10","Rajasthan","Alwar","12427.0","17508.0","5598.0","4596.0","397.0","187.0","18422.0","22291.0"
"140","2002","10","Rajasthan","Alwar","9768.0","17533.0","3765.0","5250.0","273.0","395.0","13806.0","23178.0"
"140","2003","10","Rajasthan","Alwar","14399.0","20854.0","7121.0","4146.0","184.0","271.0","21704.0","25271.0"
"140","2004","10","Rajasthan","Alwar","9981.0","18223.0","4261.0","4086.0","373.0","884.0","14615.0","23193.0"
"140","2005","10","Rajasthan","Alwar","14310.0","19977.0","5281.0","5611.0","567.0","520.0","20158.0","26108.0"
"140","2006","10","Rajasthan","Alwar","14705.0","20466.0","9293.0","4262.0","400.0","191.0","24398.0","24919.0"
"140","2007","10","Rajasthan","Alwar","16387.0","23502.0","7078.0","7714.0","605.0","142.0","24070.0","31358.0"
"140","2008","10","Rajasthan","Alwar","19006.0","22475.0","11800.0","5616.0","739.0","348.0","31545.0","28439.0"
"140","2009","10","Rajasthan","Alwar","19853.0","28266.0","12399.0","10399.0","874.0","707.0","33126.0","39372.0"
"140","2010","10","Rajasthan","Alwar","21178.0","27978.0","14225.0","9076.0","1590.0","426.0","36993.0","37480.0"
"140","2011","10","Rajasthan","Alwar","19262.0","25396.0","12127.0","9511.0","32.0","741.0","31421.0","35648.0"
"140","2012","10","Rajasthan","Alwar","18815.0","33097.0","8403.0","12491.0","540.0","117.0","27758.0","45705.0"
"140","2013","10","Rajasthan","Alwar","22668.0","26912.0","8015.0","4448.0","9.0","47.0","30692.0","31407.0"
"140","2014","10","Rajasthan","Alwar","21145.0","28983.0","10972.0","8173.0","238.0","239.0","32355.0","37395.0"
"140","2015","10","Rajasthan","Alwar","22319.0","31949.0","15606.0","6574.0","970.0","182.0","38896.0","38705.0"
"140","2016","10","Rajasthan","Alwar","18820.0","31347.0","9374.0","2997.0","494.0","101.0","28687.0","34445.0"
"140","2017","10","Rajasthan","Alwar","13308.0","24272.0","1377.0","4336.0","665.0","672.0","15350.0","29280.0"
"141","1990","10","Rajasthan","Banswara","5245.0","4068.0","1436.0","1745.0","11.0","15.0","6692.0","5828.0"
"141","1991","10","Rajasthan","Banswara","5305.0","4542.0","1557.0","1976.0","218.0","40.0","7080.0","6558.0"
"141","1993","10","Rajasthan","Banswara","8862.0","4899.0","2537.0","1726.0","28.0","50.0","11427.0","6675.0"
"141","1994","10","Rajasthan","Banswara","10316.0","6353.0","2213.0","1702.0","9.0","92.0","12538.0","8147.0"
"141","1995","10","Rajasthan","Banswara","7972.0","7333.0","899.0","906.0","25.0","43.0","8896.0","8282.0"
"141","1996","10","Rajasthan","Banswara","7834.0","8505.0","726.0","1247.0","35.0","53.0","8595.0","9805.0"
"141","1997","10","Rajasthan","Banswara","9897.0","9792.0","1355.0","1233.0","7.0","94.0","11259.0","11119.0"
"141","1998","10","Rajasthan","Banswara","-1.0","-1.0","-1.0","-1.0","-1.0","-1.0","-1.0","-1.0"
"141","1999","10","Rajasthan","Banswara","-1.0","-1.0","-1.0","-1.0","-1.0","-1.0","-1.0","-1.0"
"141","2000","10","Rajasthan","Banswara","11477.0","3223.0","818.0","966.0","3.0","17.0","12298.0","4206.0"
"141","2001","10","Rajasthan","Banswara","12055.0","9228.0","2074.0","961.0","11.0","16.0","14140.0","10205.0"
"141","2002","10","Rajasthan","Banswara","10689.0","6815.0","1084.0","1503.0","9.0","22.0","11782.0","8340.0"
"141","2003","10","Rajasthan","Banswara","13215.0","11909.0","1401.0","2196.0","31.0","58.0","14647.0","14163.0"
"141","2004","10","Rajasthan","Banswara","9636.0","12978.0","926.0","2724.0","7.0","60.0","10569.0","15762.0"
"141","2005","10","Rajasthan","Banswara","10299.0","12329.0","787.0","2512.0","39.0","188.0","11125.0","15029.0"
"141","2006","10","Rajasthan","Banswara","11824.0","13486.0","1253.0","2278.0","83.0","108.0","13160.0","15872.0"
"141","2007","10","Rajasthan","Banswara","12806.0","14576.0","1585.0","1799.0","126.0","52.0","14517.0","16427.0"
"141","2008","10","Rajasthan","Banswara","14726.0","12083.0","2444.0","2072.0","178.0","191.0","17348.0","14346.0"
"141","2009","10","Rajasthan","Banswara","14992.0","17015.0","3072.0","3630.0","253.0","303.0","18318.0","20948.0"
"141","2010","10","Rajasthan","Banswara","19043.0","18440.0","5481.0","4296.0","338.0","170.0","24862.0","22905.0"
"141","2011","10","Rajasthan","Banswara","21577.0","19413.0","3213.0","5393.0","120.0","386.0","24910.0","25192.0"
"141","2012","10","Rajasthan","Banswara","17263.0","24032.0","3040.0","5504.0","263.0","413.0","20566.0","29948.0"
"141","2013","10","Rajasthan","Banswara","16183.0","21416.0","3156.0","4807.0","149.0","304.0","19488.0","26526.0"
"141","2014","10","Rajasthan","Banswara","15794.0","20001.0","4040.0","4062.0","340.0","246.0","20174.0","24308.0"
"141","2015","10","Rajasthan","Banswara","17717.0","13824.0","5255.0","3432.0","267.0","474.0","23240.0","17730.0"
"141","2016","10","Rajasthan","Banswara","14790.0","25050.0","3411.0","4837.0","267.0","319.0","18467.0","30207.0"
"141","2017","10","Rajasthan","Banswara","14652.0","19125.0","2778.0","4271.0","251.0","187.0","17681.0","23583.0"
"142","1990","10","Rajasthan","Barmer","65.0","307.0","9.0","55.0","0.0","0.0","74.0","362.0"
"142","1991","10","Rajasthan","Barmer","74.0","571.0","37.0","133.0","0.0","20.0","111.0","724.0"
"142","1993","10","Rajasthan","Barmer","166.0","754.0","75.0","135.0","12.0","0.0","253.0","889.0"
"142","1994","10","Rajasthan","Barmer","204.0","1766.0","89.0","2130.0","12.0","2.0","305.0","3898.0"
"142","1995","10","Rajasthan","Barmer","484.0","1775.0","262.0","190.0","5.0","18.0","751.0","1983.0"
"142","1996","10","Rajasthan","Barmer","544.0","1944.0","284.0","296.0","10.0","4.0","838.0","2244.0"
"142","1997","10","Rajasthan","Barmer","567.0","2032.0","236.0","285.0","6.0","3.0","809.0","2320.0"
"142","1998","10","Rajasthan","Barmer","-1.0","-1.0","-1.0","-1.0","-1.0","-1.0","-1.0","-1.0"
"142","1999","10","Rajasthan","Barmer","-1.0","-1.0","-1.0","-1.0","-1.0","-1.0","-1.0","-1.0"
"142","2000","10","Rajasthan","Barmer","977.0","1538.0","459.0","458.0","0.0","10.0","1436.0","2006.0"
"142","2001","10","Rajasthan","Barmer","1063.0","3099.0","337.0","718.0","2.0","2.0","1402.0","3819.0"
"142","2002","10","Rajasthan","Barmer","626.0","3877.0","256.0","882.0","0.0","5.0","882.0","4764.0"
"142","2003","10","Rajasthan","Barmer","1380.0","3678.0","596.0","501.0","28.0","35.0","2004.0","4214.0"
"142","2004","10","Rajasthan","Barmer","861.0","2719.0","164.0","619.0","7.0","81.0","1032.0","3419.0"
"142","2005","10","Rajasthan","Barmer","1017.0","3121.0","292.0","435.0","57.0","150.0","1366.0","3706.0"
"142","2006","10","Rajasthan","Barmer","1709.0","3039.0","216.0","632.0","25.0","54.0","1950.0","3725.0"
"142","2007","10","Rajasthan","Barmer","3247.0","3341.0","1233.0","358.0","31.0","0.0","4511.0","3699.0"
"142","2008","10","Rajasthan","Barmer","1898.0","4584.0","765.0","415.0","52.0","159.0","2715.0","5158.0"
"142","2009","10","Rajasthan","Barmer","2357.0","4668.0","287.0","1009.0","49.0","431.0","2693.0","6108.0"
"142","2010","10","Rajasthan","Barmer","2911.0","6140.0","630.0","1096.0","55.0","349.0","3596.0","7585.0"
"142","2011","10","Rajasthan","Barmer","4519.0","7214.0","1633.0","1585.0","0.0","86.0","6152.0","8885.0"
"142","2012","10","Rajasthan","Barmer","3894.0","6594.0","1294.0","1159.0","38.0","91.0","5226.0","7844.0"
"142","2013","10","Rajasthan","Barmer","4101.0","6830.0","253.0","500.0","9.0","19.0","4363.0","7349.0"
"142","2014","10","Rajasthan","Barmer","3331.0","7514.0","468.0","821.0","22.0","66.0","3820.0","8401.0"
"142","2015","10","Rajasthan","Barmer","4114.0","10004.0","1481.0","971.0","50.0","151.0","5645.0","11126.0"
"142","2016","10","Rajasthan","Barmer","6883.0","5866.0","1477.0","1177.0","206.0","114.0","8567.0","7157.0"
"142","2017","10","Rajasthan","Barmer","4152.0","8760.0","1283.0","1083.0","206.0","74.0","5642.0","9917.0"
"143","1990","10","Rajasthan","Bharatpur","2978.0","11738.0","2989.0","4756.0","149.0","81.0","6116.0","16575.0"
"143","1991","10","Rajasthan","Bharatpur","2940.0","14673.0","2299.0","4558.0","102.0","125.0","5341.0","19356.0"
"143","1993","10","Rajasthan","Bharatpur","4291.0","14341.0","2280.0","5443.0","47.0","95.0","6618.0","19879.0"
"143","1994","10","Rajasthan","Bharatpur","8204.0","17145.0","3042.0","4557.0","439.0","237.0","11685.0","21939.0"
"143","1995","10","Rajasthan","Bharatpur","10492.0","15809.0","4612.0","2639.0","268.0","114.0","15372.0","18562.0"
"143","1996","10","Rajasthan","Bharatpur","9887.0","25191.0","2638.0","4626.0","349.0","146.0","12874.0","29963.0"
"143","1997","10","Rajasthan","Bharatpur","13895.0","22064.0","5879.0","3316.0","282.0","60.0","20056.0","25440.0"
"143","1998","10","Rajasthan","Bharatpur","-1.0","-1.0","-1.0","-1.0","-1.0","-1.0","-1.0","-1.0"
"143","1999","10","Rajasthan","Bharatpur","-1.0","-1.0","-1.0","-1.0","-1.0","-1.0","-1.0","-1.0"
"143","2000","10","Rajasthan","Bharatpur","15183.0","24106.0","6094.0","4327.0","152.0","145.0","21429.0","28578.0"
"143","2001","10","Rajasthan","Bharatpur","15230.0","29463.0","6684.0","4448.0","189.0","52.0","22103.0","33963.0"
"143","2002","10","Rajasthan","Bharatpur","11854.0","22161.0","6570.0","5397.0","81.0","138.0","18505.0","27696.0"
"143","2003","10","Rajasthan","Bharatpur","15717.0","22741.0","8436.0","5872.0","208.0","387.0","24361.0","29000.0"
"143","2004","10","Rajasthan","Bharatpur","9699.0","21099.0","4403.0","6836.0","374.0","421.0","14476.0","28356.0"
"143","2005","10","Rajasthan","Bharatpur","14074.0","25981.0","5199.0","9356.0","470.0","493.0","19743.0","35830.0"
"143","2006","10","Rajasthan","Bharatpur","16396.0","23188.0","10663.0","6225.0","334.0","457.0","27393.0","29870.0"
"143","2007","10","Rajasthan","Bharatpur","19075.0","30395.0","9261.0","10963.0","1261.0","1063.0","29597.0","42421.0"
"143","2008","10","Rajasthan","Bharatpur","22284.0","28917.0","15765.0","10405.0","2105.0","1087.0","40154.0","40409.0"
"143","2009","10","Rajasthan","Bharatpur","23990.0","39579.0","16225.0","16634.0","2562.0","2358.0","42777.0","58571.0"
"143","2010","10","Rajasthan","Bharatpur","18913.0","35749.0","16712.0","17773.0","2805.0","1080.0","38430.0","54602.0"
"143","2011","10","Rajasthan","Bharatpur","24902.0","34537.0","16086.0","13931.0","649.0","356.0","41637.0","48824.0"
"143","2012","10","Rajasthan","Bharatpur","32036.0","38255.0","14645.0","8435.0","1117.0","224.0","47798.0","46914.0"
"143","2013","10","Rajasthan","Bharatpur","31752.0","37544.0","10442.0","6663.0","2.0","7.0","42196.0","44214.0"
"143","2014","10","Rajasthan","Bharatpur","27790.0","42619.0","13541.0","7718.0","292.0","214.0","41623.0","50551.0"
"143","2015","10","Rajasthan","Bharatpur","31102.0","49089.0","18267.0","6640.0","304.0","149.0","49673.0","55878.0"
"143","2016","10","Rajasthan","Bharatpur","29842.0","40811.0","8625.0","7678.0","230.0","54.0","38696.0","48543.0"
"143","2017","10","Rajasthan","Bharatpur","29274.0","32521.0","12993.0","7385.0","376.0","224.0","42642.0","40130.0"
"144","1990","10","Rajasthan","Bhilwara","3774.0","3699.0","4417.0","2700.0","71.0","48.0","8262.0","6447.0"
"144","1991","10","Rajasthan","Bhilwara","5715.0","4746.0","5968.0","3071.0","286.0","60.0","11969.0","7877.0"
"144","1993","10","Rajasthan","Bhilwara","8403.0","4425.0","5050.0","1589.0","25.0","24.0","13478.0","6038.0"
"144","1994","10","Rajasthan","Bhilwara","9464.0","5841.0","4615.0","2046.0","26.0","226.0","14105.0","8113.0"
"144","1995","10","Rajasthan","Bhilwara","7442.0","7847.0","3765.0","2412.0","62.0","40.0","11269.0","10299.0"
"144","1996","10","Rajasthan","Bhilwara","8621.0","11508.0","3288.0","3341.0","118.0","86.0","12027.0","14935.0"
"144","1997","10","Rajasthan","Bhilwara","9744.0","11908.0","5074.0","3109.0","6.0","76.0","14824.0","15093.0"
"144","1998","10","Rajasthan","Bhilwara","-1.0","-1.0","-1.0","-1.0","-1.0","-1.0","-1.0","-1.0"
"144","1999","10","Rajasthan","Bhilwara","-1.0","-1.0","-1.0","-1.0","-1.0","-1.0","-1.0","-1.0"
"144","2000","10","Rajasthan","Bhilwara","7678.0","4450.0","2943.0","1326.0","24.0","11.0","10645.0","5787.0"
"144","2001","10","Rajasthan","Bhilwara","11333.0","9772.0","6281.0","2247.0","20.0","32.0","17634.0","12051.0"
"144","2002","10","Rajasthan","Bhilwara","5015.0","2331.0","3462.0","861.0","27.0","9.0","8504.0","3201.0"
"144","2003","10","Rajasthan","Bhilwara","7761.0","6009.0","3636.0","3119.0","23.0","47.0","11420.0","9175.0"
"144","2004","10","Rajasthan","Bhilwara","8339.0","11509.0","3275.0","4993.0","39.0","149.0","11653.0","16651.0"
"144","2005","10","Rajasthan","Bhilwara","7887.0","8239.0","2672.0","5350.0","165.0","489.0","10724.0","14078.0"
"144","2006","10","Rajasthan","Bhilwara","10048.0","13701.0","4128.0","4821.0","424.0","289.0","14600.0","18811.0"
"144","2007","10","Rajasthan","Bhilwara","10860.0","12068.0","4186.0","3764.0","541.0","28.0","15587.0","15860.0"
"144","2008","10","Rajasthan","Bhilwara","12047.0","8345.0","5792.0","3613.0","583.0","235.0","18422.0","12193.0"
"144","2009","10","Rajasthan","Bhilwara","10375.0","5560.0","5748.0","1374.0","120.0","21.0","16242.0","6955.0"
"144","2010","10","Rajasthan","Bhilwara","13685.0","18262.0","7602.0","7057.0","548.0","288.0","21835.0","25607.0"
"144","2011","10","Rajasthan","Bhilwara","11773.0","17687.0","4311.0","7210.0","438.0","610.0","16522.0","25507.0"
"144","2012","10","Rajasthan","Bhilwara","14027.0","20199.0","5031.0","5425.0","964.0","382.0","20022.0","26006.0"
"144","2013","10","Rajasthan","Bhilwara","14489.0","19632.0","6000.0","4186.0","106.0","343.0","20595.0","24161.0"
"144","2014","10","Rajasthan","Bhilwara","12185.0","19168.0","4799.0","6003.0","324.0","492.0","17308.0","25663.0"
"144","2015","10","Rajasthan","Bhilwara","15224.0","12077.0","6728.0","3780.0","251.0","186.0","22203.0","16043.0"
"144","2016","10","Rajasthan","Bhilwara","13827.0","21632.0","6634.0","6396.0","228.0","105.0","20689.0","28133.0"
"144","2017","10","Rajasthan","Bhilwara","9536.0","12771.0","2717.0","2509.0","40.0","199.0","12293.0","15479.0"
"145","1990","10","Rajasthan","Bikaner","11615.0","15499.0","2660.0","6033.0","154.0","141.0","14429.0","21673.0"
"145","1991","10","Rajasthan","Bikaner","156.0","102.0","98.0","65.0","10.0","15.0","264.0","182.0"
"145","1993","10","Rajasthan","Bikaner","18195.0","6342.0","3573.0","1132.0","27.0","28.0","21795.0","7502.0"
"145","1994","10","Rajasthan","Bikaner","21396.0","7885.0","3526.0","1284.0","67.0","42.0","24989.0","9211.0"
"145","1995","10","Rajasthan","Bikaner","17628.0","9966.0","1775.0","2173.0","25.0","40.0","19428.0","12179.0"
"145","1996","10","Rajasthan","Bikaner","5138.0","10657.0","738.0","1572.0","13.0","75.0","5889.0","12304.0"
"145","1997","10","Rajasthan","Bikaner","6073.0","11218.0","790.0","1718.0","20.0","83.0","6883.0","13019.0"
"145","1998","10","Rajasthan","Bikaner","-1.0","-1.0","-1.0","-1.0","-1.0","-1.0","-1.0","-1.0"
"145","1999","10","Rajasthan","Bikaner","-1.0","-1.0","-1.0","-1.0","-1.0","-1.0","-1.0","-1.0"
"145","2000","10","Rajasthan","Bikaner","5926.0","5978.0","949.0","1556.0","20.0","11.0","6895.0","7545.0"
"145","2001","10","Rajasthan","Bikaner","2463.0","7868.0","644.0","1564.0","6.0","1.0","3113.0","9433.0"
"145","2002","10","Rajasthan","Bikaner","2221.0","6802.0","355.0","1196.0","2.0","14.0","2578.0","8012.0"
"145","2003","10","Rajasthan","Bikaner","3560.0","8483.0","725.0","1939.0","0.0","30.0","4285.0","10452.0"
"145","2004","10","Rajasthan","Bikaner","2110.0","7583.0","167.0","1951.0","11.0","84.0","2288.0","9618.0"
"145","2005","10","Rajasthan","Bikaner","5136.0","12392.0","861.0","3311.0","50.0","106.0","6047.0","15809.0"
"145","2006","10","Rajasthan","Bikaner","2657.0","11019.0","956.0","3281.0","36.0","147.0","3649.0","14447.0"
"145","2007","10","Rajasthan","Bikaner","3797.0","11366.0","1060.0","3937.0","125.0","20.0","4982.0","15323.0"
"145","2008","10","Rajasthan","Bikaner","3308.0","12153.0","3316.0","2684.0","10.0","13.0","6634.0","14850.0"
"145","2009","10","Rajasthan","Bikaner","3718.0","9426.0","3559.0","1975.0","24.0","81.0","7301.0","11482.0"
"145","2010","10","Rajasthan","Bikaner","6376.0","17167.0","6043.0","5568.0","70.0","387.0","12489.0","23122.0"
"145","2011","10","Rajasthan","Bikaner","6315.0","14984.0","2969.0","6587.0","216.0","605.0","9500.0","22176.0"
"145","2012","10","Rajasthan","Bikaner","5764.0","18494.0","1639.0","7769.0","36.0","64.0","7439.0","26327.0"
"145","2013","10","Rajasthan","Bikaner","6225.0","21321.0","1951.0","7617.0","0.0","77.0","8176.0","29015.0"
"145","2014","10","Rajasthan","Bikaner","5981.0","18430.0","2624.0","6365.0","0.0","120.0","8605.0","24915.0"
"145","2015","10","Rajasthan","Bikaner","15630.0","22638.0","8627.0","7118.0","84.0","27.0","24341.0","29783.0"
"145","2016","10","Rajasthan","Bikaner","9676.0","18991.0","5954.0","4409.0","72.0","24.0","15702.0","23424.0"
"145","2017","10","Rajasthan","Bikaner","5200.0","17288.0","5293.0","5352.0","163.0","70.0","10655.0","22710.0"
"146","1990","10","Rajasthan","Bundi","4100.0","8124.0","2335.0","3273.0","201.0","692.0","6636.0","12089.0"
"146","1991","10","Rajasthan","Bundi","4798.0","10958.0","3213.0","4886.0","216.0","580.0","8227.0","16424.0"
"146","1993","10","Rajasthan","Bundi","4458.0","11249.0","2788.0","3868.0","40.0","117.0","7286.0","15234.0"
"146","1994","10","Rajasthan","Bundi","5101.0","14359.0","2742.0","4186.0","86.0","328.0","7929.0","18873.0"
"146","1995","10","Rajasthan","Bundi","7724.0","11774.0","4548.0","2292.0","83.0","52.0","12355.0","14118.0"
"146","1996","10","Rajasthan","Bundi","6982.0","15080.0","2422.0","4031.0","214.0","141.0","9618.0","19252.0"
"146","1997","10","Rajasthan","Bundi","9939.0","15193.0","4952.0","3413.0","121.0","178.0","15012.0","18784.0"
"146","1998","10","Rajasthan","Bundi","-1.0","-1.0","-1.0","-1.0","-1.0","-1.0","-1.0","-1.0"
"146","1999","10","Rajasthan","Bundi","-1.0","-1.0","-1.0","-1.0","-1.0","-1.0","-1.0","-1.0"
"146","2000","10","Rajasthan","Bundi","10366.0","10616.0","4292.0","1919.0","181.0","99.0","14839.0","12634.0"
"146","2001","10","Rajasthan","Bundi","10905.0","14960.0","4421.0","3118.0","176.0","298.0","15502.0","18376.0"
"146","2002","10","Rajasthan","Bundi","5857.0","5168.0","2471.0","1640.0","137.0","204.0","8465.0","7012.0"
"146","2003","10","Rajasthan","Bundi","6843.0","16158.0","3160.0","4022.0","161.0","511.0","10164.0","20691.0"
"146","2004","10","Rajasthan","Bundi","5165.0","18546.0","2822.0","5052.0","252.0","550.0","8239.0","24148.0"
"146","2005","10","Rajasthan","Bundi","6870.0","17986.0","2987.0","4329.0","284.0","460.0","10141.0","22775.0"
"146","2006","10","Rajasthan","Bundi","7447.0","20115.0","4979.0","4092.0","215.0","227.0","12641.0","24434.0"
"146","2007","10","Rajasthan","Bundi","11164.0","20919.0","4712.0","5612.0","586.0","487.0","16462.0","27018.0"
"146","2008","10","Rajasthan","Bundi","14167.0","21107.0","8285.0","6640.0","335.0","278.0","22787.0","28025.0"
"146","2009","10","Rajasthan","Bundi","12504.0","19450.0","8174.0","5398.0","468.0","661.0","21146.0","25509.0"
"146","2010","10","Rajasthan","Bundi","11219.0","25671.0","8380.0","9597.0","490.0","549.0","20089.0","35817.0"
"146","2011","10","Rajasthan","Bundi","12549.0","23944.0","7096.0","8795.0","286.0","745.0","19931.0","33484.0"
"146","2012","10","Rajasthan","Bundi","13642.0","27729.0","7553.0","7494.0","537.0","264.0","21732.0","35487.0"
"146","2013","10","Rajasthan","Bundi","19855.0","26139.0","8702.0","3973.0","72.0","25.0","28629.0","30137.0"
"146","2014","10","Rajasthan","Bundi","15556.0","30359.0","7405.0","6816.0","125.0","97.0","23086.0","37272.0"
"146","2015","10","Rajasthan","Bundi","19797.0","25231.0","12135.0","6319.0","123.0","134.0","32054.0","31684.0"
"146","2016","10","Rajasthan","Bundi","18766.0","22674.0","7206.0","6335.0","240.0","167.0","26212.0","29176.0"
"146","2017","10","Rajasthan","Bundi","15761.0","24402.0","5462.0","6853.0","183.0","199.0","21405.0","31454.0"
"147","1990","10","Rajasthan","Chittorgarh","10055.0","8600.0","9137.0","5335.0","612.0","223.0","19804.0","14158.0"
"147","1991","10","Rajasthan","Chittorgarh","11778.0","10113.0","10821.0","5375.0","713.0","274.0","23312.0","15762.0"
"147","1993","10","Rajasthan","Chittorgarh","14363.0","9421.0","7860.0","4932.0","98.0","114.0","22321.0","14467.0"
"147","1994","10","Rajasthan","Chittorgarh","16433.0","11937.0","8336.0","5276.0","184.0","257.0","24953.0","17470.0"
"147","1995","10","Rajasthan","Chittorgarh","11047.0","10957.0","4140.0","2656.0","209.0","296.0","15396.0","13909.0"
"147","1996","10","Rajasthan","Chittorgarh","13858.0","19016.0","4553.0","3994.0","347.0","213.0","18758.0","23223.0"
"147","1997","10","Rajasthan","Chittorgarh","13033.0","16751.0","6220.0","4999.0","27.0","187.0","19280.0","21937.0"
"147","1998","10","Rajasthan","Chittorgarh","-1.0","-1.0","-1.0","-1.0","-1.0","-1.0","-1.0","-1.0"
"147","1999","10","Rajasthan","Chittorgarh","-1.0","-1.0","-1.0","-1.0","-1.0","-1.0","-1.0","-1.0"
"147","2000","10","Rajasthan","Chittorgarh","14527.0","6347.0","5054.0","3217.0","138.0","212.0","19719.0","9776.0"
"147","2001","10","Rajasthan","Chittorgarh","19392.0","14842.0","10909.0","4515.0","299.0","406.0","30600.0","19763.0"
"147","2002","10","Rajasthan","Chittorgarh","12580.0","5395.0","6707.0","3236.0","200.0","314.0","19487.0","8945.0"
"147","2003","10","Rajasthan","Chittorgarh","16043.0","11659.0","6112.0","5625.0","231.0","628.0","22386.0","17912.0"
"147","2004","10","Rajasthan","Chittorgarh","15050.0","17548.0","5986.0","9494.0","651.0","497.0","21687.0","27539.0"
"147","2005","10","Rajasthan","Chittorgarh","16240.0","17467.0","6495.0","10798.0","305.0","1142.0","23040.0","29407.0"
"147","2006","10","Rajasthan","Chittorgarh","17949.0","27378.0","8451.0","8932.0","613.0","548.0","27013.0","36858.0"
"147","2007","10","Rajasthan","Chittorgarh","23065.0","22743.0","10212.0","9532.0","1367.0","1071.0","34644.0","33346.0"
"147","2008","10","Rajasthan","Chittorgarh","21433.0","19328.0","12335.0","7232.0","952.0","1011.0","34720.0","27571.0"
"147","2009","10","Rajasthan","Chittorgarh","20828.0","16256.0","9628.0","5541.0","1075.0","819.0","31533.0","22616.0"
"147","2010","10","Rajasthan","Chittorgarh","24494.0","26540.0","13979.0","8525.0","1160.0","1428.0","39633.0","36492.0"
"147","2011","10","Rajasthan","Chittorgarh","23309.0","26590.0","8373.0","11461.0","1226.0","961.0","32908.0","39012.0"
"147","2012","10","Rajasthan","Chittorgarh","23226.0","32306.0","7289.0","11505.0","934.0","699.0","31449.0","44509.0"
"147","2013","10","Rajasthan","Chittorgarh","20764.0","31111.0","6755.0","9486.0","370.0","467.0","27889.0","41063.0"
"147","2014","10","Rajasthan","Chittorgarh","20682.0","29192.0","8769.0","9283.0","517.0","706.0","29968.0","39180.0"
"147","2015","10","Rajasthan","Chittorgarh","19746.0","22591.0","13292.0","10018.0","391.0","634.0","33430.0","33243.0"
"147","2016","10","Rajasthan","Chittorgarh","17189.0","33807.0","9758.0","11696.0","651.0","537.0","27598.0","46041.0"
"147","2017","10","Rajasthan","Chittorgarh","17979.0","27973.0","6970.0","11278.0","590.0","828.0","25539.0","40079.0"
"148","1990","10","Rajasthan","Churu","-1.0","-1.0","-1.0","-1.0","-1.0","-1.0","-1.0","-1.0"
"148","1991","10","Rajasthan","Churu","-1.0","-1.0","-1.0","-1.0","-1.0","-1.0","-1.0","-1.0"
"148","1993","10","Rajasthan","Churu","-1.0","-1.0","-1.0","-1.0","-1.0","-1.0","-1.0","-1.0"
"148","1994","10","Rajasthan","Churu","-1.0","-1.0","-1.0","-1.0","-1.0","-1.0","-1.0","-1.0"
"148","1995","10","Rajasthan","Churu","-1.0","-1.0","-1.0","-1.0","-1.0","-1.0","-1.0","-1.0"
"148","1996","10","Rajasthan","Churu","-1.0","-1.0","-1.0","-1.0","-1.0","-1.0","-1.0","-1.0"
"148","1997","10","Rajasthan","Churu","-1.0","-1.0","-1.0","-1.0","-1.0","-1.0","-1.0","-1.0"
"148","1998","10","Rajasthan","Churu","-1.0","-1.0","-1.0","-1.0","-1.0","-1.0","-1.0","-1.0"
"148","1999","10","Rajasthan","Churu","-1.0","-1.0","-1.0","-1.0","-1.0","-1.0","-1.0","-1.0"
"148","2000","10","Rajasthan","Churu","690.0","1118.0","67.0","385.0","0.0","0.0","757.0","1503.0"
"148","2001","10","Rajasthan","Churu","1039.0","1195.0","243.0","421.0","1.0","1.0","1283.0","1617.0"
"148","2002","10","Rajasthan","Churu","283.0","739.0","94.0","156.0","0.0","1.0","377.0","896.0"
"148","2003","10","Rajasthan","Churu","892.0","795.0","235.0","272.0","0.0","2.0","1127.0","1069.0"
"148","2004","10","Rajasthan","Churu","533.0","963.0","88.0","379.0","0.0","24.0","621.0","1366.0"
"148","2005","10","Rajasthan","Churu","811.0","1429.0","195.0","622.0","8.0","23.0","1014.0","2074.0"
"148","2006","10","Rajasthan","Churu","668.0","992.0","232.0","330.0","14.0","22.0","914.0","1344.0"
"148","2007","10","Rajasthan","Churu","820.0","1641.0","144.0","338.0","44.0","2.0","1008.0","1981.0"
"148","2008","10","Rajasthan","Churu","1203.0","1599.0","657.0","250.0","0.0","0.0","1860.0","1849.0"
"148","2009","10","Rajasthan","Churu","902.0","2031.0","479.0","413.0","0.0","0.0","1381.0","2444.0"
"148","2010","10","Rajasthan","Churu","2160.0","2992.0","1262.0","1024.0","57.0","0.0","3479.0","4016.0"
"148","2011","10","Rajasthan","Churu","3247.0","2105.0","1146.0","904.0","23.0","49.0","4416.0","3058.0"
"148","2012","10","Rajasthan","Churu","2626.0","3978.0","895.0","1050.0","67.0","0.0","3588.0","5028.0"
"148","2013","10","Rajasthan","Churu","2551.0","4018.0","174.0","1590.0","0.0","0.0","2725.0","5608.0"
"148","2014","10","Rajasthan","Churu","3186.0","3372.0","307.0","1384.0","0.0","7.0","3493.0","4763.0"
"148","2015","10","Rajasthan","Churu","5081.0","5539.0","1348.0","1866.0","28.0","6.0","6457.0","7411.0"
"148","2016","10","Rajasthan","Churu","4082.0","5557.0","1357.0","1349.0","0.0","0.0","5439.0","6906.0"
"148","2017","10","Rajasthan","Churu","2943.0","5123.0","867.0","943.0","35.0","4.0","3845.0","6070.0"
"149","1990","10","Rajasthan","Dungarpur","556.0","570.0","362.0","414.0","5.0","0.0","923.0","984.0"
"149","1991","10","Rajasthan","Dungarpur","632.0","839.0","433.0","364.0","27.0","6.0","1092.0","1209.0"
"149","1993","10","Rajasthan","Dungarpur","1094.0","290.0","457.0","328.0","8.0","0.0","1559.0","618.0"
"149","1994","10","Rajasthan","Dungarpur","1299.0","1776.0","470.0","382.0","0.0","5.0","1769.0","2163.0"
"149","1995","10","Rajasthan","Dungarpur","1414.0","1507.0","262.0","269.0","0.0","8.0","1676.0","1784.0"
"149","1996","10","Rajasthan","Dungarpur","1904.0","2392.0","228.0","390.0","0.0","0.0","2132.0","2782.0"
"149","1997","10","Rajasthan","Dungarpur","1977.0","2441.0","311.0","360.0","0.0","9.0","2288.0","2810.0"
"149","1998","10","Rajasthan","Dungarpur","-1.0","-1.0","-1.0","-1.0","-1.0","-1.0","-1.0","-1.0"
"149","1999","10","Rajasthan","Dungarpur","-1.0","-1.0","-1.0","-1.0","-1.0","-1.0","-1.0","-1.0"
"149","2000","10","Rajasthan","Dungarpur","2081.0","633.0","220.0","209.0","3.0","0.0","2304.0","842.0"
"149","2001","10","Rajasthan","Dungarpur","2515.0","2346.0","339.0","507.0","2.0","10.0","2856.0","2863.0"
"149","2002","10","Rajasthan","Dungarpur","1905.0","693.0","372.0","305.0","2.0","2.0","2279.0","1000.0"
"149","2003","10","Rajasthan","Dungarpur","3306.0","3113.0","264.0","510.0","5.0","18.0","3575.0","3641.0"
"149","2004","10","Rajasthan","Dungarpur","2489.0","3793.0","302.0","727.0","13.0","28.0","2804.0","4548.0"
"149","2005","10","Rajasthan","Dungarpur","2281.0","3893.0","134.0","805.0","4.0","71.0","2419.0","4769.0"
"149","2006","10","Rajasthan","Dungarpur","2592.0","3931.0","336.0","814.0","25.0","99.0","2953.0","4844.0"
"149","2007","10","Rajasthan","Dungarpur","3888.0","4094.0","954.0","460.0","36.0","51.0","4878.0","4605.0"
"149","2008","10","Rajasthan","Dungarpur","3896.0","2129.0","1049.0","204.0","87.0","35.0","5032.0","2368.0"
"149","2009","10","Rajasthan","Dungarpur","3630.0","4518.0","611.0","1008.0","3.0","188.0","4245.0","5714.0"
"149","2010","10","Rajasthan","Dungarpur","5606.0","4066.0","1676.0","1128.0","11.0","18.0","7293.0","5212.0"
"149","2011","10","Rajasthan","Dungarpur","5225.0","4448.0","1226.0","1311.0","80.0","74.0","6531.0","5833.0"
"149","2012","10","Rajasthan","Dungarpur","4047.0","6117.0","1031.0","1305.0","188.0","265.0","5266.0","7687.0"
"149","2013","10","Rajasthan","Dungarpur","3956.0","4517.0","998.0","1262.0","34.0","81.0","4988.0","5860.0"
"149","2014","10","Rajasthan","Dungarpur","2804.0","4039.0","1115.0","423.0","44.0","65.0","3963.0","4527.0"
"149","2015","10","Rajasthan","Dungarpur","3422.0","4964.0","909.0","503.0","14.0","106.0","4346.0","5573.0"
"149","2016","10","Rajasthan","Dungarpur","2181.0","4307.0","944.0","2238.0","135.0","40.0","3260.0","6585.0"
"149","2017","10","Rajasthan","Dungarpur","2547.0","3595.0","153.0","706.0","25.0","48.0","2724.0","4349.0"
"150","1990","10","Rajasthan","Ganganagar","22591.0","27568.0","5108.0","9102.0","450.0","177.0","28149.0","36847.0"
"150","1991","10","Rajasthan","Ganganagar","39844.0","45370.0","11912.0","13689.0","530.0","571.0","52286.0","59630.0"
"150","1993","10","Rajasthan","Ganganagar","31096.0","33772.0","7271.0","8374.0","152.0","145.0","38519.0","42291.0"
"150","1994","10","Rajasthan","Ganganagar","36607.0","43888.0","7470.0","9283.0","339.0","714.0","44416.0","53885.0"
"150","1995","10","Rajasthan","Ganganagar","40080.0","57886.0","4091.0","15969.0","224.0","456.0","44395.0","74311.0"
"150","1996","10","Rajasthan","Ganganagar","51118.0","62990.0","6124.0","15641.0","246.0","699.0","57488.0","79330.0"
"150","1997","10","Rajasthan","Ganganagar","46859.0","68797.0","9574.0","14167.0","225.0","646.0","56658.0","83610.0"
"150","1998","10","Rajasthan","Ganganagar","-1.0","-1.0","-1.0","-1.0","-1.0","-1.0","-1.0","-1.0"
"150","1999","10","Rajasthan","Ganganagar","-1.0","-1.0","-1.0","-1.0","-1.0","-1.0","-1.0","-1.0"
"150","2000","10","Rajasthan","Ganganagar","51960.0","46584.0","8596.0","14429.0","235.0","292.0","60791.0","61305.0"
"150","2001","10","Rajasthan","Ganganagar","34914.0","58537.0","10826.0","13235.0","331.0","317.0","46071.0","72089.0"
"150","2002","10","Rajasthan","Ganganagar","28731.0","53533.0","6607.0","13025.0","233.0","359.0","35571.0","66917.0"
"150","2003","10","Rajasthan","Ganganagar","29838.0","62131.0","10201.0","18975.0","428.0","927.0","40467.0","82033.0"
"150","2004","10","Rajasthan","Ganganagar","22267.0","63020.0","10213.0","16954.0","496.0","1092.0","32976.0","81066.0"
"150","2005","10","Rajasthan","Ganganagar","36756.0","70959.0","10026.0","23822.0","1112.0","1560.0","47894.0","96341.0"
"150","2006","10","Rajasthan","Ganganagar","31472.0","64052.0","11931.0","19795.0","859.0","743.0","44262.0","84590.0"
"150","2007","10","Rajasthan","Ganganagar","37458.0","72447.0","11746.0","23130.0","941.0","1075.0","50145.0","96652.0"
"150","2008","10","Rajasthan","Ganganagar","37776.0","72062.0","21444.0","23464.0","1824.0","893.0","61044.0","96419.0"
"150","2009","10","Rajasthan","Ganganagar","44163.0","68617.0","22325.0","20945.0","3842.0","2813.0","70330.0","92375.0"
"150","2010","10","Rajasthan","Ganganagar","42068.0","83001.0","29092.0","28242.0","2127.0","3105.0","73287.0","114348.0"
"150","2011","10","Rajasthan","Ganganagar","48705.0","86579.0","21738.0","41445.0","2652.0","2463.0","73095.0","130487.0"
"150","2012","10","Rajasthan","Ganganagar","43755.0","92000.0","14118.0","32035.0","1388.0","1476.0","59261.0","125511.0"
"150","2013","10","Rajasthan","Ganganagar","30645.0","86665.0","12239.0","21302.0","0.0","15.0","42884.0","107982.0"
"150","2014","10","Rajasthan","Ganganagar","34515.0","93569.0","15252.0","21023.0","459.0","1338.0","50226.0","115930.0"
"150","2015","10","Rajasthan","Ganganagar","57084.0","81745.0","38549.0","23864.0","867.0","640.0","96499.0","106249.0"
"150","2016","10","Rajasthan","Ganganagar","30542.0","74651.0","21266.0","17516.0","804.0","552.0","52611.0","92719.0"
"150","2017","10","Rajasthan","Ganganagar","50926.0","86247.0","30216.0","27878.0","4014.0","1511.0","85157.0","115636.0"
"151","1990","10","Rajasthan","Jaipur","3412.0","9906.0","2125.0","3318.0","172.0","224.0","5709.0","13448.0"
"151","1991","10","Rajasthan","Jaipur","5240.0","11445.0","2791.0","4454.0","240.0","285.0","8271.0","16184.0"
"151","1993","10","Rajasthan","Jaipur","7598.0","16133.0","3241.0","6837.0","71.0","105.0","10910.0","23075.0"
"151","1994","10","Rajasthan","Jaipur","8898.0","19770.0","3503.0","6393.0","281.0","477.0","12682.0","26640.0"
"151","1995","10","Rajasthan","Jaipur","12610.0","21857.0","8165.0","3598.0","419.0","305.0","21194.0","25760.0"
"151","1996","10","Rajasthan","Jaipur","13575.0","25470.0","4810.0","7386.0","531.0","246.0","18916.0","33102.0"
"151","1997","10","Rajasthan","Jaipur","16842.0","21771.0","9524.0","4733.0","673.0","230.0","27039.0","26734.0"
"151","1998","10","Rajasthan","Jaipur","-1.0","-1.0","-1.0","-1.0","-1.0","-1.0","-1.0","-1.0"
"151","1999","10","Rajasthan","Jaipur","-1.0","-1.0","-1.0","-1.0","-1.0","-1.0","-1.0","-1.0"
"151","2000","10","Rajasthan","Jaipur","16673.0","21655.0","7797.0","8663.0","728.0","455.0","25198.0","30773.0"
"151","2001","10","Rajasthan","Jaipur","17787.0","23719.0","11110.0","6922.0","894.0","442.0","29791.0","31083.0"
"151","2002","10","Rajasthan","Jaipur","11548.0","24218.0","8101.0","10965.0","905.0","1139.0","20554.0","36322.0"
"151","2003","10","Rajasthan","Jaipur","19804.0","26358.0","11630.0","9287.0","798.0","1045.0","32232.0","36690.0"
"151","2004","10","Rajasthan","Jaipur","14549.0","28980.0","10431.0","14089.0","1146.0","2180.0","26126.0","45249.0"
"151","2005","10","Rajasthan","Jaipur","19459.0","32364.0","9990.0","18675.0","1019.0","2043.0","30468.0","53082.0"
"151","2006","10","Rajasthan","Jaipur","18265.0","36567.0","11710.0","17585.0","1056.0","761.0","31031.0","54913.0"
"151","2007","10","Rajasthan","Jaipur","19534.0","28611.0","10190.0","7796.0","1786.0","435.0","31510.0","36842.0"
"151","2008","10","Rajasthan","Jaipur","23441.0","30046.0","13753.0","12316.0","1254.0","1419.0","38448.0","43781.0"
"151","2009","10","Rajasthan","Jaipur","21394.0","33822.0","11536.0","14659.0","911.0","2741.0","33840.0","51222.0"
"151","2010","10","Rajasthan","Jaipur","25230.0","38420.0","17433.0","11246.0","2956.0","1405.0","45619.0","51071.0"
"151","2011","10","Rajasthan","Jaipur","28869.0","35238.0","16341.0","12361.0","1275.0","1232.0","46485.0","48831.0"
"151","2012","10","Rajasthan","Jaipur","23910.0","41163.0","10179.0","14087.0","1026.0","785.0","35115.0","56035.0"
"151","2013","10","Rajasthan","Jaipur","29060.0","35043.0","10290.0","7498.0","291.0","106.0","39641.0","42647.0"
"151","2014","10","Rajasthan","Jaipur","26745.0","45809.0","11957.0","14366.0","826.0","615.0","39529.0","60790.0"
"151","2015","10","Rajasthan","Jaipur","38243.0","37736.0","21564.0","10043.0","2152.0","474.0","61960.0","48253.0"
"151","2016","10","Rajasthan","Jaipur","31667.0","40598.0","12618.0","10262.0","1195.0","271.0","45481.0","51131.0"
"151","2017","10","Rajasthan","Jaipur","27055.0","33521.0","10031.0","12624.0","1358.0","1400.0","38443.0","47545.0"
"152","1990","10","Rajasthan","Jaisalmer","-1.0","-1.0","-1.0","-1.0","-1.0","-1.0","-1.0","-1.0"
"152","1991","10","Rajasthan","Jaisalmer","-1.0","-1.0","-1.0","-1.0","-1.0","-1.0","-1.0","-1.0"
"152","1993","10","Rajasthan","Jaisalmer","-1.0","-1.0","-1.0","-1.0","-1.0","-1.0","-1.0","-1.0"
"152","1994","10","Rajasthan","Jaisalmer","-1.0","-1.0","-1.0","-1.0","-1.0","-1.0","-1.0","-1.0"
"152","1995","10","Rajasthan","Jaisalmer","92.0","589.0","36.0","125.0","0.0","1.0","128.0","715.0"
"152","1996","10","Rajasthan","Jaisalmer","-1.0","-1.0","-1.0","-1.0","-1.0","-1.0","-1.0","-1.0"
"152","1997","10","Rajasthan","Jaisalmer","-1.0","-1.0","-1.0","-1.0","-1.0","-1.0","-1.0","-1.0"
"152","1998","10","Rajasthan","Jaisalmer","-1.0","-1.0","-1.0","-1.0","-1.0","-1.0","-1.0","-1.0"
"152","1999","10","Rajasthan","Jaisalmer","-1.0","-1.0","-1.0","-1.0","-1.0","-1.0","-1.0","-1.0"
"152","2000","10","Rajasthan","Jaisalmer","529.0","1309.0","12.0","353.0","0.0","0.0","541.0","1662.0"
"152","2001","10","Rajasthan","Jaisalmer","183.0","3014.0","157.0","615.0","0.0","0.0","340.0","3629.0"
"152","2002","10","Rajasthan","Jaisalmer","295.0","1825.0","62.0","514.0","0.0","0.0","357.0","2339.0"
"152","2003","10","Rajasthan","Jaisalmer","714.0","2806.0","353.0","604.0","5.0","14.0","1072.0","3424.0"
"152","2004","10","Rajasthan","Jaisalmer","355.0","2605.0","80.0","508.0","0.0","99.0","435.0","3212.0"
"152","2005","10","Rajasthan","Jaisalmer","734.0","4804.0","417.0","953.0","40.0","87.0","1191.0","5844.0"
"152","2006","10","Rajasthan","Jaisalmer","1138.0","4982.0","404.0","496.0","14.0","0.0","1556.0","5478.0"
"152","2007","10","Rajasthan","Jaisalmer","3191.0","6014.0","1308.0","1278.0","44.0","0.0","4543.0","7292.0"
"152","2008","10","Rajasthan","Jaisalmer","1246.0","6962.0","673.0","1202.0","0.0","145.0","1919.0","8309.0"
"152","2009","10","Rajasthan","Jaisalmer","2723.0","4187.0","2230.0","417.0","0.0","31.0","4953.0","4635.0"
"152","2010","10","Rajasthan","Jaisalmer","2500.0","8948.0","1455.0","1915.0","76.0","40.0","4031.0","10903.0"
"152","2011","10","Rajasthan","Jaisalmer","4569.0","7580.0","1120.0","2235.0","2.0","96.0","5691.0","9911.0"
"152","2012","10","Rajasthan","Jaisalmer","2746.0","7902.0","1219.0","2257.0","39.0","60.0","4004.0","10219.0"
"152","2013","10","Rajasthan","Jaisalmer","3274.0","8027.0","1347.0","2140.0","0.0","27.0","4621.0","10194.0"
"152","2014","10","Rajasthan","Jaisalmer","4508.0","4435.0","1895.0","816.0","82.0","93.0","6486.0","5344.0"
"152","2015","10","Rajasthan","Jaisalmer","3178.0","8374.0","2475.0","1516.0","0.0","46.0","5653.0","9936.0"
"152","2016","10","Rajasthan","Jaisalmer","3673.0","5701.0","2015.0","1907.0","5.0","45.0","5693.0","7653.0"
"152","2017","10","Rajasthan","Jaisalmer","3040.0","4798.0","1645.0","1545.0","65.0","17.0","4750.0","6360.0"
"153","1990","10","Rajasthan","Jalore","606.0","2499.0","325.0","1035.0","16.0","24.0","947.0","3558.0"
"153","1991","10","Rajasthan","Jalore","1106.0","3269.0","470.0","1169.0","45.0","33.0","1621.0","4471.0"
"153","1993","10","Rajasthan","Jalore","1491.0","5938.0","543.0","1269.0","40.0","6.0","2074.0","7213.0"
"153","1994","10","Rajasthan","Jalore","1889.0","7306.0","784.0","619.0","111.0","133.0","2784.0","8058.0"
"153","1995","10","Rajasthan","Jalore","4636.0","7005.0","2329.0","853.0","68.0","57.0","7033.0","7915.0"
"153","1996","10","Rajasthan","Jalore","2797.0","7767.0","1065.0","1130.0","65.0","59.0","3927.0","8956.0"
"153","1997","10","Rajasthan","Jalore","2556.0","10394.0","1376.0","1418.0","39.0","10.0","3971.0","11822.0"
"153","1998","10","Rajasthan","Jalore","-1.0","-1.0","-1.0","-1.0","-1.0","-1.0","-1.0","-1.0"
"153","1999","10","Rajasthan","Jalore","-1.0","-1.0","-1.0","-1.0","-1.0","-1.0","-1.0","-1.0"
"153","2000","10","Rajasthan","Jalore","5198.0","6272.0","1192.0","369.0","0.0","3.0","6390.0","6644.0"
"153","2001","10","Rajasthan","Jalore","4141.0","10720.0","1370.0","829.0","23.0","11.0","5534.0","11560.0"
"153","2002","10","Rajasthan","Jalore","3947.0","13287.0","423.0","1313.0","0.0","7.0","4370.0","14607.0"
"153","2003","10","Rajasthan","Jalore","5428.0","8946.0","1472.0","506.0","47.0","28.0","6947.0","9480.0"
"153","2004","10","Rajasthan","Jalore","4078.0","8578.0","426.0","1405.0","12.0","73.0","4516.0","10056.0"
"153","2005","10","Rajasthan","Jalore","5400.0","10147.0","706.0","754.0","89.0","145.0","6195.0","11046.0"
"153","2006","10","Rajasthan","Jalore","5877.0","12767.0","1665.0","1671.0","149.0","147.0","7691.0","14585.0"
"153","2007","10","Rajasthan","Jalore","8477.0","10352.0","1409.0","2345.0","573.0","2.0","10459.0","12699.0"
"153","2008","10","Rajasthan","Jalore","8857.0","10951.0","1471.0","1571.0","213.0","865.0","10541.0","13387.0"
"153","2009","10","Rajasthan","Jalore","8216.0","11800.0","1727.0","1255.0","1189.0","329.0","11132.0","13384.0"
"153","2010","10","Rajasthan","Jalore","8868.0","16428.0","1505.0","2762.0","131.0","354.0","10504.0","19544.0"
"153","2011","10","Rajasthan","Jalore","10729.0","17656.0","2917.0","3980.0","18.0","238.0","13664.0","21874.0"
"153","2012","10","Rajasthan","Jalore","7700.0","16129.0","2274.0","2603.0","199.0","437.0","10173.0","19169.0"
"153","2013","10","Rajasthan","Jalore","8467.0","16987.0","965.0","1916.0","128.0","411.0","9560.0","19314.0"
"153","2014","10","Rajasthan","Jalore","9561.0","16719.0","2371.0","1405.0","231.0","568.0","12163.0","18692.0"
"153","2015","10","Rajasthan","Jalore","12264.0","21963.0","3702.0","2040.0","455.0","521.0","16421.0","24524.0"
"153","2016","10","Rajasthan","Jalore","10704.0","23162.0","2821.0","2902.0","544.0","653.0","14069.0","26717.0"
"153","2017","10","Rajasthan","Jalore","9469.0","20213.0","3320.0","2856.0","901.0","600.0","13690.0","23669.0"
"154","1990","10","Rajasthan","Jhalawar","1661.0","3065.0","1572.0","1753.0","21.0","28.0","3254.0","4846.0"
"154","1991","10","Rajasthan","Jhalawar","2273.0","3272.0","2241.0","1588.0","25.0","20.0","4539.0","4880.0"
"154","1993","10","Rajasthan","Jhalawar","3033.0","5364.0","1626.0","3230.0","47.0","0.0","4706.0","8594.0"
"154","1994","10","Rajasthan","Jhalawar","3496.0","6878.0","1719.0","3567.0","12.0","69.0","5227.0","10514.0"
"154","1995","10","Rajasthan","Jhalawar","6088.0","7831.0","4414.0","3725.0","110.0","69.0","10612.0","11625.0"
"154","1996","10","Rajasthan","Jhalawar","6770.0","11657.0","2577.0","4454.0","114.0","27.0","9461.0","16138.0"
"154","1997","10","Rajasthan","Jhalawar","8834.0","12436.0","6434.0","6687.0","47.0","57.0","15315.0","19180.0"
"154","1998","10","Rajasthan","Jhalawar","-1.0","-1.0","-1.0","-1.0","-1.0","-1.0","-1.0","-1.0"
"154","1999","10","Rajasthan","Jhalawar","-1.0","-1.0","-1.0","-1.0","-1.0","-1.0","-1.0","-1.0"
"154","2000","10","Rajasthan","Jhalawar","9487.0","6739.0","8248.0","1744.0","24.0","57.0","17759.0","8540.0"
"154","2001","10","Rajasthan","Jhalawar","12025.0","12677.0","6739.0","4706.0","58.0","115.0","18822.0","17498.0"
"154","2002","10","Rajasthan","Jhalawar","7403.0","5314.0","3347.0","2625.0","58.0","138.0","10808.0","8077.0"
"154","2003","10","Rajasthan","Jhalawar","8284.0","10079.0","3675.0","5685.0","34.0","223.0","11993.0","15987.0"
"154","2004","10","Rajasthan","Jhalawar","4802.0","13319.0","3773.0","7476.0","104.0","233.0","8679.0","21028.0"
"154","2005","10","Rajasthan","Jhalawar","6400.0","11430.0","4852.0","4884.0","118.0","227.0","11370.0","16541.0"
"154","2006","10","Rajasthan","Jhalawar","7079.0","18991.0","7081.0","9654.0","60.0","206.0","14220.0","28851.0"
"154","2007","10","Rajasthan","Jhalawar","10223.0","13094.0","9869.0","3515.0","492.0","361.0","20584.0","16970.0"
"154","2008","10","Rajasthan","Jhalawar","9274.0","13036.0","9388.0","6870.0","173.0","232.0","18835.0","20138.0"
"154","2009","10","Rajasthan","Jhalawar","7200.0","17697.0","7024.0","5990.0","331.0","595.0","14554.0","24282.0"
"154","2010","10","Rajasthan","Jhalawar","9776.0","15372.0","11453.0","6715.0","1422.0","173.0","22651.0","22260.0"
"154","2011","10","Rajasthan","Jhalawar","10673.0","20315.0","9823.0","12509.0","366.0","385.0","20862.0","33209.0"
"154","2012","10","Rajasthan","Jhalawar","11791.0","20602.0","7422.0","10712.0","339.0","122.0","19552.0","31436.0"
"154","2013","10","Rajasthan","Jhalawar","14591.0","19420.0","7657.0","5757.0","27.0","26.0","22275.0","25203.0"
"154","2014","10","Rajasthan","Jhalawar","13405.0","21717.0","6592.0","8210.0","159.0","219.0","20155.0","30146.0"
"154","2015","10","Rajasthan","Jhalawar","17788.0","21608.0","13058.0","9818.0","159.0","163.0","31005.0","31589.0"
"154","2016","10","Rajasthan","Jhalawar","16512.0","21429.0","6448.0","7839.0","281.0","326.0","23242.0","29594.0"
"154","2017","10","Rajasthan","Jhalawar","13099.0","17376.0","6235.0","7849.0","182.0","164.0","19516.0","25389.0"
"155","1990","10","Rajasthan","Jhunjhunu","618.0","25564.0","125.0","453.0","7.0","23.0","750.0","26040.0"
"155","1991","10","Rajasthan","Jhunjhunu","769.0","3119.0","157.0","426.0","18.0","48.0","944.0","3593.0"
"155","1993","10","Rajasthan","Jhunjhunu","1362.0","1483.0","273.0","429.0","4.0","5.0","1639.0","1917.0"
"155","1994","10","Rajasthan","Jhunjhunu","1571.0","1951.0","213.0","508.0","2.0","28.0","1786.0","2487.0"
"155","1995","10","Rajasthan","Jhunjhunu","1658.0","3099.0","330.0","481.0","33.0","10.0","2021.0","3590.0"
"155","1996","10","Rajasthan","Jhunjhunu","2012.0","3613.0","142.0","741.0","3.0","0.0","2157.0","4354.0"
"155","1997","10","Rajasthan","Jhunjhunu","1735.0","3169.0","266.0","579.0","0.0","0.0","2001.0","3748.0"
"155","1998","10","Rajasthan","Jhunjhunu","-1.0","-1.0","-1.0","-1.0","-1.0","-1.0","-1.0","-1.0"
"155","1999","10","Rajasthan","Jhunjhunu","-1.0","-1.0","-1.0","-1.0","-1.0","-1.0","-1.0","-1.0"
"155","2000","10","Rajasthan","Jhunjhunu","2640.0","4919.0","373.0","1243.0","0.0","9.0","3013.0","6171.0"
"155","2001","10","Rajasthan","Jhunjhunu","2770.0","4764.0","930.0","816.0","12.0","5.0","3712.0","5585.0"
"155","2002","10","Rajasthan","Jhunjhunu","1309.0","4660.0","223.0","810.0","10.0","13.0","1542.0","5483.0"
"155","2003","10","Rajasthan","Jhunjhunu","3803.0","6001.0","1325.0","778.0","11.0","39.0","5139.0","6818.0"
"155","2004","10","Rajasthan","Jhunjhunu","2529.0","6393.0","523.0","1559.0","27.0","150.0","3079.0","8102.0"
"155","2005","10","Rajasthan","Jhunjhunu","3511.0","6247.0","873.0","2023.0","55.0","121.0","4439.0","8391.0"
"155","2006","10","Rajasthan","Jhunjhunu","3079.0","6992.0","1004.0","1012.0","34.0","44.0","4117.0","8048.0"
"155","2007","10","Rajasthan","Jhunjhunu","3399.0","6842.0","968.0","1730.0","12.0","22.0","4379.0","8594.0"
"155","2008","10","Rajasthan","Jhunjhunu","3741.0","7442.0","1684.0","1730.0","13.0","66.0","5438.0","9238.0"
"155","2009","10","Rajasthan","Jhunjhunu","2517.0","8272.0","664.0","2823.0","2.0","94.0","3183.0","11189.0"
"155","2010","10","Rajasthan","Jhunjhunu","4214.0","8369.0","2488.0","1976.0","78.0","90.0","6780.0","10435.0"
"155","2011","10","Rajasthan","Jhunjhunu","5383.0","7014.0","1525.0","2177.0","24.0","132.0","6932.0","9323.0"
"155","2012","10","Rajasthan","Jhunjhunu","4425.0","8901.0","1243.0","1860.0","110.0","66.0","5778.0","10827.0"
"155","2013","10","Rajasthan","Jhunjhunu","5471.0","7548.0","1381.0","1330.0","15.0","3.0","6867.0","8881.0"
"155","2014","10","Rajasthan","Jhunjhunu","3948.0","8464.0","838.0","1276.0","18.0","46.0","4805.0","9786.0"
"155","2015","10","Rajasthan","Jhunjhunu","6957.0","12322.0","1564.0","1029.0","18.0","56.0","8539.0","13407.0"
"155","2016","10","Rajasthan","Jhunjhunu","7785.0","6390.0","1120.0","1245.0","17.0","11.0","8922.0","7646.0"
"155","2017","10","Rajasthan","Jhunjhunu","5689.0","7079.0","1580.0","1929.0","42.0","30.0","7311.0","9038.0"
"156","1990","10","Rajasthan","Jodhpur","1368.0","2170.0","1036.0","1177.0","865.0","376.0","3269.0","3723.0"
"156","1991","10","Rajasthan","Jodhpur","1755.0","2993.0","1530.0","1237.0","812.0","407.0","4097.0","4637.0"
"156","1993","10","Rajasthan","Jodhpur","1506.0","8149.0","1549.0","1923.0","162.0","141.0","3217.0","10213.0"
"156","1994","10","Rajasthan","Jodhpur","2372.0","10454.0","2247.0","1968.0","585.0","165.0","5204.0","12587.0"
"156","1995","10","Rajasthan","Jodhpur","4114.0","6590.0","3938.0","1921.0","314.0","250.0","8366.0","8761.0"
"156","1996","10","Rajasthan","Jodhpur","5200.0","7756.0","3856.0","2233.0","587.0","254.0","9643.0","10243.0"
"156","1997","10","Rajasthan","Jodhpur","5165.0","9940.0","3699.0","3581.0","407.0","246.0","9271.0","13767.0"
"156","1998","10","Rajasthan","Jodhpur","-1.0","-1.0","-1.0","-1.0","-1.0","-1.0","-1.0","-1.0"
"156","1999","10","Rajasthan","Jodhpur","-1.0","-1.0","-1.0","-1.0","-1.0","-1.0","-1.0","-1.0"
"156","2000","10","Rajasthan","Jodhpur","4115.0","7339.0","2666.0","3321.0","415.0","324.0","7196.0","10984.0"
"156","2001","10","Rajasthan","Jodhpur","5202.0","7508.0","3023.0","3142.0","397.0","395.0","8622.0","11045.0"
"156","2002","10","Rajasthan","Jodhpur","3174.0","7742.0","1717.0","3621.0","369.0","535.0","5260.0","11898.0"
"156","2003","10","Rajasthan","Jodhpur","5840.0","7987.0","4192.0","3125.0","416.0","581.0","10448.0","11693.0"
"156","2004","10","Rajasthan","Jodhpur","6424.0","8143.0","3359.0","3464.0","364.0","928.0","10147.0","12535.0"
"156","2005","10","Rajasthan","Jodhpur","5369.0","10065.0","3415.0","5411.0","320.0","934.0","9104.0","16410.0"
"156","2006","10","Rajasthan","Jodhpur","6523.0","10649.0","4264.0","4195.0","289.0","528.0","11076.0","15372.0"
"156","2007","10","Rajasthan","Jodhpur","9452.0","9934.0","6546.0","3998.0","486.0","655.0","16484.0","14587.0"
"156","2008","10","Rajasthan","Jodhpur","9512.0","11772.0","8001.0","5039.0","861.0","1734.0","18374.0","18545.0"
"156","2009","10","Rajasthan","Jodhpur","9326.0","11175.0","6542.0","5752.0","810.0","1304.0","16678.0","18231.0"
"156","2010","10","Rajasthan","Jodhpur","12195.0","16245.0","8896.0","7931.0","1347.0","1031.0","22438.0","25207.0"
"156","2011","10","Rajasthan","Jodhpur","14912.0","14841.0","9121.0","9408.0","199.0","683.0","24232.0","24932.0"
"156","2012","10","Rajasthan","Jodhpur","12560.0","16623.0","6097.0","6601.0","512.0","608.0","19169.0","23832.0"
"156","2013","10","Rajasthan","Jodhpur","14266.0","15771.0","7515.0","6481.0","65.0","161.0","21846.0","22413.0"
"156","2014","10","Rajasthan","Jodhpur","12041.0","19331.0","6662.0","7352.0","252.0","496.0","18954.0","27179.0"
"156","2015","10","Rajasthan","Jodhpur","18306.0","18449.0","10626.0","7215.0","167.0","404.0","29099.0","26068.0"
"156","2016","10","Rajasthan","Jodhpur","15524.0","19624.0","10932.0","5642.0","616.0","548.0","27072.0","25814.0"
"156","2017","10","Rajasthan","Jodhpur","18396.0","17276.0","10584.0","6475.0","1058.0","726.0","30038.0","24477.0"
"157","1990","10","Rajasthan","Kota","4345.0","18201.0","4634.0","9612.0","236.0","746.0","9215.0","28559.0"
"157","1991","10","Rajasthan","Kota","5810.0","22027.0","6185.0","11967.0","208.0","585.0","12203.0","34579.0"
"157","1993","10","Rajasthan","Kota","15116.0","33581.0","8581.0","13300.0","192.0","165.0","23889.0","47046.0"
"157","1994","10","Rajasthan","Kota","17436.0","42702.0","8577.0","14185.0","120.0","679.0","26133.0","57566.0"
"157","1995","10","Rajasthan","Kota","22168.0","31549.0","14898.0","5839.0","380.0","279.0","37446.0","37667.0"
"157","1996","10","Rajasthan","Kota","20104.0","43790.0","9348.0","14000.0","619.0","204.0","30071.0","57994.0"
"157","1997","10","Rajasthan","Kota","25151.0","50543.0","15080.0","14845.0","379.0","372.0","40610.0","65760.0"
"157","1998","10","Rajasthan","Kota","-1.0","-1.0","-1.0","-1.0","-1.0","-1.0","-1.0","-1.0"
"157","1999","10","Rajasthan","Kota","-1.0","-1.0","-1.0","-1.0","-1.0","-1.0","-1.0","-1.0"
"157","2000","10","Rajasthan","Kota","25160.0","35520.0","16815.0","10127.0","387.0","316.0","42362.0","45963.0"
"157","2001","10","Rajasthan","Kota","26238.0","46024.0","18195.0","12929.0","318.0","696.0","44751.0","59649.0"
"157","2002","10","Rajasthan","Kota","13295.0","18156.0","8638.0","6021.0","266.0","540.0","22199.0","24717.0"
"157","2003","10","Rajasthan","Kota","20061.0","44810.0","15605.0","15478.0","508.0","1305.0","36174.0","61593.0"
"157","2004","10","Rajasthan","Kota","13336.0","53743.0","11053.0","18944.0","662.0","1777.0","25051.0","74464.0"
"157","2005","10","Rajasthan","Kota","18052.0","52841.0","15717.0","19607.0","947.0","1683.0","34716.0","74131.0"
"157","2006","10","Rajasthan","Kota","18225.0","56248.0","19545.0","15750.0","726.0","845.0","38496.0","72843.0"
"157","2007","10","Rajasthan","Kota","25423.0","47974.0","19943.0","12811.0","2119.0","1311.0","47485.0","62096.0"
"157","2008","10","Rajasthan","Kota","35832.0","45248.0","27141.0","15478.0","1041.0","531.0","64014.0","61257.0"
"157","2009","10","Rajasthan","Kota","23187.0","58507.0","20052.0","20032.0","1283.0","2444.0","44522.0","80983.0"
"157","2010","10","Rajasthan","Kota","19947.0","60614.0","23587.0","22909.0","1688.0","1040.0","45222.0","84563.0"
"157","2011","10","Rajasthan","Kota","26756.0","65405.0","23462.0","28141.0","770.0","1721.0","50988.0","95267.0"
"157","2012","10","Rajasthan","Kota","25560.0","69273.0","21947.0","24607.0","1118.0","600.0","48625.0","94480.0"
"157","2013","10","Rajasthan","Kota","39381.0","55777.0","24241.0","11106.0","248.0","153.0","63870.0","67036.0"
"157","2014","10","Rajasthan","Kota","31469.0","64703.0","23126.0","21505.0","550.0","514.0","55145.0","86722.0"
"157","2015","10","Rajasthan","Kota","47962.0","62765.0","40616.0","23560.0","486.0","1006.0","89065.0","87331.0"
"157","2016","10","Rajasthan","Kota","35305.0","62352.0","20391.0","22141.0","792.0","774.0","56488.0","85267.0"
"157","2017","10","Rajasthan","Kota","29767.0","52819.0","15327.0","21001.0","1090.0","773.0","46183.0","74593.0"
"158","1990","10","Rajasthan","Nagaur","1068.0","2123.0","854.0","1984.0","101.0","80.0","2023.0","4187.0"
"158","1991","10","Rajasthan","Nagaur","2124.0","3710.0","1788.0","2401.0","152.0","36.0","4064.0","6147.0"
"158","1993","10","Rajasthan","Nagaur","3512.0","6828.0","2408.0","2640.0","62.0","18.0","5982.0","9486.0"
"158","1994","10","Rajasthan","Nagaur","3915.0","8528.0","2511.0","2502.0","151.0","169.0","6577.0","11199.0"
"158","1995","10","Rajasthan","Nagaur","5326.0","7408.0","3954.0","2761.0","121.0","174.0","9401.0","10343.0"
"158","1996","10","Rajasthan","Nagaur","6672.0","7517.0","3515.0","2684.0","188.0","90.0","10375.0","10291.0"
"158","1997","10","Rajasthan","Nagaur","6704.0","9379.0","4252.0","3250.0","76.0","48.0","11032.0","12677.0"
"158","1998","10","Rajasthan","Nagaur","-1.0","-1.0","-1.0","-1.0","-1.0","-1.0","-1.0","-1.0"
"158","1999","10","Rajasthan","Nagaur","-1.0","-1.0","-1.0","-1.0","-1.0","-1.0","-1.0","-1.0"
"158","2000","10","Rajasthan","Nagaur","7146.0","7957.0","4498.0","3905.0","42.0","74.0","11686.0","11936.0"
"158","2001","10","Rajasthan","Nagaur","6839.0","9501.0","4603.0","3334.0","131.0","48.0","11573.0","12883.0"
"158","2002","10","Rajasthan","Nagaur","3365.0","8342.0","2692.0","4661.0","74.0","95.0","6131.0","13098.0"
"158","2003","10","Rajasthan","Nagaur","8056.0","9738.0","4563.0","3879.0","139.0","292.0","12758.0","13909.0"
"158","2004","10","Rajasthan","Nagaur","6797.0","10452.0","3161.0","4795.0","201.0","726.0","10159.0","15973.0"
"158","2005","10","Rajasthan","Nagaur","6943.0","10274.0","3659.0","6334.0","375.0","444.0","10977.0","17052.0"
"158","2006","10","Rajasthan","Nagaur","7554.0","9831.0","5162.0","3087.0","285.0","165.0","13001.0","13083.0"
"158","2007","10","Rajasthan","Nagaur","9371.0","8779.0","5454.0","3981.0","403.0","57.0","15228.0","12817.0"
"158","2008","10","Rajasthan","Nagaur","9633.0","8635.0","8166.0","2836.0","175.0","374.0","17974.0","11845.0"
"158","2009","10","Rajasthan","Nagaur","8272.0","11429.0","8162.0","5441.0","775.0","282.0","17209.0","17152.0"
"158","2010","10","Rajasthan","Nagaur","10738.0","13585.0","8301.0","7220.0","1148.0","121.0","20187.0","20926.0"
"158","2011","10","Rajasthan","Nagaur","12269.0","14823.0","9452.0","7816.0","763.0","652.0","22484.0","23291.0"
"158","2012","10","Rajasthan","Nagaur","10172.0","17536.0","6400.0","6511.0","450.0","535.0","17022.0","24582.0"
"158","2013","10","Rajasthan","Nagaur","12247.0","11201.0","6928.0","5101.0","162.0","75.0","19337.0","16377.0"
"158","2014","10","Rajasthan","Nagaur","12076.0","18127.0","6815.0","8110.0","232.0","680.0","19123.0","26917.0"
"158","2015","10","Rajasthan","Nagaur","20246.0","16704.0","11903.0","7787.0","177.0","352.0","32326.0","24843.0"
"158","2016","10","Rajasthan","Nagaur","14448.0","12230.0","8840.0","5751.0","371.0","502.0","23659.0","18483.0"
"158","2017","10","Rajasthan","Nagaur","12457.0","12012.0","7828.0","5704.0","941.0","453.0","21227.0","18169.0"
"159","1990","10","Rajasthan","Pali","3336.0","3825.0","4873.0","2851.0","117.0","13.0","8326.0","6689.0"
"159","1991","10","Rajasthan","Pali","2320.0","4642.0","2248.0","2779.0","105.0","70.0","4673.0","7491.0"
"159","1993","10","Rajasthan","Pali","3303.0","7082.0","2308.0","2740.0","176.0","45.0","5787.0","9867.0"
"159","1994","10","Rajasthan","Pali","4097.0","8756.0","2871.0","2290.0","378.0","86.0","7346.0","11132.0"
"159","1995","10","Rajasthan","Pali","7572.0","8926.0","7249.0","1953.0","142.0","41.0","14963.0","10920.0"
"159","1996","10","Rajasthan","Pali","6885.0","8331.0","4984.0","2683.0","215.0","51.0","12084.0","11065.0"
"159","1997","10","Rajasthan","Pali","6271.0","13447.0","5135.0","3937.0","107.0","46.0","11513.0","17430.0"
"159","1998","10","Rajasthan","Pali","-1.0","-1.0","-1.0","-1.0","-1.0","-1.0","-1.0","-1.0"
"159","1999","10","Rajasthan","Pali","-1.0","-1.0","-1.0","-1.0","-1.0","-1.0","-1.0","-1.0"
"159","2000","10","Rajasthan","Pali","2921.0","4320.0","1407.0","1001.0","25.0","34.0","4353.0","5355.0"
"159","2001","10","Rajasthan","Pali","4257.0","7596.0","3457.0","1988.0","26.0","53.0","7740.0","9637.0"
"159","2002","10","Rajasthan","Pali","2022.0","3619.0","858.0","1479.0","9.0","38.0","2889.0","5136.0"
"159","2003","10","Rajasthan","Pali","3845.0","5152.0","2590.0","2137.0","89.0","68.0","6524.0","7357.0"
"159","2004","10","Rajasthan","Pali","2431.0","3619.0","864.0","1796.0","16.0","109.0","3311.0","5524.0"
"159","2005","10","Rajasthan","Pali","1942.0","5179.0","881.0","2479.0","81.0","168.0","2904.0","7826.0"
"159","2006","10","Rajasthan","Pali","4501.0","9114.0","4324.0","2461.0","91.0","83.0","8916.0","11658.0"
"159","2007","10","Rajasthan","Pali","6162.0","8224.0","4755.0","2775.0","235.0","115.0","11152.0","11114.0"
"159","2008","10","Rajasthan","Pali","3524.0","4787.0","3251.0","1879.0","252.0","782.0","7027.0","7448.0"
"159","2009","10","Rajasthan","Pali","3150.0","2754.0","2906.0","797.0","1192.0","187.0","7249.0","3738.0"
"159","2010","10","Rajasthan","Pali","4269.0","8618.0","4045.0","3911.0","503.0","100.0","8817.0","12629.0"
"159","2011","10","Rajasthan","Pali","5031.0","7173.0","2844.0","3032.0","53.0","336.0","7928.0","10541.0"
"159","2012","10","Rajasthan","Pali","3889.0","10684.0","3126.0","5057.0","82.0","344.0","7097.0","16085.0"
"159","2013","10","Rajasthan","Pali","3512.0","7119.0","1463.0","2611.0","81.0","74.0","5056.0","9804.0"
"159","2014","10","Rajasthan","Pali","3997.0","7512.0","4238.0","1558.0","111.0","113.0","8346.0","9183.0"
"159","2015","10","Rajasthan","Pali","6849.0","9168.0","6166.0","2208.0","188.0","88.0","13202.0","11464.0"
"159","2016","10","Rajasthan","Pali","8078.0","10906.0","6711.0","2746.0","245.0","17.0","15034.0","13669.0"
"159","2017","10","Rajasthan","Pali","6189.0","7559.0","7691.0","3428.0","348.0","255.0","14228.0","11242.0"
"160","1990","10","Rajasthan","Swami Madhopur","5147.0","10828.0","3703.0","4759.0","39.0","33.0","8889.0","15620.0"
"160","1991","10","Rajasthan","Swami Madhopur","5657.0","12029.0","3530.0","5429.0","72.0","86.0","9259.0","17544.0"
"160","1993","10","Rajasthan","Swami Madhopur","6510.0","8415.0","2425.0","3172.0","15.0","9.0","8950.0","11596.0"
"160","1994","10","Rajasthan","Swami Madhopur","7804.0","11137.0","3031.0","4239.0","110.0","51.0","10945.0","15427.0"
"160","1995","10","Rajasthan","Swami Madhopur","10112.0","17498.0","5127.0","2132.0","30.0","8.0","15269.0","19638.0"
"160","1996","10","Rajasthan","Swami Madhopur","9972.0","17321.0","3151.0","3313.0","164.0","17.0","13287.0","20651.0"
"160","1997","10","Rajasthan","Swami Madhopur","13971.0","19379.0","7433.0","3374.0","58.0","35.0","21462.0","22788.0"
"160","1998","10","Rajasthan","Swami Madhopur","-1.0","-1.0","-1.0","-1.0","-1.0","-1.0","-1.0","-1.0"
"160","1999","10","Rajasthan","Swami Madhopur","-1.0","-1.0","-1.0","-1.0","-1.0","-1.0","-1.0","-1.0"
"160","2000","10","Rajasthan","Swami Madhopur","13766.0","14298.0","6046.0","2373.0","71.0","28.0","19883.0","16699.0"
"160","2001","10","Rajasthan","Swami Madhopur","12003.0","19688.0","5860.0","3779.0","83.0","20.0","17946.0","23487.0"
"160","2002","10","Rajasthan","Swami Madhopur","5771.0","15444.0","2932.0","3979.0","55.0","34.0","8758.0","19457.0"
"160","2003","10","Rajasthan","Swami Madhopur","14762.0","18211.0","7747.0","2994.0","110.0","60.0","22619.0","21265.0"
"160","2004","10","Rajasthan","Swami Madhopur","8267.0","22525.0","3868.0","6920.0","72.0","233.0","12207.0","29678.0"
"160","2005","10","Rajasthan","Swami Madhopur","12187.0","21391.0","6263.0","6495.0","585.0","349.0","19035.0","28235.0"
"160","2006","10","Rajasthan","Swami Madhopur","11594.0","18432.0","9497.0","2392.0","76.0","56.0","21167.0","20880.0"
"160","2007","10","Rajasthan","Swami Madhopur","13168.0","19972.0","6715.0","4979.0","614.0","39.0","20497.0","24990.0"
"160","2008","10","Rajasthan","Swami Madhopur","16778.0","20498.0","9796.0","6537.0","261.0","134.0","26835.0","27169.0"
"160","2009","10","Rajasthan","Swami Madhopur","13532.0","24404.0","8022.0","7902.0","81.0","244.0","21635.0","32550.0"
"160","2010","10","Rajasthan","Swami Madhopur","15056.0","27900.0","11784.0","7394.0","799.0","40.0","27639.0","35334.0"
"160","2011","10","Rajasthan","Swami Madhopur","17458.0","29847.0","11344.0","8363.0","237.0","419.0","29039.0","38629.0"
"160","2012","10","Rajasthan","Swami Madhopur","17437.0","31722.0","11134.0","8374.0","229.0","43.0","28800.0","40139.0"
"160","2013","10","Rajasthan","Swami Madhopur","22662.0","28178.0","9668.0","5444.0","1.0","0.0","32331.0","33622.0"
"160","2014","10","Rajasthan","Swami Madhopur","20741.0","29309.0","13966.0","4709.0","301.0","114.0","35006.0","34132.0"
"160","2015","10","Rajasthan","Swami Madhopur","22702.0","53398.0","14811.0","6922.0","303.0","40.0","37815.0","60360.0"
"160","2016","10","Rajasthan","Swami Madhopur","43393.0","31996.0","10785.0","7146.0","276.0","1.0","54453.0","39143.0"
"160","2017","10","Rajasthan","Swami Madhopur","17686.0","22287.0","6151.0","6441.0","144.0","189.0","23980.0","28917.0"
"161","1990","10","Rajasthan","Sikar","980.0","1881.0","455.0","504.0","18.0","21.0","1453.0","2406.0"
"161","1991","10","Rajasthan","Sikar","1130.0","2312.0","490.0","592.0","40.0","37.0","1660.0","2941.0"
"161","1993","10","Rajasthan","Sikar","1581.0","1751.0","469.0","536.0","5.0","0.0","2055.0","2287.0"
"161","1994","10","Rajasthan","Sikar","1836.0","2265.0","441.0","945.0","32.0","80.0","2309.0","3290.0"
"161","1995","10","Rajasthan","Sikar","1666.0","5801.0","770.0","988.0","43.0","30.0","2479.0","6819.0"
"161","1996","10","Rajasthan","Sikar","3268.0","4323.0","677.0","1126.0","33.0","0.0","3978.0","5449.0"
"161","1997","10","Rajasthan","Sikar","3000.0","4187.0","1307.0","1120.0","34.0","28.0","4341.0","5335.0"
"161","1998","10","Rajasthan","Sikar","-1.0","-1.0","-1.0","-1.0","-1.0","-1.0","-1.0","-1.0"
"161","1999","10","Rajasthan","Sikar","-1.0","-1.0","-1.0","-1.0","-1.0","-1.0","-1.0","-1.0"
"161","2000","10","Rajasthan","Sikar","3625.0","4330.0","1603.0","1878.0","66.0","6.0","5294.0","6214.0"
"161","2001","10","Rajasthan","Sikar","4479.0","3880.0","2252.0","1196.0","84.0","24.0","6815.0","5100.0"
"161","2002","10","Rajasthan","Sikar","2551.0","5565.0","1389.0","1753.0","83.0","45.0","4023.0","7363.0"
"161","2003","10","Rajasthan","Sikar","5711.0","6356.0","2577.0","1639.0","76.0","110.0","8364.0","8105.0"
"161","2004","10","Rajasthan","Sikar","4526.0","6010.0","1874.0","1892.0","117.0","189.0","6517.0","8091.0"
"161","2005","10","Rajasthan","Sikar","5224.0","7697.0","2283.0","3873.0","156.0","257.0","7663.0","11827.0"
"161","2006","10","Rajasthan","Sikar","4890.0","8370.0","2124.0","2687.0","173.0","161.0","7187.0","11218.0"
"161","2007","10","Rajasthan","Sikar","4967.0","6922.0","2142.0","2689.0","168.0","78.0","7277.0","9689.0"
"161","2008","10","Rajasthan","Sikar","5946.0","8143.0","3418.0","3547.0","196.0","116.0","9560.0","11806.0"
"161","2009","10","Rajasthan","Sikar","4602.0","8542.0","2530.0","4217.0","118.0","373.0","7250.0","13132.0"
"161","2010","10","Rajasthan","Sikar","7963.0","11107.0","4924.0","3724.0","414.0","312.0","13301.0","15143.0"
"161","2011","10","Rajasthan","Sikar","9529.0","9201.0","4722.0","3300.0","250.0","238.0","14501.0","12739.0"
"161","2012","10","Rajasthan","Sikar","5926.0","10851.0","1681.0","3561.0","165.0","179.0","7772.0","14591.0"
"161","2013","10","Rajasthan","Sikar","8151.0","8824.0","2651.0","1715.0","20.0","33.0","10822.0","10572.0"
"161","2014","10","Rajasthan","Sikar","6657.0","11000.0","2403.0","2471.0","141.0","108.0","9201.0","13579.0"
"161","2015","10","Rajasthan","Sikar","9254.0","10241.0","3577.0","2546.0","172.0","144.0","13004.0","12931.0"
"161","2016","10","Rajasthan","Sikar","8174.0","8346.0","2155.0","2801.0","143.0","38.0","10473.0","11185.0"
"161","2017","10","Rajasthan","Sikar","8072.0","7522.0","2561.0","2682.0","148.0","138.0","10781.0","10342.0"
"162","1990","10","Rajasthan","Sirohi","1027.0","1797.0","474.0","786.0","40.0","7.0","1541.0","2590.0"
"162","1991","10","Rajasthan","Sirohi","1183.0","1992.0","595.0","602.0","23.0","24.0","1801.0","2618.0"
"162","1993","10","Rajasthan","Sirohi","1949.0","4540.0","765.0","670.0","14.0","3.0","2728.0","5213.0"
"162","1994","10","Rajasthan","Sirohi","2112.0","5846.0","830.0","587.0","46.0","12.0","2988.0","6445.0"
"162","1995","10","Rajasthan","Sirohi","3010.0","4900.0","1142.0","508.0","27.0","22.0","4179.0","5430.0"
"162","1996","10","Rajasthan","Sirohi","2584.0","3482.0","631.0","459.0","14.0","158.0","3229.0","4099.0"
"162","1997","10","Rajasthan","Sirohi","3145.0","5526.0","785.0","639.0","13.0","10.0","3943.0","6175.0"
"162","1998","10","Rajasthan","Sirohi","-1.0","-1.0","-1.0","-1.0","-1.0","-1.0","-1.0","-1.0"
"162","1999","10","Rajasthan","Sirohi","-1.0","-1.0","-1.0","-1.0","-1.0","-1.0","-1.0","-1.0"
"162","2000","10","Rajasthan","Sirohi","2491.0","2709.0","507.0","354.0","1.0","2.0","2999.0","3065.0"
"162","2001","10","Rajasthan","Sirohi","2175.0","3755.0","646.0","694.0","0.0","4.0","2821.0","4453.0"
"162","2002","10","Rajasthan","Sirohi","1926.0","2312.0","437.0","411.0","6.0","1.0","2369.0","2724.0"
"162","2003","10","Rajasthan","Sirohi","3758.0","4386.0","743.0","831.0","25.0","29.0","4526.0","5246.0"
"162","2004","10","Rajasthan","Sirohi","2460.0","3221.0","394.0","598.0","7.0","41.0","2861.0","3860.0"
"162","2005","10","Rajasthan","Sirohi","2684.0","5550.0","443.0","786.0","39.0","94.0","3166.0","6430.0"
"162","2006","10","Rajasthan","Sirohi","3344.0","8322.0","1527.0","1186.0","44.0","75.0","4915.0","9583.0"
"162","2007","10","Rajasthan","Sirohi","4023.0","7394.0","1358.0","2104.0","98.0","23.0","5479.0","9521.0"
"162","2008","10","Rajasthan","Sirohi","4096.0","5613.0","1745.0","1535.0","122.0","99.0","5963.0","7247.0"
"162","2009","10","Rajasthan","Sirohi","3347.0","4184.0","1540.0","460.0","61.0","46.0","4948.0","4690.0"
"162","2010","10","Rajasthan","Sirohi","5333.0","8507.0","1976.0","2106.0","51.0","25.0","7360.0","10638.0"
"162","2011","10","Rajasthan","Sirohi","6873.0","8135.0","1918.0","1728.0","5.0","82.0","8796.0","9945.0"
"162","2012","10","Rajasthan","Sirohi","4861.0","8596.0","2036.0","2240.0","132.0","341.0","7029.0","11177.0"
"162","2013","10","Rajasthan","Sirohi","4561.0","9598.0","695.0","1444.0","94.0","174.0","5350.0","11216.0"
"162","2014","10","Rajasthan","Sirohi","4930.0","8001.0","2015.0","1022.0","192.0","278.0","7137.0","9301.0"
"162","2015","10","Rajasthan","Sirohi","4757.0","9733.0","2503.0","1638.0","161.0","223.0","7422.0","11594.0"
"162","2016","10","Rajasthan","Sirohi","5247.0","10699.0","1658.0","2209.0","184.0","428.0","7089.0","13336.0"
"162","2017","10","Rajasthan","Sirohi","4241.0","10290.0","2541.0","1762.0","227.0","179.0","7009.0","12231.0"
"163","1990","10","Rajasthan","Tonk","861.0","1777.0","912.0","1246.0","53.0","23.0","1826.0","3046.0"
"163","1991","10","Rajasthan","Tonk","1030.0","2795.0","1274.0","1940.0","88.0","61.0","2392.0","4796.0"
"163","1993","10","Rajasthan","Tonk","1924.0","3828.0","1383.0","1622.0","64.0","53.0","3371.0","5503.0"
"163","1994","10","Rajasthan","Tonk","2224.0","4888.0","1430.0","1836.0","90.0","168.0","3744.0","6892.0"
"163","1995","10","Rajasthan","Tonk","3905.0","6163.0","3309.0","1145.0","95.0","51.0","7309.0","7359.0"
"163","1996","10","Rajasthan","Tonk","3331.0","7707.0","1989.0","1936.0","106.0","21.0","5426.0","9664.0"
"163","1997","10","Rajasthan","Tonk","5360.0","7535.0","3787.0","2053.0","53.0","22.0","9200.0","9610.0"
"163","1998","10","Rajasthan","Tonk","-1.0","-1.0","-1.0","-1.0","-1.0","-1.0","-1.0","-1.0"
"163","1999","10","Rajasthan","Tonk","-1.0","-1.0","-1.0","-1.0","-1.0","-1.0","-1.0","-1.0"
"163","2000","10","Rajasthan","Tonk","6373.0","5429.0","4260.0","1041.0","114.0","10.0","10747.0","6480.0"
"163","2001","10","Rajasthan","Tonk","5198.0","9033.0","3830.0","2488.0","64.0","16.0","9092.0","11537.0"
"163","2002","10","Rajasthan","Tonk","2405.0","4754.0","1607.0","977.0","37.0","23.0","4049.0","5754.0"
"163","2003","10","Rajasthan","Tonk","4704.0","8555.0","3981.0","1973.0","136.0","67.0","8821.0","10595.0"
"163","2004","10","Rajasthan","Tonk","4145.0","14199.0","3163.0","3437.0","161.0","341.0","7469.0","17977.0"
"163","2005","10","Rajasthan","Tonk","6123.0","13756.0","4531.0","4508.0","330.0","208.0","10984.0","18472.0"
"163","2006","10","Rajasthan","Tonk","7280.0","13096.0","8031.0","1709.0","267.0","79.0","15578.0","14884.0"
"163","2007","10","Rajasthan","Tonk","8547.0","12709.0","6510.0","2713.0","416.0","53.0","15473.0","15475.0"
"163","2008","10","Rajasthan","Tonk","8016.0","11964.0","5891.0","4804.0","134.0","79.0","14041.0","16847.0"
"163","2009","10","Rajasthan","Tonk","5972.0","9920.0","5581.0","4164.0","29.0","244.0","11582.0","14328.0"
"163","2010","10","Rajasthan","Tonk","9302.0","19688.0","9600.0","5035.0","866.0","158.0","19768.0","24881.0"
"163","2011","10","Rajasthan","Tonk","11705.0","19490.0","10431.0","5375.0","236.0","129.0","22372.0","24994.0"
"163","2012","10","Rajasthan","Tonk","10875.0","22703.0","8092.0","4531.0","353.0","139.0","19320.0","27373.0"
"163","2013","10","Rajasthan","Tonk","13875.0","21806.0","9535.0","3321.0","34.0","43.0","23444.0","25170.0"
"163","2014","10","Rajasthan","Tonk","10657.0","18142.0","11293.0","2201.0","294.0","108.0","22244.0","20451.0"
"163","2015","10","Rajasthan","Tonk","12329.0","15140.0","9764.0","4048.0","267.0","108.0","22359.0","19296.0"
"163","2016","10","Rajasthan","Tonk","10936.0","20188.0","7735.0","5377.0","118.0","64.0","18790.0","25629.0"
"163","2017","10","Rajasthan","Tonk","8442.0","14111.0","5864.0","4081.0","73.0","136.0","14379.0","18328.0"
"164","1990","10","Rajasthan","Udaipur","1942.0","1881.0","602.0","657.0","2.0","5.0","2546.0","2543.0"
"164","1991","10","Rajasthan","Udaipur","4197.0","3900.0","2399.0","1614.0","53.0","26.0","6649.0","5540.0"
"164","1993","10","Rajasthan","Udaipur","8213.0","4231.0","2594.0","1392.0","30.0","79.0","10837.0","5702.0"
"164","1994","10","Rajasthan","Udaipur","9025.0","5444.0","1873.0","1692.0","29.0","192.0","10927.0","7328.0"
"164","1995","10","Rajasthan","Udaipur","9054.0","6988.0","3964.0","1513.0","32.0","69.0","13050.0","8570.0"
"164","1996","10","Rajasthan","Udaipur","7791.0","8648.0","1442.0","1687.0","82.0","39.0","9315.0","10374.0"
"164","1997","10","Rajasthan","Udaipur","8674.0","8826.0","4615.0","1828.0","25.0","9.0","13314.0","10663.0"
"164","1998","10","Rajasthan","Udaipur","-1.0","-1.0","-1.0","-1.0","-1.0","-1.0","-1.0","-1.0"
"164","1999","10","Rajasthan","Udaipur","-1.0","-1.0","-1.0","-1.0","-1.0","-1.0","-1.0","-1.0"
"164","2000","10","Rajasthan","Udaipur","7059.0","2184.0","1358.0","577.0","15.0","7.0","8432.0","2768.0"
"164","2001","10","Rajasthan","Udaipur","9210.0","6753.0","3363.0","1418.0","42.0","7.0","12615.0","8178.0"
"164","2002","10","Rajasthan","Udaipur","6973.0","1748.0","1725.0","518.0","17.0","20.0","8715.0","2286.0"
"164","2003","10","Rajasthan","Udaipur","8506.0","5076.0","1920.0","1440.0","24.0","57.0","10450.0","6573.0"
"164","2004","10","Rajasthan","Udaipur","7498.0","6326.0","1445.0","1676.0","59.0","76.0","9002.0","8078.0"
"164","2005","10","Rajasthan","Udaipur","8686.0","9163.0","1640.0","3424.0","122.0","246.0","10448.0","12833.0"
"164","2006","10","Rajasthan","Udaipur","9378.0","15131.0","2184.0","3765.0","145.0","178.0","11707.0","19074.0"
"164","2007","10","Rajasthan","Udaipur","11483.0","14715.0","3408.0","2921.0","212.0","173.0","15103.0","17809.0"
"164","2008","10","Rajasthan","Udaipur","12831.0","9026.0","5553.0","2487.0","582.0","319.0","18966.0","11832.0"
"164","2009","10","Rajasthan","Udaipur","14282.0","10118.0","6021.0","2767.0","916.0","356.0","21217.0","13241.0"
"164","2010","10","Rajasthan","Udaipur","18706.0","17793.0","8728.0","6030.0","437.0","415.0","27871.0","24238.0"
"164","2011","10","Rajasthan","Udaipur","16695.0","19991.0","5861.0","7326.0","574.0","714.0","23129.0","28031.0"
"164","2012","10","Rajasthan","Udaipur","14246.0","30454.0","4967.0","8325.0","846.0","973.0","20058.0","39751.0"
"164","2013","10","Rajasthan","Udaipur","13837.0","20030.0","3891.0","6259.0","188.0","289.0","17917.0","26578.0"
"164","2014","10","Rajasthan","Udaipur","17520.0","26055.0","6971.0","6788.0","473.0","1050.0","24965.0","33892.0"
"164","2015","10","Rajasthan","Udaipur","19641.0","23516.0","10190.0","6916.0","2173.0","1606.0","32004.0","32038.0"
"164","2016","10","Rajasthan","Udaipur","14308.0","28758.0","5551.0","8393.0","714.0","1262.0","20573.0","38413.0"
"164","2017","10","Rajasthan","Udaipur","14047.0","21252.0","5698.0","5906.0","1083.0","1512.0","20827.0","28669.0"
"165","1990","9","Punjab","Gurdaspur","29550.0","36946.0","4300.0","15848.0","413.0","477.0","34263.0","53271.0"
"165","1991","9","Punjab","Gurdaspur","26270.0","39191.0","4857.0","17539.0","105.0","146.0","31232.0","56876.0"
"165","1993","9","Punjab","Gurdaspur","27911.0","31950.0","4623.0","12490.0","13.0","109.0","32547.0","44549.0"
"165","1994","9","Punjab","Gurdaspur","34959.0","27776.0","5560.0","12823.0","28.0","225.0","40547.0","40824.0"
"165","1995","9","Punjab","Gurdaspur","32230.0","37385.0","5837.0","8509.0","17.0","135.0","38084.0","46029.0"
"165","1996","9","Punjab","Gurdaspur","31919.0","32960.0","5749.0","9537.0","286.0","232.0","37954.0","42729.0"
"165","1997","9","Punjab","Gurdaspur","33557.0","32871.0","8502.0","8693.0","540.0","462.0","42599.0","42026.0"
"165","1998","9","Punjab","Gurdaspur","-1.0","-1.0","-1.0","-1.0","-1.0","-1.0","-1.0","-1.0"
"165","1999","9","Punjab","Gurdaspur","-1.0","-1.0","-1.0","-1.0","-1.0","-1.0","-1.0","-1.0"
"165","2000","9","Punjab","Gurdaspur","38109.0","33080.0","1901.0","5906.0","1371.0","207.0","41381.0","39193.0"
"165","2001","9","Punjab","Gurdaspur","30536.0","33080.0","5787.0","5906.0","1020.0","207.0","37343.0","39193.0"
"165","2002","9","Punjab","Gurdaspur","39820.0","38417.0","3314.0","5396.0","677.0","668.0","43811.0","44481.0"
"165","2003","9","Punjab","Gurdaspur","36473.0","31035.0","6829.0","9383.0","964.0","629.0","44266.0","41047.0"
"165","2004","9","Punjab","Gurdaspur","23757.0","36575.0","3708.0","10969.0","1418.0","481.0","28883.0","48025.0"
"165","2005","9","Punjab","Gurdaspur","25283.0","43514.0","8057.0","11373.0","1197.0","1232.0","34537.0","56119.0"
"165","2006","9","Punjab","Gurdaspur","38543.0","45867.0","6560.0","14521.0","1087.0","775.0","46190.0","61163.0"
"165","2007","9","Punjab","Gurdaspur","42008.0","43607.0","6905.0","13322.0","1325.0","501.0","50238.0","57430.0"
"165","2008","9","Punjab","Gurdaspur","44966.0","38550.0","7366.0","10964.0","1653.0","1618.0","53985.0","51132.0"
"165","2009","9","Punjab","Gurdaspur","41226.0","39904.0","13826.0","11134.0","1306.0","2993.0","56358.0","54031.0"
"165","2010","9","Punjab","Gurdaspur","45224.0","40145.0","11533.0","11664.0","2434.0","1926.0","59191.0","53735.0"
"165","2011","9","Punjab","Gurdaspur","49099.0","37587.0","11352.0","12986.0","1390.0","1231.0","61841.0","51804.0"
"165","2012","9","Punjab","Gurdaspur","48162.0","42070.0","12721.0","12744.0","489.0","455.0","61372.0","55269.0"
"165","2013","9","Punjab","Gurdaspur","41614.0","40612.0","5695.0","15277.0","239.0","834.0","47548.0","56723.0"
"165","2014","9","Punjab","Gurdaspur","41183.0","45449.0","6293.0","9875.0","1060.0","669.0","48536.0","55993.0"
"165","2015","9","Punjab","Gurdaspur","45754.0","48060.0","10106.0","12638.0","1695.0","0.0","57554.0","60698.0"
"165","2016","9","Punjab","Gurdaspur","45754.0","45722.0","10106.0","10283.0","1695.0","0.0","57554.0","56005.0"
"165","2017","9","Punjab","Gurdaspur","45478.0","42147.0","9358.0","7488.0","1612.0","681.0","56449.0","50316.0"
"166","1990","9","Punjab","Amritsar","38675.0","56949.0","8125.0","24559.0","910.0","683.0","47710.0","82191.0"
"166","1991","9","Punjab","Amritsar","41637.0","63514.0","5561.0","21919.0","829.0","441.0","48027.0","85874.0"
"166","1993","9","Punjab","Amritsar","46631.0","56469.0","4858.0","15252.0","297.0","202.0","51786.0","71923.0"
"166","1994","9","Punjab","Amritsar","47291.0","52049.0","6151.0","13802.0","625.0","743.0","54067.0","66594.0"
"166","1995","9","Punjab","Amritsar","47511.0","53650.0","8471.0","11201.0","680.0","262.0","56662.0","65113.0"
"166","1996","9","Punjab","Amritsar","44840.0","48967.0","9395.0","11339.0","1261.0","333.0","55496.0","60639.0"
"166","1997","9","Punjab","Amritsar","47124.0","52839.0","9686.0","12776.0","1386.0","457.0","58196.0","66072.0"
"166","1998","9","Punjab","Amritsar","-1.0","-1.0","-1.0","-1.0","-1.0","-1.0","-1.0","-1.0"
"166","1999","9","Punjab","Amritsar","-1.0","-1.0","-1.0","-1.0","-1.0","-1.0","-1.0","-1.0"
"166","2000","9","Punjab","Amritsar","56089.0","54028.0","32312.0","12533.0","1402.0","477.0","89803.0","67038.0"
"166","2001","9","Punjab","Amritsar","58128.0","54028.0","15057.0","12533.0","2082.0","477.0","75267.0","67038.0"
"166","2002","9","Punjab","Amritsar","64544.0","56051.0","11852.0","14910.0","1203.0","1208.0","77599.0","72169.0"
"166","2003","9","Punjab","Amritsar","44462.0","56865.0","17191.0","15162.0","2002.0","733.0","63655.0","72760.0"
"166","2004","9","Punjab","Amritsar","59644.0","57818.0","6031.0","17768.0","2609.0","1006.0","68284.0","76592.0"
"166","2005","9","Punjab","Amritsar","67394.0","55171.0","10269.0","21936.0","4950.0","2528.0","82613.0","79635.0"
"166","2006","9","Punjab","Amritsar","76271.0","69078.0","13034.0","22442.0","2869.0","1469.0","92174.0","92989.0"
"166","2007","9","Punjab","Amritsar","83109.0","65682.0","14037.0","20732.0","3489.0","1010.0","100635.0","87424.0"
"166","2008","9","Punjab","Amritsar","62846.0","64694.0","12599.0","20954.0","3055.0","776.0","78500.0","86424.0"
"166","2009","9","Punjab","Amritsar","60687.0","67618.0","19034.0","18137.0","2629.0","3136.0","82350.0","88891.0"
"166","2010","9","Punjab","Amritsar","67750.0","66763.0","23180.0","18802.0","5100.0","1946.0","96030.0","87511.0"
"166","2011","9","Punjab","Amritsar","73301.0","69425.0","20443.0","23794.0","2364.0","2851.0","96108.0","96070.0"
"166","2012","9","Punjab","Amritsar","70346.0","78111.0","21053.0","24670.0","1926.0","537.0","93325.0","103318.0"
"166","2013","9","Punjab","Amritsar","65972.0","70302.0","9707.0","22408.0","674.0","592.0","76353.0","93302.0"
"166","2014","9","Punjab","Amritsar","65959.0","74366.0","15573.0","24078.0","3294.0","1615.0","84826.0","100059.0"
"166","2015","9","Punjab","Amritsar","72058.0","79232.0","19356.0","29559.0","4410.0","0.0","95822.0","108791.0"
"166","2016","9","Punjab","Amritsar","72058.0","73190.0","19356.0","24883.0","4410.0","0.0","95822.0","98073.0"
"166","2017","9","Punjab","Amritsar","71506.0","66039.0","17860.0","19291.0","4244.0","1379.0","93612.0","86709.0"
"167","1990","9","Punjab","Kapurthala","14062.0","18614.0","3384.0","9945.0","257.0","400.0","17703.0","28959.0"
"167","1991","9","Punjab","Kapurthala","13513.0","20484.0","3256.0","9333.0","825.0","363.0","17594.0","30180.0"
"167","1993","9","Punjab","Kapurthala","11849.0","20717.0","3069.0","5636.0","288.0","126.0","15206.0","26479.0"
"167","1994","9","Punjab","Kapurthala","19219.0","17280.0","2313.0","5424.0","949.0","730.0","22481.0","23434.0"
"167","1995","9","Punjab","Kapurthala","14784.0","16930.0","2376.0","4381.0","695.0","482.0","17855.0","21793.0"
"167","1996","9","Punjab","Kapurthala","15108.0","19318.0","2577.0","4868.0","771.0","544.0","18456.0","24730.0"
"167","1997","9","Punjab","Kapurthala","14292.0","11830.0","4036.0","3520.0","1132.0","803.0","19460.0","16153.0"
"167","1998","9","Punjab","Kapurthala","-1.0","-1.0","-1.0","-1.0","-1.0","-1.0","-1.0","-1.0"
"167","1999","9","Punjab","Kapurthala","-1.0","-1.0","-1.0","-1.0","-1.0","-1.0","-1.0","-1.0"
"167","2000","9","Punjab","Kapurthala","15259.0","17566.0","3278.0","5945.0","1900.0","613.0","20437.0","24124.0"
"167","2001","9","Punjab","Kapurthala","18351.0","17566.0","3275.0","5945.0","1378.0","613.0","23004.0","24124.0"
"167","2002","9","Punjab","Kapurthala","18809.0","17265.0","19016.0","6784.0","898.0","732.0","38723.0","24781.0"
"167","2003","9","Punjab","Kapurthala","20614.0","24134.0","4554.0","8426.0","1379.0","1327.0","26547.0","33887.0"
"167","2004","9","Punjab","Kapurthala","11950.0","16588.0","2258.0","9282.0","719.0","653.0","14927.0","26523.0"
"167","2005","9","Punjab","Kapurthala","18777.0","18886.0","4924.0","8726.0","1829.0","1584.0","25530.0","29196.0"
"167","2006","9","Punjab","Kapurthala","18765.0","21909.0","5568.0","6894.0","1431.0","838.0","25764.0","29641.0"
"167","2007","9","Punjab","Kapurthala","20365.0","20774.0","5672.0","6271.0","1617.0","734.0","27654.0","27779.0"
"167","2008","9","Punjab","Kapurthala","19988.0","21182.0","5908.0","7229.0","2679.0","488.0","28575.0","28899.0"
"167","2009","9","Punjab","Kapurthala","22687.0","23942.0","9377.0","7293.0","2493.0","1522.0","34557.0","32757.0"
"167","2010","9","Punjab","Kapurthala","21169.0","23699.0","8950.0","7742.0","3077.0","1025.0","33196.0","32466.0"
"167","2011","9","Punjab","Kapurthala","23164.0","22722.0","7518.0","8706.0","1378.0","1625.0","32060.0","33053.0"
"167","2012","9","Punjab","Kapurthala","26105.0","24755.0","8941.0","8676.0","1138.0","241.0","36184.0","33672.0"
"167","2013","9","Punjab","Kapurthala","21179.0","23582.0","4007.0","7425.0","1929.0","247.0","27115.0","31254.0"
"167","2014","9","Punjab","Kapurthala","22142.0","25296.0","3938.0","6192.0","900.0","669.0","26980.0","32157.0"
"167","2015","9","Punjab","Kapurthala","22254.0","27491.0","4126.0","8880.0","1695.0","0.0","28074.0","36371.0"
"167","2016","9","Punjab","Kapurthala","22254.0","24965.0","4126.0","6042.0","1695.0","0.0","28074.0","31007.0"
"167","2017","9","Punjab","Kapurthala","21978.0","21390.0","3378.0","3247.0","1612.0","669.0","26969.0","25306.0"
"168","1990","9","Punjab","Jalandhar","25445.0","37409.0","6853.0","14719.0","1879.0","1493.0","34177.0","53621.0"
"168","1991","9","Punjab","Jalandhar","24272.0","38968.0","7395.0","17634.0","1789.0","1372.0","33456.0","57974.0"
"168","1993","9","Punjab","Jalandhar","30585.0","40683.0","5932.0","11837.0","1192.0","616.0","37709.0","53136.0"
"168","1994","9","Punjab","Jalandhar","35961.0","37977.0","6676.0","12919.0","1999.0","2391.0","44636.0","53287.0"
"168","1995","9","Punjab","Jalandhar","37964.0","34145.0","8591.0","8136.0","3108.0","2094.0","49663.0","44375.0"
"168","1996","9","Punjab","Jalandhar","33774.0","31684.0","8202.0","7777.0","3320.0","1464.0","45295.0","40925.0"
"168","1997","9","Punjab","Jalandhar","37495.0","36462.0","12239.0","13467.0","2902.0","1489.0","52636.0","51418.0"
"168","1998","9","Punjab","Jalandhar","-1.0","-1.0","-1.0","-1.0","-1.0","-1.0","-1.0","-1.0"
"168","1999","9","Punjab","Jalandhar","-1.0","-1.0","-1.0","-1.0","-1.0","-1.0","-1.0","-1.0"
"168","2000","9","Punjab","Jalandhar","52286.0","61720.0","7739.0","20343.0","3035.0","1460.0","63060.0","83523.0"
"168","2001","9","Punjab","Jalandhar","34044.0","61720.0","8066.0","20343.0","3895.0","1460.0","46005.0","83523.0"
"168","2002","9","Punjab","Jalandhar","43790.0","38966.0","9804.0","16152.0","2107.0","1714.0","55701.0","56831.0"
"168","2003","9","Punjab","Jalandhar","43703.0","46200.0","9771.0","15506.0","3945.0","2909.0","57419.0","64615.0"
"168","2004","9","Punjab","Jalandhar","33442.0","50840.0","7640.0","13551.0","3204.0","5558.0","44287.0","69949.0"
"168","2005","9","Punjab","Jalandhar","40447.0","47415.0","10320.0","17533.0","7109.0","3516.0","57875.0","68464.0"
"168","2006","9","Punjab","Jalandhar","39438.0","50524.0","11319.0","16959.0","2115.0","1972.0","52872.0","69456.0"
"168","2007","9","Punjab","Jalandhar","43259.0","47874.0","11842.0","15234.0","2344.0","1422.0","57445.0","64529.0"
"168","2008","9","Punjab","Jalandhar","41862.0","46504.0","15652.0","16642.0","7804.0","2111.0","65318.0","65257.0"
"168","2009","9","Punjab","Jalandhar","44506.0","49034.0","22411.0","17669.0","7838.0","3136.0","74754.0","69839.0"
"168","2010","9","Punjab","Jalandhar","45772.0","50162.0","19956.0","18759.0","7135.0","4286.0","72863.0","73207.0"
"168","2011","9","Punjab","Jalandhar","51024.0","46591.0","20712.0","18667.0","3487.0","2959.0","75223.0","68217.0"
"168","2012","9","Punjab","Jalandhar","57394.0","52249.0","16685.0","19874.0","2484.0","578.0","76563.0","72701.0"
"168","2013","9","Punjab","Jalandhar","42383.0","47470.0","9061.0","14599.0","2782.0","421.0","54227.0","62491.0"
"168","2014","9","Punjab","Jalandhar","41581.0","48363.0","13682.0","21285.0","2039.0","1087.0","57302.0","70735.0"
"168","2015","9","Punjab","Jalandhar","43022.0","52201.0","13581.0","26101.0","3425.0","0.0","60027.0","78302.0"
"168","2016","9","Punjab","Jalandhar","43022.0","47994.0","13581.0","21188.0","3425.0","0.0","60027.0","69182.0"
"168","2017","9","Punjab","Jalandhar","42577.0","42238.0","12378.0","16688.0","3292.0","1226.0","58248.0","60152.0"
"169","1990","9","Punjab","Hoshiarpur","13234.0","17732.0","3188.0","6516.0","766.0","444.0","17188.0","24692.0"
"169","1991","9","Punjab","Hoshiarpur","12888.0","19542.0","3789.0","5924.0","811.0","662.0","17488.0","26128.0"
"169","1993","9","Punjab","Hoshiarpur","15805.0","16757.0","3061.0","4053.0","655.0","262.0","19521.0","21072.0"
"169","1994","9","Punjab","Hoshiarpur","17538.0","17148.0","3479.0","4495.0","1032.0","453.0","22049.0","22096.0"
"169","1995","9","Punjab","Hoshiarpur","15764.0","16936.0","3679.0","2796.0","1467.0","347.0","20910.0","20079.0"
"169","1996","9","Punjab","Hoshiarpur","18481.0","16566.0","5172.0","3765.0","2159.0","272.0","25813.0","20603.0"
"169","1997","9","Punjab","Hoshiarpur","23342.0","19059.0","8397.0","5062.0","2346.0","730.0","34085.0","24851.0"
"169","1998","9","Punjab","Hoshiarpur","-1.0","-1.0","-1.0","-1.0","-1.0","-1.0","-1.0","-1.0"
"169","1999","9","Punjab","Hoshiarpur","-1.0","-1.0","-1.0","-1.0","-1.0","-1.0","-1.0","-1.0"
"169","2000","9","Punjab","Hoshiarpur","23282.0","38535.0","3607.0","10717.0","1752.0","501.0","28641.0","49753.0"
"169","2001","9","Punjab","Hoshiarpur","16911.0","38535.0","5767.0","10717.0","1541.0","501.0","24220.0","49753.0"
"169","2002","9","Punjab","Hoshiarpur","25775.0","21412.0","3783.0","6378.0","1446.0","802.0","31005.0","28593.0"
"169","2003","9","Punjab","Hoshiarpur","39994.0","25778.0","7323.0","11449.0","1820.0","1362.0","49137.0","38589.0"
"169","2004","9","Punjab","Hoshiarpur","21633.0","25814.0","4899.0","8383.0","2382.0","743.0","28913.0","34940.0"
"169","2005","9","Punjab","Hoshiarpur","22442.0","37904.0","8271.0","10847.0","2300.0","2504.0","33014.0","51255.0"
"169","2006","9","Punjab","Hoshiarpur","25863.0","31606.0","6981.0","10443.0","1485.0","1448.0","34329.0","43496.0"
"169","2007","9","Punjab","Hoshiarpur","28173.0","29855.0","7788.0","9033.0","1629.0","1071.0","37590.0","39960.0"
"169","2008","9","Punjab","Hoshiarpur","27541.0","27115.0","7993.0","9800.0","3186.0","823.0","38720.0","37738.0"
"169","2009","9","Punjab","Hoshiarpur","26352.0","29825.0","12018.0","11063.0","2542.0","1836.0","40913.0","42724.0"
"169","2010","9","Punjab","Hoshiarpur","26657.0","28806.0","12960.0","10674.0","3705.0","2184.0","43322.0","41664.0"
"169","2011","9","Punjab","Hoshiarpur","30033.0","27040.0","12856.0","10281.0","1642.0","2497.0","44531.0","39818.0"
"169","2012","9","Punjab","Hoshiarpur","27142.0","30609.0","8855.0","13588.0","1593.0","556.0","37590.0","44753.0"
"169","2013","9","Punjab","Hoshiarpur","27672.0","39220.0","8128.0","11636.0","2606.0","388.0","38405.0","51243.0"
"169","2014","9","Punjab","Hoshiarpur","28244.0","33451.0","10265.0","16190.0","2012.0","1041.0","40521.0","50682.0"
"169","2015","9","Punjab","Hoshiarpur","27819.0","36488.0","9283.0","20035.0","2478.0","0.0","39580.0","56523.0"
"169","2016","9","Punjab","Hoshiarpur","27819.0","33305.0","9283.0","16937.0","2478.0","0.0","39580.0","50242.0"
"169","2017","9","Punjab","Hoshiarpur","27436.0","28336.0","8244.0","13052.0","2363.0","1034.0","38043.0","42422.0"
"170","1990","9","Punjab","Roopnagar / Ropar","9189.0","14710.0","2328.0","7555.0","441.0","231.0","11958.0","22496.0"
"170","1991","9","Punjab","Roopnagar / Ropar","9533.0","15828.0","1900.0","6842.0","326.0","187.0","11759.0","22857.0"
"170","1993","9","Punjab","Roopnagar / Ropar","9733.0","13676.0","1557.0","5502.0","5.0","22.0","11295.0","19200.0"
"170","1994","9","Punjab","Roopnagar / Ropar","12214.0","17317.0","1934.0","5645.0","32.0","27.0","14180.0","22989.0"
"170","1995","9","Punjab","Roopnagar / Ropar","10824.0","17825.0","2176.0","4737.0","16.0","80.0","13016.0","22642.0"
"170","1996","9","Punjab","Roopnagar / Ropar","10682.0","15292.0","2647.0","3601.0","106.0","129.0","13435.0","19022.0"
"170","1997","9","Punjab","Roopnagar / Ropar","13456.0","18011.0","4260.0","4584.0","392.0","219.0","18108.0","22814.0"
"170","1998","9","Punjab","Roopnagar / Ropar","-1.0","-1.0","-1.0","-1.0","-1.0","-1.0","-1.0","-1.0"
"170","1999","9","Punjab","Roopnagar / Ropar","-1.0","-1.0","-1.0","-1.0","-1.0","-1.0","-1.0","-1.0"
"170","2000","9","Punjab","Roopnagar / Ropar","50102.0","52966.0","5897.0","24317.0","1089.0","626.0","57088.0","77909.0"
"170","2001","9","Punjab","Roopnagar / Ropar","12135.0","52966.0","2033.0","24317.0","490.0","626.0","14658.0","77909.0"
"170","2002","9","Punjab","Roopnagar / Ropar","14879.0","12813.0","1380.0","5912.0","212.0","492.0","16471.0","19217.0"
"170","2003","9","Punjab","Roopnagar / Ropar","28298.0","12370.0","3707.0","5500.0","756.0","575.0","32761.0","18445.0"
"170","2004","9","Punjab","Roopnagar / Ropar","13164.0","20105.0","1086.0","9509.0","437.0","366.0","14687.0","29980.0"
"170","2005","9","Punjab","Roopnagar / Ropar","14902.0","24024.0","2581.0","8506.0","285.0","1185.0","17768.0","33715.0"
"170","2006","9","Punjab","Roopnagar / Ropar","15092.0","22142.0","2960.0","7672.0","355.0","633.0","18406.0","30447.0"
"170","2007","9","Punjab","Roopnagar / Ropar","16422.0","20980.0","3046.0","6937.0","387.0","380.0","19855.0","28297.0"
"170","2008","9","Punjab","Roopnagar / Ropar","11427.0","13682.0","2540.0","4852.0","322.0","328.0","14289.0","18862.0"
"170","2009","9","Punjab","Roopnagar / Ropar","11189.0","13823.0","4048.0","6478.0","215.0","542.0","15451.0","20843.0"
"170","2010","9","Punjab","Roopnagar / Ropar","11607.0","18563.0","4078.0","5693.0","886.0","1050.0","16570.0","25306.0"
"170","2011","9","Punjab","Roopnagar / Ropar","15343.0","14193.0","3828.0","6722.0","198.0","1179.0","19368.0","22094.0"
"170","2012","9","Punjab","Roopnagar / Ropar","20387.0","17284.0","4557.0","7073.0","237.0","47.0","25180.0","24404.0"
"170","2013","9","Punjab","Roopnagar / Ropar","13821.0","20085.0","2306.0","6201.0","273.0","316.0","16399.0","26602.0"
"170","2014","9","Punjab","Roopnagar / Ropar","15904.0","20055.0","5724.0","8723.0","543.0","1032.0","22171.0","29809.0"
"170","2015","9","Punjab","Roopnagar / Ropar","13592.0","23530.0","3595.0","14135.0","2021.0","0.0","19206.0","37665.0"
"170","2016","9","Punjab","Roopnagar / Ropar","13594.0","20032.0","3599.0","10624.0","2021.0","0.0","19213.0","30656.0"
"170","2017","9","Punjab","Roopnagar / Ropar","13180.0","14670.0","2478.0","6430.0","1896.0","1033.0","17555.0","22132.0"
"171","1990","9","Punjab","Ludhiana","46098.0","55071.0","8242.0","31344.0","1946.0","941.0","56286.0","87356.0"
"171","1991","9","Punjab","Ludhiana","43256.0","62320.0","9241.0","26718.0","2936.0","963.0","55433.0","90001.0"
"171","1993","9","Punjab","Ludhiana","49792.0","52897.0","6783.0","18108.0","882.0","720.0","57457.0","71725.0"
"171","1994","9","Punjab","Ludhiana","52536.0","54495.0","8481.0","18529.0","1035.0","1120.0","62051.0","74144.0"
"171","1995","9","Punjab","Ludhiana","56093.0","55972.0","8198.0","14812.0","1611.0","872.0","65902.0","71656.0"
"171","1996","9","Punjab","Ludhiana","38194.0","52800.0","7828.0","15035.0","1617.0","845.0","47640.0","68680.0"
"171","1997","9","Punjab","Ludhiana","50903.0","54744.0","12193.0","20930.0","1533.0","843.0","64629.0","76518.0"
"171","1998","9","Punjab","Ludhiana","-1.0","-1.0","-1.0","-1.0","-1.0","-1.0","-1.0","-1.0"
"171","1999","9","Punjab","Ludhiana","-1.0","-1.0","-1.0","-1.0","-1.0","-1.0","-1.0","-1.0"
"171","2000","9","Punjab","Ludhiana","50885.0","66229.0","9960.0","24923.0","1400.0","930.0","62245.0","92081.0"
"171","2001","9","Punjab","Ludhiana","52974.0","66229.0","12377.0","24923.0","2173.0","930.0","67524.0","92081.0"
"171","2002","9","Punjab","Ludhiana","62375.0","67970.0","10350.0","22566.0","1449.0","1027.0","74174.0","91562.0"
"171","2003","9","Punjab","Ludhiana","53077.0","54126.0","11895.0","23425.0","2058.0","1806.0","67030.0","79356.0"
"171","2004","9","Punjab","Ludhiana","55771.0","59553.0","8137.0","28933.0","2712.0","4039.0","66620.0","92525.0"
"171","2005","9","Punjab","Ludhiana","49814.0","55268.0","7995.0","28432.0","2403.0","1713.0","60213.0","85413.0"
"171","2006","9","Punjab","Ludhiana","50500.0","66530.0","8470.0","22241.0","2083.0","991.0","61053.0","89762.0"
"171","2007","9","Punjab","Ludhiana","55048.0","63433.0","8916.0","20932.0","2482.0","733.0","66445.0","85098.0"
"171","2008","9","Punjab","Ludhiana","53126.0","59587.0","15497.0","23873.0","4372.0","2724.0","72995.0","86184.0"
"171","2009","9","Punjab","Ludhiana","54782.0","58782.0","19733.0","21358.0","4229.0","4050.0","78744.0","84190.0"
"171","2010","9","Punjab","Ludhiana","60190.0","64099.0","20277.0","21679.0","4378.0","3549.0","84845.0","89327.0"
"171","2011","9","Punjab","Ludhiana","58440.0","60545.0","14881.0","23689.0","1111.0","3178.0","74433.0","87412.0"
"171","2012","9","Punjab","Ludhiana","51023.0","68854.0","15559.0","27134.0","1945.0","583.0","68526.0","96570.0"
"171","2013","9","Punjab","Ludhiana","53585.0","76563.0","10657.0","20796.0","2190.0","800.0","66433.0","98159.0"
"171","2014","9","Punjab","Ludhiana","76336.0","82917.0","10281.0","16481.0","828.0","785.0","87445.0","100183.0"
"171","2015","9","Punjab","Ludhiana","83266.0","86522.0","13535.0","19735.0","1694.0","0.0","98493.0","106256.0"
"171","2016","9","Punjab","Ludhiana","83266.0","83645.0","13535.0","16544.0","1694.0","0.0","98493.0","100189.0"
"171","2017","9","Punjab","Ludhiana","87549.0","79534.0","12675.0","13328.0","1598.0","772.0","101822.0","93634.0"
"172","1990","9","Punjab","Ferozpur","75688.0","97285.0","19911.0","50646.0","870.0","375.0","96469.0","148306.0"
"172","1991","9","Punjab","Ferozpur","72095.0","112179.0","20094.0","50315.0","1760.0","909.0","93948.0","163403.0"
"172","1993","9","Punjab","Ferozpur","84743.0","120721.0","15945.0","44124.0","462.0","537.0","101150.0","165382.0"
"172","1994","9","Punjab","Ferozpur","94067.0","125986.0","18096.0","43391.0","872.0","847.0","113034.0","170224.0"
"172","1995","9","Punjab","Ferozpur","103382.0","127952.0","23785.0","36543.0","853.0","1303.0","128021.0","165798.0"
"172","1996","9","Punjab","Ferozpur","100389.0","122382.0","21173.0","36223.0","1187.0","896.0","122749.0","159501.0"
"172","1997","9","Punjab","Ferozpur","102578.0","108847.0","26058.0","39006.0","2114.0","806.0","130750.0","148660.0"
"172","1998","9","Punjab","Ferozpur","-1.0","-1.0","-1.0","-1.0","-1.0","-1.0","-1.0","-1.0"
"172","1999","9","Punjab","Ferozpur","-1.0","-1.0","-1.0","-1.0","-1.0","-1.0","-1.0","-1.0"
"172","2000","9","Punjab","Ferozpur","56949.0","67040.0","9746.0","23221.0","810.0","831.0","67505.0","91091.0"
"172","2001","9","Punjab","Ferozpur","53160.0","67040.0","13830.0","23221.0","2695.0","831.0","69685.0","91091.0"
"172","2002","9","Punjab","Ferozpur","66437.0","76250.0","8704.0","24934.0","2333.0","1691.0","77474.0","102875.0"
"172","2003","9","Punjab","Ferozpur","101458.0","145749.0","33050.0","40966.0","3099.0","2169.0","137607.0","188885.0"
"172","2004","9","Punjab","Ferozpur","118549.0","144424.0","21495.0","48513.0","5205.0","1749.0","145249.0","194686.0"
"172","2005","9","Punjab","Ferozpur","138768.0","145110.0","16945.0","66350.0","3154.0","5663.0","158867.0","217123.0"
"172","2006","9","Punjab","Ferozpur","119437.0","147795.0","24192.0","50551.0","3039.0","3168.0","146668.0","201514.0"
"172","2007","9","Punjab","Ferozpur","130213.0","140599.0","26252.0","47041.0","3637.0","2338.0","160102.0","189978.0"
"172","2008","9","Punjab","Ferozpur","126849.0","158187.0","33569.0","49323.0","4810.0","4506.0","165228.0","212017.0"
"172","2009","9","Punjab","Ferozpur","133242.0","159780.0","44650.0","48552.0","4682.0","7973.0","182574.0","216305.0"
"172","2010","9","Punjab","Ferozpur","125723.0","166951.0","40425.0","56277.0","7028.0","5476.0","173176.0","228704.0"
"172","2011","9","Punjab","Ferozpur","142438.0","162594.0","39388.0","64063.0","3980.0","6425.0","185806.0","233082.0"
"172","2012","9","Punjab","Ferozpur","128852.0","181065.0","37039.0","60608.0","4244.0","1383.0","170135.0","243055.0"
"172","2013","9","Punjab","Ferozpur","124326.0","156860.0","19631.0","47369.0","2133.0","1333.0","146091.0","205562.0"
"172","2014","9","Punjab","Ferozpur","110170.0","124390.0","23262.0","37916.0","4131.0","2279.0","137563.0","164586.0"
"172","2015","9","Punjab","Ferozpur","122269.0","132237.0","33972.0","46693.0","6131.0","0.0","162370.0","178930.0"
"172","2016","9","Punjab","Ferozpur","122269.0","124413.0","33972.0","39077.0","6131.0","0.0","162370.0","163490.0"
"172","2017","9","Punjab","Ferozpur","121380.0","112902.0","31401.0","30074.0","5864.0","2177.0","158648.0","145152.0"
"174","1990","9","Punjab","Bhatinda","40174.0","65694.0","6806.0","30804.0","390.0","260.0","47370.0","96757.0"
"174","1991","9","Punjab","Bhatinda","39533.0","73000.0","8639.0","31202.0","523.0","271.0","48696.0","104473.0"
"174","1993","9","Punjab","Bhatinda","52779.0","69726.0","8467.0","23558.0","128.0","214.0","61373.0","93498.0"
"174","1994","9","Punjab","Bhatinda","56534.0","71910.0","8236.0","24448.0","322.0","422.0","65093.0","96780.0"
"174","1995","9","Punjab","Bhatinda","55594.0","65690.0","9078.0","19160.0","335.0","455.0","65006.0","85305.0"
"174","1996","9","Punjab","Bhatinda","50188.0","64236.0","9259.0","18981.0","476.0","456.0","59923.0","83673.0"
"174","1997","9","Punjab","Bhatinda","55667.0","72305.0","14672.0","25382.0","1009.0","633.0","71348.0","98319.0"
"174","1998","9","Punjab","Bhatinda","-1.0","-1.0","-1.0","-1.0","-1.0","-1.0","-1.0","-1.0"
"174","1999","9","Punjab","Bhatinda","-1.0","-1.0","-1.0","-1.0","-1.0","-1.0","-1.0","-1.0"
"174","2000","9","Punjab","Bhatinda","47538.0","58940.0","9770.0","20546.0","905.0","1202.0","58213.0","80689.0"
"174","2001","9","Punjab","Bhatinda","52405.0","58940.0","14425.0","20546.0","2271.0","1202.0","69101.0","80689.0"
"174","2002","9","Punjab","Bhatinda","70314.0","78394.0","10943.0","27654.0","6802.0","1548.0","88059.0","107595.0"
"174","2003","9","Punjab","Bhatinda","72026.0","80031.0","19098.0","30581.0","2612.0","1983.0","93736.0","112594.0"
"174","2004","9","Punjab","Bhatinda","88708.0","104006.0","17270.0","34759.0","3574.0","1433.0","109552.0","140198.0"
"174","2005","9","Punjab","Bhatinda","91989.0","95776.0","18670.0","40568.0","5461.0","4764.0","116120.0","141108.0"
"174","2006","9","Punjab","Bhatinda","72797.0","113197.0","18170.0","38456.0","3351.0","2707.0","94318.0","154360.0"
"174","2007","9","Punjab","Bhatinda","79278.0","107539.0","19880.0","35356.0","4126.0","1863.0","103284.0","144758.0"
"174","2008","9","Punjab","Bhatinda","91509.0","109279.0","23147.0","34206.0","3609.0","1843.0","118265.0","145327.0"
"174","2009","9","Punjab","Bhatinda","92546.0","112248.0","30349.0","34040.0","4823.0","5113.0","127718.0","151401.0"
"174","2010","9","Punjab","Bhatinda","91388.0","120475.0","26626.0","37090.0","4804.0","3733.0","122818.0","161298.0"
"174","2011","9","Punjab","Bhatinda","97735.0","112362.0","29417.0","42980.0","2712.0","5484.0","129864.0","160826.0"
"174","2012","9","Punjab","Bhatinda","104911.0","123338.0","30252.0","39156.0","2221.0","1230.0","137384.0","163725.0"
"174","2013","9","Punjab","Bhatinda","86481.0","103598.0","12361.0","33585.0","1679.0","1392.0","100520.0","138575.0"
"174","2014","9","Punjab","Bhatinda","90138.0","100748.0","14648.0","23357.0","5543.0","2008.0","110329.0","126112.0"
"174","2015","9","Punjab","Bhatinda","97953.0","107360.0","19625.0","30657.0","7651.0","0.0","125226.0","138017.0"
"174","2016","9","Punjab","Bhatinda","97953.0","100749.0","19625.0","24076.0","7651.0","0.0","125226.0","124825.0"
"174","2017","9","Punjab","Bhatinda","97186.0","90809.0","17489.0","16305.0","7420.0","1876.0","122097.0","108991.0"
"175","1990","9","Punjab","Sangrur","40568.0","48731.0","7613.0","30139.0","462.0","100.0","48643.0","78970.0"
"175","1991","9","Punjab","Sangrur","42755.0","56906.0","6327.0","25739.0","794.0","365.0","49876.0","83010.0"
"175","1993","9","Punjab","Sangrur","39630.0","49244.0","4844.0","19587.0","72.0","245.0","44546.0","69076.0"
"175","1994","9","Punjab","Sangrur","54623.0","52225.0","5744.0","23651.0","22.0","557.0","60389.0","76433.0"
"175","1995","9","Punjab","Sangrur","54573.0","57368.0","7009.0","19784.0","134.0","396.0","61717.0","77547.0"
"175","1996","9","Punjab","Sangrur","56577.0","54175.0","7552.0","18276.0","113.0","275.0","64243.0","72726.0"
"175","1997","9","Punjab","Sangrur","50421.0","57320.0","7081.0","20376.0","616.0","474.0","58119.0","78170.0"
"175","1998","9","Punjab","Sangrur","-1.0","-1.0","-1.0","-1.0","-1.0","-1.0","-1.0","-1.0"
"175","1999","9","Punjab","Sangrur","-1.0","-1.0","-1.0","-1.0","-1.0","-1.0","-1.0","-1.0"
"175","2000","9","Punjab","Sangrur","27155.0","36233.0","2039.0","11383.0","878.0","181.0","30073.0","47797.0"
"175","2001","9","Punjab","Sangrur","59270.0","36233.0","8906.0","11383.0","1654.0","181.0","69830.0","47797.0"
"175","2002","9","Punjab","Sangrur","20114.0","66184.0","9990.0","26726.0","1201.0","896.0","31305.0","93807.0"
"175","2003","9","Punjab","Sangrur","60028.0","72671.0","9452.0","23710.0","1918.0","1251.0","71398.0","97632.0"
"175","2004","9","Punjab","Sangrur","63366.0","70849.0","8460.0","29701.0","1702.0","699.0","73529.0","101249.0"
"175","2005","9","Punjab","Sangrur","55991.0","70256.0","5095.0","31764.0","1114.0","1935.0","62200.0","103955.0"
"175","2006","9","Punjab","Sangrur","61015.0","81039.0","8203.0","23649.0","2738.0","1077.0","71956.0","105765.0"
"175","2007","9","Punjab","Sangrur","66568.0","77284.0","8917.0","22346.0","3420.0","842.0","78905.0","100473.0"
"175","2008","9","Punjab","Sangrur","88112.0","89091.0","14717.0","24883.0","3612.0","1270.0","106441.0","115245.0"
"175","2009","9","Punjab","Sangrur","86547.0","90335.0","18290.0","25469.0","2038.0","3626.0","106875.0","119430.0"
"175","2010","9","Punjab","Sangrur","86929.0","94044.0","15814.0","25258.0","2719.0","2244.0","105461.0","121546.0"
"175","2011","9","Punjab","Sangrur","85431.0","94813.0","15837.0","26686.0","1156.0","3287.0","102424.0","124787.0"
"175","2012","9","Punjab","Sangrur","80836.0","94614.0","23694.0","28522.0","637.0","759.0","105167.0","123896.0"
"175","2013","9","Punjab","Sangrur","93718.0","79374.0","10420.0","22103.0","916.0","548.0","105054.0","102025.0"
"175","2014","9","Punjab","Sangrur","68503.0","77575.0","16474.0","25662.0","1055.0","1392.0","86032.0","104628.0"
"175","2015","9","Punjab","Sangrur","69444.0","82663.0","17221.0","31605.0","2949.0","0.0","89612.0","114268.0"
"175","2016","9","Punjab","Sangrur","69444.0","77634.0","17221.0","26280.0","2949.0","0.0","89612.0","103915.0"
"175","2017","9","Punjab","Sangrur","68870.0","70197.0","15886.0","20466.0","2777.0","1433.0","87533.0","92097.0"
"176","1990","9","Punjab","Patiala","44093.0","51300.0","7246.0","27795.0","614.0","187.0","51953.0","79282.0"
"176","1991","9","Punjab","Patiala","42444.0","60247.0","6125.0","23538.0","856.0","401.0","49425.0","84186.0"
"176","1993","9","Punjab","Patiala","45611.0","58608.0","4547.0","21648.0","150.0","278.0","50307.0","80534.0"
"176","1994","9","Punjab","Patiala","53860.0","60503.0","5075.0","18956.0","118.0","1242.0","59053.0","80701.0"
"176","1995","9","Punjab","Patiala","51820.0","55955.0","3175.0","4736.0","129.0","346.0","55124.0","61037.0"
"176","1996","9","Punjab","Patiala","48311.0","55006.0","4186.0","15296.0","232.0","471.0","52729.0","70772.0"
"176","1997","9","Punjab","Patiala","53266.0","58411.0","7662.0","18803.0","876.0","484.0","61804.0","77699.0"
"176","1998","9","Punjab","Patiala","-1.0","-1.0","-1.0","-1.0","-1.0","-1.0","-1.0","-1.0"
"176","1999","9","Punjab","Patiala","-1.0","-1.0","-1.0","-1.0","-1.0","-1.0","-1.0","-1.0"
"176","2000","9","Punjab","Patiala","51298.0","63165.0","9811.0","26032.0","277.0","449.0","61386.0","89646.0"
"176","2001","9","Punjab","Patiala","92875.0","63165.0","15998.0","26032.0","1401.0","449.0","110274.0","89646.0"
"176","2002","9","Punjab","Patiala","96314.0","114379.0","13928.0","38448.0","1125.0","1513.0","111368.0","154340.0"
"176","2003","9","Punjab","Patiala","57701.0","63279.0","7503.0","20483.0","1403.0","1338.0","66608.0","85100.0"
"176","2004","9","Punjab","Patiala","55985.0","69689.0","6479.0","18365.0","1581.0","950.0","64046.0","89004.0"
"176","2005","9","Punjab","Patiala","69001.0","66457.0","8494.0","21809.0","4715.0","1962.0","82210.0","90228.0"
"176","2006","9","Punjab","Patiala","58337.0","73248.0","6365.0","27962.0","1778.0","1187.0","66480.0","102397.0"
"176","2007","9","Punjab","Patiala","63641.0","69758.0","7021.0","26432.0","2141.0","888.0","72803.0","97077.0"
"176","2008","9","Punjab","Patiala","64459.0","71223.0","13123.0","24458.0","3810.0","1118.0","81392.0","96799.0"
"176","2009","9","Punjab","Patiala","65344.0","73798.0","13570.0","25093.0","2942.0","4159.0","81857.0","103050.0"
"176","2010","9","Punjab","Patiala","68672.0","78127.0","14141.0","23590.0","2699.0","2051.0","85513.0","103769.0"
"176","2011","9","Punjab","Patiala","68229.0","74450.0","9597.0","24246.0","554.0","2163.0","78381.0","100858.0"
"176","2012","9","Punjab","Patiala","76899.0","80695.0","15268.0","25816.0","611.0","168.0","92778.0","106679.0"
"176","2013","9","Punjab","Patiala","66608.0","68990.0","8308.0","23552.0","1191.0","544.0","76107.0","93086.0"
"176","2014","9","Punjab","Patiala","75902.0","83466.0","7080.0","11010.0","2075.0","1521.0","85056.0","95996.0"
"176","2015","9","Punjab","Patiala","85057.0","89005.0","17154.0","17130.0","4789.0","0.0","106997.0","106135.0"
"176","2016","9","Punjab","Patiala","85057.0","82496.0","17154.0","12254.0","4789.0","0.0","106997.0","94750.0"
"176","2017","9","Punjab","Patiala","84431.0","74380.0","15457.0","5907.0","4600.0","1781.0","104489.0","82069.0"
"177","1990","4","Haryana","Hissar","47506.0","82843.0","13450.0","33352.0","167.0","202.0","61123.0","116397.0"
"177","1991","4","Haryana","Hissar","53907.0","79525.0","12242.0","37687.0","183.0","532.0","66332.0","117743.0"
"177","1993","4","Haryana","Hissar","64509.0","91143.0","13726.0","40090.0","16.0","174.0","78253.0","131406.0"
"177","1994","4","Haryana","Hissar","65478.0","98188.0","13570.0","32755.0","10.0","368.0","79058.0","131310.0"
"177","1995","4","Haryana","Hissar","63341.0","104630.0","16401.0","27989.0","62.0","208.0","79804.0","132827.0"
"177","1996","4","Haryana","Hissar","61044.0","101379.0","5231.0","34945.0","213.0","216.0","66489.0","136539.0"
"177","1997","4","Haryana","Hissar","68704.0","102814.0","13616.0","36293.0","302.0","354.0","82622.0","139462.0"
"177","1998","4","Haryana","Hissar","-1.0","-1.0","-1.0","-1.0","-1.0","-1.0","-1.0","-1.0"
"177","1999","4","Haryana","Hissar","-1.0","-1.0","-1.0","-1.0","-1.0","-1.0","-1.0","-1.0"
"177","2000","4","Haryana","Hissar","60022.0","124586.0","18896.0","40917.0","1323.0","686.0","80241.0","166188.0"
"177","2001","4","Haryana","Hissar","55943.0","133225.0","16645.0","45023.0","599.0","1472.0","73186.0","179720.0"
"177","2002","4","Haryana","Hissar","51554.0","133174.0","14990.0","45016.0","783.0","1387.0","67327.0","179576.0"
"177","2003","4","Haryana","Hissar","62587.0","135286.0","13217.0","49680.0","1955.0","1720.0","77758.0","186686.0"
"177","2004","4","Haryana","Hissar","71696.0","135535.0","15538.0","50243.0","2916.0","1481.0","90150.0","187259.0"
"177","2005","4","Haryana","Hissar","84895.0","139434.0","17636.0","50452.0","3300.0","2447.0","105831.0","192332.0"
"177","2006","4","Haryana","Hissar","82005.0","151299.0","22895.0","45969.0","2414.0","2181.0","107314.0","199449.0"
"177","2007","4","Haryana","Hissar","101517.0","158012.0","25984.0","50220.0","3229.0","1819.0","130729.0","210052.0"
"177","2008","4","Haryana","Hissar","102787.0","161613.0","39963.0","54818.0","4497.0","2506.0","147247.0","218937.0"
"177","2009","4","Haryana","Hissar","100754.0","171090.0","37664.0","58050.0","7086.0","9402.0","145504.0","238541.0"
"177","2010","4","Haryana","Hissar","107327.0","181341.0","39215.0","59049.0","7361.0","5775.0","153903.0","246165.0"
"177","2011","4","Haryana","Hissar","137162.0","187560.0","53544.0","63728.0","6171.0","7069.0","196877.0","258357.0"
"177","2012","4","Haryana","Hissar","115460.0","188346.0","46502.0","44665.0","4038.0","530.0","165999.0","233541.0"
"177","2013","4","Haryana","Hissar","113095.0","162472.0","29587.0","42128.0","1425.0","2423.0","144108.0","207022.0"
"177","2014","4","Haryana","Hissar","114667.0","183941.0","32302.0","52142.0","6546.0","3755.0","153514.0","239838.0"
"177","2015","4","Haryana","Hissar","112308.0","143371.0","40385.0","41672.0","2094.0","2117.0","154785.0","187160.0"
"177","2016","4","Haryana","Hissar","109603.0","166358.0","43480.0","47948.0","5369.0","5386.0","158453.0","219692.0"
"177","2017","4","Haryana","Hissar","123956.0","170347.0","49225.0","44350.0","10201.0","4264.0","183381.0","218961.0"
"180","1990","4","Haryana","Gurgaon","5060.0","18964.0","1107.0","7949.0","27.0","56.0","6194.0","26969.0"
"180","1991","4","Haryana","Gurgaon","6532.0","18770.0","2055.0","9091.0","32.0","57.0","8619.0","27918.0"
"180","1993","4","Haryana","Gurgaon","9670.0","22366.0","1758.0","9920.0","0.0","0.0","11428.0","32286.0"
"180","1994","4","Haryana","Gurgaon","4076.0","21489.0","2951.0","7748.0","4.0","9.0","7031.0","29246.0"
"180","1995","4","Haryana","Gurgaon","9416.0","31382.0","3931.0","9130.0","11.0","47.0","13358.0","40559.0"
"180","1996","4","Haryana","Gurgaon","15683.0","33056.0","890.0","11273.0","16.0","10.0","16589.0","44339.0"
"180","1997","4","Haryana","Gurgaon","22970.0","30960.0","4424.0","10747.0","129.0","99.0","27523.0","41806.0"
"180","1998","4","Haryana","Gurgaon","-1.0","-1.0","-1.0","-1.0","-1.0","-1.0","-1.0","-1.0"
"180","1999","4","Haryana","Gurgaon","-1.0","-1.0","-1.0","-1.0","-1.0","-1.0","-1.0","-1.0"
"180","2000","4","Haryana","Gurgaon","12315.0","33329.0","2590.0","11589.0","296.0","230.0","15201.0","45148.0"
"180","2001","4","Haryana","Gurgaon","11637.0","39202.0","2746.0","14140.0","45.0","230.0","14428.0","53572.0"
"180","2002","4","Haryana","Gurgaon","10400.0","38921.0","2334.0","14127.0","248.0","221.0","12982.0","53269.0"
"180","2003","4","Haryana","Gurgaon","12003.0","40802.0","2683.0","16029.0","392.0","464.0","15078.0","57295.0"
"180","2004","4","Haryana","Gurgaon","17496.0","40575.0","3574.0","15668.0","992.0","464.0","22062.0","56707.0"
"180","2005","4","Haryana","Gurgaon","21943.0","40860.0","3672.0","15812.0","1067.0","803.0","26682.0","57475.0"
"180","2006","4","Haryana","Gurgaon","24049.0","44706.0","7546.0","15042.0","1059.0","847.0","32654.0","60595.0"
"180","2007","4","Haryana","Gurgaon","33909.0","55146.0","8868.0","17600.0","1436.0","964.0","44213.0","73710.0"
"180","2008","4","Haryana","Gurgaon","34824.0","52369.0","12763.0","16846.0","394.0","854.0","47981.0","70069.0"
"180","2009","4","Haryana","Gurgaon","32147.0","54251.0","13475.0","19575.0","1254.0","5934.0","46876.0","79760.0"
"180","2010","4","Haryana","Gurgaon","26894.0","52761.0","14836.0","18827.0","3215.0","1546.0","44945.0","73134.0"
"180","2011","4","Haryana","Gurgaon","29172.0","48237.0","15740.0","15521.0","74.0","3613.0","44986.0","67371.0"
"180","2012","4","Haryana","Gurgaon","28397.0","56633.0","16644.0","17045.0","1921.0","104.0","46962.0","73782.0"
"180","2013","4","Haryana","Gurgaon","24442.0","47590.0","4687.0","13595.0","1246.0","1271.0","30375.0","62456.0"
"180","2014","4","Haryana","Gurgaon","30393.0","44791.0","11544.0","12877.0","2391.0","1734.0","44327.0","59402.0"
"180","2015","4","Haryana","Gurgaon","33566.0","66244.0","15083.0","17689.0","790.0","1009.0","49441.0","84942.0"
"180","2016","4","Haryana","Gurgaon","39606.0","56936.0","12946.0","16913.0","2078.0","2563.0","54628.0","76412.0"
"180","2017","4","Haryana","Gurgaon","37191.0","48895.0","11437.0","15014.0","2233.0","2311.0","50862.0","66220.0"
"181","1990","4","Haryana","Jind","15017.0","28994.0","2518.0","8798.0","20.0","124.0","17555.0","37915.0"
"181","1991","4","Haryana","Jind","16869.0","25041.0","2955.0","10207.0","24.0","158.0","19849.0","35405.0"
"181","1993","4","Haryana","Jind","20059.0","29597.0","2183.0","7869.0","1.0","0.0","22243.0","37467.0"
"181","1994","4","Haryana","Jind","20971.0","30058.0","2230.0","7374.0","0.0","6.0","23201.0","37439.0"
"181","1995","4","Haryana","Jind","18705.0","25397.0","1005.0","2205.0","15.0","26.0","19726.0","27628.0"
"181","1996","4","Haryana","Jind","26181.0","31879.0","1274.0","6989.0","118.0","51.0","27574.0","38919.0"
"181","1997","4","Haryana","Jind","22933.0","36278.0","3603.0","10313.0","68.0","48.0","26604.0","46639.0"
"181","1998","4","Haryana","Jind","-1.0","-1.0","-1.0","-1.0","-1.0","-1.0","-1.0","-1.0"
"181","1999","4","Haryana","Jind","-1.0","-1.0","-1.0","-1.0","-1.0","-1.0","-1.0","-1.0"
"181","2000","4","Haryana","Jind","24016.0","35301.0","5720.0","10356.0","250.0","59.0","29986.0","45716.0"
"181","2001","4","Haryana","Jind","23695.0","40967.0","4644.0","11099.0","213.0","161.0","28552.0","52226.0"
"181","2002","4","Haryana","Jind","18042.0","41417.0","3631.0","11796.0","234.0","161.0","21907.0","53373.0"
"181","2003","4","Haryana","Jind","26728.0","40431.0","4133.0","12973.0","388.0","274.0","31250.0","53678.0"
"181","2004","4","Haryana","Jind","27655.0","40536.0","3916.0","13124.0","397.0","382.0","31968.0","54042.0"
"181","2005","4","Haryana","Jind","29478.0","43473.0","4645.0","13400.0","582.0","722.0","34705.0","57594.0"
"181","2006","4","Haryana","Jind","25216.0","48895.0","5257.0","11713.0","544.0","188.0","31017.0","60795.0"
"181","2007","4","Haryana","Jind","35203.0","49011.0","5419.0","12696.0","1224.0","962.0","41846.0","62669.0"
"181","2008","4","Haryana","Jind","35411.0","48487.0","8656.0","14525.0","1314.0","1276.0","45381.0","64287.0"
"181","2009","4","Haryana","Jind","34642.0","52902.0","9388.0","16926.0","1208.0","2032.0","45238.0","71860.0"
"181","2010","4","Haryana","Jind","36238.0","51560.0","10838.0","15358.0","1886.0","1972.0","48962.0","68890.0"
"181","2011","4","Haryana","Jind","40764.0","49891.0","11210.0","17310.0","596.0","1805.0","52570.0","69006.0"
"181","2012","4","Haryana","Jind","39275.0","51943.0","11158.0","15948.0","713.0","36.0","51146.0","67927.0"
"181","2013","4","Haryana","Jind","38033.0","47995.0","7714.0","7677.0","505.0","556.0","46252.0","56228.0"
"181","2014","4","Haryana","Jind","40003.0","56784.0","9492.0","10670.0","2336.0","1511.0","51830.0","68965.0"
"181","2015","4","Haryana","Jind","41346.0","52520.0","12569.0","12580.0","585.0","598.0","54499.0","65698.0"
"181","2016","4","Haryana","Jind","38159.0","48374.0","11070.0","10732.0","2407.0","2843.0","51637.0","61949.0"
"181","2017","4","Haryana","Jind","41303.0","58724.0","10978.0","11164.0","2912.0","2034.0","55193.0","71921.0"
"182","1990","4","Haryana","Mahendragarh / Narnaul","4201.0","14411.0","2479.0","6656.0","30.0","142.0","6711.0","21209.0"
"182","1991","4","Haryana","Mahendragarh / Narnaul","5200.0","21000.0","1533.0","12703.0","26.0","56.0","6758.0","33759.0"
"182","1993","4","Haryana","Mahendragarh / Narnaul","9428.0","20594.0","1678.0","8019.0","0.0","0.0","11106.0","28613.0"
"182","1994","4","Haryana","Mahendragarh / Narnaul","9166.0","26802.0","1645.0","10817.0","5.0","25.0","10815.0","37644.0"
"182","1995","4","Haryana","Mahendragarh / Narnaul","11166.0","23302.0","2161.0","7448.0","0.0","43.0","13327.0","30793.0"
"182","1996","4","Haryana","Mahendragarh / Narnaul","11891.0","25792.0","612.0","10622.0","21.0","15.0","12524.0","36430.0"
"182","1997","4","Haryana","Mahendragarh / Narnaul","14862.0","32321.0","6539.0","9953.0","74.0","20.0","21474.0","42294.0"
"182","1998","4","Haryana","Mahendragarh / Narnaul","-1.0","-1.0","-1.0","-1.0","-1.0","-1.0","-1.0","-1.0"
"182","1999","4","Haryana","Mahendragarh / Narnaul","-1.0","-1.0","-1.0","-1.0","-1.0","-1.0","-1.0","-1.0"
"182","2000","4","Haryana","Mahendragarh / Narnaul","10637.0","28377.0","3416.0","9804.0","67.0","98.0","14120.0","38280.0"
"182","2001","4","Haryana","Mahendragarh / Narnaul","9815.0","27886.0","5214.0","12152.0","11.0","88.0","15039.0","40126.0"
"182","2002","4","Haryana","Mahendragarh / Narnaul","8156.0","27397.0","3347.0","12163.0","131.0","96.0","11633.0","39657.0"
"182","2003","4","Haryana","Mahendragarh / Narnaul","8649.0","29922.0","2100.0","13834.0","210.0","545.0","10959.0","44301.0"
"182","2004","4","Haryana","Mahendragarh / Narnaul","9616.0","29685.0","1844.0","13877.0","211.0","545.0","11671.0","44107.0"
"182","2005","4","Haryana","Mahendragarh / Narnaul","13682.0","30134.0","3525.0","14324.0","251.0","878.0","17459.0","45336.0"
"182","2006","4","Haryana","Mahendragarh / Narnaul","14605.0","30938.0","4885.0","14632.0","339.0","201.0","19830.0","45772.0"
"182","2007","4","Haryana","Mahendragarh / Narnaul","20910.0","29725.0","5593.0","12112.0","976.0","240.0","27480.0","42076.0"
"182","2008","4","Haryana","Mahendragarh / Narnaul","21604.0","38944.0","13674.0","8809.0","293.0","106.0","35571.0","47859.0"
"182","2009","4","Haryana","Mahendragarh / Narnaul","18710.0","38250.0","9128.0","15647.0","171.0","4000.0","28009.0","57897.0"
"182","2010","4","Haryana","Mahendragarh / Narnaul","21115.0","38584.0","13123.0","13303.0","1802.0","1061.0","36041.0","52949.0"
"182","2011","4","Haryana","Mahendragarh / Narnaul","25901.0","38885.0","15348.0","12847.0","762.0","2050.0","42011.0","53782.0"
"182","2012","4","Haryana","Mahendragarh / Narnaul","22590.0","46567.0","15664.0","14954.0","1625.0","0.0","39879.0","61521.0"
"182","2013","4","Haryana","Mahendragarh / Narnaul","20193.0","43069.0","7528.0","8778.0","565.0","563.0","28286.0","52410.0"
"182","2014","4","Haryana","Mahendragarh / Narnaul","26493.0","41143.0","11240.0","8214.0","1581.0","748.0","39313.0","50105.0"
"182","2015","4","Haryana","Mahendragarh / Narnaul","24229.0","44442.0","13514.0","15132.0","176.0","609.0","37919.0","60183.0"
"182","2016","4","Haryana","Mahendragarh / Narnaul","29630.0","42890.0","16749.0","12232.0","968.0","1233.0","47347.0","56355.0"
"182","2017","4","Haryana","Mahendragarh / Narnaul","27569.0","41899.0","15671.0","12834.0","1856.0","1376.0","45097.0","56109.0"
"183","1990","4","Haryana","Ambala","21880.0","20540.0","3484.0","7836.0","390.0","678.0","25754.0","29054.0"
"183","1991","4","Haryana","Ambala","24812.0","22067.0","4059.0","9313.0","602.0","629.0","29473.0","32009.0"
"183","1993","4","Haryana","Ambala","24088.0","25483.0","3545.0","7539.0","14.0","3.0","27647.0","33025.0"
"183","1994","4","Haryana","Ambala","28154.0","21837.0","3976.0","7947.0","33.0","763.0","32163.0","30547.0"
"183","1995","4","Haryana","Ambala","30546.0","23721.0","2904.0","5751.0","254.0","405.0","33704.0","29877.0"
"183","1996","4","Haryana","Ambala","31202.0","26745.0","2202.0","6916.0","489.0","173.0","33893.0","33834.0"
"183","1997","4","Haryana","Ambala","33176.0","31446.0","5472.0","10520.0","572.0","274.0","39220.0","42240.0"
"183","1998","4","Haryana","Ambala","-1.0","-1.0","-1.0","-1.0","-1.0","-1.0","-1.0","-1.0"
"183","1999","4","Haryana","Ambala","-1.0","-1.0","-1.0","-1.0","-1.0","-1.0","-1.0","-1.0"
"183","2000","4","Haryana","Ambala","34852.0","30686.0","5983.0","8620.0","1220.0","1053.0","42055.0","40359.0"
"183","2001","4","Haryana","Ambala","35084.0","33838.0","6621.0","11722.0","680.0","1904.0","42385.0","47464.0"
"183","2002","4","Haryana","Ambala","27938.0","34313.0","5676.0","12521.0","698.0","1371.0","34312.0","48205.0"
"183","2003","4","Haryana","Ambala","39432.0","36677.0","7010.0","15519.0","1994.0","1711.0","48436.0","53907.0"
"183","2004","4","Haryana","Ambala","40095.0","37002.0","6417.0","15992.0","2192.0","2085.0","48704.0","55079.0"
"183","2005","4","Haryana","Ambala","42245.0","39158.0","8971.0","16033.0","2392.0","3909.0","53608.0","59100.0"
"183","2006","4","Haryana","Ambala","35593.0","44081.0","8983.0","13406.0","1478.0","2054.0","46054.0","59541.0"
"183","2007","4","Haryana","Ambala","45073.0","46281.0","7863.0","13476.0","2453.0","1403.0","55389.0","61160.0"
"183","2008","4","Haryana","Ambala","41010.0","49358.0","8817.0","13237.0","3382.0","1501.0","53209.0","64096.0"
"183","2009","4","Haryana","Ambala","42147.0","54246.0","15003.0","17868.0","2985.0","7048.0","60135.0","79162.0"
"183","2010","4","Haryana","Ambala","42111.0","50168.0","13241.0","17700.0","3979.0","4447.0","59331.0","72315.0"
"183","2011","4","Haryana","Ambala","48660.0","43749.0","12754.0","16815.0","1331.0","3820.0","62745.0","64384.0"
"183","2012","4","Haryana","Ambala","44980.0","48409.0","12249.0","12706.0","1645.0","242.0","58874.0","61357.0"
"183","2013","4","Haryana","Ambala","42860.0","46851.0","7748.0","8493.0","622.0","1241.0","51230.0","56585.0"
"183","2014","4","Haryana","Ambala","44018.0","46018.0","10714.0","10388.0","2628.0","2499.0","57360.0","58905.0"
"183","2015","4","Haryana","Ambala","46744.0","75143.0","14428.0","16730.0","1211.0","2414.0","62382.0","94287.0"
"183","2016","4","Haryana","Ambala","49788.0","60113.0","14041.0","15307.0","3828.0","5143.0","67658.0","80563.0"
"183","2017","4","Haryana","Ambala","58060.0","52876.0","10771.0","13905.0","3447.0","2388.0","72279.0","69169.0"
"184","1990","4","Haryana","Karnal","63252.0","85076.0","12865.0","24517.0","1027.0","1917.0","77144.0","111509.0"
"184","1991","4","Haryana","Karnal","70748.0","86261.0","15130.0","27818.0","1473.0","935.0","87350.0","115014.0"
"184","1993","4","Haryana","Karnal","69800.0","85361.0","11019.0","23536.0","13.0","143.0","80832.0","109039.0"
"184","1994","4","Haryana","Karnal","76014.0","94795.0","10493.0","26457.0","157.0","915.0","86664.0","122166.0"
"184","1995","4","Haryana","Karnal","77193.0","90125.0","8355.0","19192.0","709.0","1202.0","86256.0","110519.0"
"184","1996","4","Haryana","Karnal","86619.0","99078.0","8158.0","29514.0","1302.0","268.0","96078.0","128860.0"
"184","1997","4","Haryana","Karnal","87756.0","93341.0","18430.0","26470.0","1051.0","218.0","107237.0","120029.0"
"184","1998","4","Haryana","Karnal","-1.0","-1.0","-1.0","-1.0","-1.0","-1.0","-1.0","-1.0"
"184","1999","4","Haryana","Karnal","-1.0","-1.0","-1.0","-1.0","-1.0","-1.0","-1.0","-1.0"
"184","2000","4","Haryana","Karnal","101183.0","128987.0","24112.0","34454.0","2415.0","1360.0","127710.0","164801.0"
"184","2001","4","Haryana","Karnal","104905.0","130184.0","23829.0","41313.0","1254.0","2525.0","129988.0","174023.0"
"184","2002","4","Haryana","Karnal","78239.0","135863.0","17971.0","44773.0","1375.0","1802.0","97585.0","182439.0"
"184","2003","4","Haryana","Karnal","111182.0","131729.0","20620.0","43989.0","2638.0","2289.0","134439.0","178007.0"
"184","2004","4","Haryana","Karnal","111785.0","132887.0","20936.0","43987.0","4203.0","2218.0","136924.0","179092.0"
"184","2005","4","Haryana","Karnal","116238.0","141631.0","21647.0","46152.0","4430.0","5479.0","142315.0","193263.0"
"184","2006","4","Haryana","Karnal","115391.0","134816.0","19980.0","38179.0","3946.0","1813.0","139317.0","174809.0"
"184","2007","4","Haryana","Karnal","118670.0","135569.0","24221.0","38182.0","4398.0","2983.0","147289.0","176734.0"
"184","2008","4","Haryana","Karnal","115680.0","130865.0","37158.0","40137.0","6042.0","5406.0","158880.0","176409.0"
"184","2009","4","Haryana","Karnal","110312.0","134455.0","26412.0","48796.0","5144.0","9902.0","141868.0","193154.0"
"184","2010","4","Haryana","Karnal","105660.0","139390.0","29542.0","45379.0","7669.0","3790.0","142871.0","188559.0"
"184","2011","4","Haryana","Karnal","122206.0","128514.0","37065.0","46054.0","3012.0","5273.0","162282.0","179841.0"
"184","2012","4","Haryana","Karnal","125319.0","133336.0","31012.0","35824.0","3092.0","2027.0","159423.0","171187.0"
"184","2013","4","Haryana","Karnal","119935.0","135938.0","14434.0","20902.0","2733.0","1237.0","137102.0","158077.0"
"184","2014","4","Haryana","Karnal","119319.0","147474.0","22426.0","31755.0","4474.0","3205.0","146220.0","182434.0"
"184","2015","4","Haryana","Karnal","120502.0","157171.0","26895.0","30155.0","1659.0","3310.0","149055.0","190636.0"
"184","2016","4","Haryana","Karnal","120983.0","127721.0","28683.0","26554.0","4466.0","2968.0","154132.0","157243.0"
"184","2017","4","Haryana","Karnal","134993.0","134233.0","24919.0","28834.0","6964.0","2694.0","166876.0","165762.0"
"186","1990","4","Haryana","Rohtak","11448.0","24054.0","2274.0","10720.0","104.0","158.0","13826.0","34932.0"
"186","1991","4","Haryana","Rohtak","14916.0","24800.0","3547.0","13247.0","154.0","262.0","18617.0","38308.0"
"186","1993","4","Haryana","Rohtak","19113.0","31662.0","3094.0","14470.0","0.0","0.0","22206.0","46132.0"
"186","1994","4","Haryana","Rohtak","20442.0","41649.0","4164.0","18382.0","31.0","300.0","24638.0","60331.0"
"186","1995","4","Haryana","Rohtak","25352.0","42768.0","6647.0","20462.0","72.0","106.0","32072.0","63336.0"
"186","1996","4","Haryana","Rohtak","26208.0","42426.0","2293.0","18260.0","145.0","58.0","28647.0","60744.0"
"186","1997","4","Haryana","Rohtak","28581.0","46781.0","8852.0","16535.0","436.0","154.0","37869.0","63469.0"
"186","1998","4","Haryana","Rohtak","-1.0","-1.0","-1.0","-1.0","-1.0","-1.0","-1.0","-1.0"
"186","1999","4","Haryana","Rohtak","-1.0","-1.0","-1.0","-1.0","-1.0","-1.0","-1.0","-1.0"
"186","2000","4","Haryana","Rohtak","31506.0","58510.0","10860.0","19003.0","380.0","230.0","42747.0","77743.0"
"186","2001","4","Haryana","Rohtak","35439.0","60230.0","11768.0","25246.0","194.0","374.0","47401.0","85849.0"
"186","2002","4","Haryana","Rohtak","27675.0","60172.0","8135.0","25212.0","356.0","369.0","36166.0","85753.0"
"186","2003","4","Haryana","Rohtak","32569.0","60272.0","8678.0","27211.0","569.0","792.0","41816.0","88275.0"
"186","2004","4","Haryana","Rohtak","34979.0","59865.0","9006.0","26911.0","714.0","789.0","44699.0","87565.0"
"186","2005","4","Haryana","Rohtak","41643.0","62612.0","8900.0","27401.0","662.0","1750.0","51204.0","91763.0"
"186","2006","4","Haryana","Rohtak","44054.0","66996.0","13887.0","21741.0","655.0","499.0","58596.0","89236.0"
"186","2007","4","Haryana","Rohtak","44005.0","66472.0","10584.0","24452.0","829.0","677.0","55418.0","91602.0"
"186","2008","4","Haryana","Rohtak","45909.0","67404.0","18386.0","25723.0","1063.0","728.0","65357.0","93856.0"
"186","2009","4","Haryana","Rohtak","43887.0","74082.0","17000.0","28232.0","1384.0","3100.0","62270.0","105414.0"
"186","2010","4","Haryana","Rohtak","44463.0","76430.0","18470.0","27068.0","1505.0","1619.0","64438.0","105116.0"
"186","2011","4","Haryana","Rohtak","50608.0","69583.0","23525.0","28166.0","588.0","1367.0","74721.0","99116.0"
"186","2012","4","Haryana","Rohtak","46124.0","75606.0","17749.0","18446.0","681.0","0.0","64554.0","94052.0"
"186","2013","4","Haryana","Rohtak","43922.0","64166.0","9615.0","15572.0","433.0","832.0","53970.0","80571.0"
"186","2014","4","Haryana","Rohtak","45965.0","72276.0","13034.0","16867.0","1844.0","948.0","60845.0","90091.0"
"186","2015","4","Haryana","Rohtak","46348.0","73166.0","15823.0","17937.0","786.0","2343.0","62958.0","93446.0"
"186","2016","4","Haryana","Rohtak","53387.0","64650.0","18552.0","16625.0","2291.0","1272.0","74230.0","82547.0"
"186","2017","4","Haryana","Rohtak","50950.0","68274.0","15531.0","15636.0","2383.0","1150.0","68865.0","85060.0"
"189","1990","12","Uttar Pradesh","Saharanpur","32021.0","30123.0","2734.0","10247.0","418.0","1657.0","35173.0","42027.0"
"189","1991","12","Uttar Pradesh","Saharanpur","39599.0","28854.0","3993.0","7410.0","922.0","1270.0","44514.0","37534.0"
"189","1993","12","Uttar Pradesh","Saharanpur","36805.0","36623.0","3036.0","6232.0","546.0","659.0","40387.0","43514.0"
"189","1994","12","Uttar Pradesh","Saharanpur","43124.0","38015.0","5111.0","6267.0","817.0","1623.0","49052.0","45905.0"
"189","1995","12","Uttar Pradesh","Saharanpur","46089.0","33786.0","5632.0","5600.0","810.0","1078.0","52531.0","40464.0"
"189","1996","12","Uttar Pradesh","Saharanpur","46595.0","33605.0","5794.0","6898.0","1486.0","888.0","53875.0","41391.0"
"189","1997","12","Uttar Pradesh","Saharanpur","46531.0","39636.0","7539.0","9058.0","1326.0","1689.0","55396.0","50383.0"
"189","1998","12","Uttar Pradesh","Saharanpur","-1.0","-1.0","-1.0","-1.0","-1.0","-1.0","-1.0","-1.0"
"189","1999","12","Uttar Pradesh","Saharanpur","-1.0","-1.0","-1.0","-1.0","-1.0","-1.0","-1.0","-1.0"
"189","2000","12","Uttar Pradesh","Saharanpur","48462.0","27622.0","6207.0","11775.0","970.0","3098.0","55639.0","42495.0"
"189","2001","12","Uttar Pradesh","Saharanpur","48816.0","30539.0","7027.0","11812.0","1458.0","2702.0","57497.0","45053.0"
"189","2002","12","Uttar Pradesh","Saharanpur","71498.0","29567.0","7642.0","12078.0","1194.0","5032.0","80334.0","46677.0"
"189","2003","12","Uttar Pradesh","Saharanpur","43853.0","28760.0","7665.0","12236.0","1312.0","5681.0","52830.0","46677.0"
"189","2004","12","Uttar Pradesh","Saharanpur","43872.0","28131.0","5791.0","12074.0","2138.0","5647.0","51801.0","45852.0"
"189","2005","12","Uttar Pradesh","Saharanpur","47122.0","31811.0","7176.0","14546.0","2055.0","7163.0","56353.0","53520.0"
"189","2006","12","Uttar Pradesh","Saharanpur","51599.0","36319.0","9356.0","13679.0","2297.0","5279.0","63252.0","55277.0"
"189","2007","12","Uttar Pradesh","Saharanpur","35981.0","37606.0","6334.0","10796.0","1303.0","2252.0","43618.0","50654.0"
"189","2008","12","Uttar Pradesh","Saharanpur","36240.0","37641.0","8331.0","10297.0","2200.0","2560.0","46771.0","50498.0"
"189","2009","12","Uttar Pradesh","Saharanpur","35333.0","39890.0","10491.0","13380.0","1016.0","6031.0","46840.0","59301.0"
"189","2010","12","Uttar Pradesh","Saharanpur","30896.0","30230.0","10112.0","11349.0","2934.0","2581.0","43942.0","44160.0"
"189","2011","12","Uttar Pradesh","Saharanpur","42116.0","37812.0","8097.0","9730.0","2257.0","1440.0","52470.0","48982.0"
"189","2012","12","Uttar Pradesh","Saharanpur","45432.0","49701.0","9406.0","17149.0","2561.0","1474.0","57399.0","68324.0"
"189","2013","12","Uttar Pradesh","Saharanpur","38490.0","43791.0","5601.0","13424.0","847.0","1723.0","44938.0","58938.0"
"189","2014","12","Uttar Pradesh","Saharanpur","37351.0","50733.0","8578.0","17054.0","1275.0","3424.0","47204.0","71211.0"
"189","2015","12","Uttar Pradesh","Saharanpur","39805.0","41141.0","12127.0","14797.0","2826.0","2611.0","54759.0","58549.0"
"189","2016","12","Uttar Pradesh","Saharanpur","36238.0","44311.0","12198.0","18470.0","4272.0","2595.0","52709.0","65376.0"
"189","2017","12","Uttar Pradesh","Saharanpur","41235.0","33470.0","8847.0","13944.0","2223.0","1706.0","52306.0","49120.0"
"190","1990","12","Uttar Pradesh","Muzaffarnagar","29094.0","28979.0","3060.0","7723.0","462.0","1126.0","32616.0","37828.0"
"190","1991","12","Uttar Pradesh","Muzaffarnagar","29229.0","27536.0","3464.0","6809.0","648.0","996.0","33341.0","35341.0"
"190","1993","12","Uttar Pradesh","Muzaffarnagar","36866.0","33880.0","3512.0","5621.0","500.0","436.0","40878.0","39937.0"
"190","1994","12","Uttar Pradesh","Muzaffarnagar","41464.0","29286.0","5409.0","5708.0","582.0","754.0","47455.0","35748.0"
"190","1995","12","Uttar Pradesh","Muzaffarnagar","42993.0","28692.0","3916.0","4605.0","444.0","507.0","47353.0","33804.0"
"190","1996","12","Uttar Pradesh","Muzaffarnagar","45116.0","30716.0","3065.0","5840.0","467.0","461.0","48648.0","37017.0"
"190","1997","12","Uttar Pradesh","Muzaffarnagar","44747.0","40257.0","4567.0","6052.0","380.0","831.0","49694.0","47140.0"
"190","1998","12","Uttar Pradesh","Muzaffarnagar","-1.0","-1.0","-1.0","-1.0","-1.0","-1.0","-1.0","-1.0"
"190","1999","12","Uttar Pradesh","Muzaffarnagar","-1.0","-1.0","-1.0","-1.0","-1.0","-1.0","-1.0","-1.0"
"190","2000","12","Uttar Pradesh","Muzaffarnagar","45480.0","43114.0","4060.0","12863.0","329.0","1050.0","49869.0","57027.0"
"190","2001","12","Uttar Pradesh","Muzaffarnagar","49967.0","39437.0","7227.0","11839.0","920.0","1066.0","58311.0","52342.0"
"190","2002","12","Uttar Pradesh","Muzaffarnagar","36261.0","39384.0","8966.0","11648.0","531.0","2001.0","45758.0","53033.0"
"190","2003","12","Uttar Pradesh","Muzaffarnagar","44211.0","38891.0","7116.0","11726.0","739.0","2117.0","52066.0","52734.0"
"190","2004","12","Uttar Pradesh","Muzaffarnagar","44725.0","38981.0","5228.0","12507.0","1258.0","2159.0","51211.0","53647.0"
"190","2005","12","Uttar Pradesh","Muzaffarnagar","45335.0","39881.0","5751.0","13941.0","1039.0","2726.0","52125.0","56548.0"
"190","2006","12","Uttar Pradesh","Muzaffarnagar","49466.0","45627.0","9069.0","12548.0","1305.0","1914.0","59840.0","60089.0"
"190","2007","12","Uttar Pradesh","Muzaffarnagar","35600.0","35858.0","7010.0","11172.0","771.0","1537.0","43381.0","48567.0"
"190","2008","12","Uttar Pradesh","Muzaffarnagar","38319.0","35815.0","9452.0","10811.0","1161.0","1947.0","48932.0","48573.0"
"190","2009","12","Uttar Pradesh","Muzaffarnagar","38088.0","36328.0","10459.0","12823.0","714.0","3773.0","49261.0","52924.0"
"190","2010","12","Uttar Pradesh","Muzaffarnagar","19388.0","29394.0","5536.0","8043.0","882.0","1538.0","25806.0","38975.0"
"190","2011","12","Uttar Pradesh","Muzaffarnagar","38418.0","25538.0","6445.0","8313.0","1273.0","1490.0","46136.0","35341.0"
"190","2012","12","Uttar Pradesh","Muzaffarnagar","41915.0","51477.0","9085.0","18345.0","838.0","1326.0","51838.0","71148.0"
"190","2013","12","Uttar Pradesh","Muzaffarnagar","30419.0","43941.0","5557.0","13996.0","860.0","1800.0","36836.0","59737.0"
"190","2014","12","Uttar Pradesh","Muzaffarnagar","30571.0","49049.0","8082.0","15056.0","1454.0","3319.0","40108.0","67424.0"
"190","2015","12","Uttar Pradesh","Muzaffarnagar","34387.0","38083.0","12732.0","14456.0","1908.0","3174.0","49027.0","55713.0"
"190","2016","12","Uttar Pradesh","Muzaffarnagar","27787.0","44846.0","9422.0","19341.0","2584.0","3327.0","39794.0","67514.0"
"190","2017","12","Uttar Pradesh","Muzaffarnagar","39354.0","22275.0","8747.0","13614.0","1645.0","2389.0","49746.0","38278.0"
"191","1990","12","Uttar Pradesh","Meerut","30816.0","38930.0","3198.0","12606.0","286.0","1337.0","34301.0","52873.0"
"191","1991","12","Uttar Pradesh","Meerut","36329.0","36847.0","3725.0","11940.0","844.0","1488.0","40898.0","50276.0"
"191","1993","12","Uttar Pradesh","Meerut","37676.0","49842.0","3384.0","11259.0","642.0","650.0","41702.0","61752.0"
"191","1994","12","Uttar Pradesh","Meerut","40582.0","52323.0","6189.0","10850.0","950.0","1850.0","47722.0","65024.0"
"191","1995","12","Uttar Pradesh","Meerut","44411.0","48295.0","6917.0","7407.0","1001.0","1522.0","52329.0","57225.0"
"191","1996","12","Uttar Pradesh","Meerut","46281.0","49581.0","6063.0","11887.0","1239.0","1315.0","53583.0","62783.0"
"191","1997","12","Uttar Pradesh","Meerut","47938.0","51835.0","11261.0","11340.0","1078.0","1356.0","60277.0","64532.0"
"191","1998","12","Uttar Pradesh","Meerut","-1.0","-1.0","-1.0","-1.0","-1.0","-1.0","-1.0","-1.0"
"191","1999","12","Uttar Pradesh","Meerut","-1.0","-1.0","-1.0","-1.0","-1.0","-1.0","-1.0","-1.0"
"191","2000","12","Uttar Pradesh","Meerut","51291.0","54034.0","7065.0","19133.0","629.0","2414.0","58985.0","75580.0"
"191","2001","12","Uttar Pradesh","Meerut","57781.0","58507.0","12763.0","19229.0","1666.0","2402.0","74407.0","80138.0"
"191","2002","12","Uttar Pradesh","Meerut","59649.0","58428.0","9421.0","18917.0","2103.0","4511.0","71173.0","81856.0"
"191","2003","12","Uttar Pradesh","Meerut","51866.0","58564.0","13316.0","18724.0","1624.0","5304.0","66805.0","82591.0"
"191","2004","12","Uttar Pradesh","Meerut","52470.0","58700.0","9784.0","19970.0","2763.0","5407.0","65017.0","84077.0"
"191","2005","12","Uttar Pradesh","Meerut","53083.0","60054.0","10711.0","22260.0","2271.0","6827.0","66065.0","89142.0"
"191","2006","12","Uttar Pradesh","Meerut","57562.0","68709.0","16179.0","20037.0","2337.0","4792.0","76079.0","93538.0"
"191","2007","12","Uttar Pradesh","Meerut","52154.0","62587.0","11452.0","27504.0","1989.0","6354.0","65595.0","96445.0"
"191","2008","12","Uttar Pradesh","Meerut","56138.0","64305.0","15443.0","26616.0","2997.0","8049.0","74577.0","98971.0"
"191","2009","12","Uttar Pradesh","Meerut","55800.0","65224.0","17088.0","31569.0","1843.0","15602.0","74730.0","112394.0"
"191","2010","12","Uttar Pradesh","Meerut","42311.0","70456.0","22886.0","18983.0","6068.0","5762.0","71265.0","95200.0"
"191","2011","12","Uttar Pradesh","Meerut","67917.0","70520.0","22059.0","25269.0","4825.0","3463.0","94802.0","99253.0"
"191","2012","12","Uttar Pradesh","Meerut","66586.0","68516.0","21343.0","24419.0","3876.0","1764.0","91805.0","94699.0"
"191","2013","12","Uttar Pradesh","Meerut","35800.0","58486.0","6540.0","18629.0","1013.0","2396.0","43353.0","79512.0"
"191","2014","12","Uttar Pradesh","Meerut","35979.0","65285.0","9512.0","20040.0","1712.0","4418.0","47202.0","89743.0"
"191","2015","12","Uttar Pradesh","Meerut","40470.0","50689.0","14984.0","19241.0","2246.0","4225.0","57700.0","74155.0"
"191","2016","12","Uttar Pradesh","Meerut","32702.0","59691.0","11089.0","25745.0","3041.0","4430.0","46833.0","89865.0"
"191","2017","12","Uttar Pradesh","Meerut","68984.0","57319.0","15311.0","27113.0","4049.0","3988.0","88344.0","88421.0"
"192","1990","12","Uttar Pradesh","Buland Shahar","15767.0","30419.0","2287.0","11043.0","230.0","1007.0","18283.0","42469.0"
"192","1991","12","Uttar Pradesh","Buland Shahar","17334.0","31574.0","2252.0","11413.0","392.0","849.0","19978.0","43835.0"
"192","1993","12","Uttar Pradesh","Buland Shahar","18797.0","32440.0","2074.0","8980.0","272.0","453.0","21143.0","41872.0"
"192","1994","12","Uttar Pradesh","Buland Shahar","22848.0","31378.0","2581.0","9360.0","458.0","1526.0","25886.0","42263.0"
"192","1995","12","Uttar Pradesh","Buland Shahar","24376.0","34092.0","3397.0","8175.0","796.0","1145.0","28569.0","43412.0"
"192","1996","12","Uttar Pradesh","Buland Shahar","25086.0","36395.0","3155.0","10404.0","604.0","999.0","28845.0","47798.0"
"192","1997","12","Uttar Pradesh","Buland Shahar","28325.0","37123.0","8547.0","8032.0","905.0","1483.0","37777.0","46637.0"
"192","1998","12","Uttar Pradesh","Buland Shahar","-1.0","-1.0","-1.0","-1.0","-1.0","-1.0","-1.0","-1.0"
"192","1999","12","Uttar Pradesh","Buland Shahar","-1.0","-1.0","-1.0","-1.0","-1.0","-1.0","-1.0","-1.0"
"192","2000","12","Uttar Pradesh","Buland Shahar","30655.0","37769.0","2139.0","14580.0","287.0","1560.0","33081.0","53910.0"
"192","2001","12","Uttar Pradesh","Buland Shahar","36700.0","41343.0","4916.0","13796.0","936.0","1151.0","43023.0","56290.0"
"192","2002","12","Uttar Pradesh","Buland Shahar","27650.0","41289.0","3575.0","13573.0","338.0","2161.0","31564.0","57023.0"
"192","2003","12","Uttar Pradesh","Buland Shahar","32443.0","41023.0","5029.0","13666.0","836.0","2692.0","38309.0","57382.0"
"192","2004","12","Uttar Pradesh","Buland Shahar","32821.0","41119.0","3695.0","14576.0","1422.0","2745.0","37938.0","58441.0"
"192","2005","12","Uttar Pradesh","Buland Shahar","33243.0","42068.0","3965.0","16247.0","1163.0","3466.0","38371.0","61780.0"
"192","2006","12","Uttar Pradesh","Buland Shahar","36362.0","48129.0","6557.0","14624.0","1349.0","2434.0","44267.0","65187.0"
"192","2007","12","Uttar Pradesh","Buland Shahar","30961.0","45636.0","7303.0","18422.0","1223.0","2175.0","39487.0","66233.0"
"192","2008","12","Uttar Pradesh","Buland Shahar","33325.0","46888.0","9846.0","17827.0","1843.0","2757.0","45015.0","67471.0"
"192","2009","12","Uttar Pradesh","Buland Shahar","33124.0","47559.0","10896.0","21144.0","1133.0","5342.0","45154.0","74046.0"
"192","2010","12","Uttar Pradesh","Buland Shahar","34589.0","54192.0","13618.0","14804.0","3061.0","3564.0","51268.0","72561.0"
"192","2011","12","Uttar Pradesh","Buland Shahar","35502.0","38024.0","11696.0","9575.0","1818.0","1607.0","49015.0","49205.0"
"192","2012","12","Uttar Pradesh","Buland Shahar","43703.0","41236.0","12465.0","14695.0","2478.0","1063.0","58646.0","56994.0"
"192","2013","12","Uttar Pradesh","Buland Shahar","25881.0","35199.0","4728.0","11211.0","732.0","1442.0","31341.0","47851.0"
"192","2014","12","Uttar Pradesh","Buland Shahar","26010.0","39291.0","6876.0","12061.0","1237.0","2658.0","34124.0","54010.0"
"192","2015","12","Uttar Pradesh","Buland Shahar","29257.0","30505.0","10833.0","11579.0","1624.0","2543.0","41713.0","44627.0"
"192","2016","12","Uttar Pradesh","Buland Shahar","23642.0","35924.0","8017.0","15493.0","2199.0","2665.0","33857.0","54083.0"
"192","2017","12","Uttar Pradesh","Buland Shahar","36152.0","39165.0","8427.0","20734.0","2956.0","3059.0","47535.0","62957.0"
"194","1990","12","Uttar Pradesh","Aligarh","9257.0","30295.0","1398.0","9601.0","1807.0","601.0","12462.0","40497.0"
"194","1991","12","Uttar Pradesh","Aligarh","7163.0","25730.0","2088.0","11078.0","244.0","423.0","9495.0","37231.0"
"194","1993","12","Uttar Pradesh","Aligarh","7732.0","28711.0","1703.0","8785.0","186.0","200.0","9621.0","37696.0"
"194","1994","12","Uttar Pradesh","Aligarh","10964.0","29623.0","3860.0","9832.0","407.0","954.0","15231.0","40409.0"
"194","1995","12","Uttar Pradesh","Aligarh","15602.0","13599.0","4755.0","4059.0","645.0","495.0","21002.0","18153.0"
"194","1996","12","Uttar Pradesh","Aligarh","14041.0","33997.0","2664.0","11229.0","642.0","886.0","17347.0","46112.0"
"194","1997","12","Uttar Pradesh","Aligarh","12493.0","34503.0","4890.0","10492.0","356.0","780.0","17739.0","45775.0"
"194","1998","12","Uttar Pradesh","Aligarh","-1.0","-1.0","-1.0","-1.0","-1.0","-1.0","-1.0","-1.0"
"194","1999","12","Uttar Pradesh","Aligarh","-1.0","-1.0","-1.0","-1.0","-1.0","-1.0","-1.0","-1.0"
"194","2000","12","Uttar Pradesh","Aligarh","15744.0","35302.0","5039.0","19526.0","205.0","1260.0","20988.0","56088.0"
"194","2001","12","Uttar Pradesh","Aligarh","20451.0","37155.0","10007.0","19717.0","513.0","595.0","32211.0","57467.0"
"194","2002","12","Uttar Pradesh","Aligarh","19935.0","37106.0","7968.0","19398.0","824.0","1117.0","28727.0","57621.0"
"194","2003","12","Uttar Pradesh","Aligarh","19251.0","36817.0","10360.0","19486.0","551.0","1424.0","30162.0","57727.0"
"194","2004","12","Uttar Pradesh","Aligarh","19475.0","36903.0","7612.0","20783.0","939.0","1453.0","28026.0","59139.0"
"194","2005","12","Uttar Pradesh","Aligarh","19615.0","37755.0","8222.0","23166.0","758.0","1834.0","28595.0","62755.0"
"194","2006","12","Uttar Pradesh","Aligarh","21087.0","43195.0","12279.0","20851.0","848.0","1288.0","34214.0","65334.0"
"194","2007","12","Uttar Pradesh","Aligarh","26834.0","51884.0","7429.0","26790.0","3016.0","2905.0","37279.0","81579.0"
"194","2008","12","Uttar Pradesh","Aligarh","28883.0","53308.0","10017.0","25924.0","4544.0","3680.0","43444.0","82912.0"
"194","2009","12","Uttar Pradesh","Aligarh","28709.0","54071.0","11085.0","30749.0","2793.0","7134.0","42587.0","91954.0"
"194","2010","12","Uttar Pradesh","Aligarh","38811.0","49698.0","17513.0","17792.0","5494.0","5533.0","61818.0","73023.0"
"194","2011","12","Uttar Pradesh","Aligarh","39681.0","53090.0","16802.0","14260.0","3801.0","1516.0","60284.0","68866.0"
"194","2012","12","Uttar Pradesh","Aligarh","32953.0","53265.0","20781.0","18982.0","3999.0","1372.0","57733.0","73619.0"
"194","2013","12","Uttar Pradesh","Aligarh","47104.0","45467.0","8605.0","14481.0","1332.0","1863.0","57041.0","61811.0"
"194","2014","12","Uttar Pradesh","Aligarh","47339.0","50753.0","12515.0","15579.0","2252.0","3434.0","62105.0","69766.0"
"194","2015","12","Uttar Pradesh","Aligarh","53247.0","39405.0","19716.0","14958.0","2955.0","3285.0","75918.0","57648.0"
"194","2016","12","Uttar Pradesh","Aligarh","42997.0","46403.0","14590.0","20013.0","4003.0","3443.0","61589.0","69859.0"
"194","2017","12","Uttar Pradesh","Aligarh","96688.0","50518.0","22596.0","30580.0","9662.0","5279.0","128947.0","86377.0"
"195","1990","12","Uttar Pradesh","Mathura","4033.0","20618.0","1509.0","6341.0","112.0","277.0","5654.0","27236.0"
"195","1991","12","Uttar Pradesh","Mathura","3597.0","16494.0","1395.0","5791.0","260.0","580.0","5252.0","22865.0"
"195","1993","12","Uttar Pradesh","Mathura","4237.0","19595.0","1422.0","5617.0","47.0","260.0","5706.0","25472.0"
"195","1994","12","Uttar Pradesh","Mathura","7823.0","19407.0","3905.0","8348.0","412.0","1262.0","12140.0","29017.0"
"195","1995","12","Uttar Pradesh","Mathura","7864.0","31918.0","6709.0","9758.0","345.0","1262.0","14918.0","42938.0"
"195","1996","12","Uttar Pradesh","Mathura","6369.0","21298.0","4555.0","8154.0","1269.0","952.0","12193.0","30404.0"
"195","1997","12","Uttar Pradesh","Mathura","9105.0","21039.0","7208.0","8005.0","586.0","644.0","16899.0","29688.0"
"195","1998","12","Uttar Pradesh","Mathura","-1.0","-1.0","-1.0","-1.0","-1.0","-1.0","-1.0","-1.0"
"195","1999","12","Uttar Pradesh","Mathura","-1.0","-1.0","-1.0","-1.0","-1.0","-1.0","-1.0","-1.0"
"195","2000","12","Uttar Pradesh","Mathura","5200.0","16865.0","2316.0","9050.0","72.0","642.0","7588.0","26557.0"
"195","2001","12","Uttar Pradesh","Mathura","6005.0","20160.0","4042.0","10017.0","114.0","267.0","10363.0","30444.0"
"195","2002","12","Uttar Pradesh","Mathura","6429.0","20133.0","1412.0","9855.0","98.0","501.0","7939.0","30489.0"
"195","2003","12","Uttar Pradesh","Mathura","5963.0","19926.0","4181.0","9760.0","158.0","554.0","10302.0","30240.0"
"195","2004","12","Uttar Pradesh","Mathura","6033.0","19972.0","3072.0","10409.0","270.0","565.0","9375.0","30946.0"
"195","2005","12","Uttar Pradesh","Mathura","6080.0","20433.0","3395.0","11603.0","227.0","713.0","9702.0","32749.0"
"195","2006","12","Uttar Pradesh","Mathura","6407.0","23378.0","5066.0","10444.0","375.0","501.0","11848.0","34323.0"
"195","2007","12","Uttar Pradesh","Mathura","9129.0","22514.0","4191.0","14312.0","496.0","897.0","13816.0","37723.0"
"195","2008","12","Uttar Pradesh","Mathura","9827.0","23132.0","5651.0","13850.0","748.0","1136.0","16226.0","38118.0"
"195","2009","12","Uttar Pradesh","Mathura","9767.0","23463.0","6254.0","16428.0","460.0","2202.0","16481.0","42093.0"
"195","2010","12","Uttar Pradesh","Mathura","19633.0","21849.0","12112.0","8073.0","1732.0","1724.0","33477.0","31646.0"
"195","2011","12","Uttar Pradesh","Mathura","16918.0","25821.0","14016.0","10591.0","683.0","393.0","31617.0","36805.0"
"195","2012","12","Uttar Pradesh","Mathura","13984.0","32673.0","15108.0","11644.0","980.0","842.0","30072.0","45159.0"
"195","2013","12","Uttar Pradesh","Mathura","18034.0","27890.0","3295.0","8883.0","510.0","1143.0","21839.0","37916.0"
"195","2014","12","Uttar Pradesh","Mathura","18124.0","31132.0","4791.0","9557.0","862.0","2107.0","23777.0","42796.0"
"195","2015","12","Uttar Pradesh","Mathura","20386.0","24172.0","7548.0","9175.0","1131.0","2015.0","29066.0","35362.0"
"195","2016","12","Uttar Pradesh","Mathura","16473.0","28464.0","5586.0","12276.0","1532.0","2112.0","23591.0","42852.0"
"195","2017","12","Uttar Pradesh","Mathura","52107.0","27068.0","11163.0","16698.0","2359.0","1948.0","65628.0","45714.0"
"196","1990","12","Uttar Pradesh","Agra","4693.0","19805.0","2287.0","9029.0","568.0","545.0","7548.0","29379.0"
"196","1991","12","Uttar Pradesh","Agra","5091.0","19963.0","1977.0","9277.0","249.0","555.0","7317.0","29795.0"
"196","1993","12","Uttar Pradesh","Agra","5435.0","27695.0","2412.0","9272.0","130.0","335.0","7977.0","37302.0"
"196","1994","12","Uttar Pradesh","Agra","9529.0","29285.0","5291.0","10231.0","552.0","1073.0","15371.0","40589.0"
"196","1995","12","Uttar Pradesh","Agra","11728.0","28092.0","9329.0","6759.0","356.0","1061.0","21412.0","35912.0"
"196","1996","12","Uttar Pradesh","Agra","10528.0","30748.0","5971.0","10236.0","978.0","460.0","17477.0","41443.0"
"196","1997","12","Uttar Pradesh","Agra","12920.0","29959.0","9274.0","9756.0","801.0","1009.0","22994.0","40725.0"
"196","1998","12","Uttar Pradesh","Agra","-1.0","-1.0","-1.0","-1.0","-1.0","-1.0","-1.0","-1.0"
"196","1999","12","Uttar Pradesh","Agra","-1.0","-1.0","-1.0","-1.0","-1.0","-1.0","-1.0","-1.0"
"196","2000","12","Uttar Pradesh","Agra","10992.0","30029.0","3379.0","13467.0","295.0","2065.0","14667.0","45561.0"
"196","2001","12","Uttar Pradesh","Agra","12825.0","32881.0","5174.0","14505.0","771.0","1007.0","19154.0","48393.0"
"196","2002","12","Uttar Pradesh","Agra","12667.0","32838.0","4460.0","14270.0","427.0","1892.0","17554.0","49000.0"
"196","2003","12","Uttar Pradesh","Agra","11677.0","32549.0","5104.0","14289.0","625.0","1924.0","17406.0","48761.0"
"196","2004","12","Uttar Pradesh","Agra","11813.0","32624.0","3750.0","15240.0","1063.0","1962.0","16625.0","49826.0"
"196","2005","12","Uttar Pradesh","Agra","11994.0","33377.0","4285.0","16987.0","888.0","2477.0","17166.0","52840.0"
"196","2006","12","Uttar Pradesh","Agra","12646.0","38186.0","5986.0","15291.0","884.0","1739.0","19516.0","55216.0"
"196","2007","12","Uttar Pradesh","Agra","17139.0","41531.0","6102.0","14810.0","2194.0","3350.0","25436.0","59691.0"
"196","2008","12","Uttar Pradesh","Agra","18448.0","42626.0","8228.0","14331.0","3307.0","4246.0","29983.0","61202.0"
"196","2009","12","Uttar Pradesh","Agra","18337.0","43236.0","9106.0","16999.0","2033.0","8229.0","29476.0","68464.0"
"196","2010","12","Uttar Pradesh","Agra","34378.0","44034.0","13457.0","17945.0","4551.0","4951.0","52385.0","66931.0"
"196","2011","12","Uttar Pradesh","Agra","25162.0","40378.0","18249.0","15422.0","1455.0","1526.0","44865.0","57326.0"
"196","2012","12","Uttar Pradesh","Agra","25137.0","39219.0","20048.0","13977.0","2699.0","1011.0","47884.0","54206.0"
"196","2013","12","Uttar Pradesh","Agra","24175.0","33477.0","4417.0","10663.0","683.0","1372.0","29275.0","45511.0"
"196","2014","12","Uttar Pradesh","Agra","24296.0","37368.0","6423.0","11471.0","1155.0","2529.0","31875.0","51368.0"
"196","2015","12","Uttar Pradesh","Agra","27329.0","29013.0","10118.0","11013.0","1516.0","2419.0","38963.0","42445.0"
"196","2016","12","Uttar Pradesh","Agra","22083.0","34166.0","7488.0","14735.0","2054.0","2535.0","31626.0","51436.0"
"196","2017","12","Uttar Pradesh","Agra","85107.0","50908.0","19720.0","30629.0","9168.0","13166.0","113996.0","94703.0"
"197","1990","12","Uttar Pradesh","Mainpuri","7577.0","20001.0","1694.0","8986.0","305.0","761.0","9577.0","29748.0"
"197","1991","12","Uttar Pradesh","Mainpuri","3642.0","20072.0","1142.0","9068.0","112.0","849.0","4896.0","29989.0"
"197","1993","12","Uttar Pradesh","Mainpuri","10830.0","19188.0","1079.0","7553.0","117.0","197.0","12026.0","26938.0"
"197","1994","12","Uttar Pradesh","Mainpuri","10177.0","22885.0","2620.0","6614.0","136.0","617.0","12934.0","30116.0"
"197","1995","12","Uttar Pradesh","Mainpuri","12880.0","42067.0","4416.0","7226.0","84.0","534.0","17380.0","49827.0"
"197","1996","12","Uttar Pradesh","Mainpuri","12359.0","25996.0","4069.0","7566.0","295.0","523.0","16723.0","34086.0"
"197","1997","12","Uttar Pradesh","Mainpuri","14609.0","27322.0","6082.0","7359.0","297.0","679.0","20989.0","35359.0"
"197","1998","12","Uttar Pradesh","Mainpuri","-1.0","-1.0","-1.0","-1.0","-1.0","-1.0","-1.0","-1.0"
"197","1999","12","Uttar Pradesh","Mainpuri","-1.0","-1.0","-1.0","-1.0","-1.0","-1.0","-1.0","-1.0"
"197","2000","12","Uttar Pradesh","Mainpuri","15088.0","31461.0","2240.0","17849.0","157.0","1512.0","17484.0","50822.0"
"197","2001","12","Uttar Pradesh","Mainpuri","15788.0","34648.0","4027.0","16349.0","493.0","649.0","20865.0","51645.0"
"197","2002","12","Uttar Pradesh","Mainpuri","8528.0","34603.0","2705.0","16084.0","173.0","1219.0","11406.0","51906.0"
"197","2003","12","Uttar Pradesh","Mainpuri","14086.0","34080.0","3955.0","15951.0","406.0","1595.0","18447.0","51626.0"
"197","2004","12","Uttar Pradesh","Mainpuri","14250.0","34160.0","2905.0","17012.0","691.0","1626.0","17847.0","52798.0"
"197","2005","12","Uttar Pradesh","Mainpuri","14412.0","34948.0","3108.0","18963.0","558.0","2053.0","18078.0","55965.0"
"197","2006","12","Uttar Pradesh","Mainpuri","15627.0","39984.0","4684.0","17069.0","581.0","1442.0","20892.0","58495.0"
"197","2007","12","Uttar Pradesh","Mainpuri","19841.0","43607.0","6760.0","15706.0","1337.0","2057.0","27937.0","61370.0"
"197","2008","12","Uttar Pradesh","Mainpuri","21356.0","44803.0","9114.0","15199.0","2015.0","2606.0","32485.0","62609.0"
"197","2009","12","Uttar Pradesh","Mainpuri","21227.0","45445.0","10086.0","18027.0","1240.0","5052.0","32552.0","68524.0"
"197","2010","12","Uttar Pradesh","Mainpuri","32292.0","42886.0","14136.0","13136.0","2341.0","3081.0","48769.0","59102.0"
"197","2011","12","Uttar Pradesh","Mainpuri","29464.0","36837.0","14540.0","12761.0","1476.0","1317.0","45481.0","50915.0"
"197","2012","12","Uttar Pradesh","Mainpuri","22503.0","37130.0","13328.0","13233.0","961.0","957.0","36792.0","51321.0"
"197","2013","12","Uttar Pradesh","Mainpuri","23070.0","31694.0","4214.0","10095.0","653.0","1299.0","27937.0","43089.0"
"197","2014","12","Uttar Pradesh","Mainpuri","23186.0","35379.0","6130.0","10860.0","1103.0","2394.0","30418.0","48633.0"
"197","2015","12","Uttar Pradesh","Mainpuri","26079.0","27469.0","9657.0","10427.0","1448.0","2290.0","37183.0","40186.0"
"197","2016","12","Uttar Pradesh","Mainpuri","21074.0","32347.0","7145.0","13951.0","1960.0","2401.0","30179.0","48699.0"
"197","2017","12","Uttar Pradesh","Mainpuri","37846.0","45979.0","8393.0","24658.0","1955.0","2456.0","48196.0","73093.0"
"198","1990","12","Uttar Pradesh","Etah","7397.0","22287.0","1181.0","5667.0","220.0","673.0","8798.0","28627.0"
"198","1991","12","Uttar Pradesh","Etah","5092.0","24208.0","958.0","6775.0","148.0","930.0","6198.0","31913.0"
"198","1993","12","Uttar Pradesh","Etah","5425.0","29763.0","1196.0","6531.0","155.0","195.0","6776.0","36489.0"
"198","1994","12","Uttar Pradesh","Etah","8030.0","31135.0","4128.0","5258.0","362.0","473.0","12520.0","36866.0"
"198","1995","12","Uttar Pradesh","Etah","10284.0","18913.0","7071.0","6481.0","637.0","646.0","17992.0","26040.0"
"198","1996","12","Uttar Pradesh","Etah","9723.0","36786.0","5557.0","7956.0","600.0","264.0","15880.0","45006.0"
"198","1997","12","Uttar Pradesh","Etah","11059.0","36521.0","4417.0","6706.0","353.0","474.0","15829.0","43701.0"
"198","1998","12","Uttar Pradesh","Etah","-1.0","-1.0","-1.0","-1.0","-1.0","-1.0","-1.0","-1.0"
"198","1999","12","Uttar Pradesh","Etah","-1.0","-1.0","-1.0","-1.0","-1.0","-1.0","-1.0","-1.0"
"198","2000","12","Uttar Pradesh","Etah","9527.0","27678.0","1849.0","11202.0","108.0","808.0","11484.0","39688.0"
"198","2001","12","Uttar Pradesh","Etah","11757.0","29247.0","3280.0","11589.0","258.0","586.0","15500.0","41422.0"
"198","2002","12","Uttar Pradesh","Etah","6959.0","29208.0","2969.0","11402.0","452.0","1100.0","10380.0","41710.0"
"198","2003","12","Uttar Pradesh","Etah","10617.0","28779.0","3181.0","11498.0","286.0","1422.0","14084.0","41699.0"
"198","2004","12","Uttar Pradesh","Etah","10741.0","28846.0","2337.0","12264.0","487.0","1450.0","13565.0","42560.0"
"198","2005","12","Uttar Pradesh","Etah","10843.0","29512.0","2572.0","13670.0","405.0","1830.0","13820.0","45012.0"
"198","2006","12","Uttar Pradesh","Etah","11613.0","33764.0","3863.0","12304.0","506.0","1285.0","15982.0","47353.0"
"198","2007","12","Uttar Pradesh","Etah","19151.0","43345.0","3319.0","13504.0","654.0","940.0","23124.0","57789.0"
"198","2008","12","Uttar Pradesh","Etah","20613.0","43507.0","4475.0","13068.0","986.0","1191.0","26074.0","57766.0"
"198","2009","12","Uttar Pradesh","Etah","20489.0","44130.0","4952.0","15500.0","606.0","2308.0","26047.0","61938.0"
"198","2010","12","Uttar Pradesh","Etah","29691.0","39543.0","12173.0","12195.0","3229.0","2686.0","45093.0","54424.0"
"198","2011","12","Uttar Pradesh","Etah","26368.0","42192.0","11102.0","14137.0","716.0","1804.0","38186.0","58133.0"
"198","2012","12","Uttar Pradesh","Etah","22117.0","37919.0","10470.0","13514.0","1185.0","977.0","33772.0","52410.0"
"198","2013","12","Uttar Pradesh","Etah","46375.0","32369.0","8472.0","10309.0","1312.0","1327.0","56159.0","44005.0"
"198","2014","12","Uttar Pradesh","Etah","46607.0","36132.0","12321.0","11091.0","2216.0","2445.0","61143.0","49668.0"
"198","2015","12","Uttar Pradesh","Etah","52423.0","28053.0","19411.0","10648.0","2909.0","2339.0","74743.0","41040.0"
"198","2016","12","Uttar Pradesh","Etah","42362.0","33035.0","14364.0","14247.0","3940.0","2452.0","60666.0","49734.0"
"198","2017","12","Uttar Pradesh","Etah","30008.0","41080.0","7687.0","20466.0","2987.0","2535.0","40682.0","64081.0"
"199","1990","12","Uttar Pradesh","Bareilly","23034.0","27329.0","4998.0","9012.0","1949.0","2052.0","29981.0","38393.0"
"199","1991","12","Uttar Pradesh","Bareilly","20707.0","30843.0","2706.0","9018.0","866.0","1802.0","24279.0","41663.0"
"199","1993","12","Uttar Pradesh","Bareilly","25441.0","32601.0","1207.0","6735.0","297.0","388.0","26945.0","39724.0"
"199","1994","12","Uttar Pradesh","Bareilly","29990.0","34908.0","2371.0","5157.0","574.0","825.0","32935.0","40890.0"
"199","1995","12","Uttar Pradesh","Bareilly","29531.0","32569.0","2268.0","4691.0","724.0","850.0","32523.0","38110.0"
"199","1996","12","Uttar Pradesh","Bareilly","30229.0","31387.0","2554.0","4297.0","1032.0","494.0","33815.0","36178.0"
"199","1997","12","Uttar Pradesh","Bareilly","30470.0","30065.0","4048.0","5713.0","995.0","1916.0","35513.0","37694.0"
"199","1998","12","Uttar Pradesh","Bareilly","-1.0","-1.0","-1.0","-1.0","-1.0","-1.0","-1.0","-1.0"
"199","1999","12","Uttar Pradesh","Bareilly","-1.0","-1.0","-1.0","-1.0","-1.0","-1.0","-1.0","-1.0"
"199","2000","12","Uttar Pradesh","Bareilly","28024.0","26937.0","2336.0","14682.0","609.0","2974.0","30969.0","44593.0"
"199","2001","12","Uttar Pradesh","Bareilly","36867.0","29670.0","3992.0","15220.0","1947.0","3773.0","43012.0","48663.0"
"199","2002","12","Uttar Pradesh","Bareilly","26957.0","29631.0","4894.0","14973.0","1423.0","7086.0","33274.0","51690.0"
"199","2003","12","Uttar Pradesh","Bareilly","32336.0","29372.0","3513.0","15354.0","1447.0","6241.0","37296.0","50967.0"
"199","2004","12","Uttar Pradesh","Bareilly","32713.0","29440.0","2581.0","16376.0","2462.0","6363.0","37756.0","52179.0"
"199","2005","12","Uttar Pradesh","Bareilly","33490.0","30120.0","3399.0","18254.0","2090.0","8034.0","38979.0","56408.0"
"199","2006","12","Uttar Pradesh","Bareilly","36254.0","34460.0","4606.0","16430.0","2104.0","5641.0","42964.0","56531.0"
"199","2007","12","Uttar Pradesh","Bareilly","31091.0","39402.0","3414.0","15602.0","1850.0","1639.0","36355.0","56643.0"
"199","2008","12","Uttar Pradesh","Bareilly","33466.0","40483.0","4603.0","15098.0","2788.0","2076.0","40857.0","57657.0"
"199","2009","12","Uttar Pradesh","Bareilly","33264.0","41062.0","5094.0","17908.0","1714.0","4025.0","40072.0","62995.0"
"199","2010","12","Uttar Pradesh","Bareilly","32454.0","39599.0","9540.0","9298.0","3655.0","2414.0","45649.0","51311.0"
"199","2011","12","Uttar Pradesh","Bareilly","41863.0","36315.0","10816.0","6858.0","1326.0","607.0","54005.0","43780.0"
"199","2012","12","Uttar Pradesh","Bareilly","48008.0","41404.0","8913.0","14756.0","1567.0","1067.0","58488.0","57227.0"
"199","2013","12","Uttar Pradesh","Bareilly","29325.0","35343.0","5357.0","11257.0","829.0","1448.0","35511.0","48048.0"
"199","2014","12","Uttar Pradesh","Bareilly","29472.0","39451.0","7791.0","12110.0","1402.0","2670.0","38665.0","54231.0"
"199","2015","12","Uttar Pradesh","Bareilly","33150.0","30631.0","12275.0","11627.0","1840.0","2553.0","47264.0","44811.0"
"199","2016","12","Uttar Pradesh","Bareilly","26788.0","36071.0","9083.0","15557.0","2492.0","2677.0","38362.0","54305.0"
"199","2017","12","Uttar Pradesh","Bareilly","24230.0","37017.0","5929.0","12536.0","2066.0","1509.0","32226.0","51062.0"
"200","1990","12","Uttar Pradesh","Budaun","18697.0","26310.0","2673.0","7308.0","831.0","1397.0","22201.0","35015.0"
"200","1991","12","Uttar Pradesh","Budaun","15838.0","29162.0","2765.0","7276.0","899.0","1191.0","19502.0","37629.0"
"200","1993","12","Uttar Pradesh","Budaun","18336.0","34376.0","1638.0","6488.0","533.0","298.0","20507.0","41162.0"
"200","1994","12","Uttar Pradesh","Budaun","21765.0","32529.0","2738.0","4097.0","902.0","548.0","25405.0","37174.0"
"200","1995","12","Uttar Pradesh","Budaun","22116.0","34352.0","3804.0","4446.0","1528.0","471.0","27448.0","39269.0"
"200","1996","12","Uttar Pradesh","Budaun","22640.0","35592.0","3498.0","7147.0","1576.0","300.0","27714.0","43039.0"
"200","1997","12","Uttar Pradesh","Budaun","28016.0","39329.0","5287.0","6439.0","1386.0","663.0","34689.0","46431.0"
"200","1998","12","Uttar Pradesh","Budaun","-1.0","-1.0","-1.0","-1.0","-1.0","-1.0","-1.0","-1.0"
"200","1999","12","Uttar Pradesh","Budaun","-1.0","-1.0","-1.0","-1.0","-1.0","-1.0","-1.0","-1.0"
"200","2000","12","Uttar Pradesh","Budaun","27460.0","34337.0","2328.0","12924.0","283.0","1660.0","30071.0","48921.0"
"200","2001","12","Uttar Pradesh","Budaun","26832.0","36219.0","3517.0","12611.0","204.0","969.0","30760.0","49799.0"
"200","2002","12","Uttar Pradesh","Budaun","11129.0","36171.0","1300.0","12407.0","229.0","1819.0","12658.0","50397.0"
"200","2003","12","Uttar Pradesh","Budaun","23875.0","35794.0","3910.0","12369.0","261.0","1923.0","28046.0","50086.0"
"200","2004","12","Uttar Pradesh","Budaun","24153.0","35877.0","2873.0","13193.0","444.0","1961.0","27470.0","51031.0"
"200","2005","12","Uttar Pradesh","Budaun","24536.0","36705.0","3195.0","14705.0","377.0","2476.0","28108.0","53886.0"
"200","2006","12","Uttar Pradesh","Budaun","26662.0","41994.0","4602.0","13236.0","407.0","1738.0","31671.0","56968.0"
"200","2007","12","Uttar Pradesh","Budaun","27903.0","34587.0","3836.0","5491.0","792.0","941.0","32531.0","41019.0"
"200","2008","12","Uttar Pradesh","Budaun","30034.0","35536.0","5172.0","5314.0","1193.0","1192.0","36399.0","42042.0"
"200","2009","12","Uttar Pradesh","Budaun","29853.0","36045.0","5723.0","6303.0","734.0","2310.0","36310.0","44658.0"
"200","2010","12","Uttar Pradesh","Budaun","29112.0","37210.0","5744.0","7548.0","761.0","1903.0","35617.0","46661.0"
"200","2011","12","Uttar Pradesh","Budaun","33047.0","34815.0","11707.0","8922.0","7252.0","1406.0","52006.0","45143.0"
"200","2012","12","Uttar Pradesh","Budaun","35008.0","53887.0","7261.0","19204.0","1469.0","1389.0","43739.0","74480.0"
"200","2013","12","Uttar Pradesh","Budaun","39655.0","45999.0","7245.0","14651.0","1122.0","1885.0","48021.0","62535.0"
"200","2014","12","Uttar Pradesh","Budaun","39853.0","51346.0","10536.0","15762.0","1895.0","3475.0","52285.0","70583.0"
"200","2015","12","Uttar Pradesh","Budaun","44827.0","39866.0","16598.0","15132.0","2487.0","3324.0","63912.0","58321.0"
"200","2016","12","Uttar Pradesh","Budaun","36223.0","46946.0","12282.0","20247.0","3369.0","3483.0","51876.0","70676.0"
"200","2017","12","Uttar Pradesh","Budaun","25198.0","44876.0","6339.0","18087.0","2072.0","2578.0","33608.0","65542.0"
"201","1990","12","Uttar Pradesh","Moradabad","31539.0","37795.0","2636.0","11910.0","802.0","2138.0","34977.0","51843.0"
"201","1991","12","Uttar Pradesh","Moradabad","35575.0","38700.0","3622.0","11658.0","2138.0","2627.0","41335.0","52985.0"
"201","1993","12","Uttar Pradesh","Moradabad","43385.0","48368.0","4927.0","11130.0","1042.0","1051.0","49354.0","60549.0"
"201","1994","12","Uttar Pradesh","Moradabad","57437.0","50934.0","6144.0","10510.0","1454.0","1932.0","65035.0","63376.0"
"201","1995","12","Uttar Pradesh","Moradabad","65629.0","50954.0","9820.0","9707.0","1784.0","1906.0","77233.0","62567.0"
"201","1996","12","Uttar Pradesh","Moradabad","65053.0","55999.0","8210.0","12548.0","1860.0","2121.0","75123.0","70668.0"
"201","1997","12","Uttar Pradesh","Moradabad","67170.0","60115.0","6581.0","12312.0","1555.0","3036.0","75306.0","75463.0"
"201","1998","12","Uttar Pradesh","Moradabad","-1.0","-1.0","-1.0","-1.0","-1.0","-1.0","-1.0","-1.0"
"201","1999","12","Uttar Pradesh","Moradabad","-1.0","-1.0","-1.0","-1.0","-1.0","-1.0","-1.0","-1.0"
"201","2000","12","Uttar Pradesh","Moradabad","66144.0","52799.0","4478.0","9201.0","1425.0","2404.0","72047.0","64404.0"
"201","2001","12","Uttar Pradesh","Moradabad","68866.0","57206.0","5531.0","14191.0","1712.0","5748.0","77357.0","77145.0"
"201","2002","12","Uttar Pradesh","Moradabad","64883.0","57131.0","7801.0","13961.0","2190.0","10795.0","74874.0","81887.0"
"201","2003","12","Uttar Pradesh","Moradabad","61121.0","56591.0","6638.0","15031.0","1653.0","8915.0","69412.0","80537.0"
"201","2004","12","Uttar Pradesh","Moradabad","61833.0","56723.0","4877.0","16031.0","2811.0","9090.0","69521.0","81844.0"
"201","2005","12","Uttar Pradesh","Moradabad","63523.0","58032.0","6744.0","17869.0","2413.0","11478.0","72680.0","87379.0"
"201","2006","12","Uttar Pradesh","Moradabad","67904.0","66394.0","8374.0","16085.0","2784.0","8059.0","79062.0","90538.0"
"201","2007","12","Uttar Pradesh","Moradabad","57484.0","72489.0","4971.0","16111.0","2150.0","4822.0","64605.0","93422.0"
"201","2008","12","Uttar Pradesh","Moradabad","61874.0","74478.0","6704.0","15591.0","3239.0","6109.0","71817.0","96178.0"
"201","2009","12","Uttar Pradesh","Moradabad","61501.0","75543.0","7418.0","18493.0","1991.0","11841.0","70910.0","105877.0"
"201","2010","12","Uttar Pradesh","Moradabad","68322.0","72680.0","13754.0","16087.0","6449.0","4009.0","88525.0","92776.0"
"201","2011","12","Uttar Pradesh","Moradabad","68643.0","56217.0","15817.0","11603.0","3025.0","691.0","87485.0","68511.0"
"201","2012","12","Uttar Pradesh","Moradabad","61973.0","61654.0","11163.0","21972.0","2557.0","1589.0","75692.0","85215.0"
"201","2013","12","Uttar Pradesh","Moradabad","40257.0","52629.0","7354.0","16763.0","1138.0","2157.0","48750.0","71549.0"
"201","2014","12","Uttar Pradesh","Moradabad","40458.0","58746.0","10695.0","18033.0","1925.0","3975.0","53078.0","80754.0"
"201","2015","12","Uttar Pradesh","Moradabad","45508.0","45611.0","16851.0","17314.0","2526.0","3803.0","64883.0","66728.0"
"201","2016","12","Uttar Pradesh","Moradabad","36774.0","53711.0","12469.0","23165.0","3421.0","3986.0","52662.0","80862.0"
"201","2017","12","Uttar Pradesh","Moradabad","22048.0","55324.0","5708.0","16107.0","1957.0","2864.0","29713.0","74294.0"
"202","1990","12","Uttar Pradesh","Shahjahanpur","21685.0","23851.0","2626.0","7308.0","1170.0","1459.0","25481.0","32618.0"
"202","1991","12","Uttar Pradesh","Shahjahanpur","20077.0","23365.0","2227.0","6263.0","1356.0","1712.0","23660.0","31340.0"
"202","1993","12","Uttar Pradesh","Shahjahanpur","23983.0","31236.0","2155.0","4970.0","315.0","329.0","26453.0","36535.0"
"202","1994","12","Uttar Pradesh","Shahjahanpur","27957.0","26429.0","3345.0","5079.0","611.0","993.0","31913.0","32501.0"
"202","1995","12","Uttar Pradesh","Shahjahanpur","28869.0","27933.0","2242.0","4738.0","873.0","903.0","31984.0","33574.0"
"202","1996","12","Uttar Pradesh","Shahjahanpur","31331.0","27968.0","2848.0","5020.0","1333.0","676.0","35512.0","33664.0"
"202","1997","12","Uttar Pradesh","Shahjahanpur","33667.0","31175.0","5234.0","6238.0","1287.0","1611.0","40188.0","39024.0"
"202","1998","12","Uttar Pradesh","Shahjahanpur","-1.0","-1.0","-1.0","-1.0","-1.0","-1.0","-1.0","-1.0"
"202","1999","12","Uttar Pradesh","Shahjahanpur","-1.0","-1.0","-1.0","-1.0","-1.0","-1.0","-1.0","-1.0"
"202","2000","12","Uttar Pradesh","Shahjahanpur","29531.0","32853.0","3685.0","12086.0","839.0","2572.0","34055.0","47511.0"
"202","2001","12","Uttar Pradesh","Shahjahanpur","39298.0","40937.0","8027.0","17321.0","3448.0","2279.0","50982.0","60537.0"
"202","2002","12","Uttar Pradesh","Shahjahanpur","31702.0","40882.0","7302.0","17041.0","2856.0","4280.0","41860.0","62203.0"
"202","2003","12","Uttar Pradesh","Shahjahanpur","34774.0","40432.0","8006.0","18307.0","2696.0","4278.0","45476.0","63017.0"
"202","2004","12","Uttar Pradesh","Shahjahanpur","35179.0","40526.0","5882.0","19526.0","4587.0","4362.0","45648.0","64414.0"
"202","2005","12","Uttar Pradesh","Shahjahanpur","35731.0","41462.0","6301.0","21764.0","3821.0","5507.0","45853.0","68733.0"
"202","2006","12","Uttar Pradesh","Shahjahanpur","38914.0","47436.0","9101.0","19590.0","3442.0","3867.0","51457.0","70893.0"
"202","2007","12","Uttar Pradesh","Shahjahanpur","42536.0","44812.0","19291.0","9386.0","8390.0","1893.0","70217.0","56091.0"
"202","2008","12","Uttar Pradesh","Shahjahanpur","45784.0","46042.0","26010.0","9083.0","12642.0","2399.0","84436.0","57524.0"
"202","2009","12","Uttar Pradesh","Shahjahanpur","45508.0","46700.0","28784.0","10773.0","7773.0","4650.0","82065.0","62123.0"
"202","2010","12","Uttar Pradesh","Shahjahanpur","37700.0","46285.0","9272.0","10863.0","3418.0","2762.0","50390.0","59910.0"
"202","2011","12","Uttar Pradesh","Shahjahanpur","54669.0","46475.0","8574.0","10428.0","1378.0","2024.0","64621.0","58927.0"
"202","2012","12","Uttar Pradesh","Shahjahanpur","44839.0","45208.0","9309.0","16111.0","1850.0","1165.0","55998.0","62484.0"
"202","2013","12","Uttar Pradesh","Shahjahanpur","33648.0","38591.0","6147.0","12291.0","951.0","1581.0","40746.0","52463.0"
"202","2014","12","Uttar Pradesh","Shahjahanpur","33816.0","43076.0","8940.0","13223.0","1608.0","2915.0","44364.0","59214.0"
"202","2015","12","Uttar Pradesh","Shahjahanpur","38036.0","33445.0","14084.0","12695.0","2111.0","2788.0","54231.0","48928.0"
"202","2016","12","Uttar Pradesh","Shahjahanpur","30736.0","39385.0","10422.0","16986.0","2859.0","2922.0","44017.0","59293.0"
"202","2017","12","Uttar Pradesh","Shahjahanpur","57838.0","51297.0","13420.0","20901.0","5073.0","2684.0","76330.0","74882.0"
"203","1990","12","Uttar Pradesh","Pilibhit","21404.0","19829.0","34181.0","6240.0","2295.0","1891.0","57880.0","27960.0"
"203","1991","12","Uttar Pradesh","Pilibhit","19668.0","20171.0","2386.0","4771.0","1931.0","1842.0","23985.0","26784.0"
"203","1993","12","Uttar Pradesh","Pilibhit","22067.0","21602.0","2165.0","3849.0","927.0","642.0","25159.0","26093.0"
"203","1994","12","Uttar Pradesh","Pilibhit","25585.0","24459.0","3146.0","4233.0","1613.0","1526.0","30344.0","30218.0"
"203","1995","12","Uttar Pradesh","Pilibhit","27090.0","25878.0","1716.0","5124.0","2294.0","1326.0","31100.0","32328.0"
"203","1996","12","Uttar Pradesh","Pilibhit","29222.0","24879.0","2532.0","5148.0","4256.0","722.0","36010.0","30749.0"
"203","1997","12","Uttar Pradesh","Pilibhit","29714.0","27053.0","4913.0","5242.0","3440.0","2232.0","38067.0","34527.0"
"203","1998","12","Uttar Pradesh","Pilibhit","-1.0","-1.0","-1.0","-1.0","-1.0","-1.0","-1.0","-1.0"
"203","1999","12","Uttar Pradesh","Pilibhit","-1.0","-1.0","-1.0","-1.0","-1.0","-1.0","-1.0","-1.0"
"203","2000","12","Uttar Pradesh","Pilibhit","25981.0","23022.0","3153.0","5977.0","1402.0","3237.0","30536.0","32236.0"
"203","2001","12","Uttar Pradesh","Pilibhit","29638.0","24075.0","5009.0","8688.0","3732.0","3138.0","38589.0","35901.0"
"203","2002","12","Uttar Pradesh","Pilibhit","29922.0","24043.0","4444.0","8547.0","3729.0","5893.0","38095.0","38483.0"
"203","2003","12","Uttar Pradesh","Pilibhit","25891.0","23919.0","5125.0","9649.0","3022.0","5448.0","34038.0","39016.0"
"203","2004","12","Uttar Pradesh","Pilibhit","26192.0","23975.0","3766.0","10291.0","5142.0","5555.0","35100.0","39821.0"
"203","2005","12","Uttar Pradesh","Pilibhit","27039.0","24528.0","4796.0","11471.0","4340.0","7015.0","36175.0","43014.0"
"203","2006","12","Uttar Pradesh","Pilibhit","29107.0","28062.0","6084.0","10325.0","3967.0","4925.0","39158.0","43312.0"
"203","2007","12","Uttar Pradesh","Pilibhit","29233.0","30598.0","9928.0","8168.0","4482.0","1953.0","43643.0","40719.0"
"203","2008","12","Uttar Pradesh","Pilibhit","31466.0","31438.0","13387.0","7904.0","6753.0","2475.0","51606.0","41817.0"
"203","2009","12","Uttar Pradesh","Pilibhit","31276.0","31888.0","14814.0","9375.0","4152.0","4797.0","50242.0","46060.0"
"203","2010","12","Uttar Pradesh","Pilibhit","24470.0","27869.0","7000.0","7966.0","4937.0","3215.0","36407.0","39050.0"
"203","2011","12","Uttar Pradesh","Pilibhit","38153.0","30091.0","8600.0","7293.0","2006.0","1322.0","48759.0","38706.0"
"203","2012","12","Uttar Pradesh","Pilibhit","33519.0","30703.0","8127.0","10942.0","3215.0","791.0","44861.0","42436.0"
"203","2013","12","Uttar Pradesh","Pilibhit","22705.0","26209.0","4148.0","8348.0","642.0","1074.0","27495.0","35631.0"
"203","2014","12","Uttar Pradesh","Pilibhit","22818.0","29255.0","6032.0","8980.0","1085.0","1980.0","29935.0","40215.0"
"203","2015","12","Uttar Pradesh","Pilibhit","25666.0","22714.0","9503.0","8622.0","1424.0","1894.0","36593.0","33230.0"
"203","2016","12","Uttar Pradesh","Pilibhit","20740.0","26748.0","7032.0","11536.0","1929.0","1985.0","29701.0","40269.0"
"203","2017","12","Uttar Pradesh","Pilibhit","14390.0","29562.0","3904.0","8829.0","2124.0","1793.0","20419.0","40184.0"
"204","1990","12","Uttar Pradesh","Rampur","15164.0","15466.0","2420.0","5152.0","683.0","1401.0","18267.0","22019.0"
"204","1991","12","Uttar Pradesh","Rampur","15651.0","16434.0","1687.0","5463.0","748.0","1515.0","18086.0","23412.0"
"204","1993","12","Uttar Pradesh","Rampur","17192.0","17496.0","2558.0","3771.0","521.0","660.0","20271.0","21927.0"
"204","1994","12","Uttar Pradesh","Rampur","19751.0","15902.0","3478.0","4104.0","924.0","1524.0","24153.0","21530.0"
"204","1995","12","Uttar Pradesh","Rampur","18265.0","14973.0","2406.0","3482.0","594.0","1014.0","21265.0","19469.0"
"204","1996","12","Uttar Pradesh","Rampur","18650.0","15000.0","2880.0","3520.0","184.0","983.0","21714.0","19503.0"
"204","1997","12","Uttar Pradesh","Rampur","21334.0","17562.0","3222.0","4119.0","1030.0","1842.0","25586.0","23523.0"
"204","1998","12","Uttar Pradesh","Rampur","-1.0","-1.0","-1.0","-1.0","-1.0","-1.0","-1.0","-1.0"
"204","1999","12","Uttar Pradesh","Rampur","-1.0","-1.0","-1.0","-1.0","-1.0","-1.0","-1.0","-1.0"
"204","2000","12","Uttar Pradesh","Rampur","22055.0","12016.0","2317.0","4872.0","915.0","2224.0","25287.0","19112.0"
"204","2001","12","Uttar Pradesh","Rampur","26213.0","14040.0","3119.0","5695.0","1334.0","2453.0","30877.0","22188.0"
"204","2002","12","Uttar Pradesh","Rampur","23166.0","14021.0","2839.0","5603.0","893.0","4607.0","26898.0","24231.0"
"204","2003","12","Uttar Pradesh","Rampur","22680.0","14033.0","2698.0","6183.0","1012.0","3801.0","26390.0","24017.0"
"204","2004","12","Uttar Pradesh","Rampur","22944.0","14066.0","1982.0","6595.0","1721.0","3875.0","26647.0","24536.0"
"204","2005","12","Uttar Pradesh","Rampur","23778.0","14391.0","3109.0","7351.0","1496.0","4894.0","28383.0","26636.0"
"204","2006","12","Uttar Pradesh","Rampur","25582.0","16464.0","4030.0","6617.0","1758.0","3436.0","31370.0","26517.0"
"204","2007","12","Uttar Pradesh","Rampur","17329.0","19459.0","1202.0","4776.0","1059.0","1834.0","19590.0","26069.0"
"204","2008","12","Uttar Pradesh","Rampur","18652.0","19993.0","1620.0","4622.0","1595.0","2324.0","21867.0","26939.0"
"204","2009","12","Uttar Pradesh","Rampur","18540.0","20279.0","1793.0","5482.0","981.0","4504.0","21313.0","30265.0"
"204","2010","12","Uttar Pradesh","Rampur","14202.0","15077.0","2942.0","5017.0","1145.0","1904.0","18289.0","21998.0"
"204","2011","12","Uttar Pradesh","Rampur","15481.0","16850.0","4202.0","2296.0","1441.0","318.0","21124.0","19464.0"
"204","2012","12","Uttar Pradesh","Rampur","19274.0","26541.0","3332.0","9459.0","1236.0","684.0","23842.0","36684.0"
"204","2013","12","Uttar Pradesh","Rampur","18367.0","22656.0","3355.0","7216.0","519.0","928.0","22241.0","30800.0"
"204","2014","12","Uttar Pradesh","Rampur","18459.0","25289.0","4880.0","7763.0","878.0","1711.0","24217.0","34763.0"
"204","2015","12","Uttar Pradesh","Rampur","20763.0","19635.0","7688.0","7453.0","1152.0","1637.0","29603.0","28725.0"
"204","2016","12","Uttar Pradesh","Rampur","16778.0","23122.0","5689.0","9972.0","1561.0","1716.0","24028.0","34810.0"
"204","2017","12","Uttar Pradesh","Rampur","7268.0","19625.0","1885.0","3464.0","293.0","758.0","9446.0","23847.0"
"205","1990","12","Uttar Pradesh","Bijnor","20943.0","22517.0","2340.0","6291.0","922.0","1796.0","24205.0","30604.0"
"205","1991","12","Uttar Pradesh","Bijnor","24630.0","23044.0","1836.0","5664.0","611.0","1853.0","27077.0","30561.0"
"205","1993","12","Uttar Pradesh","Bijnor","32195.0","25602.0","1008.0","3295.0","197.0","489.0","33400.0","29386.0"
"205","1994","12","Uttar Pradesh","Bijnor","33436.0","25543.0","4853.0","2988.0","209.0","691.0","38498.0","29222.0"
"205","1995","12","Uttar Pradesh","Bijnor","34408.0","26332.0","1498.0","2848.0","237.0","489.0","36143.0","29669.0"
"205","1996","12","Uttar Pradesh","Bijnor","35411.0","29725.0","3875.0","4211.0","188.0","509.0","39474.0","34445.0"
"205","1997","12","Uttar Pradesh","Bijnor","41408.0","33477.0","10355.0","4715.0","230.0","904.0","51993.0","39096.0"
"205","1998","12","Uttar Pradesh","Bijnor","-1.0","-1.0","-1.0","-1.0","-1.0","-1.0","-1.0","-1.0"
"205","1999","12","Uttar Pradesh","Bijnor","-1.0","-1.0","-1.0","-1.0","-1.0","-1.0","-1.0","-1.0"
"205","2000","12","Uttar Pradesh","Bijnor","30452.0","27235.0","798.0","7986.0","54.0","562.0","31304.0","35783.0"
"205","2001","12","Uttar Pradesh","Bijnor","35273.0","22231.0","2139.0","6332.0","132.0","471.0","37756.0","29034.0"
"205","2002","12","Uttar Pradesh","Bijnor","36992.0","22201.0","2260.0","6229.0","80.0","884.0","39332.0","29314.0"
"205","2003","12","Uttar Pradesh","Bijnor","31037.0","21906.0","2237.0","6279.0","118.0","878.0","33392.0","29063.0"
"205","2004","12","Uttar Pradesh","Bijnor","31398.0","21957.0","1644.0","6697.0","201.0","895.0","33243.0","29549.0"
"205","2005","12","Uttar Pradesh","Bijnor","31883.0","22464.0","1829.0","7464.0","171.0","1130.0","33883.0","31058.0"
"205","2006","12","Uttar Pradesh","Bijnor","34645.0","25700.0","2659.0","6719.0","264.0","793.0","37568.0","33212.0"
"205","2007","12","Uttar Pradesh","Bijnor","36728.0","29530.0","4595.0","7747.0","915.0","1006.0","42238.0","38283.0"
"205","2008","12","Uttar Pradesh","Bijnor","39533.0","30340.0","6195.0","7496.0","1378.0","1275.0","47106.0","39111.0"
"205","2009","12","Uttar Pradesh","Bijnor","39295.0","30774.0","6856.0","8892.0","848.0","2471.0","46998.0","42137.0"
"205","2010","12","Uttar Pradesh","Bijnor","19514.0","22461.0","6103.0","7286.0","592.0","1209.0","26209.0","30956.0"
"205","2011","12","Uttar Pradesh","Bijnor","41291.0","24346.0","5508.0","7234.0","572.0","959.0","47371.0","32539.0"
"205","2012","12","Uttar Pradesh","Bijnor","46730.0","45414.0","7687.0","16185.0","867.0","1170.0","55284.0","62769.0"
"205","2013","12","Uttar Pradesh","Bijnor","29081.0","38766.0","5313.0","12347.0","822.0","1588.0","35216.0","52701.0"
"205","2014","12","Uttar Pradesh","Bijnor","29226.0","43272.0","7726.0","13283.0","1390.0","2928.0","38342.0","59483.0"
"205","2015","12","Uttar Pradesh","Bijnor","32874.0","33597.0","12172.0","12753.0","1824.0","2801.0","46870.0","49151.0"
"205","2016","12","Uttar Pradesh","Bijnor","26564.0","39564.0","9007.0","17063.0","2471.0","2936.0","38042.0","59563.0"
"205","2017","12","Uttar Pradesh","Bijnor","19853.0","22544.0","4966.0","9414.0","1693.0","1734.0","26512.0","33692.0"
"206","1990","12","Uttar Pradesh","Farrukhabad","14041.0","28238.0","2923.0","7893.0","1408.0","1912.0","18372.0","38043.0"
"206","1991","12","Uttar Pradesh","Farrukhabad","9989.0","27513.0","1684.0","7663.0","471.0","1360.0","12144.0","36536.0"
"206","1993","12","Uttar Pradesh","Farrukhabad","12039.0","28209.0","673.0","5574.0","159.0","751.0","12871.0","34534.0"
"206","1994","12","Uttar Pradesh","Farrukhabad","16459.0","28493.0","3056.0","3961.0","803.0","1977.0","20318.0","34431.0"
"206","1995","12","Uttar Pradesh","Farrukhabad","13876.0","28969.0","3377.0","3848.0","1221.0","1737.0","18474.0","34554.0"
"206","1996","12","Uttar Pradesh","Farrukhabad","15062.0","31561.0","4300.0","6341.0","1414.0","1462.0","20776.0","39364.0"
"206","1997","12","Uttar Pradesh","Farrukhabad","15631.0","36683.0","8326.0","6746.0","1202.0","1545.0","25159.0","44974.0"
"206","1998","12","Uttar Pradesh","Farrukhabad","-1.0","-1.0","-1.0","-1.0","-1.0","-1.0","-1.0","-1.0"
"206","1999","12","Uttar Pradesh","Farrukhabad","-1.0","-1.0","-1.0","-1.0","-1.0","-1.0","-1.0","-1.0"
"206","2000","12","Uttar Pradesh","Farrukhabad","17767.0","37506.0","4026.0","15646.0","942.0","4093.0","22735.0","57245.0"
"206","2001","12","Uttar Pradesh","Farrukhabad","21901.0","38793.0","8913.0","17113.0","1601.0","2238.0","33669.0","58144.0"
"206","2002","12","Uttar Pradesh","Farrukhabad","15062.0","38741.0","6914.0","16836.0","779.0","4203.0","22755.0","59780.0"
"206","2003","12","Uttar Pradesh","Farrukhabad","19506.0","38289.0","9700.0","17273.0","1649.0","4194.0","30855.0","59756.0"
"206","2004","12","Uttar Pradesh","Farrukhabad","19733.0","38379.0","7126.0","18423.0","2805.0","4275.0","29664.0","61077.0"
"206","2005","12","Uttar Pradesh","Farrukhabad","20376.0","39265.0","8183.0","20536.0","2366.0","5399.0","30925.0","65200.0"
"206","2006","12","Uttar Pradesh","Farrukhabad","21672.0","44922.0","11026.0","18484.0","2354.0","3790.0","35052.0","67196.0"
"206","2007","12","Uttar Pradesh","Farrukhabad","23441.0","50816.0","11302.0","9928.0","4497.0","3403.0","39240.0","64147.0"
"206","2008","12","Uttar Pradesh","Farrukhabad","25231.0","52211.0","15239.0","9607.0","6777.0","4311.0","47247.0","66129.0"
"206","2009","12","Uttar Pradesh","Farrukhabad","25080.0","52957.0","16864.0","11396.0","4166.0","8356.0","46110.0","72709.0"
"206","2010","12","Uttar Pradesh","Farrukhabad","31424.0","51642.0","14082.0","13648.0","4189.0","6326.0","49695.0","71616.0"
"206","2011","12","Uttar Pradesh","Farrukhabad","29307.0","50596.0","17591.0","12940.0","3151.0","3672.0","50049.0","67208.0"
"206","2012","12","Uttar Pradesh","Farrukhabad","31654.0","32041.0","19028.0","11419.0","6014.0","825.0","56696.0","44285.0"
"206","2013","12","Uttar Pradesh","Farrukhabad","19403.0","27350.0","3545.0","8711.0","548.0","1121.0","23496.0","37182.0"
"206","2014","12","Uttar Pradesh","Farrukhabad","19499.0","30530.0","5155.0","9372.0","928.0","2066.0","25581.0","41968.0"
"206","2015","12","Uttar Pradesh","Farrukhabad","21932.0","23704.0","8121.0","8997.0","1218.0","1976.0","31271.0","34677.0"
"206","2016","12","Uttar Pradesh","Farrukhabad","17723.0","27914.0","6010.0","12039.0","1649.0","2071.0","25381.0","42024.0"
"206","2017","12","Uttar Pradesh","Farrukhabad","34545.0","63097.0","9063.0","18050.0","6557.0","4376.0","50165.0","85523.0"
"207","1990","12","Uttar Pradesh","Etawah","8843.0","21687.0","1878.0","5291.0","279.0","355.0","11000.0","27333.0"
"207","1991","12","Uttar Pradesh","Etawah","5605.0","15159.0","603.0","5398.0","90.0","454.0","6298.0","21011.0"
"207","1993","12","Uttar Pradesh","Etawah","10051.0","14816.0","613.0","2767.0","127.0","75.0","10791.0","17658.0"
"207","1994","12","Uttar Pradesh","Etawah","11884.0","15575.0","2430.0","4043.0","218.0","244.0","14532.0","19862.0"
"207","1995","12","Uttar Pradesh","Etawah","12504.0","14911.0","3371.0","3110.0","218.0","174.0","16093.0","18195.0"
"207","1996","12","Uttar Pradesh","Etawah","8400.0","19186.0","2119.0","5299.0","251.0","303.0","10770.0","24788.0"
"207","1997","12","Uttar Pradesh","Etawah","11298.0","17691.0","3604.0","4345.0","103.0","473.0","15005.0","22509.0"
"207","1998","12","Uttar Pradesh","Etawah","-1.0","-1.0","-1.0","-1.0","-1.0","-1.0","-1.0","-1.0"
"207","1999","12","Uttar Pradesh","Etawah","-1.0","-1.0","-1.0","-1.0","-1.0","-1.0","-1.0","-1.0"
"207","2000","12","Uttar Pradesh","Etawah","12151.0","19595.0","1527.0","8869.0","76.0","743.0","13754.0","29207.0"
"207","2001","12","Uttar Pradesh","Etawah","14592.0","18905.0","2741.0","6711.0","148.0","238.0","18726.0","25854.0"
"207","2002","12","Uttar Pradesh","Etawah","10652.0","18879.0","931.0","6603.0","57.0","446.0","11640.0","25928.0"
"207","2003","12","Uttar Pradesh","Etawah","13034.0","18842.0","2920.0","6737.0","188.0","601.0","16142.0","26180.0"
"207","2004","12","Uttar Pradesh","Etawah","13186.0","18886.0","2145.0","7185.0","320.0","614.0","15651.0","26685.0"
"207","2005","12","Uttar Pradesh","Etawah","13384.0","19322.0","2351.0","8008.0","256.0","774.0","15991.0","28104.0"
"207","2006","12","Uttar Pradesh","Etawah","14474.0","22106.0","3470.0","7209.0","312.0","544.0","18256.0","29859.0"
"207","2007","12","Uttar Pradesh","Etawah","15077.0","26352.0","3245.0","11709.0","819.0","1929.0","19141.0","39990.0"
"207","2008","12","Uttar Pradesh","Etawah","16228.0","27076.0","4376.0","11331.0","1235.0","2445.0","21839.0","40852.0"
"207","2009","12","Uttar Pradesh","Etawah","16131.0","27463.0","4841.0","13440.0","760.0","4738.0","21732.0","45641.0"
"207","2010","12","Uttar Pradesh","Etawah","15919.0","28416.0","12123.0","11671.0","1172.0","2195.0","29214.0","42282.0"
"207","2011","12","Uttar Pradesh","Etawah","20807.0","30105.0","10782.0","13975.0","1545.0","1925.0","33134.0","46005.0"
"207","2012","12","Uttar Pradesh","Etawah","22894.0","31620.0","11109.0","11269.0","1266.0","815.0","35269.0","43704.0"
"207","2013","12","Uttar Pradesh","Etawah","21725.0","26991.0","3969.0","8597.0","614.0","1106.0","26308.0","36694.0"
"207","2014","12","Uttar Pradesh","Etawah","21833.0","30129.0","5772.0","9249.0","1039.0","2039.0","28644.0","41417.0"
"207","2015","12","Uttar Pradesh","Etawah","24558.0","23392.0","9093.0","8879.0","1363.0","1950.0","35015.0","34221.0"
"207","2016","12","Uttar Pradesh","Etawah","19845.0","27547.0","6729.0","11881.0","1846.0","2044.0","28420.0","41472.0"
"207","2017","12","Uttar Pradesh","Etawah","29046.0","38815.0","6405.0","21592.0","1093.0","1459.0","36546.0","61866.0"
"208","1990","12","Uttar Pradesh","Kanpur","9590.0","28236.0","2524.0","8063.0","602.0","1530.0","12716.0","37829.0"
"208","1991","12","Uttar Pradesh","Kanpur","6993.0","27342.0","1562.0","7660.0","472.0","1302.0","9027.0","36304.0"
"208","1993","12","Uttar Pradesh","Kanpur","9277.0","32093.0","1369.0","5255.0","328.0","334.0","10974.0","37682.0"
"208","1994","12","Uttar Pradesh","Kanpur","11434.0","33458.0","3149.0","5323.0","510.0","639.0","15093.0","39420.0"
"208","1995","12","Uttar Pradesh","Kanpur","13191.0","39055.0","4131.0","5001.0","424.0","519.0","17746.0","44575.0"
"208","1996","12","Uttar Pradesh","Kanpur","15816.0","41540.0","4333.0","7436.0","894.0","399.0","21043.0","49375.0"
"208","1997","12","Uttar Pradesh","Kanpur","18089.0","41305.0","8566.0","12439.0","723.0","450.0","27378.0","54194.0"
"208","1998","12","Uttar Pradesh","Kanpur","-1.0","-1.0","-1.0","-1.0","-1.0","-1.0","-1.0","-1.0"
"208","1999","12","Uttar Pradesh","Kanpur","-1.0","-1.0","-1.0","-1.0","-1.0","-1.0","-1.0","-1.0"
"208","2000","12","Uttar Pradesh","Kanpur","16808.0","35455.0","3280.0","16488.0","261.0","1009.0","20349.0","52952.0"
"208","2001","12","Uttar Pradesh","Kanpur","19939.0","35543.0","5554.0","14949.0","686.0","854.0","27286.0","51346.0"
"208","2002","12","Uttar Pradesh","Kanpur","11818.0","35495.0","2731.0","14707.0","197.0","1603.0","14746.0","51805.0"
"208","2003","12","Uttar Pradesh","Kanpur","19156.0","35883.0","6123.0","14774.0","812.0","1637.0","26091.0","52294.0"
"208","2004","12","Uttar Pradesh","Kanpur","19378.0","35967.0","4498.0","15758.0","1381.0","1670.0","25257.0","53395.0"
"208","2005","12","Uttar Pradesh","Kanpur","19920.0","36798.0","5190.0","17563.0","1013.0","2108.0","26123.0","56469.0"
"208","2006","12","Uttar Pradesh","Kanpur","20087.0","42099.0","7646.0","15810.0","1516.0","1480.0","29249.0","59389.0"
"208","2007","12","Uttar Pradesh","Kanpur","33055.0","60184.0","7375.0","21109.0","1813.0","2644.0","42243.0","83937.0"
"208","2008","12","Uttar Pradesh","Kanpur","35580.0","61836.0","9944.0","20427.0","2732.0","3350.0","48256.0","85613.0"
"208","2009","12","Uttar Pradesh","Kanpur","35365.0","62720.0","11004.0","24228.0","1680.0","6493.0","48049.0","93441.0"
"208","2010","12","Uttar Pradesh","Kanpur","48538.0","65277.0","24037.0","27533.0","7435.0","5789.0","80010.0","98599.0"
"208","2011","12","Uttar Pradesh","Kanpur","53515.0","71847.0","25021.0","24079.0","3028.0","6736.0","81564.0","102662.0"
"208","2012","12","Uttar Pradesh","Kanpur","50443.0","43044.0","19344.0","15340.0","3115.0","1109.0","72902.0","59493.0"
"208","2013","12","Uttar Pradesh","Kanpur","23251.0","36744.0","4248.0","11703.0","657.0","1505.0","28156.0","49952.0"
"208","2014","12","Uttar Pradesh","Kanpur","23367.0","41014.0","6178.0","12590.0","1111.0","2775.0","30656.0","56379.0"
"208","2015","12","Uttar Pradesh","Kanpur","26283.0","31844.0","9732.0","12088.0","1458.0","2654.0","37474.0","46586.0"
"208","2016","12","Uttar Pradesh","Kanpur","21238.0","37500.0","7202.0","16173.0","1976.0","2782.0","30416.0","56455.0"
"208","2017","12","Uttar Pradesh","Kanpur","54165.0","120484.0","11994.0","33136.0","3430.0","4290.0","69589.0","157910.0"
"209","1990","12","Uttar Pradesh","Fatehpur","11869.0","15905.0","2193.0","2982.0","563.0","682.0","14625.0","19569.0"
"209","1991","12","Uttar Pradesh","Fatehpur","9678.0","15774.0","2387.0","2982.0","628.0","581.0","12693.0","19337.0"
"209","1993","12","Uttar Pradesh","Fatehpur","7700.0","17199.0","480.0","2477.0","191.0","202.0","8371.0","19878.0"
"209","1994","12","Uttar Pradesh","Fatehpur","9306.0","17947.0","1202.0","2667.0","206.0","446.0","10714.0","21060.0"
"209","1995","12","Uttar Pradesh","Fatehpur","9969.0","18572.0","1053.0","1928.0","252.0","396.0","11274.0","20896.0"
"209","1996","12","Uttar Pradesh","Fatehpur","9564.0","19534.0","1336.0","2584.0","267.0","269.0","11167.0","22387.0"
"209","1997","12","Uttar Pradesh","Fatehpur","10738.0","20233.0","1397.0","2582.0","202.0","448.0","12337.0","23263.0"
"209","1998","12","Uttar Pradesh","Fatehpur","-1.0","-1.0","-1.0","-1.0","-1.0","-1.0","-1.0","-1.0"
"209","1999","12","Uttar Pradesh","Fatehpur","-1.0","-1.0","-1.0","-1.0","-1.0","-1.0","-1.0","-1.0"
"209","2000","12","Uttar Pradesh","Fatehpur","6972.0","24815.0","972.0","12024.0","79.0","1344.0","8023.0","38183.0"
"209","2001","12","Uttar Pradesh","Fatehpur","12754.0","26449.0","2071.0","12278.0","220.0","595.0","15261.0","39322.0"
"209","2002","12","Uttar Pradesh","Fatehpur","13953.0","26414.0","2552.0","12079.0","347.0","1117.0","16852.0","39610.0"
"209","2003","12","Uttar Pradesh","Fatehpur","11178.0","25972.0","2159.0","11811.0","239.0","1458.0","13576.0","39241.0"
"209","2004","12","Uttar Pradesh","Fatehpur","11308.0","26032.0","1586.0","12597.0","406.0","1486.0","13300.0","40115.0"
"209","2005","12","Uttar Pradesh","Fatehpur","11473.0","26633.0","1725.0","14042.0","323.0","1877.0","13521.0","42552.0"
"209","2006","12","Uttar Pradesh","Fatehpur","12745.0","30471.0","3513.0","12639.0","792.0","1318.0","17050.0","44428.0"
"209","2007","12","Uttar Pradesh","Fatehpur","12353.0","20984.0","3169.0","6823.0","820.0","1391.0","16342.0","29198.0"
"209","2008","12","Uttar Pradesh","Fatehpur","13296.0","21560.0","4273.0","6602.0","1236.0","1762.0","18805.0","29924.0"
"209","2009","12","Uttar Pradesh","Fatehpur","13216.0","21868.0","4729.0","7831.0","760.0","3415.0","18705.0","33114.0"
"209","2010","12","Uttar Pradesh","Fatehpur","18565.0","28984.0","8461.0","8039.0","948.0","1695.0","27974.0","38718.0"
"209","2011","12","Uttar Pradesh","Fatehpur","16656.0","22209.0","4737.0","7121.0","1034.0","1153.0","22427.0","30483.0"
"209","2012","12","Uttar Pradesh","Fatehpur","17377.0","31283.0","4799.0","11149.0","792.0","806.0","22968.0","43238.0"
"209","2013","12","Uttar Pradesh","Fatehpur","22660.0","26703.0","4140.0","8505.0","641.0","1094.0","27441.0","36302.0"
"209","2014","12","Uttar Pradesh","Fatehpur","22773.0","29807.0","6021.0","9150.0","1083.0","2017.0","29877.0","40974.0"
"209","2015","12","Uttar Pradesh","Fatehpur","25616.0","23143.0","9485.0","8785.0","1422.0","1929.0","36522.0","33857.0"
"209","2016","12","Uttar Pradesh","Fatehpur","20699.0","27253.0","7019.0","11754.0","1925.0","2022.0","29644.0","41029.0"
"209","2017","12","Uttar Pradesh","Fatehpur","20004.0","29647.0","4691.0","15969.0","1137.0","1726.0","25833.0","47342.0"
"210","1990","12","Uttar Pradesh","Allahabad","22777.0","31090.0","3316.0","8209.0","969.0","1466.0","27062.0","40765.0"
"210","1991","12","Uttar Pradesh","Allahabad","19008.0","33581.0","4429.0","7934.0","1189.0","1344.0","24626.0","42859.0"
"210","1993","12","Uttar Pradesh","Allahabad","14455.0","40277.0","1677.0","9249.0","316.0","617.0","16448.0","50143.0"
"210","1994","12","Uttar Pradesh","Allahabad","16613.0","45261.0","6311.0","9260.0","703.0","2210.0","23627.0","56731.0"
"210","1995","12","Uttar Pradesh","Allahabad","30229.0","43716.0","5824.0","6852.0","931.0","1282.0","36984.0","51850.0"
"210","1996","12","Uttar Pradesh","Allahabad","30577.0","46290.0","4493.0","9611.0","876.0","888.0","35946.0","56789.0"
"210","1997","12","Uttar Pradesh","Allahabad","31019.0","45798.0","6194.0","8338.0","480.0","1398.0","37693.0","55534.0"
"210","1998","12","Uttar Pradesh","Allahabad","-1.0","-1.0","-1.0","-1.0","-1.0","-1.0","-1.0","-1.0"
"210","1999","12","Uttar Pradesh","Allahabad","-1.0","-1.0","-1.0","-1.0","-1.0","-1.0","-1.0","-1.0"
"210","2000","12","Uttar Pradesh","Allahabad","37911.0","42967.0","4194.0","16997.0","259.0","2303.0","42364.0","62267.0"
"210","2001","12","Uttar Pradesh","Allahabad","42424.0","46284.0","7746.0","18498.0","636.0","1068.0","52065.0","65850.0"
"210","2002","12","Uttar Pradesh","Allahabad","38120.0","46222.0","8220.0","18199.0","793.0","2006.0","47133.0","66427.0"
"210","2003","12","Uttar Pradesh","Allahabad","37980.0","45521.0","8573.0","17667.0","788.0","2522.0","47341.0","65710.0"
"210","2004","12","Uttar Pradesh","Allahabad","38423.0","45628.0","6298.0","18843.0","1342.0","2571.0","46063.0","67042.0"
"210","2005","12","Uttar Pradesh","Allahabad","38951.0","46681.0","6996.0","21003.0","1112.0","3248.0","47059.0","70932.0"
"210","2006","12","Uttar Pradesh","Allahabad","41647.0","53407.0","9968.0","18906.0","1211.0","2280.0","52826.0","74593.0"
"210","2007","12","Uttar Pradesh","Allahabad","37505.0","60581.0","10401.0","18396.0","2065.0","4459.0","49971.0","83436.0"
"210","2008","12","Uttar Pradesh","Allahabad","40370.0","62244.0","14025.0","17802.0","3113.0","5650.0","57508.0","85696.0"
"210","2009","12","Uttar Pradesh","Allahabad","40126.0","63134.0","15520.0","21115.0","1914.0","10951.0","57560.0","95200.0"
"210","2010","12","Uttar Pradesh","Allahabad","56216.0","75454.0","20138.0","20436.0","3335.0","4555.0","79689.0","100445.0"
"210","2011","12","Uttar Pradesh","Allahabad","43705.0","70215.0","17747.0","17706.0","3192.0","4860.0","64644.0","92781.0"
"210","2012","12","Uttar Pradesh","Allahabad","53069.0","44226.0","11730.0","15762.0","2636.0","1139.0","67435.0","61127.0"
"210","2013","12","Uttar Pradesh","Allahabad","32878.0","37752.0","6006.0","12025.0","929.0","1547.0","39813.0","51324.0"
"210","2014","12","Uttar Pradesh","Allahabad","33042.0","42140.0","8735.0","12936.0","1572.0","2851.0","43349.0","57927.0"
"210","2015","12","Uttar Pradesh","Allahabad","37166.0","32718.0","13761.0","12420.0","2062.0","2727.0","52991.0","47865.0"
"210","2016","12","Uttar Pradesh","Allahabad","30032.0","38529.0","10183.0","16617.0","2794.0","2859.0","43010.0","58005.0"
"210","2017","12","Uttar Pradesh","Allahabad","40034.0","68354.0","10255.0","29573.0","6040.0","7152.0","56329.0","105079.0"
"211","1990","12","Uttar Pradesh","Jhansi","1000.0","10188.0","685.0","7415.0","58.0","76.0","1743.0","17679.0"
"211","1991","12","Uttar Pradesh","Jhansi","1153.0","10083.0","1050.0","7194.0","15.0","103.0","2218.0","17380.0"
"211","1993","12","Uttar Pradesh","Jhansi","523.0","12883.0","186.0","7524.0","95.0","110.0","804.0","20517.0"
"211","1994","12","Uttar Pradesh","Jhansi","1780.0","11808.0","1548.0","6033.0","26.0","23.0","3354.0","17864.0"
"211","1995","12","Uttar Pradesh","Jhansi","1761.0","24274.0","2759.0","7697.0","9.0","38.0","4529.0","32009.0"
"211","1996","12","Uttar Pradesh","Jhansi","1281.0","14724.0","1932.0","7694.0","55.0","9.0","3268.0","22427.0"
"211","1997","12","Uttar Pradesh","Jhansi","1220.0","15633.0","1765.0","7762.0","5.0","27.0","2990.0","23422.0"
"211","1998","12","Uttar Pradesh","Jhansi","-1.0","-1.0","-1.0","-1.0","-1.0","-1.0","-1.0","-1.0"
"211","1999","12","Uttar Pradesh","Jhansi","-1.0","-1.0","-1.0","-1.0","-1.0","-1.0","-1.0","-1.0"
"211","2000","12","Uttar Pradesh","Jhansi","1723.0","15995.0","1988.0","14706.0","1.0","23.0","3712.0","30724.0"
"211","2001","12","Uttar Pradesh","Jhansi","2826.0","17477.0","2974.0","13423.0","2.0","14.0","6242.0","30914.0"
"211","2002","12","Uttar Pradesh","Jhansi","1347.0","17453.0","1452.0","13206.0","17.0","28.0","2816.0","30687.0"
"211","2003","12","Uttar Pradesh","Jhansi","3254.0","17044.0","3073.0","12779.0","38.0","196.0","6365.0","30019.0"
"211","2004","12","Uttar Pradesh","Jhansi","3291.0","17085.0","2259.0","13630.0","64.0","200.0","5614.0","30915.0"
"211","2005","12","Uttar Pradesh","Jhansi","3287.0","17478.0","2386.0","15193.0","33.0","254.0","5706.0","32925.0"
"211","2006","12","Uttar Pradesh","Jhansi","3546.0","19997.0","3499.0","13676.0","16.0","178.0","7061.0","33851.0"
"211","2007","12","Uttar Pradesh","Jhansi","4917.0","18023.0","3331.0","10196.0","550.0","2030.0","8798.0","30249.0"
"211","2008","12","Uttar Pradesh","Jhansi","5293.0","18517.0","4492.0","9867.0","828.0","2572.0","10613.0","30956.0"
"211","2009","12","Uttar Pradesh","Jhansi","5261.0","18782.0","4971.0","11703.0","509.0","4985.0","10740.0","35470.0"
"211","2010","12","Uttar Pradesh","Jhansi","13584.0","29499.0","12651.0","16535.0","1551.0","1554.0","27786.0","47588.0"
"211","2011","12","Uttar Pradesh","Jhansi","13047.0","36415.0","16017.0","20751.0","1353.0","409.0","30417.0","57575.0"
"211","2012","12","Uttar Pradesh","Jhansi","6220.0","75699.0","6040.0","26978.0","408.0","1950.0","12668.0","104627.0"
"211","2013","12","Uttar Pradesh","Jhansi","45457.0","64618.0","8304.0","20582.0","1286.0","2648.0","55047.0","87848.0"
"211","2014","12","Uttar Pradesh","Jhansi","45684.0","72129.0","12077.0","22141.0","2173.0","4880.0","59934.0","99150.0"
"211","2015","12","Uttar Pradesh","Jhansi","51385.0","56002.0","19027.0","21258.0","2851.0","4668.0","73263.0","81928.0"
"211","2016","12","Uttar Pradesh","Jhansi","41523.0","65948.0","14080.0","28442.0","3863.0","4893.0","59465.0","99283.0"
"211","2017","12","Uttar Pradesh","Jhansi","23514.0","43469.0","5658.0","42740.0","481.0","2053.0","29654.0","88262.0"
"213","1990","12","Uttar Pradesh","Jalaun","744.0","8305.0","468.0","3959.0","23.0","145.0","1235.0","12409.0"
"213","1991","12","Uttar Pradesh","Jalaun","1075.0","8342.0","593.0","4315.0","40.0","176.0","1708.0","12833.0"
"213","1993","12","Uttar Pradesh","Jalaun","289.0","8450.0","218.0","4065.0","7.0","85.0","514.0","12600.0"
"213","1994","12","Uttar Pradesh","Jalaun","1403.0","10387.0","1287.0","4406.0","13.0","56.0","2703.0","14849.0"
"213","1995","12","Uttar Pradesh","Jalaun","1326.0","3301.0","1431.0","1546.0","4.0","11.0","2761.0","4858.0"
"213","1996","12","Uttar Pradesh","Jalaun","918.0","12576.0","1048.0","4895.0","30.0","22.0","1996.0","17493.0"
"213","1997","12","Uttar Pradesh","Jalaun","1358.0","13150.0","1417.0","4617.0","9.0","23.0","2784.0","17790.0"
"213","1998","12","Uttar Pradesh","Jalaun","-1.0","-1.0","-1.0","-1.0","-1.0","-1.0","-1.0","-1.0"
"213","1999","12","Uttar Pradesh","Jalaun","-1.0","-1.0","-1.0","-1.0","-1.0","-1.0","-1.0","-1.0"
"213","2000","12","Uttar Pradesh","Jalaun","702.0","12254.0","374.0","6515.0","6.0","68.0","1082.0","18837.0"
"213","2001","12","Uttar Pradesh","Jalaun","1483.0","16053.0","1006.0","8157.0","4.0","33.0","2714.0","24243.0"
"213","2002","12","Uttar Pradesh","Jalaun","1295.0","16031.0","712.0","8025.0","7.0","63.0","2014.0","24119.0"
"213","2003","12","Uttar Pradesh","Jalaun","1624.0","15542.0","1036.0","7849.0","14.0","141.0","2674.0","23532.0"
"213","2004","12","Uttar Pradesh","Jalaun","1642.0","15579.0","761.0","8372.0","23.0","144.0","2426.0","24095.0"
"213","2005","12","Uttar Pradesh","Jalaun","1645.0","15938.0","804.0","9332.0","10.0","182.0","2459.0","25452.0"
"213","2006","12","Uttar Pradesh","Jalaun","1801.0","18235.0","1235.0","8400.0","27.0","128.0","3063.0","26763.0"
"213","2007","12","Uttar Pradesh","Jalaun","2581.0","15827.0","1156.0","5804.0","212.0","927.0","3949.0","22558.0"
"213","2008","12","Uttar Pradesh","Jalaun","2778.0","16261.0","1559.0","5616.0","320.0","1175.0","4657.0","23052.0"
"213","2009","12","Uttar Pradesh","Jalaun","2762.0","16494.0","1725.0","6662.0","196.0","2277.0","4683.0","25433.0"
"213","2010","12","Uttar Pradesh","Jalaun","13899.0","22910.0","4354.0","5475.0","90.0","836.0","18343.0","29221.0"
"213","2011","12","Uttar Pradesh","Jalaun","5315.0","21422.0","4088.0","8081.0","604.0","211.0","10007.0","29714.0"
"213","2012","12","Uttar Pradesh","Jalaun","4023.0","38703.0","2456.0","13793.0","174.0","997.0","6653.0","53493.0"
"213","2013","12","Uttar Pradesh","Jalaun","7664.0","33038.0","1400.0","10523.0","217.0","1354.0","9281.0","44915.0"
"213","2014","12","Uttar Pradesh","Jalaun","7702.0","36878.0","2036.0","11320.0","366.0","2495.0","10105.0","50693.0"
"213","2015","12","Uttar Pradesh","Jalaun","8663.0","28633.0","3208.0","10869.0","481.0","2387.0","12352.0","41889.0"
"213","2016","12","Uttar Pradesh","Jalaun","7001.0","33718.0","2374.0","14542.0","651.0","2502.0","10026.0","50762.0"
"213","2017","12","Uttar Pradesh","Jalaun","8144.0","25946.0","1758.0","16230.0","69.0","1041.0","9971.0","43217.0"
"214","1990","12","Uttar Pradesh","Hamirpur","1018.0","6106.0","461.0","4156.0","21.0","49.0","1500.0","10311.0"
"214","1991","12","Uttar Pradesh","Hamirpur","419.0","6175.0","286.0","4055.0","29.0","68.0","734.0","10298.0"
"214","1993","12","Uttar Pradesh","Hamirpur","439.0","5863.0","322.0","2604.0","11.0","84.0","772.0","8551.0"
"214","1994","12","Uttar Pradesh","Hamirpur","439.0","4061.0","631.0","3238.0","10.0","23.0","1080.0","7322.0"
"214","1995","12","Uttar Pradesh","Hamirpur","596.0","11610.0","623.0","4469.0","13.0","35.0","1232.0","16114.0"
"214","1996","12","Uttar Pradesh","Hamirpur","668.0","5477.0","513.0","3349.0","75.0","7.0","1256.0","8833.0"
"214","1997","12","Uttar Pradesh","Hamirpur","1025.0","6777.0","1571.0","3197.0","11.0","20.0","2607.0","9994.0"
"214","1998","12","Uttar Pradesh","Hamirpur","-1.0","-1.0","-1.0","-1.0","-1.0","-1.0","-1.0","-1.0"
"214","1999","12","Uttar Pradesh","Hamirpur","-1.0","-1.0","-1.0","-1.0","-1.0","-1.0","-1.0","-1.0"
"214","2000","12","Uttar Pradesh","Hamirpur","1757.0","7125.0","1698.0","6185.0","3.0","47.0","3458.0","13357.0"
"214","2001","12","Uttar Pradesh","Hamirpur","2396.0","8852.0","2509.0","6340.0","15.0","28.0","5675.0","15220.0"
"214","2002","12","Uttar Pradesh","Hamirpur","823.0","8839.0","818.0","6237.0","22.0","54.0","1663.0","15130.0"
"214","2003","12","Uttar Pradesh","Hamirpur","2300.0","8652.0","2558.0","6109.0","30.0","71.0","4888.0","14832.0"
"214","2004","12","Uttar Pradesh","Hamirpur","2327.0","8672.0","1879.0","6515.0","50.0","72.0","4256.0","15259.0"
"214","2005","12","Uttar Pradesh","Hamirpur","2314.0","8873.0","2001.0","7262.0","26.0","92.0","4341.0","16227.0"
"214","2006","12","Uttar Pradesh","Hamirpur","2484.0","10151.0","2934.0","6537.0","5.0","64.0","5423.0","16752.0"
"214","2007","12","Uttar Pradesh","Hamirpur","1238.0","8010.0","551.0","3537.0","406.0","1836.0","2195.0","13383.0"
"214","2008","12","Uttar Pradesh","Hamirpur","1332.0","8230.0","743.0","3422.0","612.0","2328.0","2687.0","13980.0"
"214","2009","12","Uttar Pradesh","Hamirpur","1324.0","8347.0","822.0","4058.0","377.0","4511.0","2523.0","16916.0"
"214","2010","12","Uttar Pradesh","Hamirpur","12643.0","11099.0","4006.0","6484.0","1447.0","1377.0","18096.0","18960.0"
"214","2011","12","Uttar Pradesh","Hamirpur","4065.0","14645.0","3831.0","6661.0","1192.0","399.0","9088.0","21705.0"
"214","2012","12","Uttar Pradesh","Hamirpur","2216.0","56324.0","3653.0","20073.0","325.0","1452.0","6194.0","77849.0"
"214","2013","12","Uttar Pradesh","Hamirpur","25921.0","48079.0","4735.0","15313.0","733.0","1970.0","31389.0","65362.0"
"214","2014","12","Uttar Pradesh","Hamirpur","26050.0","53667.0","6887.0","16474.0","1239.0","3632.0","34176.0","73773.0"
"214","2015","12","Uttar Pradesh","Hamirpur","29302.0","41668.0","10849.0","15817.0","1627.0","3474.0","41777.0","60959.0"
"214","2016","12","Uttar Pradesh","Hamirpur","23677.0","49068.0","8028.0","21163.0","2202.0","3641.0","33908.0","73872.0"
"214","2017","12","Uttar Pradesh","Hamirpur","8283.0","24964.0","2224.0","18356.0","233.0","1433.0","10740.0","44753.0"
"215","1990","12","Uttar Pradesh","Banda","2503.0","7015.0","697.0","3758.0","37.0","112.0","3237.0","10885.0"
"215","1991","12","Uttar Pradesh","Banda","1969.0","7179.0","747.0","3467.0","36.0","56.0","2752.0","10702.0"
"215","1993","12","Uttar Pradesh","Banda","802.0","6528.0","247.0","2105.0","30.0","145.0","1079.0","8778.0"
"215","1994","12","Uttar Pradesh","Banda","2824.0","6879.0","872.0","2610.0","55.0","70.0","3751.0","9559.0"
"215","1995","12","Uttar Pradesh","Banda","1647.0","5673.0","925.0","3509.0","15.0","10.0","2587.0","9192.0"
"215","1996","12","Uttar Pradesh","Banda","1495.0","6761.0","989.0","2779.0","42.0","15.0","2526.0","9555.0"
"215","1997","12","Uttar Pradesh","Banda","1785.0","8260.0","674.0","3124.0","24.0","31.0","2483.0","11415.0"
"215","1998","12","Uttar Pradesh","Banda","-1.0","-1.0","-1.0","-1.0","-1.0","-1.0","-1.0","-1.0"
"215","1999","12","Uttar Pradesh","Banda","-1.0","-1.0","-1.0","-1.0","-1.0","-1.0","-1.0","-1.0"
"215","2000","12","Uttar Pradesh","Banda","2275.0","6806.0","723.0","5072.0","6.0","54.0","3004.0","11932.0"
"215","2001","12","Uttar Pradesh","Banda","3125.0","8066.0","1237.0","5025.0","20.0","32.0","5642.0","13123.0"
"215","2002","12","Uttar Pradesh","Banda","1234.0","8055.0","505.0","4944.0","29.0","61.0","1768.0","13060.0"
"215","2003","12","Uttar Pradesh","Banda","2901.0","7528.0","1266.0","4806.0","13.0","65.0","4180.0","12399.0"
"215","2004","12","Uttar Pradesh","Banda","2935.0","8147.0","930.0","5126.0","23.0","66.0","3888.0","13339.0"
"215","2005","12","Uttar Pradesh","Banda","2951.0","8335.0","982.0","5714.0","8.0","84.0","3941.0","14133.0"
"215","2006","12","Uttar Pradesh","Banda","3202.0","9535.0","1451.0","5143.0","5.0","59.0","4658.0","14737.0"
"215","2007","12","Uttar Pradesh","Banda","2548.0","9469.0","759.0","6108.0","375.0","1485.0","3682.0","17062.0"
"215","2008","12","Uttar Pradesh","Banda","2743.0","9729.0","1025.0","5911.0","566.0","1884.0","4334.0","17524.0"
"215","2009","12","Uttar Pradesh","Banda","2727.0","9869.0","1133.0","7010.0","347.0","3651.0","4208.0","20530.0"
"215","2010","12","Uttar Pradesh","Banda","13884.0","13332.0","3981.0","6732.0","2533.0","1341.0","20398.0","21405.0"
"215","2011","12","Uttar Pradesh","Banda","5195.0","18180.0","4468.0","9407.0","901.0","451.0","10564.0","28038.0"
"215","2012","12","Uttar Pradesh","Banda","4993.0","49805.0","4214.0","17750.0","366.0","1283.0","9573.0","68838.0"
"215","2013","12","Uttar Pradesh","Banda","22293.0","42514.0","4073.0","13541.0","630.0","1742.0","26996.0","57797.0"
"215","2014","12","Uttar Pradesh","Banda","22404.0","47455.0","5923.0","14567.0","1066.0","3211.0","29392.0","65233.0"
"215","2015","12","Uttar Pradesh","Banda","25201.0","36845.0","9331.0","13986.0","1398.0","3072.0","35930.0","53903.0"
"215","2016","12","Uttar Pradesh","Banda","20364.0","43389.0","6905.0","18713.0","1895.0","3219.0","29163.0","65321.0"
"215","2017","12","Uttar Pradesh","Banda","9593.0","21972.0","2487.0","16693.0","522.0","1524.0","12602.0","40189.0"
"216","1990","12","Uttar Pradesh","Varanasi","19604.0","25969.0","4490.0","7652.0","2067.0","3817.0","26161.0","37438.0"
"216","1991","12","Uttar Pradesh","Varanasi","20931.0","26522.0","4708.0","7860.0","1779.0","4006.0","27418.0","38388.0"
"216","1993","12","Uttar Pradesh","Varanasi","19096.0","30170.0","2358.0","6086.0","887.0","1199.0","22341.0","37455.0"
"216","1994","12","Uttar Pradesh","Varanasi","22049.0","33394.0","3911.0","6064.0","1620.0","3312.0","27580.0","42770.0"
"216","1995","12","Uttar Pradesh","Varanasi","26908.0","32341.0","9548.0","5984.0","3332.0","1904.0","39788.0","40229.0"
"216","1996","12","Uttar Pradesh","Varanasi","26134.0","38319.0","6870.0","8739.0","3161.0","1829.0","36165.0","48887.0"
"216","1997","12","Uttar Pradesh","Varanasi","32328.0","36752.0","12676.0","7551.0","2799.0","3004.0","47803.0","47307.0"
"216","1998","12","Uttar Pradesh","Varanasi","-1.0","-1.0","-1.0","-1.0","-1.0","-1.0","-1.0","-1.0"
"216","1999","12","Uttar Pradesh","Varanasi","-1.0","-1.0","-1.0","-1.0","-1.0","-1.0","-1.0","-1.0"
"216","2000","12","Uttar Pradesh","Varanasi","27979.0","38371.0","7412.0","13584.0","1248.0","4337.0","36639.0","56292.0"
"216","2001","12","Uttar Pradesh","Varanasi","33100.0","43351.0","11830.0","13827.0","4753.0","1537.0","51986.0","58715.0"
"216","2002","12","Uttar Pradesh","Varanasi","30908.0","43294.0","11206.0","13603.0","1713.0","2887.0","43827.0","59784.0"
"216","2003","12","Uttar Pradesh","Varanasi","30895.0","42633.0","13217.0","13449.0","4246.0","3337.0","48358.0","59419.0"
"216","2004","12","Uttar Pradesh","Varanasi","31256.0","42732.0","9711.0","14343.0","7225.0","3402.0","48192.0","60477.0"
"216","2005","12","Uttar Pradesh","Varanasi","31552.0","43718.0","10053.0","15988.0","5935.0","4296.0","47540.0","64002.0"
"216","2006","12","Uttar Pradesh","Varanasi","33783.0","50017.0","14765.0","14392.0","5279.0","3017.0","53827.0","67426.0"
"216","2007","12","Uttar Pradesh","Varanasi","28524.0","43873.0","13055.0","19439.0","5681.0","4044.0","47260.0","67356.0"
"216","2008","12","Uttar Pradesh","Varanasi","30702.0","45077.0","17603.0","18812.0","8559.0","5123.0","56864.0","69012.0"
"216","2009","12","Uttar Pradesh","Varanasi","30517.0","45722.0","19479.0","22312.0","5263.0","9929.0","55259.0","77963.0"
"216","2010","12","Uttar Pradesh","Varanasi","26296.0","49572.0","19097.0","19268.0","4699.0","5542.0","50092.0","74382.0"
"216","2011","12","Uttar Pradesh","Varanasi","33763.0","46943.0","14712.0","16575.0","3593.0","3073.0","52068.0","66591.0"
"216","2012","12","Uttar Pradesh","Varanasi","34086.0","30455.0","18367.0","10854.0","2401.0","785.0","54854.0","42094.0"
"216","2013","12","Uttar Pradesh","Varanasi","26530.0","25997.0","4847.0","8280.0","750.0","1066.0","32127.0","35343.0"
"216","2014","12","Uttar Pradesh","Varanasi","26664.0","29018.0","7048.0","8908.0","1268.0","1964.0","34981.0","39890.0"
"216","2015","12","Uttar Pradesh","Varanasi","29991.0","22530.0","11106.0","8552.0","1664.0","1878.0","42761.0","32960.0"
"216","2016","12","Uttar Pradesh","Varanasi","20111.0","20939.0","6819.0","9031.0","1870.0","1553.0","28802.0","31523.0"
"216","2017","12","Uttar Pradesh","Varanasi","50930.0","36953.0","11197.0","15707.0","2947.0","1759.0","65074.0","54419.0"
"217","1990","12","Uttar Pradesh","Mirzpur","6166.0","7945.0","2810.0","2783.0","873.0","1016.0","9849.0","11744.0"
"217","1991","12","Uttar Pradesh","Mirzpur","6598.0","7912.0","2359.0","3044.0","969.0","1035.0","9926.0","11991.0"
"217","1993","12","Uttar Pradesh","Mirzpur","7527.0","9482.0","2561.0","2480.0","185.0","109.0","10273.0","12071.0"
"217","1994","12","Uttar Pradesh","Mirzpur","8567.0","8821.0","4257.0","3594.0","190.0","256.0","13014.0","12671.0"
"217","1995","12","Uttar Pradesh","Mirzpur","10436.0","8540.0","5671.0","3766.0","301.0","217.0","16408.0","12523.0"
"217","1996","12","Uttar Pradesh","Mirzpur","10223.0","7531.0","5039.0","4724.0","364.0","133.0","15626.0","12388.0"
"217","1997","12","Uttar Pradesh","Mirzpur","10346.0","7021.0","7345.0","4389.0","222.0","191.0","17913.0","11601.0"
"217","1998","12","Uttar Pradesh","Mirzpur","-1.0","-1.0","-1.0","-1.0","-1.0","-1.0","-1.0","-1.0"
"217","1999","12","Uttar Pradesh","Mirzpur","-1.0","-1.0","-1.0","-1.0","-1.0","-1.0","-1.0","-1.0"
"217","2000","12","Uttar Pradesh","Mirzpur","10837.0","8643.0","4581.0","6029.0","181.0","295.0","15599.0","14967.0"
"217","2001","12","Uttar Pradesh","Mirzpur","14795.0","10758.0","7094.0","5436.0","374.0","216.0","23020.0","16410.0"
"217","2002","12","Uttar Pradesh","Mirzpur","9202.0","10744.0","5013.0","5348.0","97.0","405.0","14312.0","16497.0"
"217","2003","12","Uttar Pradesh","Mirzpur","13745.0","10705.0","7199.0","5687.0","355.0","615.0","21299.0","17007.0"
"217","2004","12","Uttar Pradesh","Mirzpur","13905.0","10730.0","5288.0","6066.0","604.0","627.0","19797.0","17423.0"
"217","2005","12","Uttar Pradesh","Mirzpur","13967.0","10978.0","5627.0","6761.0","482.0","791.0","20076.0","18530.0"
"217","2006","12","Uttar Pradesh","Mirzpur","15262.0","12560.0","8705.0","6085.0","574.0","556.0","24541.0","19201.0"
"217","2007","12","Uttar Pradesh","Mirzpur","14288.0","16484.0","8922.0","9403.0","528.0","2130.0","23738.0","28017.0"
"217","2008","12","Uttar Pradesh","Mirzpur","15379.0","16936.0","12030.0","9100.0","796.0","2698.0","28205.0","28734.0"
"217","2009","12","Uttar Pradesh","Mirzpur","15287.0","17178.0","13313.0","10794.0","489.0","5230.0","29089.0","33202.0"
"217","2010","12","Uttar Pradesh","Mirzpur","2491.0","17963.0","8598.0","8701.0","665.0","1637.0","11754.0","28301.0"
"217","2011","12","Uttar Pradesh","Mirzpur","14712.0","21844.0","6524.0","10880.0","1358.0","1729.0","22594.0","34453.0"
"217","2012","12","Uttar Pradesh","Mirzpur","16121.0","29357.0","9311.0","10462.0","1188.0","757.0","26620.0","40576.0"
"217","2013","12","Uttar Pradesh","Mirzpur","23751.0","25059.0","4339.0","7981.0","671.0","1027.0","28761.0","34067.0"
"217","2014","12","Uttar Pradesh","Mirzpur","23870.0","27971.0","6310.0","8587.0","1136.0","1893.0","31315.0","38451.0"
"217","2015","12","Uttar Pradesh","Mirzpur","26848.0","21718.0","9942.0","8244.0","1490.0","1811.0","38280.0","31773.0"
"217","2016","12","Uttar Pradesh","Mirzpur","21696.0","25575.0","7357.0","11030.0","2018.0","1898.0","31070.0","38503.0"
"217","2017","12","Uttar Pradesh","Mirzpur","58527.0","20081.0","12186.0","13755.0","1230.0","1116.0","71943.0","34952.0"
"218","1990","12","Uttar Pradesh","Jaunpur","16239.0","21448.0","5309.0","5513.0","1751.0","1650.0","23299.0","28611.0"
"218","1991","12","Uttar Pradesh","Jaunpur","17402.0","20528.0","4183.0","5757.0","1913.0","1536.0","23498.0","27821.0"
"218","1993","12","Uttar Pradesh","Jaunpur","11982.0","20287.0","1124.0","3781.0","215.0","213.0","13321.0","24281.0"
"218","1994","12","Uttar Pradesh","Jaunpur","14123.0","18032.0","1882.0","4166.0","493.0","262.0","16498.0","22460.0"
"218","1995","12","Uttar Pradesh","Jaunpur","11323.0","18229.0","2535.0","3979.0","346.0","214.0","14204.0","22422.0"
"218","1996","12","Uttar Pradesh","Jaunpur","15677.0","20106.0","2719.0","4817.0","482.0","218.0","18878.0","25141.0"
"218","1997","12","Uttar Pradesh","Jaunpur","17065.0","23133.0","4143.0","4538.0","483.0","443.0","21691.0","28114.0"
"218","1998","12","Uttar Pradesh","Jaunpur","-1.0","-1.0","-1.0","-1.0","-1.0","-1.0","-1.0","-1.0"
"218","1999","12","Uttar Pradesh","Jaunpur","-1.0","-1.0","-1.0","-1.0","-1.0","-1.0","-1.0","-1.0"
"218","2000","12","Uttar Pradesh","Jaunpur","17217.0","19875.0","1488.0","8474.0","119.0","822.0","18824.0","29171.0"
"218","2001","12","Uttar Pradesh","Jaunpur","17798.0","21390.0","2605.0","7275.0","476.0","515.0","21104.0","29180.0"
"218","2002","12","Uttar Pradesh","Jaunpur","9120.0","21362.0","1188.0","7157.0","321.0","968.0","10629.0","29487.0"
"218","2003","12","Uttar Pradesh","Jaunpur","15756.0","20790.0","2862.0","7079.0","444.0","1300.0","19062.0","29169.0"
"218","2004","12","Uttar Pradesh","Jaunpur","15940.0","20838.0","2103.0","7550.0","755.0","1326.0","18798.0","29714.0"
"218","2005","12","Uttar Pradesh","Jaunpur","16161.0","21319.0","2268.0","8416.0","627.0","1674.0","19056.0","31409.0"
"218","2006","12","Uttar Pradesh","Jaunpur","17454.0","24391.0","3347.0","7575.0","652.0","1175.0","21453.0","33141.0"
"218","2007","12","Uttar Pradesh","Jaunpur","16336.0","26230.0","3178.0","8799.0","1128.0","1058.0","20642.0","36087.0"
"218","2008","12","Uttar Pradesh","Jaunpur","17583.0","26950.0","4285.0","8515.0","1699.0","1341.0","23567.0","36806.0"
"218","2009","12","Uttar Pradesh","Jaunpur","17477.0","27336.0","4742.0","10100.0","1045.0","2599.0","23264.0","40035.0"
"218","2010","12","Uttar Pradesh","Jaunpur","19311.0","26387.0","9085.0","9345.0","2124.0","1072.0","30520.0","36804.0"
"218","2011","12","Uttar Pradesh","Jaunpur","17843.0","25776.0","5436.0","8684.0","1045.0","968.0","24324.0","35428.0"
"218","2012","12","Uttar Pradesh","Jaunpur","17601.0","30024.0","4751.0","10700.0","1264.0","774.0","23616.0","41498.0"
"218","2013","12","Uttar Pradesh","Jaunpur","26323.0","25629.0","4809.0","8163.0","744.0","1050.0","31876.0","34842.0"
"218","2014","12","Uttar Pradesh","Jaunpur","26455.0","28608.0","6994.0","8782.0","1258.0","1936.0","34707.0","39326.0"
"218","2015","12","Uttar Pradesh","Jaunpur","29756.0","22212.0","11018.0","8431.0","1651.0","1852.0","42426.0","32495.0"
"218","2016","12","Uttar Pradesh","Jaunpur","24045.0","26156.0","8153.0","11281.0","2237.0","1941.0","34435.0","39378.0"
"218","2017","12","Uttar Pradesh","Jaunpur","18795.0","29382.0","4423.0","13357.0","764.0","1559.0","23982.0","44298.0"
"219","1990","12","Uttar Pradesh","Ghazipur","10044.0","19446.0","1693.0","5787.0","678.0","1925.0","12415.0","27158.0"
"219","1991","12","Uttar Pradesh","Ghazipur","11052.0","22302.0","1794.0","7014.0","928.0","2167.0","13774.0","31483.0"
"219","1993","12","Uttar Pradesh","Ghazipur","13685.0","25906.0","1214.0","5272.0","228.0","564.0","15127.0","31742.0"
"219","1994","12","Uttar Pradesh","Ghazipur","17912.0","26330.0","3599.0","6222.0","491.0","1472.0","22002.0","34024.0"
"219","1995","12","Uttar Pradesh","Ghazipur","18279.0","22319.0","4174.0","6276.0","530.0","1184.0","22983.0","29779.0"
"219","1996","12","Uttar Pradesh","Ghazipur","17892.0","24730.0","3016.0","6212.0","612.0","892.0","21520.0","31834.0"
"219","1997","12","Uttar Pradesh","Ghazipur","19705.0","23607.0","2180.0","6153.0","293.0","1123.0","22178.0","30883.0"
"219","1998","12","Uttar Pradesh","Ghazipur","-1.0","-1.0","-1.0","-1.0","-1.0","-1.0","-1.0","-1.0"
"219","1999","12","Uttar Pradesh","Ghazipur","-1.0","-1.0","-1.0","-1.0","-1.0","-1.0","-1.0","-1.0"
"219","2000","12","Uttar Pradesh","Ghazipur","18955.0","20203.0","1737.0","6528.0","266.0","1215.0","20958.0","27946.0"
"219","2001","12","Uttar Pradesh","Ghazipur","21783.0","24217.0","2760.0","7082.0","739.0","617.0","25508.0","31916.0"
"219","2002","12","Uttar Pradesh","Ghazipur","15507.0","24185.0","2816.0","6968.0","140.0","1158.0","18463.0","32311.0"
"219","2003","12","Uttar Pradesh","Ghazipur","19374.0","23947.0","2872.0","6965.0","701.0","1528.0","22947.0","32440.0"
"219","2004","12","Uttar Pradesh","Ghazipur","19600.0","24003.0","2110.0","7429.0","1193.0","1558.0","22903.0","32990.0"
"219","2005","12","Uttar Pradesh","Ghazipur","19815.0","24557.0","2260.0","8280.0","970.0","1967.0","23045.0","34804.0"
"219","2006","12","Uttar Pradesh","Ghazipur","21470.0","28095.0","3329.0","7453.0","838.0","1381.0","25637.0","36929.0"
"219","2007","12","Uttar Pradesh","Ghazipur","14101.0","23716.0","4174.0","9886.0","565.0","2138.0","18840.0","35740.0"
"219","2008","12","Uttar Pradesh","Ghazipur","15178.0","24367.0","5628.0","9567.0","851.0","2709.0","21657.0","36643.0"
"219","2009","12","Uttar Pradesh","Ghazipur","15086.0","24716.0","6229.0","11348.0","523.0","5250.0","21838.0","41314.0"
"219","2010","12","Uttar Pradesh","Ghazipur","17861.0","20594.0","9614.0","7550.0","1721.0","1372.0","29196.0","29516.0"
"219","2011","12","Uttar Pradesh","Ghazipur","16512.0","23162.0","6138.0","7974.0","1488.0","608.0","24138.0","31744.0"
"219","2012","12","Uttar Pradesh","Ghazipur","18577.0","26869.0","7559.0","9576.0","1001.0","692.0","27137.0","37137.0"
"219","2013","12","Uttar Pradesh","Ghazipur","19802.0","22936.0","3618.0","7305.0","560.0","940.0","23980.0","31181.0"
"219","2014","12","Uttar Pradesh","Ghazipur","19901.0","25602.0","5261.0","7859.0","947.0","1732.0","26109.0","35193.0"
"219","2015","12","Uttar Pradesh","Ghazipur","22385.0","19878.0","8288.0","7545.0","1242.0","1657.0","31916.0","29080.0"
"219","2016","12","Uttar Pradesh","Ghazipur","18088.0","23408.0","6133.0","10096.0","1683.0","1737.0","25904.0","35241.0"
"219","2017","12","Uttar Pradesh","Ghazipur","25360.0","22231.0","5699.0","12507.0","1252.0","1212.0","32312.0","35950.0"
"220","1990","12","Uttar Pradesh","Ballia","8467.0","20120.0","1385.0","4806.0","468.0","1240.0","10320.0","26166.0"
"220","1991","12","Uttar Pradesh","Ballia","7289.0","18736.0","1436.0","4832.0","546.0","1211.0","9271.0","24779.0"
"220","1993","12","Uttar Pradesh","Ballia","9613.0","22473.0","909.0","4121.0","104.0","332.0","10626.0","26926.0"
"220","1994","12","Uttar Pradesh","Ballia","11349.0","20859.0","895.0","2884.0","161.0","850.0","12405.0","24593.0"
"220","1995","12","Uttar Pradesh","Ballia","11873.0","19554.0","1869.0","2633.0","204.0","496.0","13946.0","22683.0"
"220","1996","12","Uttar Pradesh","Ballia","9789.0","20628.0","1379.0","3411.0","308.0","496.0","11476.0","24535.0"
"220","1997","12","Uttar Pradesh","Ballia","13569.0","20926.0","2936.0","2566.0","220.0","932.0","16725.0","24424.0"
"220","1998","12","Uttar Pradesh","Ballia","-1.0","-1.0","-1.0","-1.0","-1.0","-1.0","-1.0","-1.0"
"220","1999","12","Uttar Pradesh","Ballia","-1.0","-1.0","-1.0","-1.0","-1.0","-1.0","-1.0","-1.0"
"220","2000","12","Uttar Pradesh","Ballia","12021.0","15578.0","1220.0","4484.0","58.0","798.0","13299.0","20860.0"
"220","2001","12","Uttar Pradesh","Ballia","14327.0","17609.0","2009.0","3951.0","183.0","534.0","16746.0","22094.0"
"220","2002","12","Uttar Pradesh","Ballia","10280.0","17585.0","2175.0","3887.0","116.0","1004.0","12571.0","22476.0"
"220","2003","12","Uttar Pradesh","Ballia","12505.0","17411.0","2190.0","3690.0","189.0","1223.0","14884.0","22324.0"
"220","2004","12","Uttar Pradesh","Ballia","12650.0","17452.0","1609.0","3935.0","321.0","1247.0","14580.0","22634.0"
"220","2005","12","Uttar Pradesh","Ballia","12807.0","17854.0","1656.0","4386.0","252.0","1575.0","14715.0","23815.0"
"220","2006","12","Uttar Pradesh","Ballia","13998.0","20427.0","2515.0","3948.0","263.0","1106.0","16776.0","25481.0"
"220","2007","12","Uttar Pradesh","Ballia","10040.0","17001.0","3204.0","6262.0","664.0","1359.0","13908.0","24622.0"
"220","2008","12","Uttar Pradesh","Ballia","10807.0","17468.0","4321.0","6060.0","1001.0","1721.0","16129.0","25249.0"
"220","2009","12","Uttar Pradesh","Ballia","10742.0","17718.0","4781.0","7188.0","615.0","3336.0","16138.0","28242.0"
"220","2010","12","Uttar Pradesh","Ballia","12093.0","20599.0","6242.0","6996.0","1120.0","999.0","19455.0","28594.0"
"220","2011","12","Uttar Pradesh","Ballia","13478.0","22637.0","4602.0","7238.0","1090.0","623.0","19170.0","30498.0"
"220","2012","12","Uttar Pradesh","Ballia","16032.0","23443.0","7324.0","8355.0","645.0","604.0","24001.0","32402.0"
"220","2013","12","Uttar Pradesh","Ballia","16887.0","20011.0","3085.0","6374.0","477.0","820.0","20449.0","27205.0"
"220","2014","12","Uttar Pradesh","Ballia","16972.0","22338.0","4487.0","6857.0","807.0","1512.0","22266.0","30707.0"
"220","2015","12","Uttar Pradesh","Ballia","19090.0","17343.0","7068.0","6583.0","1059.0","1446.0","27218.0","25372.0"
"220","2016","12","Uttar Pradesh","Ballia","15426.0","20423.0","5231.0","8808.0","1435.0","1515.0","22091.0","30746.0"
"220","2017","12","Uttar Pradesh","Ballia","12112.0","23189.0","3011.0","12272.0","1030.0","1425.0","16153.0","36886.0"
"221","1990","12","Uttar Pradesh","Gorakhpur","19113.0","26389.0","26996.0","11229.0","1205.0","2055.0","47314.0","39673.0"
"221","1991","12","Uttar Pradesh","Gorakhpur","21462.0","27463.0","5157.0","11898.0","1916.0","2325.0","28535.0","41686.0"
"221","1993","12","Uttar Pradesh","Gorakhpur","20967.0","32626.0","3963.0","7806.0","1165.0","863.0","26095.0","41295.0"
"221","1994","12","Uttar Pradesh","Gorakhpur","26033.0","33015.0","9018.0","7457.0","2392.0","1608.0","37443.0","42080.0"
"221","1995","12","Uttar Pradesh","Gorakhpur","27314.0","39155.0","8679.0","9414.0","2885.0","1477.0","38878.0","50046.0"
"221","1996","12","Uttar Pradesh","Gorakhpur","31704.0","40898.0","8165.0","12387.0","3271.0","1368.0","43140.0","54653.0"
"221","1997","12","Uttar Pradesh","Gorakhpur","35777.0","40358.0","15300.0","11435.0","2709.0","1649.0","53786.0","53442.0"
"221","1998","12","Uttar Pradesh","Gorakhpur","-1.0","-1.0","-1.0","-1.0","-1.0","-1.0","-1.0","-1.0"
"221","1999","12","Uttar Pradesh","Gorakhpur","-1.0","-1.0","-1.0","-1.0","-1.0","-1.0","-1.0","-1.0"
"221","2000","12","Uttar Pradesh","Gorakhpur","32047.0","38865.0","9224.0","17093.0","1019.0","3457.0","42290.0","59415.0"
"221","2001","12","Uttar Pradesh","Gorakhpur","33162.0","43021.0","9650.0","16266.0","2118.0","3207.0","45693.0","62494.0"
"221","2002","12","Uttar Pradesh","Gorakhpur","41722.0","42964.0","13629.0","16002.0","2105.0","6022.0","57456.0","64988.0"
"221","2003","12","Uttar Pradesh","Gorakhpur","30390.0","43319.0","11686.0","16407.0","2256.0","6497.0","44332.0","66223.0"
"221","2004","12","Uttar Pradesh","Gorakhpur","30744.0","43420.0","8586.0","17498.0","3840.0","6624.0","43170.0","67542.0"
"221","2005","12","Uttar Pradesh","Gorakhpur","31507.0","44421.0","9791.0","19504.0","3169.0","8364.0","44467.0","72289.0"
"221","2006","12","Uttar Pradesh","Gorakhpur","33020.0","50822.0","13170.0","17556.0","3256.0","5872.0","49446.0","74250.0"
"221","2007","12","Uttar Pradesh","Gorakhpur","47762.0","63838.0","11556.0","16511.0","5079.0","5031.0","64397.0","85380.0"
"221","2008","12","Uttar Pradesh","Gorakhpur","51410.0","65590.0","15582.0","15977.0","7653.0","6374.0","74645.0","87941.0"
"221","2009","12","Uttar Pradesh","Gorakhpur","51101.0","66529.0","17243.0","18951.0","4705.0","12354.0","73049.0","97834.0"
"221","2010","12","Uttar Pradesh","Gorakhpur","54731.0","62353.0","23026.0","21973.0","7486.0","5719.0","85243.0","90045.0"
"221","2011","12","Uttar Pradesh","Gorakhpur","51707.0","64412.0","19463.0","16464.0","4137.0","4405.0","75307.0","85281.0"
"221","2012","12","Uttar Pradesh","Gorakhpur","53238.0","47696.0","20141.0","16998.0","5868.0","1230.0","79247.0","65924.0"
"221","2013","12","Uttar Pradesh","Gorakhpur","37744.0","40713.0","6896.0","12967.0","1068.0","1668.0","45708.0","55348.0"
"221","2014","12","Uttar Pradesh","Gorakhpur","37933.0","45446.0","10028.0","13950.0","1804.0","3075.0","49765.0","62471.0"
"221","2015","12","Uttar Pradesh","Gorakhpur","42668.0","35285.0","15798.0","13394.0","2368.0","2941.0","60834.0","51620.0"
"221","2016","12","Uttar Pradesh","Gorakhpur","34478.0","41552.0","11691.0","17921.0","3207.0","3083.0","49375.0","62556.0"
"221","2017","12","Uttar Pradesh","Gorakhpur","52022.0","59347.0","12519.0","20605.0","5522.0","4097.0","70064.0","84049.0"
"222","1990","12","Uttar Pradesh","Deoria","22697.0","40507.0","7741.0","13095.0","2404.0","3094.0","32842.0","56696.0"
"222","1991","12","Uttar Pradesh","Deoria","29781.0","40839.0","9159.0","12920.0","3137.0","3140.0","42077.0","56899.0"
"222","1993","12","Uttar Pradesh","Deoria","27265.0","48036.0","4118.0","11809.0","1232.0","2238.0","32615.0","62083.0"
"222","1994","12","Uttar Pradesh","Deoria","27496.0","33576.0","4629.0","11626.0","932.0","3780.0","33057.0","48982.0"
"222","1995","12","Uttar Pradesh","Deoria","32248.0","39820.0","4595.0","9257.0","1151.0","2315.0","37994.0","51392.0"
"222","1996","12","Uttar Pradesh","Deoria","34586.0","38782.0","4717.0","11636.0","2102.0","2235.0","41405.0","52653.0"
"222","1997","12","Uttar Pradesh","Deoria","37905.0","42705.0","7854.0","12862.0","1660.0","3026.0","47419.0","58593.0"
"222","1998","12","Uttar Pradesh","Deoria","-1.0","-1.0","-1.0","-1.0","-1.0","-1.0","-1.0","-1.0"
"222","1999","12","Uttar Pradesh","Deoria","-1.0","-1.0","-1.0","-1.0","-1.0","-1.0","-1.0","-1.0"
"222","2000","12","Uttar Pradesh","Deoria","34803.0","42025.0","5233.0","17627.0","1000.0","3761.0","41036.0","63413.0"
"222","2001","12","Uttar Pradesh","Deoria","40420.0","48194.0","6668.0","19141.0","1589.0","3259.0","49934.0","70594.0"
"222","2002","12","Uttar Pradesh","Deoria","48715.0","48129.0","9448.0","18832.0","1677.0","6119.0","59840.0","73080.0"
"222","2003","12","Uttar Pradesh","Deoria","37687.0","48511.0","9119.0","19285.0","2168.0","5609.0","48974.0","73405.0"
"222","2004","12","Uttar Pradesh","Deoria","38125.0","48624.0","6699.0","20569.0","3689.0","5719.0","48513.0","74912.0"
"222","2005","12","Uttar Pradesh","Deoria","39285.0","49747.0","8607.0","22927.0","3085.0","7221.0","50977.0","79895.0"
"222","2006","12","Uttar Pradesh","Deoria","40770.0","56914.0","10130.0","20637.0","2837.0","5070.0","53737.0","82621.0"
"222","2007","12","Uttar Pradesh","Deoria","34876.0","45130.0","7440.0","17533.0","1986.0","3862.0","44302.0","66525.0"
"222","2008","12","Uttar Pradesh","Deoria","37539.0","46369.0","10031.0","16966.0","2993.0","4893.0","50563.0","68228.0"
"222","2009","12","Uttar Pradesh","Deoria","37312.0","47033.0","11101.0","20124.0","1840.0","9485.0","50254.0","76642.0"
"222","2010","12","Uttar Pradesh","Deoria","39466.0","49375.0","18189.0","22219.0","6653.0","6120.0","64308.0","77714.0"
"222","2011","12","Uttar Pradesh","Deoria","47229.0","55801.0","17058.0","17996.0","4398.0","4926.0","68685.0","78723.0"
"222","2012","12","Uttar Pradesh","Deoria","47139.0","46142.0","16844.0","16445.0","4244.0","1189.0","68227.0","63776.0"
"222","2013","12","Uttar Pradesh","Deoria","40416.0","39387.0","7384.0","12545.0","1143.0","1614.0","48943.0","53546.0"
"222","2014","12","Uttar Pradesh","Deoria","40618.0","43966.0","10738.0","13496.0","1932.0","2975.0","53288.0","60437.0"
"222","2015","12","Uttar Pradesh","Deoria","45688.0","34136.0","16917.0","12958.0","2535.0","2846.0","65141.0","49940.0"
"222","2016","12","Uttar Pradesh","Deoria","36919.0","40198.0","12519.0","17336.0","3434.0","2983.0","52872.0","60517.0"
"222","2017","12","Uttar Pradesh","Deoria","22340.0","40473.0","5859.0","17314.0","2259.0","3067.0","30459.0","60854.0"
"223","1990","12","Uttar Pradesh","Basti","18384.0","32226.0","3773.0","9247.0","817.0","1552.0","22974.0","43025.0"
"223","1991","12","Uttar Pradesh","Basti","22178.0","32907.0","4397.0","7926.0","1472.0","1536.0","28047.0","42369.0"
"223","1993","12","Uttar Pradesh","Basti","24504.0","32972.0","3493.0","7278.0","593.0","353.0","28590.0","40603.0"
"223","1994","12","Uttar Pradesh","Basti","20762.0","25953.0","4633.0","6581.0","322.0","1739.0","25717.0","34273.0"
"223","1995","12","Uttar Pradesh","Basti","31151.0","29677.0","2922.0","4548.0","612.0","1071.0","34685.0","35296.0"
"223","1996","12","Uttar Pradesh","Basti","32789.0","31091.0","2447.0","5992.0","641.0","694.0","35877.0","37777.0"
"223","1997","12","Uttar Pradesh","Basti","34273.0","34772.0","5775.0","8707.0","750.0","1731.0","40798.0","45210.0"
"223","1998","12","Uttar Pradesh","Basti","-1.0","-1.0","-1.0","-1.0","-1.0","-1.0","-1.0","-1.0"
"223","1999","12","Uttar Pradesh","Basti","-1.0","-1.0","-1.0","-1.0","-1.0","-1.0","-1.0","-1.0"
"223","2000","12","Uttar Pradesh","Basti","39988.0","46868.0","3999.0","18240.0","278.0","2564.0","44265.0","67672.0"
"223","2001","12","Uttar Pradesh","Basti","52226.0","59150.0","6907.0","16976.0","1115.0","1619.0","62060.0","77745.0"
"223","2002","12","Uttar Pradesh","Basti","54647.0","59070.0","11861.0","16702.0","624.0","3040.0","67132.0","78812.0"
"223","2003","12","Uttar Pradesh","Basti","45746.0","58169.0","8730.0","16795.0","1005.0","3985.0","55481.0","78949.0"
"223","2004","12","Uttar Pradesh","Basti","46278.0","58304.0","6414.0","17913.0","1710.0","4063.0","54402.0","80280.0"
"223","2005","12","Uttar Pradesh","Basti","46912.0","59649.0","6069.0","19967.0","1380.0","5131.0","54361.0","84747.0"
"223","2006","12","Uttar Pradesh","Basti","51939.0","68243.0","10281.0","17972.0","2123.0","3602.0","64343.0","89817.0"
"223","2007","12","Uttar Pradesh","Basti","40453.0","53368.0","12608.0","12902.0","4772.0","3996.0","57833.0","70266.0"
"223","2008","12","Uttar Pradesh","Basti","43542.0","54833.0","17000.0","12486.0","7191.0","5063.0","67733.0","72382.0"
"223","2009","12","Uttar Pradesh","Basti","43279.0","55617.0","18813.0","14810.0","4420.0","9812.0","66513.0","80239.0"
"223","2010","12","Uttar Pradesh","Basti","36720.0","54739.0","20133.0","16764.0","5853.0","5317.0","62706.0","76820.0"
"223","2011","12","Uttar Pradesh","Basti","47801.0","57226.0","17106.0","21396.0","2929.0","5713.0","67836.0","84335.0"
"223","2012","12","Uttar Pradesh","Basti","56530.0","58547.0","17186.0","20866.0","3107.0","1509.0","76823.0","80922.0"
"223","2013","12","Uttar Pradesh","Basti","45889.0","49977.0","8384.0","15917.0","1298.0","2048.0","55571.0","67942.0"
"223","2014","12","Uttar Pradesh","Basti","46117.0","55785.0","12192.0","17124.0","2193.0","3775.0","60502.0","76684.0"
"223","2015","12","Uttar Pradesh","Basti","51874.0","43313.0","19207.0","16441.0","2878.0","3611.0","73959.0","63365.0"
"223","2016","12","Uttar Pradesh","Basti","41918.0","51006.0","14213.0","21998.0","3900.0","3785.0","60030.0","76789.0"
"223","2017","12","Uttar Pradesh","Basti","28427.0","60290.0","7797.0","24079.0","4403.0","3314.0","40625.0","87683.0"
"224","1990","12","Uttar Pradesh","Azamgarh","15708.0","27695.0","3989.0","9384.0","833.0","2238.0","20530.0","39317.0"
"224","1991","12","Uttar Pradesh","Azamgarh","14624.0","27418.0","3129.0","9543.0","825.0","2220.0","18578.0","39181.0"
"224","1993","12","Uttar Pradesh","Azamgarh","16676.0","25650.0","1580.0","7906.0","211.0","394.0","18467.0","33950.0"
"224","1994","12","Uttar Pradesh","Azamgarh","18604.0","27656.0","3345.0","8741.0","339.0","1425.0","22288.0","37822.0"
"224","1995","12","Uttar Pradesh","Azamgarh","18413.0","27825.0","2071.0","6026.0","470.0","816.0","20954.0","34667.0"
"224","1996","12","Uttar Pradesh","Azamgarh","19770.0","31718.0","2726.0","8303.0","308.0","1084.0","22804.0","41105.0"
"224","1997","12","Uttar Pradesh","Azamgarh","25680.0","34131.0","7953.0","7571.0","608.0","1526.0","34241.0","43228.0"
"224","1998","12","Uttar Pradesh","Azamgarh","-1.0","-1.0","-1.0","-1.0","-1.0","-1.0","-1.0","-1.0"
"224","1999","12","Uttar Pradesh","Azamgarh","-1.0","-1.0","-1.0","-1.0","-1.0","-1.0","-1.0","-1.0"
"224","2000","12","Uttar Pradesh","Azamgarh","22090.0","31015.0","3127.0","10569.0","150.0","2208.0","25367.0","43792.0"
"224","2001","12","Uttar Pradesh","Azamgarh","23178.0","35591.0","3837.0","10699.0","405.0","1299.0","28185.0","47589.0"
"224","2002","12","Uttar Pradesh","Azamgarh","24161.0","35544.0","3192.0","10526.0","392.0","2440.0","27745.0","48510.0"
"224","2003","12","Uttar Pradesh","Azamgarh","20890.0","34905.0","3632.0","10704.0","262.0","2612.0","24784.0","48221.0"
"224","2004","12","Uttar Pradesh","Azamgarh","21133.0","34987.0","2668.0","11417.0","447.0","2663.0","24248.0","49067.0"
"224","2005","12","Uttar Pradesh","Azamgarh","21338.0","35793.0","2831.0","12725.0","363.0","3363.0","24532.0","51881.0"
"224","2006","12","Uttar Pradesh","Azamgarh","23217.0","40951.0","4406.0","11454.0","418.0","2361.0","28041.0","54766.0"
"224","2007","12","Uttar Pradesh","Azamgarh","24537.0","30667.0","5084.0","8591.0","1477.0","1662.0","31098.0","40920.0"
"224","2008","12","Uttar Pradesh","Azamgarh","26411.0","31509.0","6856.0","8313.0","2226.0","2106.0","35493.0","41928.0"
"224","2009","12","Uttar Pradesh","Azamgarh","26251.0","31960.0","7586.0","9861.0","1368.0","4081.0","35206.0","45902.0"
"224","2010","12","Uttar Pradesh","Azamgarh","21743.0","38853.0","17903.0","14285.0","1799.0","3071.0","41445.0","56209.0"
"224","2011","12","Uttar Pradesh","Azamgarh","25530.0","38008.0","7500.0","12980.0","1244.0","1099.0","34274.0","52087.0"
"224","2012","12","Uttar Pradesh","Azamgarh","26575.0","47706.0","7304.0","17002.0","826.0","1229.0","34705.0","65937.0"
"224","2013","12","Uttar Pradesh","Azamgarh","37148.0","40723.0","6786.0","12971.0","1050.0","1669.0","44984.0","55363.0"
"224","2014","12","Uttar Pradesh","Azamgarh","37333.0","45456.0","9869.0","13954.0","1775.0","3076.0","48979.0","62486.0"
"224","2015","12","Uttar Pradesh","Azamgarh","41994.0","35293.0","15549.0","13397.0","2330.0","2942.0","59872.0","51632.0"
"224","2016","12","Uttar Pradesh","Azamgarh","33933.0","41561.0","11506.0","17925.0","3156.0","3084.0","48596.0","62570.0"
"224","2017","12","Uttar Pradesh","Azamgarh","34883.0","44667.0","8106.0","22710.0","1906.0","2492.0","44894.0","69869.0"
"225","1990","12","Uttar Pradesh","Lucknow","9229.0","9735.0","2205.0","4132.0","739.0","1201.0","12173.0","15068.0"
"225","1991","12","Uttar Pradesh","Lucknow","6775.0","10674.0","1855.0","4389.0","450.0","882.0","9080.0","15945.0"
"225","1993","12","Uttar Pradesh","Lucknow","6570.0","9798.0","1232.0","2449.0","252.0","158.0","8054.0","12405.0"
"225","1994","12","Uttar Pradesh","Lucknow","7655.0","9747.0","853.0","1906.0","256.0","330.0","8764.0","11983.0"
"225","1995","12","Uttar Pradesh","Lucknow","7530.0","9898.0","1804.0","1820.0","390.0","225.0","9724.0","11943.0"
"225","1996","12","Uttar Pradesh","Lucknow","8375.0","10617.0","1592.0","2265.0","505.0","239.0","10472.0","13121.0"
"225","1997","12","Uttar Pradesh","Lucknow","8813.0","11200.0","2934.0","1953.0","519.0","420.0","12266.0","13573.0"
"225","1998","12","Uttar Pradesh","Lucknow","-1.0","-1.0","-1.0","-1.0","-1.0","-1.0","-1.0","-1.0"
"225","1999","12","Uttar Pradesh","Lucknow","-1.0","-1.0","-1.0","-1.0","-1.0","-1.0","-1.0","-1.0"
"225","2000","12","Uttar Pradesh","Lucknow","8485.0","12535.0","1667.0","7403.0","136.0","733.0","10288.0","20671.0"
"225","2001","12","Uttar Pradesh","Lucknow","9160.0","12880.0","2186.0","5861.0","114.0","310.0","11692.0","19051.0"
"225","2002","12","Uttar Pradesh","Lucknow","6435.0","12863.0","1113.0","5766.0","75.0","583.0","7623.0","19212.0"
"225","2003","12","Uttar Pradesh","Lucknow","7975.0","12556.0","2091.0","5858.0","165.0","881.0","10231.0","19295.0"
"225","2004","12","Uttar Pradesh","Lucknow","8068.0","12585.0","1536.0","6248.0","281.0","898.0","9885.0","19731.0"
"225","2005","12","Uttar Pradesh","Lucknow","8170.0","12875.0","1666.0","6964.0","202.0","1134.0","10038.0","20973.0"
"225","2006","12","Uttar Pradesh","Lucknow","8845.0","14730.0","2458.0","6268.0","190.0","796.0","11493.0","21794.0"
"225","2007","12","Uttar Pradesh","Lucknow","12517.0","22359.0","2398.0","8564.0","279.0","2030.0","15194.0","32953.0"
"225","2008","12","Uttar Pradesh","Lucknow","13473.0","22973.0","3233.0","8288.0","420.0","2572.0","17126.0","33833.0"
"225","2009","12","Uttar Pradesh","Lucknow","13392.0","23301.0","3577.0","9830.0","258.0","4985.0","17227.0","38116.0"
"225","2010","12","Uttar Pradesh","Lucknow","15877.0","19030.0","10172.0","6175.0","2084.0","2250.0","28133.0","27455.0"
"225","2011","12","Uttar Pradesh","Lucknow","16907.0","19375.0","5625.0","5905.0","1258.0","397.0","23790.0","25677.0"
"225","2012","12","Uttar Pradesh","Lucknow","16747.0","12775.0","2639.0","4553.0","291.0","329.0","19677.0","17657.0"
"225","2013","12","Uttar Pradesh","Lucknow","7285.0","10905.0","1331.0","3473.0","206.0","447.0","8822.0","14825.0"
"225","2014","12","Uttar Pradesh","Lucknow","7321.0","12173.0","1935.0","3737.0","348.0","824.0","9604.0","16734.0"
"225","2015","12","Uttar Pradesh","Lucknow","8235.0","9451.0","3049.0","3588.0","457.0","788.0","11741.0","13827.0"
"225","2016","12","Uttar Pradesh","Lucknow","6654.0","11130.0","2256.0","4800.0","619.0","826.0","9529.0","16756.0"
"225","2017","12","Uttar Pradesh","Lucknow","8833.0","12241.0","1923.0","7792.0","200.0","421.0","10956.0","20454.0"
"226","1990","12","Uttar Pradesh","Unnao","6087.0","11025.0","1617.0","4506.0","507.0","765.0","8211.0","16296.0"
"226","1991","12","Uttar Pradesh","Unnao","6646.0","15790.0","1367.0","5213.0","312.0","906.0","8325.0","21909.0"
"226","1993","12","Uttar Pradesh","Unnao","5594.0","21264.0","801.0","2953.0","105.0","77.0","6500.0","24294.0"
"226","1994","12","Uttar Pradesh","Unnao","2880.0","18062.0","110.0","3237.0","53.0","134.0","3043.0","21433.0"
"226","1995","12","Uttar Pradesh","Unnao","11496.0","16834.0","1072.0","2975.0","104.0","254.0","12672.0","20063.0"
"226","1996","12","Uttar Pradesh","Unnao","11296.0","18063.0","1090.0","4493.0","296.0","101.0","12682.0","22657.0"
"226","1997","12","Uttar Pradesh","Unnao","11621.0","17074.0","1443.0","4156.0","101.0","246.0","13165.0","21476.0"
"226","1998","12","Uttar Pradesh","Unnao","-1.0","-1.0","-1.0","-1.0","-1.0","-1.0","-1.0","-1.0"
"226","1999","12","Uttar Pradesh","Unnao","-1.0","-1.0","-1.0","-1.0","-1.0","-1.0","-1.0","-1.0"
"226","2000","12","Uttar Pradesh","Unnao","10679.0","19931.0","1175.0","10159.0","96.0","765.0","11950.0","30855.0"
"226","2001","12","Uttar Pradesh","Unnao","12280.0","21038.0","2416.0","12420.0","246.0","374.0","15175.0","33832.0"
"226","2002","12","Uttar Pradesh","Unnao","5065.0","21010.0","1189.0","12219.0","117.0","703.0","6371.0","33932.0"
"226","2003","12","Uttar Pradesh","Unnao","10878.0","20842.0","2479.0","12220.0","246.0","1093.0","13603.0","34155.0"
"226","2004","12","Uttar Pradesh","Unnao","11005.0","20891.0","1822.0","13033.0","419.0","1114.0","13246.0","35038.0"
"226","2005","12","Uttar Pradesh","Unnao","11144.0","21373.0","1963.0","14527.0","330.0","1407.0","13437.0","37307.0"
"226","2006","12","Uttar Pradesh","Unnao","12090.0","24453.0","2923.0","13076.0","318.0","988.0","15331.0","38517.0"
"226","2007","12","Uttar Pradesh","Unnao","9526.0","21081.0","2529.0","9168.0","462.0","1467.0","12517.0","31716.0"
"226","2008","12","Uttar Pradesh","Unnao","10253.0","21660.0","3409.0","8872.0","696.0","1859.0","14358.0","32391.0"
"226","2009","12","Uttar Pradesh","Unnao","10191.0","21969.0","3773.0","10523.0","428.0","3603.0","14392.0","36095.0"
"226","2010","12","Uttar Pradesh","Unnao","18050.0","25062.0","7711.0","8050.0","1128.0","1109.0","26889.0","34221.0"
"226","2011","12","Uttar Pradesh","Unnao","17499.0","24535.0","6888.0","6749.0","1090.0","224.0","25477.0","31508.0"
"226","2012","12","Uttar Pradesh","Unnao","17191.0","33286.0","6207.0","11863.0","616.0","858.0","24014.0","46007.0"
"226","2013","12","Uttar Pradesh","Unnao","22261.0","28414.0","4067.0","9050.0","629.0","1164.0","26957.0","38628.0"
"226","2014","12","Uttar Pradesh","Unnao","22372.0","31716.0","5914.0","9736.0","1064.0","2146.0","29350.0","43598.0"
"226","2015","12","Uttar Pradesh","Unnao","25164.0","24625.0","9317.0","9347.0","1396.0","2053.0","35878.0","36025.0"
"226","2016","12","Uttar Pradesh","Unnao","20334.0","28998.0","6895.0","12507.0","1891.0","2152.0","29120.0","43657.0"
"226","2017","12","Uttar Pradesh","Unnao","16412.0","24728.0","3841.0","12431.0","649.0","945.0","20902.0","38104.0"
"227","1990","12","Uttar Pradesh","Rae-Bareily","8450.0","14948.0","2061.0","4734.0","533.0","694.0","11044.0","20376.0"
"227","1991","12","Uttar Pradesh","Rae-Bareily","7773.0","15094.0","2315.0","5074.0","359.0","576.0","10447.0","20744.0"
"227","1993","12","Uttar Pradesh","Rae-Bareily","10001.0","14031.0","567.0","4045.0","120.0","95.0","10688.0","18171.0"
"227","1994","12","Uttar Pradesh","Rae-Bareily","9726.0","16007.0","1499.0","3798.0","88.0","509.0","11313.0","20314.0"
"227","1995","12","Uttar Pradesh","Rae-Bareily","11803.0","16808.0","1223.0","3660.0","64.0","328.0","13090.0","20796.0"
"227","1996","12","Uttar Pradesh","Rae-Bareily","12959.0","17941.0","1993.0","3983.0","207.0","303.0","15159.0","22227.0"
"227","1997","12","Uttar Pradesh","Rae-Bareily","11600.0","17777.0","2621.0","4516.0","239.0","774.0","14460.0","23067.0"
"227","1998","12","Uttar Pradesh","Rae-Bareily","-1.0","-1.0","-1.0","-1.0","-1.0","-1.0","-1.0","-1.0"
"227","1999","12","Uttar Pradesh","Rae-Bareily","-1.0","-1.0","-1.0","-1.0","-1.0","-1.0","-1.0","-1.0"
"227","2000","12","Uttar Pradesh","Rae-Bareily","13824.0","18102.0","1262.0","8471.0","37.0","689.0","15123.0","27262.0"
"227","2001","12","Uttar Pradesh","Rae-Bareily","16054.0","18468.0","2762.0","8370.0","149.0","520.0","19199.0","27358.0"
"227","2002","12","Uttar Pradesh","Rae-Bareily","7326.0","18443.0","1162.0","8234.0","29.0","976.0","8517.0","27653.0"
"227","2003","12","Uttar Pradesh","Rae-Bareily","14600.0","18626.0","3173.0","8306.0","186.0","1296.0","17959.0","28228.0"
"227","2004","12","Uttar Pradesh","Rae-Bareily","14770.0","18669.0","2331.0","8859.0","317.0","1322.0","17418.0","28850.0"
"227","2005","12","Uttar Pradesh","Rae-Bareily","15009.0","19100.0","2611.0","9874.0","260.0","1669.0","17880.0","30643.0"
"227","2006","12","Uttar Pradesh","Rae-Bareily","16011.0","21852.0","3998.0","8888.0","560.0","1172.0","20569.0","31912.0"
"227","2007","12","Uttar Pradesh","Rae-Bareily","22207.0","26397.0","4653.0","10788.0","774.0","1226.0","27634.0","38411.0"
"227","2008","12","Uttar Pradesh","Rae-Bareily","23904.0","27122.0","6273.0","10439.0","1167.0","1553.0","31344.0","39114.0"
"227","2009","12","Uttar Pradesh","Rae-Bareily","23759.0","27510.0","6942.0","12382.0","717.0","3010.0","31419.0","42902.0"
"227","2010","12","Uttar Pradesh","Rae-Bareily","27724.0","23305.0","10135.0","7283.0","1806.0","1091.0","39665.0","31679.0"
"227","2011","12","Uttar Pradesh","Rae-Bareily","17073.0","23954.0","4605.0","6037.0","525.0","526.0","22203.0","30517.0"
"227","2012","12","Uttar Pradesh","Rae-Bareily","24249.0","27217.0","7568.0","9700.0","1233.0","701.0","33050.0","37618.0"
"227","2013","12","Uttar Pradesh","Rae-Bareily","22045.0","23233.0","4028.0","7400.0","623.0","952.0","26696.0","31586.0"
"227","2014","12","Uttar Pradesh","Rae-Bareily","22155.0","25934.0","5857.0","7961.0","1054.0","1755.0","29066.0","35650.0"
"227","2015","12","Uttar Pradesh","Rae-Bareily","24921.0","20136.0","9228.0","7643.0","1383.0","1679.0","35531.0","29457.0"
"227","2016","12","Uttar Pradesh","Rae-Bareily","20136.0","23712.0","6829.0","10226.0","1873.0","1760.0","28838.0","35698.0"
"227","2017","12","Uttar Pradesh","Rae-Bareily","33990.0","41832.0","7413.0","23054.0","1248.0","2262.0","42652.0","67149.0"
"228","1990","12","Uttar Pradesh","Sitapur","13090.0","18560.0","984.0","5806.0","63.0","645.0","14137.0","25011.0"
"228","1991","12","Uttar Pradesh","Sitapur","9454.0","18645.0","569.0","5618.0","339.0","648.0","10362.0","24911.0"
"228","1993","12","Uttar Pradesh","Sitapur","11567.0","24927.0","609.0","4322.0","77.0","412.0","12253.0","29661.0"
"228","1994","12","Uttar Pradesh","Sitapur","12715.0","22444.0","1513.0","4106.0","801.0","610.0","15029.0","27160.0"
"228","1995","12","Uttar Pradesh","Sitapur","15280.0","28397.0","2827.0","6638.0","187.0","350.0","18294.0","35385.0"
"228","1996","12","Uttar Pradesh","Sitapur","18665.0","27244.0","3660.0","8798.0","1063.0","647.0","23388.0","36689.0"
"228","1997","12","Uttar Pradesh","Sitapur","18210.0","24399.0","3697.0","9936.0","730.0","1144.0","22637.0","35479.0"
"228","1998","12","Uttar Pradesh","Sitapur","-1.0","-1.0","-1.0","-1.0","-1.0","-1.0","-1.0","-1.0"
"228","1999","12","Uttar Pradesh","Sitapur","-1.0","-1.0","-1.0","-1.0","-1.0","-1.0","-1.0","-1.0"
"228","2000","12","Uttar Pradesh","Sitapur","19552.0","27585.0","2213.0","16880.0","298.0","1439.0","22063.0","45904.0"
"228","2001","12","Uttar Pradesh","Sitapur","29804.0","30917.0","4304.0","17703.0","760.0","1441.0","35103.0","50061.0"
"228","2002","12","Uttar Pradesh","Sitapur","23887.0","30875.0","3857.0","17416.0","515.0","2707.0","28259.0","50998.0"
"228","2003","12","Uttar Pradesh","Sitapur","26476.0","31132.0","4618.0","17046.0","736.0","3170.0","31830.0","51348.0"
"228","2004","12","Uttar Pradesh","Sitapur","26784.0","31205.0","3393.0","18181.0","1253.0","3232.0","31430.0","52618.0"
"228","2005","12","Uttar Pradesh","Sitapur","27106.0","31925.0","3723.0","20265.0","1024.0","4082.0","31853.0","56272.0"
"228","2006","12","Uttar Pradesh","Sitapur","29253.0","36525.0","5505.0","18241.0","1071.0","2866.0","35829.0","57632.0"
"228","2007","12","Uttar Pradesh","Sitapur","32280.0","37950.0","7991.0","13769.0","2069.0","1759.0","42340.0","53478.0"
"228","2008","12","Uttar Pradesh","Sitapur","34746.0","38991.0","10774.0","13325.0","3117.0","2229.0","48637.0","54545.0"
"228","2009","12","Uttar Pradesh","Sitapur","34536.0","39549.0","11923.0","15804.0","1916.0","4320.0","48375.0","59673.0"
"228","2010","12","Uttar Pradesh","Sitapur","33964.0","39468.0","13364.0","13771.0","2935.0","3129.0","50263.0","56368.0"
"228","2011","12","Uttar Pradesh","Sitapur","47804.0","40679.0","13046.0","15264.0","1000.0","1817.0","61850.0","57760.0"
"228","2012","12","Uttar Pradesh","Sitapur","45432.0","52074.0","8152.0","18558.0","830.0","1342.0","54414.0","71974.0"
"228","2013","12","Uttar Pradesh","Sitapur","38411.0","44451.0","7017.0","14158.0","1086.0","1821.0","46514.0","60430.0"
"228","2014","12","Uttar Pradesh","Sitapur","38603.0","49618.0","10205.0","15231.0","1836.0","3358.0","50644.0","68207.0"
"228","2015","12","Uttar Pradesh","Sitapur","43421.0","38524.0","16077.0","14623.0","2410.0","3211.0","61908.0","56358.0"
"228","2016","12","Uttar Pradesh","Sitapur","35087.0","45366.0","11897.0","19566.0","3264.0","3366.0","50248.0","68298.0"
"228","2017","12","Uttar Pradesh","Sitapur","50723.0","37483.0","12291.0","19991.0","5551.0","1904.0","68565.0","59378.0"
"229","1990","12","Uttar Pradesh","Hardoi","9926.0","17028.0","1159.0","3797.0","161.0","280.0","11246.0","21105.0"
"229","1991","12","Uttar Pradesh","Hardoi","8448.0","16903.0","1443.0","4635.0","125.0","145.0","10016.0","21683.0"
"229","1993","12","Uttar Pradesh","Hardoi","5111.0","16026.0","632.0","3789.0","71.0","196.0","5814.0","20011.0"
"229","1994","12","Uttar Pradesh","Hardoi","5789.0","16238.0","907.0","3195.0","44.0","315.0","6740.0","19748.0"
"229","1995","12","Uttar Pradesh","Hardoi","7575.0","16826.0","1440.0","1691.0","94.0","137.0","9109.0","18654.0"
"229","1996","12","Uttar Pradesh","Hardoi","7569.0","18480.0","1281.0","2689.0","160.0","153.0","9010.0","21322.0"
"229","1997","12","Uttar Pradesh","Hardoi","7799.0","19285.0","1313.0","3712.0","126.0","283.0","9238.0","23280.0"
"229","1998","12","Uttar Pradesh","Hardoi","-1.0","-1.0","-1.0","-1.0","-1.0","-1.0","-1.0","-1.0"
"229","1999","12","Uttar Pradesh","Hardoi","-1.0","-1.0","-1.0","-1.0","-1.0","-1.0","-1.0","-1.0"
"229","2000","12","Uttar Pradesh","Hardoi","11702.0","19290.0","786.0","13875.0","54.0","496.0","12542.0","33661.0"
"229","2001","12","Uttar Pradesh","Hardoi","13601.0","20146.0","1804.0","13292.0","186.0","612.0","15827.0","34050.0"
"229","2002","12","Uttar Pradesh","Hardoi","9762.0","20119.0","1507.0","13077.0","350.0","1150.0","11619.0","34346.0"
"229","2003","12","Uttar Pradesh","Hardoi","12538.0","19810.0","2528.0","12811.0","248.0","1334.0","15314.0","33955.0"
"229","2004","12","Uttar Pradesh","Hardoi","12684.0","19856.0","1858.0","13664.0","422.0","1360.0","14964.0","34880.0"
"229","2005","12","Uttar Pradesh","Hardoi","12978.0","20314.0","2193.0","15231.0","354.0","1718.0","15525.0","37263.0"
"229","2006","12","Uttar Pradesh","Hardoi","13394.0","23241.0","2891.0","13709.0","604.0","1206.0","16889.0","38156.0"
"229","2007","12","Uttar Pradesh","Hardoi","24873.0","38400.0","4670.0","12525.0","825.0","1278.0","30368.0","52203.0"
"229","2008","12","Uttar Pradesh","Hardoi","26773.0","39454.0","6297.0","12120.0","1244.0","1619.0","34314.0","53193.0"
"229","2009","12","Uttar Pradesh","Hardoi","26612.0","40019.0","6969.0","14376.0","765.0","3138.0","34345.0","57533.0"
"229","2010","12","Uttar Pradesh","Hardoi","34860.0","37234.0","9436.0","12297.0","3578.0","2353.0","47874.0","51884.0"
"229","2011","12","Uttar Pradesh","Hardoi","29017.0","32834.0","10317.0","9103.0","540.0","923.0","39874.0","42860.0"
"229","2012","12","Uttar Pradesh","Hardoi","28697.0","49896.0","7662.0","17782.0","1972.0","1286.0","38331.0","68964.0"
"229","2013","12","Uttar Pradesh","Hardoi","35260.0","42592.0","6442.0","13566.0","997.0","1745.0","42699.0","57903.0"
"229","2014","12","Uttar Pradesh","Hardoi","35436.0","47543.0","9368.0","14594.0","1685.0","3217.0","46490.0","65354.0"
"229","2015","12","Uttar Pradesh","Hardoi","39859.0","36913.0","14759.0","14012.0","2212.0","3077.0","56830.0","54002.0"
"229","2016","12","Uttar Pradesh","Hardoi","32209.0","43469.0","10921.0","18747.0","2996.0","3225.0","46126.0","65441.0"
"229","2017","12","Uttar Pradesh","Hardoi","48015.0","46898.0","10294.0","24742.0","878.0","1928.0","59188.0","73568.0"
"230","1990","12","Uttar Pradesh","Kheri","23353.0","25490.0","5417.0","7474.0","1618.0","2129.0","30388.0","35093.0"
"230","1991","12","Uttar Pradesh","Kheri","23037.0","28028.0","4999.0","8170.0","1678.0","2229.0","29714.0","38427.0"
"230","1993","12","Uttar Pradesh","Kheri","31705.0","24672.0","2588.0","6035.0","1111.0","1172.0","35404.0","31879.0"
"230","1994","12","Uttar Pradesh","Kheri","26875.0","25025.0","3385.0","4448.0","641.0","1114.0","30901.0","30587.0"
"230","1995","12","Uttar Pradesh","Kheri","28321.0","27949.0","1771.0","6970.0","565.0","1037.0","30657.0","35956.0"
"230","1996","12","Uttar Pradesh","Kheri","35472.0","28804.0","3314.0","7569.0","1118.0","912.0","39904.0","37285.0"
"230","1997","12","Uttar Pradesh","Kheri","40404.0","33314.0","6743.0","8567.0","1719.0","1716.0","48866.0","43597.0"
"230","1998","12","Uttar Pradesh","Kheri","-1.0","-1.0","-1.0","-1.0","-1.0","-1.0","-1.0","-1.0"
"230","1999","12","Uttar Pradesh","Kheri","-1.0","-1.0","-1.0","-1.0","-1.0","-1.0","-1.0","-1.0"
"230","2000","12","Uttar Pradesh","Kheri","31907.0","26057.0","4492.0","12432.0","520.0","2841.0","36919.0","41330.0"
"230","2001","12","Uttar Pradesh","Kheri","45346.0","35036.0","4781.0","13864.0","591.0","3078.0","50954.0","51978.0"
"230","2002","12","Uttar Pradesh","Kheri","56094.0","34989.0","8057.0","13640.0","1067.0","5781.0","65218.0","54410.0"
"230","2003","12","Uttar Pradesh","Kheri","40526.0","34447.0","5957.0","14030.0","610.0","4831.0","47093.0","53308.0"
"230","2004","12","Uttar Pradesh","Kheri","40998.0","34527.0","4377.0","14964.0","1038.0","4926.0","46413.0","54417.0"
"230","2005","12","Uttar Pradesh","Kheri","41844.0","35324.0","4773.0","16679.0","894.0","6220.0","47511.0","58223.0"
"230","2006","12","Uttar Pradesh","Kheri","45488.0","40413.0","6440.0","15013.0","1021.0","4367.0","52949.0","59793.0"
"230","2007","12","Uttar Pradesh","Kheri","44618.0","42282.0","7824.0","4893.0","2877.0","1367.0","55319.0","48542.0"
"230","2008","12","Uttar Pradesh","Kheri","48025.0","43443.0","10550.0","4735.0","4335.0","1732.0","62910.0","49910.0"
"230","2009","12","Uttar Pradesh","Kheri","47736.0","44064.0","11675.0","5617.0","2665.0","3357.0","62076.0","53038.0"
"230","2010","12","Uttar Pradesh","Kheri","36596.0","38237.0","12313.0","11768.0","2094.0","1890.0","51003.0","51895.0"
"230","2011","12","Uttar Pradesh","Kheri","49837.0","31663.0","8310.0","9102.0","1245.0","758.0","59392.0","41523.0"
"230","2012","12","Uttar Pradesh","Kheri","55002.0","61579.0","10466.0","21945.0","1245.0","1587.0","66713.0","85111.0"
"230","2013","12","Uttar Pradesh","Kheri","48493.0","52564.0","8859.0","16742.0","1371.0","2154.0","58723.0","71460.0"
"230","2014","12","Uttar Pradesh","Kheri","48735.0","58674.0","12884.0","18011.0","2318.0","3970.0","63937.0","80655.0"
"230","2015","12","Uttar Pradesh","Kheri","54818.0","45556.0","20298.0","17293.0","3042.0","3798.0","78158.0","66647.0"
"230","2016","12","Uttar Pradesh","Kheri","44297.0","53646.0","15020.0","23137.0","4120.0","3981.0","63437.0","80764.0"
"230","2017","12","Uttar Pradesh","Kheri","18422.0","27376.0","5173.0","10391.0","1922.0","2270.0","25518.0","40037.0"
"231","1990","12","Uttar Pradesh","Faizabad","17977.0","25130.0","4225.0","8913.0","594.0","1648.0","22796.0","35691.0"
"231","1991","12","Uttar Pradesh","Faizabad","19095.0","25127.0","5944.0","8913.0","631.0","2077.0","25670.0","36117.0"
"231","1993","12","Uttar Pradesh","Faizabad","30774.0","30667.0","10402.0","8691.0","141.0","284.0","41317.0","39642.0"
"231","1994","12","Uttar Pradesh","Faizabad","33891.0","27480.0","13695.0","4367.0","398.0","1104.0","47984.0","32951.0"
"231","1995","12","Uttar Pradesh","Faizabad","32746.0","29504.0","2962.0","6538.0","280.0","936.0","35988.0","36978.0"
"231","1996","12","Uttar Pradesh","Faizabad","34957.0","34481.0","2958.0","9758.0","703.0","576.0","38618.0","44815.0"
"231","1997","12","Uttar Pradesh","Faizabad","39412.0","34057.0","7786.0","9289.0","547.0","1078.0","47745.0","44424.0"
"231","1998","12","Uttar Pradesh","Faizabad","-1.0","-1.0","-1.0","-1.0","-1.0","-1.0","-1.0","-1.0"
"231","1999","12","Uttar Pradesh","Faizabad","-1.0","-1.0","-1.0","-1.0","-1.0","-1.0","-1.0","-1.0"
"231","2000","12","Uttar Pradesh","Faizabad","38489.0","34251.0","4735.0","14370.0","240.0","2314.0","43464.0","50935.0"
"231","2001","12","Uttar Pradesh","Faizabad","46446.0","38680.0","5934.0","13484.0","540.0","1188.0","54186.0","53352.0"
"231","2002","12","Uttar Pradesh","Faizabad","40541.0","38629.0","6397.0","13266.0","276.0","2231.0","47214.0","54126.0"
"231","2003","12","Uttar Pradesh","Faizabad","42236.0","37893.0","7992.0","12996.0","517.0","2367.0","50745.0","53256.0"
"231","2004","12","Uttar Pradesh","Faizabad","42728.0","37981.0","5871.0","13862.0","880.0","2413.0","49479.0","54256.0"
"231","2005","12","Uttar Pradesh","Faizabad","43364.0","38858.0","5688.0","15451.0","700.0","3047.0","49752.0","57356.0"
"231","2006","12","Uttar Pradesh","Faizabad","46803.0","44456.0","7820.0","13907.0","960.0","2139.0","55583.0","60502.0"
"231","2007","12","Uttar Pradesh","Faizabad","35990.0","44594.0","11023.0","14712.0","2736.0","1836.0","49749.0","61142.0"
"231","2008","12","Uttar Pradesh","Faizabad","38739.0","45817.0","14862.0","14237.0","4122.0","2326.0","57723.0","62380.0"
"231","2009","12","Uttar Pradesh","Faizabad","38506.0","46472.0","16447.0","16887.0","2534.0","4508.0","57486.0","67867.0"
"231","2010","12","Uttar Pradesh","Faizabad","39510.0","48623.0","19035.0","14686.0","3659.0","2949.0","62204.0","66258.0"
"231","2011","12","Uttar Pradesh","Faizabad","40904.0","39879.0","12852.0","14503.0","2202.0","1850.0","55958.0","56232.0"
"231","2012","12","Uttar Pradesh","Faizabad","41367.0","41461.0","17223.0","14776.0","1828.0","1068.0","60418.0","57305.0"
"231","2013","12","Uttar Pradesh","Faizabad","29762.0","35392.0","5437.0","11272.0","842.0","1451.0","36041.0","48115.0"
"231","2014","12","Uttar Pradesh","Faizabad","29910.0","39506.0","7908.0","12127.0","1423.0","2673.0","39240.0","54306.0"
"231","2015","12","Uttar Pradesh","Faizabad","33643.0","30673.0","12457.0","11644.0","1867.0","2557.0","47967.0","44874.0"
"231","2016","12","Uttar Pradesh","Faizabad","27181.0","36120.0","9219.0","15578.0","2529.0","2680.0","38928.0","54378.0"
"231","2017","12","Uttar Pradesh","Faizabad","24673.0","38032.0","5641.0","17801.0","796.0","3361.0","31111.0","59194.0"
"232","1990","12","Uttar Pradesh","Gonda","10323.0","17869.0","1324.0","6472.0","400.0","1171.0","12047.0","25512.0"
"232","1991","12","Uttar Pradesh","Gonda","11657.0","17190.0","1702.0","4924.0","520.0","867.0","13879.0","22981.0"
"232","1993","12","Uttar Pradesh","Gonda","9004.0","16935.0","960.0","4427.0","200.0","135.0","10164.0","21497.0"
"232","1994","12","Uttar Pradesh","Gonda","14383.0","18109.0","2536.0","1136.0","206.0","529.0","17125.0","19774.0"
"232","1995","12","Uttar Pradesh","Gonda","15464.0","20872.0","2024.0","3070.0","541.0","408.0","18029.0","24350.0"
"232","1996","12","Uttar Pradesh","Gonda","16741.0","22806.0","1518.0","4356.0","846.0","349.0","19105.0","27511.0"
"232","1997","12","Uttar Pradesh","Gonda","17415.0","22545.0","3622.0","3815.0","605.0","601.0","21642.0","26961.0"
"232","1998","12","Uttar Pradesh","Gonda","-1.0","-1.0","-1.0","-1.0","-1.0","-1.0","-1.0","-1.0"
"232","1999","12","Uttar Pradesh","Gonda","-1.0","-1.0","-1.0","-1.0","-1.0","-1.0","-1.0","-1.0"
"232","2000","12","Uttar Pradesh","Gonda","21862.0","23594.0","1129.0","6519.0","76.0","996.0","23067.0","31109.0"
"232","2001","12","Uttar Pradesh","Gonda","26122.0","30181.0","2153.0","6505.0","270.0","786.0","29817.0","37472.0"
"232","2002","12","Uttar Pradesh","Gonda","19129.0","30141.0","3683.0","6400.0","49.0","1477.0","22861.0","38018.0"
"232","2003","12","Uttar Pradesh","Gonda","23192.0","29593.0","3326.0","6600.0","264.0","1856.0","26782.0","38049.0"
"232","2004","12","Uttar Pradesh","Gonda","23462.0","29662.0","2443.0","7040.0","449.0","1893.0","26354.0","38595.0"
"232","2005","12","Uttar Pradesh","Gonda","23858.0","30347.0","2382.0","7846.0","352.0","2390.0","26592.0","40583.0"
"232","2006","12","Uttar Pradesh","Gonda","25644.0","34719.0","3330.0","7063.0","635.0","1679.0","29609.0","43461.0"
"232","2007","12","Uttar Pradesh","Gonda","29302.0","40645.0","5630.0","12771.0","1736.0","2771.0","36668.0","56187.0"
"232","2008","12","Uttar Pradesh","Gonda","31539.0","41760.0","7592.0","12359.0","2617.0","3511.0","41748.0","57630.0"
"232","2009","12","Uttar Pradesh","Gonda","31349.0","42358.0","8401.0","14659.0","1609.0","6805.0","41359.0","63822.0"
"232","2010","12","Uttar Pradesh","Gonda","27971.0","39022.0","12795.0","13458.0","4763.0","3407.0","45529.0","55887.0"
"232","2011","12","Uttar Pradesh","Gonda","36993.0","39123.0","11193.0","14188.0","2238.0","2257.0","50424.0","55568.0"
"232","2012","12","Uttar Pradesh","Gonda","42881.0","58778.0","10002.0","20947.0","1596.0","1514.0","54479.0","81239.0"
"232","2013","12","Uttar Pradesh","Gonda","46327.0","50173.0","8463.0","15981.0","1310.0","2056.0","56100.0","68210.0"
"232","2014","12","Uttar Pradesh","Gonda","46558.0","56005.0","12309.0","17192.0","2214.0","3790.0","61080.0","76987.0"
"232","2015","12","Uttar Pradesh","Gonda","52369.0","43484.0","19391.0","16506.0","2906.0","3625.0","74666.0","63615.0"
"232","2016","12","Uttar Pradesh","Gonda","42317.0","51206.0","14349.0","22084.0","3936.0","3800.0","60603.0","77090.0"
"232","2017","12","Uttar Pradesh","Gonda","21004.0","39507.0","5623.0","16223.0","1913.0","3293.0","28539.0","59023.0"
"233","1990","12","Uttar Pradesh","Bahraich","8697.0","15780.0","1763.0","4937.0","396.0","1039.0","10856.0","21756.0"
"233","1991","12","Uttar Pradesh","Bahraich","10607.0","14690.0","1952.0","4682.0","443.0","1175.0","13002.0","20547.0"
"233","1993","12","Uttar Pradesh","Bahraich","9385.0","11997.0","1121.0","4416.0","177.0","353.0","10683.0","16766.0"
"233","1994","12","Uttar Pradesh","Bahraich","11029.0","9933.0","1556.0","2814.0","361.0","460.0","12946.0","13207.0"
"233","1995","12","Uttar Pradesh","Bahraich","11044.0","11583.0","1901.0","4598.0","281.0","351.0","13226.0","16532.0"
"233","1996","12","Uttar Pradesh","Bahraich","13777.0","14372.0","1671.0","4611.0","256.0","375.0","15704.0","19358.0"
"233","1997","12","Uttar Pradesh","Bahraich","13792.0","15231.0","2746.0","5380.0","251.0","900.0","16789.0","21511.0"
"233","1998","12","Uttar Pradesh","Bahraich","-1.0","-1.0","-1.0","-1.0","-1.0","-1.0","-1.0","-1.0"
"233","1999","12","Uttar Pradesh","Bahraich","-1.0","-1.0","-1.0","-1.0","-1.0","-1.0","-1.0","-1.0"
"233","2000","12","Uttar Pradesh","Bahraich","12783.0","18537.0","2088.0","14944.0","101.0","4196.0","14972.0","37677.0"
"233","2001","12","Uttar Pradesh","Bahraich","18120.0","17140.0","4524.0","8770.0","486.0","851.0","24415.0","26761.0"
"233","2002","12","Uttar Pradesh","Bahraich","14284.0","17117.0","4782.0","8628.0","131.0","1597.0","19197.0","27342.0"
"233","2003","12","Uttar Pradesh","Bahraich","17643.0","17152.0","5576.0","9109.0","454.0","1792.0","23673.0","28053.0"
"233","2004","12","Uttar Pradesh","Bahraich","17848.0","17192.0","4096.0","9715.0","774.0","1827.0","22718.0","28734.0"
"233","2005","12","Uttar Pradesh","Bahraich","18158.0","17588.0","4214.0","10829.0","611.0","2307.0","22983.0","30724.0"
"233","2006","12","Uttar Pradesh","Bahraich","19402.0","20123.0","6124.0","9747.0","874.0","1619.0","26400.0","31489.0"
"233","2007","12","Uttar Pradesh","Bahraich","19608.0","24175.0","7009.0","8459.0","1549.0","2047.0","28166.0","34681.0"
"233","2008","12","Uttar Pradesh","Bahraich","21106.0","24839.0","9450.0","8186.0","2334.0","2593.0","32890.0","35618.0"
"233","2009","12","Uttar Pradesh","Bahraich","20978.0","25195.0","10458.0","9710.0","1435.0","5026.0","32871.0","39931.0"
"233","2010","12","Uttar Pradesh","Bahraich","18314.0","20077.0","7092.0","9068.0","2207.0","4158.0","27613.0","33303.0"
"233","2011","12","Uttar Pradesh","Bahraich","20919.0","21093.0","8049.0","11308.0","1470.0","3616.0","30438.0","36017.0"
"233","2012","12","Uttar Pradesh","Bahraich","30339.0","46918.0","13848.0","16721.0","4226.0","1209.0","48413.0","64848.0"
"233","2013","12","Uttar Pradesh","Bahraich","40041.0","40050.0","7315.0","12757.0","1132.0","1641.0","48488.0","54448.0"
"233","2014","12","Uttar Pradesh","Bahraich","40240.0","44705.0","10638.0","13723.0","1914.0","3026.0","52793.0","61454.0"
"233","2015","12","Uttar Pradesh","Bahraich","45263.0","34710.0","16760.0","13176.0","2512.0","2893.0","64534.0","50779.0"
"233","2016","12","Uttar Pradesh","Bahraich","36576.0","40875.0","12402.0","17628.0","3403.0","3033.0","52380.0","61536.0"
"233","2017","12","Uttar Pradesh","Bahraich","43471.0","32751.0","11359.0","17631.0","6990.0","5226.0","61819.0","55608.0"
"234","1990","12","Uttar Pradesh","Sultanpur","8818.0","14076.0","1684.0","5099.0","613.0","961.0","11115.0","20136.0"
"234","1991","12","Uttar Pradesh","Sultanpur","10120.0","13987.0","2017.0","4714.0","742.0","962.0","12879.0","19663.0"
"234","1993","12","Uttar Pradesh","Sultanpur","8663.0","13413.0","1371.0","2989.0","316.0","139.0","10350.0","16541.0"
"234","1994","12","Uttar Pradesh","Sultanpur","11690.0","15707.0","2295.0","4250.0","232.0","740.0","14217.0","20697.0"
"234","1995","12","Uttar Pradesh","Sultanpur","13122.0","16157.0","2712.0","3386.0","265.0","474.0","16099.0","20017.0"
"234","1996","12","Uttar Pradesh","Sultanpur","13362.0","17413.0","2410.0","3887.0","418.0","275.0","16190.0","21575.0"
"234","1997","12","Uttar Pradesh","Sultanpur","14933.0","17222.0","3504.0","3801.0","311.0","684.0","18748.0","21707.0"
"234","1998","12","Uttar Pradesh","Sultanpur","-1.0","-1.0","-1.0","-1.0","-1.0","-1.0","-1.0","-1.0"
"234","1999","12","Uttar Pradesh","Sultanpur","-1.0","-1.0","-1.0","-1.0","-1.0","-1.0","-1.0","-1.0"
"234","2000","12","Uttar Pradesh","Sultanpur","15647.0","16489.0","1297.0","6970.0","67.0","1015.0","17011.0","24474.0"
"234","2001","12","Uttar Pradesh","Sultanpur","17988.0","17372.0","2278.0","6377.0","272.0","633.0","20779.0","24382.0"
"234","2002","12","Uttar Pradesh","Sultanpur","12094.0","17349.0","1661.0","6274.0","75.0","1189.0","13830.0","24812.0"
"234","2003","12","Uttar Pradesh","Sultanpur","16691.0","17111.0","3067.0","5992.0","344.0","1438.0","20102.0","24541.0"
"234","2004","12","Uttar Pradesh","Sultanpur","16886.0","17151.0","2253.0","6391.0","586.0","1466.0","19725.0","25008.0"
"234","2005","12","Uttar Pradesh","Sultanpur","17202.0","17546.0","2448.0","7124.0","476.0","1852.0","20126.0","26522.0"
"234","2006","12","Uttar Pradesh","Sultanpur","18259.0","20075.0","3400.0","6412.0","632.0","1300.0","22291.0","27787.0"
"234","2007","12","Uttar Pradesh","Sultanpur","19626.0","25269.0","3208.0","6072.0","538.0","1141.0","23372.0","32482.0"
"234","2008","12","Uttar Pradesh","Sultanpur","21125.0","25963.0","4326.0","5876.0","811.0","1446.0","26262.0","33285.0"
"234","2009","12","Uttar Pradesh","Sultanpur","20998.0","26334.0","4787.0","6969.0","498.0","2803.0","26283.0","36106.0"
"234","2010","12","Uttar Pradesh","Sultanpur","22310.0","19227.0","11741.0","7871.0","1937.0","1445.0","35988.0","28543.0"
"234","2011","12","Uttar Pradesh","Sultanpur","12904.0","20365.0","3562.0","7759.0","619.0","998.0","17085.0","29122.0"
"234","2012","12","Uttar Pradesh","Sultanpur","21140.0","26962.0","6596.0","9608.0","1327.0","695.0","29063.0","37265.0"
"234","2013","12","Uttar Pradesh","Sultanpur","29329.0","23015.0","5358.0","7330.0","829.0","944.0","35516.0","31288.0"
"234","2014","12","Uttar Pradesh","Sultanpur","29476.0","25689.0","7792.0","7886.0","1402.0","1739.0","38670.0","35314.0"
"234","2015","12","Uttar Pradesh","Sultanpur","33154.0","19946.0","12276.0","7571.0","1840.0","1662.0","47271.0","29180.0"
"234","2016","12","Uttar Pradesh","Sultanpur","26790.0","23489.0","9084.0","10131.0","2492.0","1742.0","38366.0","35362.0"
"234","2017","12","Uttar Pradesh","Sultanpur","21424.0","28620.0","5065.0","15221.0","993.0","1176.0","27482.0","45016.0"
"235","1990","12","Uttar Pradesh","Pratapgarh","4669.0","14439.0","819.0","3777.0","263.0","612.0","5751.0","18828.0"
"235","1991","12","Uttar Pradesh","Pratapgarh","6544.0","14972.0","1552.0","3844.0","383.0","677.0","8479.0","19493.0"
"235","1993","12","Uttar Pradesh","Pratapgarh","5787.0","17383.0","766.0","3223.0","112.0","99.0","6665.0","20705.0"
"235","1994","12","Uttar Pradesh","Pratapgarh","8967.0","17821.0","1998.0","4143.0","132.0","740.0","11097.0","22704.0"
"235","1995","12","Uttar Pradesh","Pratapgarh","9264.0","18735.0","1929.0","3324.0","262.0","371.0","11455.0","22430.0"
"235","1996","12","Uttar Pradesh","Pratapgarh","9582.0","19419.0","1552.0","3957.0","171.0","287.0","11305.0","23663.0"
"235","1997","12","Uttar Pradesh","Pratapgarh","10143.0","19599.0","8145.0","3452.0","136.0","557.0","18424.0","23608.0"
"235","1998","12","Uttar Pradesh","Pratapgarh","-1.0","-1.0","-1.0","-1.0","-1.0","-1.0","-1.0","-1.0"
"235","1999","12","Uttar Pradesh","Pratapgarh","-1.0","-1.0","-1.0","-1.0","-1.0","-1.0","-1.0","-1.0"
"235","2000","12","Uttar Pradesh","Pratapgarh","11427.0","15977.0","1638.0","5057.0","65.0","636.0","13130.0","21670.0"
"235","2001","12","Uttar Pradesh","Pratapgarh","13729.0","19152.0","3240.0","4518.0","256.0","582.0","17467.0","24252.0"
"235","2002","12","Uttar Pradesh","Pratapgarh","11084.0","19126.0","2189.0","4445.0","258.0","1094.0","13531.0","24665.0"
"235","2003","12","Uttar Pradesh","Pratapgarh","12293.0","18940.0","3561.0","4532.0","286.0","1382.0","16140.0","24854.0"
"235","2004","12","Uttar Pradesh","Pratapgarh","12437.0","18985.0","2616.0","4834.0","486.0","1409.0","15539.0","25228.0"
"235","2005","12","Uttar Pradesh","Pratapgarh","12598.0","19423.0","2873.0","5388.0","405.0","1779.0","15876.0","26590.0"
"235","2006","12","Uttar Pradesh","Pratapgarh","13398.0","22221.0","3984.0","4850.0","373.0","1249.0","17755.0","28320.0"
"235","2007","12","Uttar Pradesh","Pratapgarh","14251.0","22810.0","4065.0","7191.0","882.0","913.0","19198.0","30914.0"
"235","2008","12","Uttar Pradesh","Pratapgarh","15339.0","23436.0","5481.0","6959.0","1329.0","1156.0","22149.0","31551.0"
"235","2009","12","Uttar Pradesh","Pratapgarh","15247.0","23771.0","6065.0","8254.0","817.0","2241.0","22129.0","34266.0"
"235","2010","12","Uttar Pradesh","Pratapgarh","14534.0","18952.0","6180.0","6254.0","567.0","1698.0","21281.0","26904.0"
"235","2011","12","Uttar Pradesh","Pratapgarh","14311.0","17748.0","4047.0","7311.0","499.0","1331.0","18857.0","26390.0"
"235","2012","12","Uttar Pradesh","Pratapgarh","16209.0","20565.0","4671.0","7329.0","1045.0","530.0","21925.0","28424.0"
"235","2013","12","Uttar Pradesh","Pratapgarh","16397.0","17555.0","2995.0","5591.0","464.0","719.0","19856.0","23865.0"
"235","2014","12","Uttar Pradesh","Pratapgarh","16479.0","19595.0","4356.0","6015.0","784.0","1326.0","21619.0","26936.0"
"235","2015","12","Uttar Pradesh","Pratapgarh","18535.0","15214.0","6863.0","5775.0","1029.0","1268.0","26427.0","22257.0"
"235","2016","12","Uttar Pradesh","Pratapgarh","14978.0","17916.0","5079.0","7727.0","1393.0","1329.0","21450.0","26972.0"
"235","2017","12","Uttar Pradesh","Pratapgarh","7434.0","21558.0","2470.0","9396.0","2271.0","1939.0","12175.0","32893.0"
"236","1990","12","Uttar Pradesh","Barabanki","12533.0","19548.0","1049.0","5228.0","292.0","1903.0","13874.0","26679.0"
"236","1991","12","Uttar Pradesh","Barabanki","12501.0","21686.0","1317.0","6438.0","552.0","2229.0","14370.0","30353.0"
"236","1993","12","Uttar Pradesh","Barabanki","17844.0","20211.0","856.0","5365.0","212.0","497.0","18912.0","26073.0"
"236","1994","12","Uttar Pradesh","Barabanki","21607.0","20361.0","2479.0","3899.0","514.0","1346.0","24600.0","25606.0"
"236","1995","12","Uttar Pradesh","Barabanki","20299.0","20960.0","2960.0","4169.0","630.0","1028.0","23889.0","26157.0"
"236","1996","12","Uttar Pradesh","Barabanki","20804.0","24928.0","2645.0","8489.0","817.0","1175.0","24266.0","34592.0"
"236","1997","12","Uttar Pradesh","Barabanki","20995.0","23709.0","3716.0","6628.0","801.0","1509.0","25512.0","31846.0"
"236","1998","12","Uttar Pradesh","Barabanki","-1.0","-1.0","-1.0","-1.0","-1.0","-1.0","-1.0","-1.0"
"236","1999","12","Uttar Pradesh","Barabanki","-1.0","-1.0","-1.0","-1.0","-1.0","-1.0","-1.0","-1.0"
"236","2000","12","Uttar Pradesh","Barabanki","22020.0","22733.0","3404.0","13071.0","395.0","2130.0","25819.0","37934.0"
"236","2001","12","Uttar Pradesh","Barabanki","26970.0","25400.0","3990.0","12854.0","950.0","2347.0","32153.0","40601.0"
"236","2002","12","Uttar Pradesh","Barabanki","23954.0","25366.0","5722.0","12646.0","666.0","4408.0","30342.0","42420.0"
"236","2003","12","Uttar Pradesh","Barabanki","25109.0","25387.0","5125.0","12637.0","934.0","4034.0","31168.0","42058.0"
"236","2004","12","Uttar Pradesh","Barabanki","25402.0","25446.0","3766.0","13478.0","1589.0","4113.0","30757.0","43037.0"
"236","2005","12","Uttar Pradesh","Barabanki","26037.0","26033.0","4548.0","15023.0","1289.0","5193.0","31874.0","46249.0"
"236","2006","12","Uttar Pradesh","Barabanki","27388.0","29784.0","6567.0","13522.0","1874.0","3646.0","35829.0","46952.0"
"236","2007","12","Uttar Pradesh","Barabanki","31463.0","37045.0","4305.0","11587.0","494.0","1931.0","36262.0","50563.0"
"236","2008","12","Uttar Pradesh","Barabanki","33866.0","38061.0","5804.0","11213.0","744.0","2446.0","40414.0","51720.0"
"236","2009","12","Uttar Pradesh","Barabanki","33662.0","38606.0","6423.0","13300.0","458.0","4742.0","40543.0","56648.0"
"236","2010","12","Uttar Pradesh","Barabanki","32436.0","34417.0","15392.0","12050.0","2792.0","2320.0","50620.0","48787.0"
"236","2011","12","Uttar Pradesh","Barabanki","34715.0","32538.0","10643.0","8091.0","1063.0","857.0","46421.0","41486.0"
"236","2012","12","Uttar Pradesh","Barabanki","34145.0","34082.0","12907.0","12146.0","914.0","878.0","47966.0","47106.0"
"236","2013","12","Uttar Pradesh","Barabanki","23732.0","29093.0","4336.0","9266.0","671.0","1192.0","28739.0","39551.0"
"236","2014","12","Uttar Pradesh","Barabanki","23850.0","32475.0","6305.0","9969.0","1134.0","2198.0","31290.0","44642.0"
"236","2015","12","Uttar Pradesh","Barabanki","26827.0","25214.0","9933.0","9571.0","1489.0","2102.0","38249.0","36887.0"
"236","2016","12","Uttar Pradesh","Barabanki","21664.0","29692.0","7351.0","12806.0","2016.0","2203.0","31031.0","44701.0"
"236","2017","12","Uttar Pradesh","Barabanki","25819.0","31709.0","5810.0","11659.0","1046.0","1887.0","32675.0","45255.0"
"237","1990","16","Uttarakhand","Nainital","25097.0","28809.0","8145.0","7337.0","2844.0","2252.0","36086.0","38398.0"
"237","1991","16","Uttarakhand","Nainital","24172.0","26925.0","7514.0","8493.0","2861.0","2637.0","34547.0","38055.0"
"237","1993","16","Uttarakhand","Nainital","31266.0","27438.0","7330.0","4963.0","2442.0","1031.0","41038.0","33432.0"
"237","1994","16","Uttarakhand","Nainital","27372.0","25500.0","7428.0","4845.0","2983.0","2406.0","37783.0","32751.0"
"237","1995","16","Uttarakhand","Nainital","33044.0","27192.0","7294.0","6230.0","3531.0","2210.0","43869.0","35632.0"
"237","1996","16","Uttarakhand","Nainital","33296.0","23877.0","8046.0","6177.0","3463.0","1745.0","44805.0","31799.0"
"237","1997","16","Uttarakhand","Nainital","35239.0","30158.0","7485.0","8266.0","3452.0","3442.0","46176.0","41866.0"
"237","1998","16","Uttarakhand","Nainital","-1.0","-1.0","-1.0","-1.0","-1.0","-1.0","-1.0","-1.0"
"237","1999","16","Uttarakhand","Nainital","-1.0","-1.0","-1.0","-1.0","-1.0","-1.0","-1.0","-1.0"
"237","2000","16","Uttarakhand","Nainital","33175.0","18306.0","6896.0","7800.0","4530.0","4183.0","44601.0","30289.0"
"237","2001","16","Uttarakhand","Nainital","34208.0","26972.0","6889.0","9740.0","4302.0","3965.0","45399.0","40677.0"
"237","2002","16","Uttarakhand","Nainital","33207.0","32631.0","4932.0","12976.0","3150.0","5252.0","41289.0","50859.0"
"237","2003","16","Uttarakhand","Nainital","34176.0","35664.0","7243.0","12968.0","4637.0","5386.0","46056.0","54018.0"
"237","2004","16","Uttarakhand","Nainital","29051.0","33899.0","4015.0","11006.0","1495.0","4868.0","34561.0","49773.0"
"237","2005","16","Uttarakhand","Nainital","29904.0","30088.0","4592.0","10510.0","2649.0","4439.0","37145.0","45037.0"
"237","2006","16","Uttarakhand","Nainital","41490.0","35986.0","6453.0","11013.0","3039.0","4379.0","50982.0","51378.0"
"237","2007","16","Uttarakhand","Nainital","45026.0","41580.0","6545.0","11033.0","3213.0","5856.0","54784.0","58469.0"
"237","2008","16","Uttarakhand","Nainital","43327.0","40292.0","10792.0","11192.0","5722.0","5136.0","59841.0","56620.0"
"237","2009","16","Uttarakhand","Nainital","40424.0","46488.0","8936.0","8777.0","1733.0","5329.0","51093.0","60594.0"
"237","2010","16","Uttarakhand","Nainital","43861.0","39189.0","11713.0","8146.0","4821.0","5571.0","60395.0","52906.0"
"237","2011","16","Uttarakhand","Nainital","48127.0","40569.0","11145.0","12232.0","2687.0","5020.0","61959.0","57821.0"
"237","2012","16","Uttarakhand","Nainital","48653.0","39257.0","7433.0","8680.0","2380.0","2725.0","58466.0","50662.0"
"237","2013","16","Uttarakhand","Nainital","53642.0","46203.0","6898.0","8267.0","2366.0","3267.0","62906.0","57737.0"
"237","2014","16","Uttarakhand","Nainital","53481.0","46172.0","5972.0","9122.0","2303.0","3479.0","61756.0","58773.0"
"237","2015","16","Uttarakhand","Nainital","58992.0","77013.0","5955.0","8557.0","1596.0","3150.0","66543.0","88720.0"
"237","2016","16","Uttarakhand","Nainital","82874.0","46906.0","7443.0","10139.0","2965.0","3451.0","93281.0","60496.0"
"237","2017","16","Uttarakhand","Nainital","68797.0","48593.0","5918.0","9399.0","2359.0","3957.0","77073.0","61949.0"
"238","1990","16","Uttarakhand","Almorah","298.0","425.0","122.0","270.0","16.0","42.0","436.0","737.0"
"238","1991","16","Uttarakhand","Almorah","265.0","478.0","110.0","328.0","18.0","124.0","393.0","930.0"
"238","1993","16","Uttarakhand","Almorah","267.0","353.0","75.0","199.0","11.0","19.0","353.0","571.0"
"238","1994","16","Uttarakhand","Almorah","239.0","303.0","42.0","106.0","4.0","23.0","285.0","432.0"
"238","1995","16","Uttarakhand","Almorah","264.0","258.0","66.0","111.0","16.0","33.0","346.0","402.0"
"238","1996","16","Uttarakhand","Almorah","227.0","255.0","149.0","46.0","41.0","15.0","417.0","316.0"
"238","1997","16","Uttarakhand","Almorah","186.0","344.0","30.0","74.0","5.0","9.0","221.0","427.0"
"238","1998","16","Uttarakhand","Almorah","-1.0","-1.0","-1.0","-1.0","-1.0","-1.0","-1.0","-1.0"
"238","1999","16","Uttarakhand","Almorah","-1.0","-1.0","-1.0","-1.0","-1.0","-1.0","-1.0","-1.0"
"238","2000","16","Uttarakhand","Almorah","195.0","189.0","38.0","99.0","6.0","110.0","239.0","398.0"
"238","2001","16","Uttarakhand","Almorah","217.0","284.0","52.0","153.0","8.0","15.0","277.0","452.0"
"238","2002","16","Uttarakhand","Almorah","217.0","251.0","47.0","124.0","7.0","10.0","271.0","385.0"
"238","2003","16","Uttarakhand","Almorah","215.0","325.0","52.0","176.0","3.0","17.0","270.0","518.0"
"238","2004","16","Uttarakhand","Almorah","207.0","282.0","42.0","120.0","4.0","16.0","253.0","418.0"
"238","2005","16","Uttarakhand","Almorah","201.0","256.0","45.0","97.0","6.0","19.0","252.0","372.0"
"238","2006","16","Uttarakhand","Almorah","177.0","230.0","58.0","117.0","17.0","31.0","252.0","378.0"
"238","2007","16","Uttarakhand","Almorah","210.0","251.0","65.0","106.0","15.0","28.0","290.0","385.0"
"238","2008","16","Uttarakhand","Almorah","211.0","247.0","70.0","96.0","22.0","23.0","303.0","366.0"
"238","2009","16","Uttarakhand","Almorah","198.0","234.0","35.0","89.0","0.0","41.0","233.0","364.0"
"238","2010","16","Uttarakhand","Almorah","254.0","219.0","75.0","79.0","28.0","72.0","357.0","370.0"
"238","2011","16","Uttarakhand","Almorah","273.0","235.0","122.0","84.0","68.0","33.0","463.0","352.0"
"238","2012","16","Uttarakhand","Almorah","219.0","235.0","41.0","84.0","17.0","33.0","277.0","352.0"
"238","2013","16","Uttarakhand","Almorah","287.0","234.0","70.0","62.0","24.0","24.0","381.0","320.0"
"238","2014","16","Uttarakhand","Almorah","245.0","285.0","21.0","101.0","6.0","29.0","273.0","415.0"
"238","2015","16","Uttarakhand","Almorah","241.0","229.0","53.0","89.0","12.0","28.0","307.0","346.0"
"238","2016","16","Uttarakhand","Almorah","239.0","227.0","51.0","115.0","13.0","35.0","304.0","377.0"
"238","2017","16","Uttarakhand","Almorah","199.0","229.0","38.0","74.0","7.0","29.0","244.0","332.0"
"239","1990","16","Uttarakhand","Pithorgarh","172.0","161.0","96.0","113.0","16.0","17.0","284.0","291.0"
"239","1991","16","Uttarakhand","Pithorgarh","160.0","221.0","67.0","155.0","15.0","22.0","242.0","398.0"
"239","1993","16","Uttarakhand","Pithorgarh","192.0","207.0","47.0","106.0","16.0","29.0","255.0","342.0"
"239","1994","16","Uttarakhand","Pithorgarh","145.0","213.0","25.0","94.0","10.0","18.0","180.0","325.0"
"239","1995","16","Uttarakhand","Pithorgarh","172.0","170.0","62.0","98.0","24.0","18.0","258.0","286.0"
"239","1996","16","Uttarakhand","Pithorgarh","120.0","170.0","95.0","38.0","30.0","6.0","245.0","214.0"
"239","1997","16","Uttarakhand","Pithorgarh","123.0","248.0","29.0","92.0","0.0","10.0","152.0","350.0"
"239","1998","16","Uttarakhand","Pithorgarh","-1.0","-1.0","-1.0","-1.0","-1.0","-1.0","-1.0","-1.0"
"239","1999","16","Uttarakhand","Pithorgarh","-1.0","-1.0","-1.0","-1.0","-1.0","-1.0","-1.0","-1.0"
"239","2000","16","Uttarakhand","Pithorgarh","168.0","154.0","60.0","90.0","11.0","150.0","239.0","394.0"
"239","2001","16","Uttarakhand","Pithorgarh","226.0","219.0","44.0","106.0","14.0","9.0","284.0","334.0"
"239","2002","16","Uttarakhand","Pithorgarh","172.0","222.0","44.0","135.0","11.0","7.0","227.0","364.0"
"239","2003","16","Uttarakhand","Pithorgarh","278.0","195.0","141.0","136.0","96.0","16.0","515.0","347.0"
"239","2004","16","Uttarakhand","Pithorgarh","256.0","207.0","220.0","119.0","28.0","12.0","504.0","338.0"
"239","2005","16","Uttarakhand","Pithorgarh","136.0","187.0","93.0","98.0","17.0","16.0","246.0","301.0"
"239","2006","16","Uttarakhand","Pithorgarh","164.0","173.0","61.0","108.0","14.0","29.0","239.0","310.0"
"239","2007","16","Uttarakhand","Pithorgarh","186.0","219.0","60.0","134.0","18.0","52.0","264.0","405.0"
"239","2008","16","Uttarakhand","Pithorgarh","222.0","209.0","125.0","108.0","46.0","31.0","393.0","348.0"
"239","2009","16","Uttarakhand","Pithorgarh","189.0","230.0","37.0","113.0","0.0","33.0","226.0","376.0"
"239","2010","16","Uttarakhand","Pithorgarh","211.0","147.0","54.0","75.0","28.0","63.0","293.0","285.0"
"239","2011","16","Uttarakhand","Pithorgarh","215.0","242.0","62.0","89.0","12.0","39.0","289.0","370.0"
"239","2012","16","Uttarakhand","Pithorgarh","351.0","242.0","127.0","89.0","19.0","39.0","497.0","370.0"
"239","2013","16","Uttarakhand","Pithorgarh","346.0","307.0","41.0","90.0","3.0","33.0","390.0","430.0"
"239","2014","16","Uttarakhand","Pithorgarh","375.0","337.0","65.0","74.0","30.0","14.0","469.0","425.0"
"239","2015","16","Uttarakhand","Pithorgarh","281.0","306.0","50.0","114.0","2.0","37.0","332.0","457.0"
"239","2016","16","Uttarakhand","Pithorgarh","323.0","312.0","57.0","82.0","18.0","29.0","398.0","423.0"
"239","2017","16","Uttarakhand","Pithorgarh","269.0","206.0","57.0","70.0","21.0","26.0","347.0","302.0"
"240","1990","16","Uttarakhand","Chamoli","85.0","87.0","71.0","77.0","13.0","16.0","169.0","180.0"
"240","1991","16","Uttarakhand","Chamoli","107.0","160.0","83.0","130.0","11.0","22.0","201.0","312.0"
"240","1993","16","Uttarakhand","Chamoli","89.0","113.0","73.0","93.0","12.0","20.0","174.0","226.0"
"240","1994","16","Uttarakhand","Chamoli","77.0","107.0","33.0","41.0","7.0","16.0","117.0","164.0"
"240","1995","16","Uttarakhand","Chamoli","100.0","91.0","56.0","93.0","4.0","5.0","160.0","189.0"
"240","1996","16","Uttarakhand","Chamoli","68.0","108.0","58.0","90.0","5.0","0.0","131.0","198.0"
"240","1997","16","Uttarakhand","Chamoli","69.0","116.0","29.0","96.0","0.0","4.0","98.0","216.0"
"240","1998","16","Uttarakhand","Chamoli","0.0","0.0","0.0","0.0","0.0","0.0","0.0","0.0"
"240","1999","16","Uttarakhand","Chamoli","0.0","0.0","0.0","0.0","0.0","0.0","0.0","0.0"
"240","2000","16","Uttarakhand","Chamoli","87.0","89.0","38.0","95.0","1.0","100.0","126.0","284.0"
"240","2001","16","Uttarakhand","Chamoli","1667.0","977.0","488.0","743.0","151.0","154.0","2306.0","1874.0"
"240","2002","16","Uttarakhand","Chamoli","1573.0","1730.0","74.0","811.0","146.0","75.0","1793.0","2616.0"
"240","2003","16","Uttarakhand","Chamoli","92.0","160.0","43.0","165.0","1.0","37.0","136.0","362.0"
"240","2004","16","Uttarakhand","Chamoli","100.0","109.0","47.0","101.0","2.0","11.0","149.0","221.0"
"240","2005","16","Uttarakhand","Chamoli","88.0","103.0","46.0","84.0","3.0","4.0","137.0","191.0"
"240","2006","16","Uttarakhand","Chamoli","93.0","173.0","44.0","156.0","3.0","11.0","140.0","340.0"
"240","2007","16","Uttarakhand","Chamoli","90.0","106.0","37.0","91.0","3.0","5.0","130.0","202.0"
"240","2008","16","Uttarakhand","Chamoli","127.0","108.0","50.0","95.0","6.0","7.0","183.0","210.0"
"240","2009","16","Uttarakhand","Chamoli","68.0","104.0","41.0","93.0","0.0","7.0","109.0","204.0"
"240","2010","16","Uttarakhand","Chamoli","89.0","99.0","36.0","66.0","6.0","25.0","131.0","190.0"
"240","2011","16","Uttarakhand","Chamoli","90.0","121.0","40.0","76.0","20.0","4.0","150.0","201.0"
"240","2012","16","Uttarakhand","Chamoli","64.0","121.0","25.0","76.0","0.0","4.0","89.0","201.0"
"240","2013","16","Uttarakhand","Chamoli","95.0","88.0","46.0","47.0","4.0","10.0","145.0","145.0"
"240","2014","16","Uttarakhand","Chamoli","95.0","80.0","25.0","39.0","5.0","0.0","125.0","119.0"
"240","2015","16","Uttarakhand","Chamoli","70.0","44.0","23.0","35.0","0.0","0.0","94.0","79.0"
"240","2016","16","Uttarakhand","Chamoli","69.0","47.0","28.0","47.0","0.0","2.0","97.0","96.0"
"240","2017","16","Uttarakhand","Chamoli","56.0","30.0","20.0","25.0","2.0","0.0","77.0","55.0"
"241","1990","16","Uttarakhand","Uttar Kashi","103.0","122.0","119.0","75.0","16.0","15.0","238.0","212.0"
"241","1991","16","Uttarakhand","Uttar Kashi","99.0","160.0","72.0","173.0","9.0","20.0","180.0","353.0"
"241","1993","16","Uttarakhand","Uttar Kashi","101.0","156.0","94.0","111.0","5.0","7.0","200.0","274.0"
"241","1994","16","Uttarakhand","Uttar Kashi","90.0","95.0","32.0","65.0","2.0","10.0","124.0","170.0"
"241","1995","16","Uttarakhand","Uttar Kashi","104.0","137.0","62.0","153.0","9.0","9.0","175.0","299.0"
"241","1996","16","Uttarakhand","Uttar Kashi","60.0","133.0","68.0","196.0","38.0","3.0","166.0","332.0"
"241","1997","16","Uttarakhand","Uttar Kashi","73.0","123.0","63.0","185.0","9.0","14.0","145.0","322.0"
"241","1998","16","Uttarakhand","Uttar Kashi","0.0","0.0","0.0","0.0","0.0","0.0","0.0","0.0"
"241","1999","16","Uttarakhand","Uttar Kashi","0.0","0.0","0.0","0.0","0.0","0.0","0.0","0.0"
"241","2000","16","Uttarakhand","Uttar Kashi","83.0","100.0","56.0","118.0","2.0","200.0","141.0","418.0"
"241","2001","16","Uttarakhand","Uttar Kashi","54.0","75.0","36.0","110.0","0.0","9.0","90.0","194.0"
"241","2002","16","Uttarakhand","Uttar Kashi","39.0","160.0","35.0","250.0","0.0","2.0","74.0","412.0"
"241","2003","16","Uttarakhand","Uttar Kashi","54.0","162.0","61.0","233.0","1.0","6.0","116.0","401.0"
"241","2004","16","Uttarakhand","Uttar Kashi","81.0","138.0","60.0","256.0","5.0","10.0","146.0","404.0"
"241","2005","16","Uttarakhand","Uttar Kashi","105.0","163.0","126.0","262.0","5.0","10.0","236.0","435.0"
"241","2006","16","Uttarakhand","Uttar Kashi","82.0","208.0","67.0","374.0","2.0","25.0","151.0","607.0"
"241","2007","16","Uttarakhand","Uttar Kashi","62.0","149.0","59.0","259.0","6.0","66.0","127.0","474.0"
"241","2008","16","Uttarakhand","Uttar Kashi","68.0","106.0","52.0","145.0","1.0","9.0","121.0","260.0"
"241","2009","16","Uttarakhand","Uttar Kashi","104.0","109.0","74.0","169.0","0.0","28.0","178.0","306.0"
"241","2010","16","Uttarakhand","Uttar Kashi","87.0","73.0","54.0","181.0","24.0","56.0","165.0","310.0"
"241","2011","16","Uttarakhand","Uttar Kashi","92.0","98.0","67.0","121.0","66.0","41.0","225.0","260.0"
"241","2012","16","Uttarakhand","Uttar Kashi","32.0","98.0","10.0","121.0","2.0","41.0","44.0","260.0"
"241","2013","16","Uttarakhand","Uttar Kashi","46.0","116.0","22.0","147.0","0.0","12.0","68.0","275.0"
"241","2014","16","Uttarakhand","Uttar Kashi","60.0","97.0","36.0","150.0","9.0","29.0","104.0","276.0"
"241","2015","16","Uttarakhand","Uttar Kashi","53.0","118.0","28.0","173.0","3.0","25.0","84.0","316.0"
"241","2016","16","Uttarakhand","Uttar Kashi","59.0","53.0","20.0","71.0","2.0","8.0","81.0","132.0"
"241","2017","16","Uttarakhand","Uttar Kashi","50.0","87.0","27.0","121.0","2.0","31.0","79.0","239.0"
"242","1990","16","Uttarakhand","Tehri Garhwal","142.0","196.0","98.0","125.0","14.0","25.0","254.0","346.0"
"242","1991","16","Uttarakhand","Tehri Garhwal","158.0","207.0","95.0","151.0","18.0","22.0","271.0","380.0"
"242","1993","16","Uttarakhand","Tehri Garhwal","146.0","129.0","94.0","89.0","15.0","12.0","255.0","230.0"
"242","1994","16","Uttarakhand","Tehri Garhwal","92.0","147.0","36.0","50.0","10.0","5.0","138.0","202.0"
"242","1995","16","Uttarakhand","Tehri Garhwal","121.0","149.0","67.0","77.0","19.0","5.0","207.0","231.0"
"242","1996","16","Uttarakhand","Tehri Garhwal","116.0","119.0","64.0","76.0","51.0","2.0","231.0","197.0"
"242","1997","16","Uttarakhand","Tehri Garhwal","85.0","123.0","22.0","69.0","0.0","2.0","107.0","194.0"
"242","1998","16","Uttarakhand","Tehri Garhwal","0.0","0.0","0.0","0.0","0.0","0.0","0.0","0.0"
"242","1999","16","Uttarakhand","Tehri Garhwal","0.0","0.0","0.0","0.0","0.0","0.0","0.0","0.0"
"242","2000","16","Uttarakhand","Tehri Garhwal","83.0","60.0","31.0","38.0","2.0","50.0","116.0","148.0"
"242","2001","16","Uttarakhand","Tehri Garhwal","19.0","18.0","6.0","21.0","0.0","0.0","25.0","39.0"
"242","2002","16","Uttarakhand","Tehri Garhwal","13.0","37.0","6.0","23.0","0.0","0.0","19.0","60.0"
"242","2003","16","Uttarakhand","Tehri Garhwal","25.0","95.0","9.0","60.0","0.0","3.0","34.0","158.0"
"242","2004","16","Uttarakhand","Tehri Garhwal","58.0","85.0","20.0","61.0","2.0","2.0","80.0","148.0"
"242","2005","16","Uttarakhand","Tehri Garhwal","56.0","93.0","22.0","70.0","1.0","6.0","79.0","169.0"
"242","2006","16","Uttarakhand","Tehri Garhwal","56.0","91.0","24.0","58.0","0.0","8.0","80.0","157.0"
"242","2007","16","Uttarakhand","Tehri Garhwal","44.0","81.0","16.0","57.0","1.0","5.0","61.0","143.0"
"242","2008","16","Uttarakhand","Tehri Garhwal","63.0","79.0","45.0","50.0","2.0","2.0","110.0","131.0"
"242","2009","16","Uttarakhand","Tehri Garhwal","47.0","40.0","44.0","43.0","0.0","7.0","91.0","90.0"
"242","2010","16","Uttarakhand","Tehri Garhwal","45.0","37.0","12.0","34.0","4.0","14.0","61.0","85.0"
"242","2011","16","Uttarakhand","Tehri Garhwal","51.0","69.0","26.0","20.0","20.0","2.0","97.0","91.0"
"242","2012","16","Uttarakhand","Tehri Garhwal","37.0","69.0","12.0","20.0","2.0","2.0","51.0","91.0"
"242","2013","16","Uttarakhand","Tehri Garhwal","60.0","46.0","23.0","12.0","0.0","0.0","83.0","58.0"
"242","2014","16","Uttarakhand","Tehri Garhwal","41.0","63.0","7.0","35.0","3.0","2.0","51.0","100.0"
"242","2015","16","Uttarakhand","Tehri Garhwal","45.0","66.0","12.0","43.0","0.0","0.0","56.0","109.0"
"242","2016","16","Uttarakhand","Tehri Garhwal","30.0","60.0","4.0","31.0","0.0","0.0","34.0","91.0"
"242","2017","16","Uttarakhand","Tehri Garhwal","45.0","30.0","15.0","17.0","2.0","0.0","62.0","47.0"
"243","1990","16","Uttarakhand","Garhwal","156.0","215.0","76.0","92.0","5.0","35.0","237.0","342.0"
"243","1991","16","Uttarakhand","Garhwal","125.0","273.0","69.0","197.0","12.0","29.0","206.0","499.0"
"243","1993","16","Uttarakhand","Garhwal","131.0","189.0","53.0","75.0","12.0","12.0","196.0","276.0"
"243","1994","16","Uttarakhand","Garhwal","131.0","184.0","41.0","47.0","3.0","2.0","175.0","233.0"
"243","1995","16","Uttarakhand","Garhwal","126.0","123.0","38.0","48.0","8.0","5.0","172.0","176.0"
"243","1996","16","Uttarakhand","Garhwal","104.0","141.0","40.0","23.0","35.0","0.0","179.0","164.0"
"243","1997","16","Uttarakhand","Garhwal","51.0","172.0","22.0","46.0","0.0","2.0","73.0","220.0"
"243","1998","16","Uttarakhand","Garhwal","0.0","0.0","0.0","0.0","0.0","0.0","0.0","0.0"
"243","1999","16","Uttarakhand","Garhwal","0.0","0.0","0.0","0.0","0.0","0.0","0.0","0.0"
"243","2000","16","Uttarakhand","Garhwal","86.0","102.0","30.0","46.0","0.0","50.0","116.0","198.0"
"243","2001","16","Uttarakhand","Garhwal","48.0","60.0","22.0","50.0","1.0","3.0","71.0","113.0"
"243","2002","16","Uttarakhand","Garhwal","41.0","117.0","20.0","74.0","1.0","1.0","62.0","192.0"
"243","2003","16","Uttarakhand","Garhwal","56.0","144.0","15.0","69.0","0.0","3.0","71.0","216.0"
"243","2004","16","Uttarakhand","Garhwal","94.0","147.0","25.0","49.0","3.0","1.0","122.0","197.0"
"243","2005","16","Uttarakhand","Garhwal","103.0","153.0","21.0","44.0","0.0","1.0","124.0","198.0"
"243","2006","16","Uttarakhand","Garhwal","120.0","144.0","32.0","66.0","1.0","12.0","153.0","222.0"
"243","2007","16","Uttarakhand","Garhwal","135.0","206.0","35.0","77.0","3.0","1.0","173.0","284.0"
"243","2008","16","Uttarakhand","Garhwal","157.0","205.0","69.0","76.0","10.0","1.0","236.0","282.0"
"243","2009","16","Uttarakhand","Garhwal","151.0","311.0","69.0","143.0","0.0","15.0","220.0","469.0"
"243","2010","16","Uttarakhand","Garhwal","168.0","158.0","55.0","54.0","19.0","3.0","242.0","215.0"
"243","2011","16","Uttarakhand","Garhwal","166.0","228.0","47.0","88.0","27.0","8.0","240.0","324.0"
"243","2012","16","Uttarakhand","Garhwal","163.0","228.0","74.0","88.0","0.0","8.0","237.0","324.0"
"243","2013","16","Uttarakhand","Garhwal","156.0","231.0","41.0","83.0","0.0","0.0","197.0","314.0"
"243","2014","16","Uttarakhand","Garhwal","139.0","312.0","40.0","107.0","6.0","9.0","184.0","428.0"
"243","2015","16","Uttarakhand","Garhwal","171.0","229.0","26.0","80.0","2.0","6.0","199.0","315.0"
"243","2016","16","Uttarakhand","Garhwal","150.0","211.0","42.0","72.0","2.0","0.0","194.0","283.0"
"243","2017","16","Uttarakhand","Garhwal","142.0","232.0","32.0","71.0","1.0","4.0","175.0","307.0"
"244","1990","16","Uttarakhand","Dehradun","956.0","1913.0","230.0","813.0","45.0","131.0","1231.0","2857.0"
"244","1991","16","Uttarakhand","Dehradun","1214.0","1616.0","253.0","604.0","94.0","87.0","1561.0","2307.0"
"244","1993","16","Uttarakhand","Dehradun","1495.0","1697.0","274.0","534.0","82.0","97.0","1851.0","2328.0"
"244","1994","16","Uttarakhand","Dehradun","1549.0","1129.0","706.0","356.0","89.0","75.0","2344.0","1560.0"
"244","1995","16","Uttarakhand","Dehradun","1769.0","1386.0","292.0","377.0","73.0","33.0","2134.0","1796.0"
"244","1996","16","Uttarakhand","Dehradun","1576.0","1393.0","267.0","533.0","91.0","56.0","1934.0","1982.0"
"244","1997","16","Uttarakhand","Dehradun","1399.0","1768.0","314.0","691.0","84.0","100.0","1797.0","2559.0"
"244","1998","16","Uttarakhand","Dehradun","-1.0","-1.0","-1.0","-1.0","-1.0","-1.0","-1.0","-1.0"
"244","1999","16","Uttarakhand","Dehradun","-1.0","-1.0","-1.0","-1.0","-1.0","-1.0","-1.0","-1.0"
"244","2000","16","Uttarakhand","Dehradun","1575.0","1000.0","480.0","700.0","228.0","100.0","2283.0","1800.0"
"244","2001","16","Uttarakhand","Dehradun","35.0","42.0","12.0","31.0","2.0","7.0","49.0","80.0"
"244","2002","16","Uttarakhand","Dehradun","34.0","94.0","12.0","30.0","2.0","1.0","48.0","125.0"
"244","2003","16","Uttarakhand","Dehradun","1475.0","1415.0","484.0","714.0","100.0","142.0","2059.0","2271.0"
"244","2004","16","Uttarakhand","Dehradun","1347.0","1104.0","218.0","471.0","66.0","104.0","1631.0","1679.0"
"244","2005","16","Uttarakhand","Dehradun","957.0","1963.0","282.0","560.0","29.0","107.0","1268.0","2630.0"
"244","2006","16","Uttarakhand","Dehradun","1294.0","1348.0","245.0","427.0","24.0","88.0","1563.0","1863.0"
"244","2007","16","Uttarakhand","Dehradun","1184.0","1353.0","188.0","543.0","32.0","41.0","1404.0","1937.0"
"244","2008","16","Uttarakhand","Dehradun","1249.0","1355.0","233.0","549.0","67.0","45.0","1549.0","1949.0"
"244","2009","16","Uttarakhand","Dehradun","1096.0","2084.0","208.0","1625.0","0.0","1129.0","1304.0","4838.0"
"244","2010","16","Uttarakhand","Dehradun","1282.0","2043.0","320.0","2110.0","121.0","962.0","1723.0","5115.0"
"244","2011","16","Uttarakhand","Dehradun","2488.0","1557.0","246.0","451.0","94.0","351.0","2828.0","2359.0"
"244","2012","16","Uttarakhand","Dehradun","1370.0","1557.0","658.0","451.0","11.0","36.0","2039.0","2044.0"
"244","2013","16","Uttarakhand","Dehradun","1631.0","2079.0","265.0","595.0","0.0","10.0","1896.0","2684.0"
"244","2014","16","Uttarakhand","Dehradun","1693.0","2795.0","260.0","547.0","46.0","79.0","1998.0","3421.0"
"244","2015","16","Uttarakhand","Dehradun","2020.0","2131.0","246.0","590.0","57.0","21.0","2323.0","2742.0"
"244","2016","16","Uttarakhand","Dehradun","1636.0","1924.0","213.0","647.0","57.0","65.0","1906.0","2636.0"
"244","2017","16","Uttarakhand","Dehradun","1520.0","1799.0","253.0","634.0","25.0","73.0","1798.0","2506.0"
"601","1990","17","Assam","Cachar","1287.0","909.0","250.0","178.0","450.0","357.0","1987.0","1444.0"
"601","1991","17","Assam","Cachar","1312.0","702.0","258.0","101.0","344.0","359.0","1914.0","1162.0"
"601","1993","17","Assam","Cachar","2299.0","1360.0","236.0","88.0","336.0","99.0","2871.0","1547.0"
"601","1994","17","Assam","Cachar","2208.0","1042.0","56.0","31.0","103.0","620.0","2367.0","1693.0"
"601","1995","17","Assam","Cachar","1045.0","1545.0","93.0","156.0","157.0","1141.0","1295.0","2842.0"
"601","1996","17","Assam","Cachar","1383.0","2148.0","169.0","143.0","63.0","701.0","1615.0","2992.0"
"601","1997","17","Assam","Cachar","1227.0","1422.0","296.0","375.0","1357.0","529.0","2880.0","2326.0"
"601","1998","17","Assam","Cachar","-1.0","-1.0","-1.0","-1.0","-1.0","-1.0","-1.0","-1.0"
"601","1999","17","Assam","Cachar","-1.0","-1.0","-1.0","-1.0","-1.0","-1.0","-1.0","-1.0"
"601","2000","17","Assam","Cachar","2259.0","2186.0","910.0","865.0","280.0","708.0","3449.0","3759.0"
"601","2001","17","Assam","Cachar","2748.0","1973.0","1185.0","886.0","850.0","514.0","4783.0","3373.0"
"601","2002","17","Assam","Cachar","3167.0","2195.0","1543.0","1048.0","1167.0","670.0","5877.0","3913.0"
"601","2003","17","Assam","Cachar","3478.0","2246.0","1800.0","1142.0","1365.0","742.0","6643.0","4130.0"
"601","2004","17","Assam","Cachar","3103.0","2371.0","1690.0","1114.0","1301.0","839.0","6094.0","4324.0"
"601","2005","17","Assam","Cachar","3371.0","2861.0","1837.0","1216.0","1478.0","871.0","6686.0","4948.0"
"601","2006","17","Assam","Cachar","2932.0","4966.0","1457.0","2269.0","1247.0","2428.0","5636.0","9663.0"
"601","2007","17","Assam","Cachar","2666.0","4416.0","1340.0","2566.0","1133.0","2761.0","5139.0","9743.0"
"601","2008","17","Assam","Cachar","3383.0","4229.0","1573.0","1736.0","1754.0","1768.0","6710.0","7733.0"
"601","2009","17","Assam","Cachar","4260.0","5374.0","1237.0","2741.0","2035.0","1888.0","7532.0","10003.0"
"601","2010","17","Assam","Cachar","4355.0","5589.0","847.0","2615.0","1925.0","1708.0","7127.0","9912.0"
"601","2011","17","Assam","Cachar","4355.0","5589.0","847.0","2615.0","1925.0","1708.0","7127.0","9912.0"
"601","2012","17","Assam","Cachar","4032.0","3463.0","537.0","765.0","676.0","676.0","5245.0","4904.0"
"601","2013","17","Assam","Cachar","3884.0","4570.0","559.0","1286.0","1671.0","1336.0","6114.0","7192.0"
"601","2014","17","Assam","Cachar","3884.0","4670.0","1049.0","1386.0","2031.0","1346.0","6963.0","7402.0"
"601","2015","17","Assam","Cachar","9110.0","11231.0","1979.0","2051.0","2320.0","2469.0","13409.0","15751.0"
"601","2016","17","Assam","Cachar","8091.0","10361.0","1506.0","3013.0","1923.0","2866.0","11520.0","16240.0"
"601","2017","17","Assam","Cachar","8242.0","10602.0","2597.0","3425.0","2525.0","2884.0","13363.0","16911.0"
"602","1990","17","Assam","Darrang","798.0","789.0","352.0","582.0","402.0","389.0","1552.0","1760.0"
"602","1991","17","Assam","Darrang","1044.0","697.0","357.0","475.0","466.0","368.0","1867.0","1540.0"
"602","1993","17","Assam","Darrang","1785.0","706.0","265.0","249.0","224.0","216.0","2274.0","1171.0"
"602","1994","17","Assam","Darrang","935.0","1035.0","92.0","256.0","262.0","473.0","1289.0","1764.0"
"602","1995","17","Assam","Darrang","898.0","1123.0","113.0","183.0","52.0","928.0","1063.0","2234.0"
"602","1996","17","Assam","Darrang","1122.0","2012.0","146.0","536.0","281.0","764.0","1549.0","3312.0"
"602","1997","17","Assam","Darrang","2315.0","2042.0","894.0","979.0","1387.0","849.0","4596.0","3870.0"
"602","1998","17","Assam","Darrang","-1.0","-1.0","-1.0","-1.0","-1.0","-1.0","-1.0","-1.0"
"602","1999","17","Assam","Darrang","-1.0","-1.0","-1.0","-1.0","-1.0","-1.0","-1.0","-1.0"
"602","2000","17","Assam","Darrang","4009.0","3637.0","2145.0","2148.0","1840.0","1756.0","7994.0","7541.0"
"602","2001","17","Assam","Darrang","4111.0","5121.0","2504.0","3333.0","2210.0","2763.0","8825.0","11217.0"
"602","2002","17","Assam","Darrang","5058.0","4793.0","3116.0","3103.0","2690.0","2768.0","10864.0","10664.0"
"602","2003","17","Assam","Darrang","5067.0","5167.0","3447.0","3855.0","2938.0","3555.0","11452.0","12577.0"
"602","2004","17","Assam","Darrang","4146.0","5028.0","2859.0","3291.0","2713.0","2948.0","9718.0","11267.0"
"602","2005","17","Assam","Darrang","3814.0","2792.0","2658.0","1918.0","2354.0","1792.0","8826.0","6502.0"
"602","2006","17","Assam","Darrang","5749.0","4472.0","1441.0","3054.0","1337.0","2294.0","8527.0","9820.0"
"602","2007","17","Assam","Darrang","2773.0","5223.0","2019.0","2586.0","1933.0","3416.0","6725.0","11225.0"
"602","2008","17","Assam","Darrang","6380.0","7600.0","3382.0","3747.0","3758.0","3887.0","13520.0","15234.0"
"602","2009","17","Assam","Darrang","8086.0","9007.0","2498.0","3392.0","4678.0","5087.0","15262.0","17486.0"
"602","2010","17","Assam","Darrang","8444.0","9407.0","2684.0","3428.0","6036.0","4355.0","17164.0","17190.0"
"602","2011","17","Assam","Darrang","9734.0","11803.0","2613.0","3815.0","6156.0","4957.0","18503.0","20575.0"
"602","2012","17","Assam","Darrang","10367.0","7789.0","2879.0","2188.0","2968.0","2968.0","16214.0","12945.0"
"602","2013","17","Assam","Darrang","10600.0","12440.0","2455.0","3972.0","6926.0","5094.0","19981.0","21506.0"
"602","2014","17","Assam","Darrang","11600.0","12440.0","2855.0","4472.0","7826.0","5093.0","22280.0","22005.0"
"602","2015","17","Assam","Darrang","8295.0","10226.0","1802.0","1868.0","2112.0","2248.0","12209.0","14342.0"
"602","2016","17","Assam","Darrang","7367.0","9434.0","1372.0","2744.0","1750.0","2610.0","10489.0","14788.0"
"602","2017","17","Assam","Darrang","7506.0","9653.0","2364.0","3119.0","2299.0","2626.0","12169.0","15398.0"
"603","1990","17","Assam","Dibrugarh","829.0","943.0","418.0","313.0","372.0","394.0","1619.0","1650.0"
"603","1991","17","Assam","Dibrugarh","892.0","891.0","420.0","216.0","542.0","277.0","1854.0","1384.0"
"603","1993","17","Assam","Dibrugarh","1330.0","722.0","177.0","89.0","293.0","92.0","1800.0","903.0"
"603","1994","17","Assam","Dibrugarh","1683.0","527.0","72.0","165.0","17.0","857.0","1772.0","1549.0"
"603","1995","17","Assam","Dibrugarh","684.0","406.0","48.0","109.0","54.0","883.0","786.0","1398.0"
"603","1996","17","Assam","Dibrugarh","488.0","1185.0","80.0","202.0","51.0","1380.0","619.0","2767.0"
"603","1997","17","Assam","Dibrugarh","1468.0","1421.0","715.0","794.0","986.0","561.0","3169.0","2776.0"
"603","1998","17","Assam","Dibrugarh","-1.0","-1.0","-1.0","-1.0","-1.0","-1.0","-1.0","-1.0"
"603","1999","17","Assam","Dibrugarh","-1.0","-1.0","-1.0","-1.0","-1.0","-1.0","-1.0","-1.0"
"603","2000","17","Assam","Dibrugarh","3437.0","2965.0","2120.0","1917.0","1720.0","1436.0","7277.0","6318.0"
"603","2001","17","Assam","Dibrugarh","3384.0","3132.0","2164.0","1838.0","1653.0","1401.0","7201.0","6371.0"
"603","2002","17","Assam","Dibrugarh","3081.0","3060.0","1820.0","1890.0","1688.0","1408.0","6589.0","6358.0"
"603","2003","17","Assam","Dibrugarh","3376.0","3059.0","2045.0","2193.0","1622.0","1558.0","7043.0","6810.0"
"603","2004","17","Assam","Dibrugarh","2307.0","3322.0","1566.0","2085.0","1194.0","1484.0","5067.0","6891.0"
"603","2005","17","Assam","Dibrugarh","4047.0","3238.0","3062.0","2068.0","2054.0","1450.0","9163.0","6756.0"
"603","2006","17","Assam","Dibrugarh","3680.0","1778.0","2126.0","1234.0","2312.0","872.0","8118.0","3884.0"
"603","2007","17","Assam","Dibrugarh","3127.0","3115.0","1681.0","1367.0","2285.0","1430.0","7093.0","5912.0"
"603","2008","17","Assam","Dibrugarh","2689.0","3756.0","1232.0","1445.0","1341.0","1678.0","5262.0","6879.0"
"603","2009","17","Assam","Dibrugarh","3344.0","4625.0","1245.0","2661.0","1655.0","3478.0","6244.0","10764.0"
"603","2010","17","Assam","Dibrugarh","3404.0","4765.0","985.0","2677.0","1715.0","3358.0","6104.0","10800.0"
"603","2011","17","Assam","Dibrugarh","3404.0","4765.0","985.0","2677.0","1715.0","3358.0","6104.0","10800.0"
"603","2012","17","Assam","Dibrugarh","3375.0","2521.0","1150.0","852.0","558.0","558.0","5083.0","3931.0"
"603","2013","17","Assam","Dibrugarh","4134.0","4065.0","1040.0","1274.0","1468.0","3079.0","6642.0","8418.0"
"603","2014","17","Assam","Dibrugarh","4134.0","4065.0","1380.0","1274.0","1678.0","3079.0","7191.0","8418.0"
"603","2015","17","Assam","Dibrugarh","7353.0","9065.0","1597.0","1656.0","1872.0","1994.0","10823.0","12715.0"
"603","2016","17","Assam","Dibrugarh","6531.0","8363.0","1216.0","2432.0","1552.0","2314.0","9299.0","13109.0"
"603","2017","17","Assam","Dibrugarh","6653.0","8558.0","2096.0","2765.0","2038.0","2329.0","10787.0","13652.0"
"604","1990","17","Assam","Goalpara","1045.0","1411.0","442.0","643.0","551.0","708.0","2038.0","2762.0"
"604","1991","17","Assam","Goalpara","1044.0","1072.0","283.0","484.0","525.0","383.0","1852.0","1939.0"
"604","1993","17","Assam","Goalpara","1634.0","1355.0","414.0","225.0","240.0","100.0","2288.0","1680.0"
"604","1994","17","Assam","Goalpara","1071.0","1505.0","104.0","284.0","140.0","986.0","1315.0","2775.0"
"604","1995","17","Assam","Goalpara","2282.0","2041.0","225.0","624.0","156.0","2252.0","2663.0","4917.0"
"604","1996","17","Assam","Goalpara","686.0","1624.0","133.0","381.0","395.0","1429.0","1214.0","3434.0"
"604","1997","17","Assam","Goalpara","2489.0","3457.0","650.0","1036.0","1650.0","1030.0","4789.0","5523.0"
"604","1998","17","Assam","Goalpara","-1.0","-1.0","-1.0","-1.0","-1.0","-1.0","-1.0","-1.0"
"604","1999","17","Assam","Goalpara","-1.0","-1.0","-1.0","-1.0","-1.0","-1.0","-1.0","-1.0"
"604","2000","17","Assam","Goalpara","4619.0","8571.0","2451.0","4754.0","2734.0","4825.0","9804.0","18150.0"
"604","2001","17","Assam","Goalpara","5377.0","9851.0","3594.0","5443.0","4040.0","5919.0","13011.0","21213.0"
"604","2002","17","Assam","Goalpara","9263.0","12332.0","5116.0","6048.0","5276.0","7939.0","19655.0","26319.0"
"604","2003","17","Assam","Goalpara","8953.0","13947.0","5839.0","6883.0","5047.0","8899.0","19839.0","29729.0"
"604","2004","17","Assam","Goalpara","7963.0","7567.0","5373.0","4600.0","5275.0","4235.0","18611.0","16402.0"
"604","2005","17","Assam","Goalpara","9339.0","17155.0","5760.0","8595.0","5739.0","9926.0","20838.0","35676.0"
"604","2006","17","Assam","Goalpara","9828.0","17336.0","4104.0","8277.0","4487.0","11184.0","18419.0","36797.0"
"604","2007","17","Assam","Goalpara","9422.0","10361.0","6438.0","3948.0","6317.0","2916.0","22177.0","17226.0"
"604","2008","17","Assam","Goalpara","11611.0","12171.0","5108.0","4503.0","5909.0","4689.0","22628.0","21363.0"
"604","2009","17","Assam","Goalpara","11654.0","12687.0","5197.0","3717.0","6444.0","6548.0","23296.0","22951.0"
"604","2010","17","Assam","Goalpara","11925.0","13040.0","4506.0","3571.0","7852.0","6794.0","24283.0","23404.0"
"604","2011","17","Assam","Goalpara","13215.0","15435.0","4434.0","3960.0","7972.0","7396.0","25621.0","26790.0"
"604","2012","17","Assam","Goalpara","13835.0","13337.0","3810.0","3321.0","3247.0","3254.0","20892.0","19912.0"
"604","2013","17","Assam","Goalpara","13924.0","14953.0","3408.0","4376.0","8206.0","7900.0","25538.0","27229.0"
"604","2014","17","Assam","Goalpara","15124.0","15253.0","4198.0","6645.0","9486.0","5770.0","28809.0","27668.0"
"604","2015","17","Assam","Goalpara","14641.0","18048.0","3180.0","3296.0","3729.0","3969.0","21548.0","25313.0"
"604","2016","17","Assam","Goalpara","13002.0","16651.0","2423.0","4843.0","3090.0","4606.0","18516.0","26100.0"
"604","2017","17","Assam","Goalpara","13246.0","17038.0","4173.0","5465.0","4058.0","4636.0","21476.0","27138.0"
"605","1990","17","Assam","Kamrup","1781.0","1982.0","538.0","894.0","802.0","710.0","3121.0","3586.0"
"605","1991","17","Assam","Kamrup","2220.0","1565.0","726.0","1020.0","1152.0","589.0","4098.0","3174.0"
"605","1993","17","Assam","Kamrup","2608.0","2338.0","817.0","799.0","898.0","3543.0","4323.0","6680.0"
"605","1994","17","Assam","Kamrup","1975.0","2269.0","695.0","562.0","2033.0","1927.0","4703.0","4758.0"
"605","1995","17","Assam","Kamrup","2884.0","3050.0","1864.0","767.0","3113.0","4883.0","7861.0","8700.0"
"605","1996","17","Assam","Kamrup","3629.0","2138.0","918.0","563.0","1208.0","2314.0","5755.0","5015.0"
"605","1997","17","Assam","Kamrup","3313.0","3706.0","1507.0","2023.0","2453.0","1626.0","7273.0","7355.0"
"605","1998","17","Assam","Kamrup","-1.0","-1.0","-1.0","-1.0","-1.0","-1.0","-1.0","-1.0"
"605","1999","17","Assam","Kamrup","-1.0","-1.0","-1.0","-1.0","-1.0","-1.0","-1.0","-1.0"
"605","2000","17","Assam","Kamrup","8088.0","9103.0","4372.0","5303.0","3760.0","4641.0","16220.0","19047.0"
"605","2001","17","Assam","Kamrup","8075.0","9996.0","4698.0","5401.0","4146.0","4632.0","16919.0","20029.0"
"605","2002","17","Assam","Kamrup","10193.0","10829.0","5241.0","5929.0","5091.0","5065.0","20525.0","21823.0"
"605","2003","17","Assam","Kamrup","9451.0","11254.0","5093.0","5847.0","4909.0","5486.0","19453.0","22587.0"
"605","2004","17","Assam","Kamrup","5607.0","13863.0","3057.0","12641.0","2893.0","5304.0","11557.0","31808.0"
"605","2005","17","Assam","Kamrup","9526.0","12337.0","5236.0","9063.0","4405.0","7862.0","19167.0","29262.0"
"605","2006","17","Assam","Kamrup","11398.0","11565.0","3571.0","7192.0","3984.0","6385.0","18953.0","25142.0"
"605","2007","17","Assam","Kamrup","16652.0","13234.0","9507.0","6322.0","8793.0","6898.0","34952.0","26454.0"
"605","2008","17","Assam","Kamrup","13896.0","16104.0","4574.0","6251.0","7187.0","8619.0","25657.0","30974.0"
"605","2009","17","Assam","Kamrup","13069.0","17202.0","4364.0","6675.0","5430.0","9819.0","22863.0","33696.0"
"605","2010","17","Assam","Kamrup","14093.0","17833.0","4518.0","7036.0","8063.0","9803.0","26674.0","34672.0"
"605","2011","17","Assam","Kamrup","17709.0","24905.0","4401.0","8060.0","8428.0","11370.0","30538.0","44335.0"
"605","2012","17","Assam","Kamrup","19053.0","18597.0","5809.0","3629.0","5059.0","12275.0","29921.0","34501.0"
"605","2013","17","Assam","Kamrup","18685.0","21519.0","5622.0","6163.0","7685.0","11237.0","31992.0","38919.0"
"605","2014","17","Assam","Kamrup","19185.0","21719.0","5822.0","6563.0","7965.0","7937.0","32972.0","36219.0"
"605","2015","17","Assam","Kamrup","13216.0","16293.0","2871.0","2976.0","3366.0","3582.0","19453.0","22851.0"
"605","2016","17","Assam","Kamrup","11739.0","15032.0","2187.0","4372.0","2790.0","4128.0","16716.0","23532.0"
"605","2017","17","Assam","Kamrup","11959.0","15382.0","3768.0","4969.0","3664.0","4186.0","19388.0","24537.0"
"606","1990","17","Assam","Karbi Anglong","177.0","168.0","136.0","109.0","28.0","30.0","341.0","307.0"
"606","1991","17","Assam","Karbi Anglong","315.0","115.0","167.0","85.0","81.0","54.0","563.0","254.0"
"606","1993","17","Assam","Karbi Anglong","21.0","9.0","6.0","2.0","8.0","2.0","35.0","13.0"
"606","1994","17","Assam","Karbi Anglong","16.0","2.0","24.0","5.0","0.0","0.0","40.0","7.0"
"606","1995","17","Assam","Karbi Anglong","47.0","8.0","11.0","0.0","0.0","0.0","58.0","8.0"
"606","1996","17","Assam","Karbi Anglong","23.0","46.0","2.0","20.0","0.0","18.0","25.0","84.0"
"606","1997","17","Assam","Karbi Anglong","81.0","58.0","42.0","21.0","32.0","19.0","155.0","98.0"
"606","1998","17","Assam","Karbi Anglong","-1.0","-1.0","-1.0","-1.0","-1.0","-1.0","-1.0","-1.0"
"606","1999","17","Assam","Karbi Anglong","-1.0","-1.0","-1.0","-1.0","-1.0","-1.0","-1.0","-1.0"
"606","2000","17","Assam","Karbi Anglong","282.0","234.0","213.0","117.0","20.0","55.0","515.0","406.0"
"606","2001","17","Assam","Karbi Anglong","231.0","218.0","171.0","106.0","20.0","50.0","422.0","374.0"
"606","2002","17","Assam","Karbi Anglong","228.0","223.0","168.0","95.0","20.0","52.0","416.0","370.0"
"606","2003","17","Assam","Karbi Anglong","213.0","220.0","153.0","96.0","20.0","52.0","386.0","368.0"
"606","2004","17","Assam","Karbi Anglong","221.0","215.0","154.0","96.0","23.0","52.0","398.0","363.0"
"606","2005","17","Assam","Karbi Anglong","379.0","310.0","190.0","165.0","181.0","150.0","750.0","625.0"
"606","2006","17","Assam","Karbi Anglong","580.0","279.0","128.0","163.0","231.0","151.0","939.0","593.0"
"606","2007","17","Assam","Karbi Anglong","648.0","414.0","290.0","271.0","235.0","226.0","1173.0","911.0"
"606","2008","17","Assam","Karbi Anglong","290.0","472.0","161.0","17.0","244.0","165.0","695.0","654.0"
"606","2009","17","Assam","Karbi Anglong","322.0","563.0","140.0","314.0","206.0","165.0","668.0","1042.0"
"606","2010","17","Assam","Karbi Anglong","352.0","633.0","140.0","272.0","236.0","105.0","728.0","1010.0"
"606","2011","17","Assam","Karbi Anglong","352.0","633.0","140.0","272.0","236.0","105.0","728.0","1010.0"
"606","2012","17","Assam","Karbi Anglong","394.0","3047.0","134.0","136.0","37.0","25.0","565.0","3208.0"
"606","2013","17","Assam","Karbi Anglong","299.0","425.0","161.0","133.0","155.0","286.0","615.0","844.0"
"606","2014","17","Assam","Karbi Anglong","299.0","429.0","161.0","133.0","365.0","286.0","825.0","848.0"
"606","2015","17","Assam","Karbi Anglong","1560.0","1923.0","339.0","351.0","397.0","423.0","2296.0","2697.0"
"606","2016","17","Assam","Karbi Anglong","1385.0","1774.0","258.0","516.0","329.0","491.0","1972.0","2781.0"
"606","2017","17","Assam","Karbi Anglong","1411.0","1815.0","445.0","587.0","432.0","494.0","2288.0","2896.0"
"607","1990","17","Assam","Lakhimpur","236.0","560.0","84.0","353.0","152.0","272.0","472.0","1185.0"
"607","1991","17","Assam","Lakhimpur","314.0","283.0","102.0","174.0","185.0","208.0","601.0","665.0"
"607","1993","17","Assam","Lakhimpur","410.0","313.0","67.0","27.0","61.0","16.0","538.0","356.0"
"607","1994","17","Assam","Lakhimpur","167.0","193.0","21.0","15.0","38.0","81.0","226.0","289.0"
"607","1995","17","Assam","Lakhimpur","242.0","129.0","3.0","37.0","1.0","120.0","246.0","286.0"
"607","1996","17","Assam","Lakhimpur","361.0","595.0","51.0","119.0","59.0","1061.0","471.0","1775.0"
"607","1997","17","Assam","Lakhimpur","29.0","229.0","10.0","56.0","9.0","59.0","48.0","344.0"
"607","1998","17","Assam","Lakhimpur","-1.0","-1.0","-1.0","-1.0","-1.0","-1.0","-1.0","-1.0"
"607","1999","17","Assam","Lakhimpur","-1.0","-1.0","-1.0","-1.0","-1.0","-1.0","-1.0","-1.0"
"607","2000","17","Assam","Lakhimpur","375.0","365.0","149.0","129.0","133.0","142.0","657.0","636.0"
"607","2001","17","Assam","Lakhimpur","350.0","361.0","134.0","116.0","207.0","132.0","691.0","609.0"
"607","2002","17","Assam","Lakhimpur","440.0","375.0","113.0","130.0","252.0","138.0","805.0","643.0"
"607","2003","17","Assam","Lakhimpur","628.0","381.0","228.0","158.0","316.0","162.0","1172.0","701.0"
"607","2004","17","Assam","Lakhimpur","693.0","412.0","245.0","239.0","344.0","104.0","1282.0","755.0"
"607","2005","17","Assam","Lakhimpur","493.0","439.0","231.0","237.0","232.0","78.0","956.0","754.0"
"607","2006","17","Assam","Lakhimpur","1103.0","474.0","234.0","253.0","230.0","88.0","1567.0","815.0"
"607","2007","17","Assam","Lakhimpur","777.0","706.0","246.0","186.0","235.0","88.0","1258.0","980.0"
"607","2008","17","Assam","Lakhimpur","529.0","791.0","296.0","518.0","352.0","490.0","1177.0","1799.0"
"607","2009","17","Assam","Lakhimpur","503.0","1405.0","261.0","517.0","303.0","494.0","1067.0","2416.0"
"607","2010","17","Assam","Lakhimpur","563.0","1545.0","111.0","433.0","379.0","434.0","1053.0","2412.0"
"607","2011","17","Assam","Lakhimpur","1103.0","1545.0","111.0","433.0","379.0","434.0","1593.0","2412.0"
"607","2012","17","Assam","Lakhimpur","646.0","4657.0","802.0","293.0","535.0","607.0","1983.0","5557.0"
"607","2013","17","Assam","Lakhimpur","834.0","1209.0","853.0","778.0","456.0","2671.0","2143.0","4658.0"
"607","2014","17","Assam","Lakhimpur","834.0","1209.0","1513.0","1272.0","1476.0","2670.0","3823.0","5151.0"
"607","2015","17","Assam","Lakhimpur","5002.0","6167.0","1086.0","1126.0","1274.0","1356.0","7362.0","8649.0"
"607","2016","17","Assam","Lakhimpur","4442.0","5689.0","827.0","1654.0","1056.0","1574.0","6325.0","8917.0"
"607","2017","17","Assam","Lakhimpur","4526.0","5821.0","1425.0","1881.0","1387.0","1579.0","7338.0","9281.0"
"608","1990","17","Assam","North Cachar Hil / Dima hasao","36.0","24.0","19.0","15.0","12.0","39.0","67.0","78.0"
"608","1991","17","Assam","North Cachar Hil / Dima hasao","55.0","23.0","20.0","16.0","10.0","14.0","85.0","53.0"
"608","1993","17","Assam","North Cachar Hil / Dima hasao","23.0","1.0","3.0","0.0","4.0","0.0","30.0","1.0"
"608","1994","17","Assam","North Cachar Hil / Dima hasao","5.0","0.0","0.0","0.0","0.0","0.0","5.0","0.0"
"608","1995","17","Assam","North Cachar Hil / Dima hasao","0.0","7.0","0.0","0.0","0.0","0.0","0.0","7.0"
"608","1996","17","Assam","North Cachar Hil / Dima hasao","5.0","9.0","0.0","0.0","0.0","0.0","5.0","9.0"
"608","1997","17","Assam","North Cachar Hil / Dima hasao","44.0","4.0","11.0","3.0","7.0","3.0","62.0","10.0"
"608","1998","17","Assam","North Cachar Hil / Dima hasao","-1.0","-1.0","-1.0","-1.0","-1.0","-1.0","-1.0","-1.0"
"608","1999","17","Assam","North Cachar Hil / Dima hasao","-1.0","-1.0","-1.0","-1.0","-1.0","-1.0","-1.0","-1.0"
"608","2000","17","Assam","North Cachar Hil / Dima hasao","9.0","11.0","8.0","10.0","3.0","5.0","20.0","26.0"
"608","2001","17","Assam","North Cachar Hil / Dima hasao","8.0","11.0","6.0","9.0","4.0","5.0","18.0","25.0"
"608","2002","17","Assam","North Cachar Hil / Dima hasao","8.0","11.0","6.0","9.0","4.0","5.0","18.0","25.0"
"608","2003","17","Assam","North Cachar Hil / Dima hasao","9.0","11.0","7.0","7.0","4.0","5.0","20.0","23.0"
"608","2004","17","Assam","North Cachar Hil / Dima hasao","10.0","11.0","8.0","7.0","4.0","5.0","22.0","23.0"
"608","2005","17","Assam","North Cachar Hil / Dima hasao","17.0","9.0","12.0","7.0","12.0","6.0","41.0","22.0"
"608","2006","17","Assam","North Cachar Hil / Dima hasao","30.0","18.0","21.0","7.0","7.0","5.0","58.0","30.0"
"608","2007","17","Assam","North Cachar Hil / Dima hasao","31.0","16.0","22.0","12.0","8.0","8.0","61.0","36.0"
"608","2008","17","Assam","North Cachar Hil / Dima hasao","27.0","24.0","34.0","23.0","46.0","16.0","107.0","63.0"
"608","2009","17","Assam","North Cachar Hil / Dima hasao","57.0","35.0","49.0","24.0","51.0","16.0","157.0","75.0"
"608","2010","17","Assam","North Cachar Hil / Dima hasao","87.0","105.0","49.0","24.0","81.0","32.0","217.0","161.0"
"608","2011","17","Assam","North Cachar Hil / Dima hasao","87.0","105.0","49.0","24.0","81.0","32.0","217.0","161.0"
"608","2012","17","Assam","North Cachar Hil / Dima hasao","137.0","133.0","87.0","76.0","13.0","25.0","237.0","234.0"
"608","2013","17","Assam","North Cachar Hil / Dima hasao","177.0","260.0","93.0","60.0","77.0","187.0","347.0","507.0"
"608","2014","17","Assam","North Cachar Hil / Dima hasao","177.0","260.0","103.0","60.0","267.0","187.0","547.0","507.0"
"608","2015","17","Assam","North Cachar Hil / Dima hasao","1781.0","2196.0","387.0","401.0","454.0","483.0","2621.0","3080.0"
"608","2016","17","Assam","North Cachar Hil / Dima hasao","1582.0","2026.0","294.0","589.0","376.0","560.0","2252.0","3175.0"
"608","2017","17","Assam","North Cachar Hil / Dima hasao","1612.0","2073.0","508.0","670.0","494.0","564.0","2613.0","3307.0"
"609","1990","17","Assam","Nagaon","2223.0","1926.0","442.0","477.0","445.0","450.0","3110.0","2853.0"
"609","1991","17","Assam","Nagaon","2513.0","1507.0","521.0","733.0","704.0","786.0","3738.0","3026.0"
"609","1993","17","Assam","Nagaon","6074.0","2366.0","477.0","453.0","224.0","826.0","6775.0","3645.0"
"609","1994","17","Assam","Nagaon","2400.0","2964.0","337.0","580.0","642.0","1206.0","3379.0","4750.0"
"609","1995","17","Assam","Nagaon","2142.0","2361.0","345.0","439.0","2386.0","2135.0","4873.0","4935.0"
"609","1996","17","Assam","Nagaon","5948.0","4364.0","1069.0","532.0","2376.0","4230.0","9393.0","9126.0"
"609","1997","17","Assam","Nagaon","6223.0","5346.0","1281.0","2704.0","2574.0","870.0","10078.0","8920.0"
"609","1998","17","Assam","Nagaon","-1.0","-1.0","-1.0","-1.0","-1.0","-1.0","-1.0","-1.0"
"609","1999","17","Assam","Nagaon","-1.0","-1.0","-1.0","-1.0","-1.0","-1.0","-1.0","-1.0"
"609","2000","17","Assam","Nagaon","9122.0","10800.0","3483.0","2947.0","2629.0","2228.0","15234.0","15975.0"
"609","2001","17","Assam","Nagaon","8971.0","7692.0","4106.0","3334.0","2187.0","2611.0","15264.0","13637.0"
"609","2002","17","Assam","Nagaon","8814.0","7334.0","4544.0","3374.0","2856.0","2640.0","16214.0","13348.0"
"609","2003","17","Assam","Nagaon","9050.0","7978.0","5017.0","4018.0","3586.0","3173.0","17653.0","15169.0"
"609","2004","17","Assam","Nagaon","8025.0","7682.0","4598.0","3808.0","3006.0","3021.0","15629.0","14511.0"
"609","2005","17","Assam","Nagaon","9171.0","7586.0","5388.0","3716.0","3815.0","2938.0","18374.0","14240.0"
"609","2006","17","Assam","Nagaon","11049.0","8360.0","6192.0","6116.0","4570.0","5374.0","21811.0","19850.0"
"609","2007","17","Assam","Nagaon","11080.0","12429.0","5950.0","6887.0","4773.0","9574.0","21803.0","28890.0"
"609","2008","17","Assam","Nagaon","10510.0","11360.0","4399.0","4784.0","5690.0","5544.0","20599.0","21688.0"
"609","2009","17","Assam","Nagaon","10498.0","10078.0","4311.0","5514.0","3849.0","6744.0","18658.0","22336.0"
"609","2010","17","Assam","Nagaon","10052.0","10680.0","3552.0","5840.0","5174.0","6138.0","18778.0","22658.0"
"609","2011","17","Assam","Nagaon","11342.0","13076.0","3480.0","6224.0","5294.0","6741.0","20116.0","26041.0"
"609","2012","17","Assam","Nagaon","11941.0","10366.0","3896.0","2906.0","3225.0","6839.0","19062.0","20111.0"
"609","2013","17","Assam","Nagaon","10495.0","14268.0","2377.0","3534.0","4632.0","7203.0","17504.0","25005.0"
"609","2014","17","Assam","Nagaon","11555.0","14268.0","3817.0","3534.0","6082.0","6423.0","21454.0","24225.0"
"609","2015","17","Assam","Nagaon","7503.0","9250.0","1630.0","1690.0","1910.0","2074.0","11043.0","13014.0"
"609","2016","17","Assam","Nagaon","6664.0","8533.0","1242.0","2479.0","1584.0","2361.0","9489.0","13373.0"
"609","2017","17","Assam","Nagaon","6789.0","8732.0","2138.0","2821.0","2080.0","2376.0","11007.0","13929.0"
"610","1990","17","Assam","Sibsagar","2525.0","917.0","1722.0","478.0","1471.0","627.0","5718.0","2022.0"
"610","1991","17","Assam","Sibsagar","1987.0","744.0","1241.0","444.0","918.0","418.0","4146.0","1606.0"
"610","1993","17","Assam","Sibsagar","2912.0","1605.0","663.0","200.0","499.0","363.0","4074.0","2168.0"
"610","1994","17","Assam","Sibsagar","1441.0","942.0","347.0","213.0","115.0","1274.0","1903.0","2429.0"
"610","1995","17","Assam","Sibsagar","1298.0","1473.0","264.0","172.0","145.0","1617.0","1707.0","3262.0"
"610","1996","17","Assam","Sibsagar","1860.0","2531.0","494.0","281.0","463.0","1022.0","2817.0","3834.0"
"610","1997","17","Assam","Sibsagar","2006.0","1538.0","1183.0","488.0","1520.0","240.0","4709.0","2266.0"
"610","1998","17","Assam","Sibsagar","-1.0","-1.0","-1.0","-1.0","-1.0","-1.0","-1.0","-1.0"
"610","1999","17","Assam","Sibsagar","-1.0","-1.0","-1.0","-1.0","-1.0","-1.0","-1.0","-1.0"
"610","2000","17","Assam","Sibsagar","1948.0","1559.0","1278.0","1009.0","965.0","830.0","4191.0","3398.0"
"610","2001","17","Assam","Sibsagar","2411.0","1559.0","1705.0","893.0","1568.0","833.0","5684.0","3285.0"
"610","2002","17","Assam","Sibsagar","3469.0","1418.0","1924.0","920.0","1823.0","921.0","7216.0","3259.0"
"610","2003","17","Assam","Sibsagar","4412.0","1472.0","2832.0","827.0","2658.0","888.0","9902.0","3187.0"
"610","2004","17","Assam","Sibsagar","4387.0","1133.0","2798.0","695.0","1692.0","607.0","8877.0","2435.0"
"610","2005","17","Assam","Sibsagar","2122.0","4610.0","1101.0","2537.0","985.0","2239.0","4208.0","9386.0"
"610","2006","17","Assam","Sibsagar","2532.0","3812.0","729.0","2093.0","838.0","1578.0","4099.0","7483.0"
"610","2007","17","Assam","Sibsagar","2030.0","3722.0","892.0","1785.0","692.0","1937.0","3614.0","7444.0"
"610","2008","17","Assam","Sibsagar","3937.0","5326.0","1373.0","2285.0","1647.0","2267.0","6957.0","9878.0"
"610","2009","17","Assam","Sibsagar","4216.0","7668.0","1436.0","2942.0","1977.0","5267.0","7629.0","15877.0"
"610","2010","17","Assam","Sibsagar","4306.0","7878.0","1046.0","2816.0","2067.0","5057.0","7419.0","15751.0"
"610","2011","17","Assam","Sibsagar","4306.0","7878.0","1046.0","2816.0","2067.0","5057.0","7419.0","15751.0"
"610","2012","17","Assam","Sibsagar","4263.0","3114.0","1714.0","893.0","590.0","650.0","6567.0","4657.0"
"610","2013","17","Assam","Sibsagar","5265.0","9041.0","1842.0","1609.0","1968.0","7649.0","9075.0","18299.0"
"610","2014","17","Assam","Sibsagar","5565.0","9041.0","2032.0","1809.0","2627.0","7549.0","10223.0","18399.0"
"610","2015","17","Assam","Sibsagar","6704.0","8266.0","1456.0","1510.0","1707.0","1817.0","9868.0","11593.0"
"610","2016","17","Assam","Sibsagar","5955.0","7626.0","1108.0","2217.0","1415.0","2109.0","8478.0","11952.0"
"610","2017","17","Assam","Sibsagar","6067.0","7803.0","1911.0","2521.0","1859.0","2123.0","9836.0","12447.0"
"626","1990","18","Himachal Pradesh","Bilashpur","1205.0","840.0","133.0","200.0","36.0","100.0","1374.0","1140.0"
"626","1991","18","Himachal Pradesh","Bilashpur","1014.0","879.0","46.0","124.0","23.0","72.0","1083.0","1075.0"
"626","1993","18","Himachal Pradesh","Bilashpur","1015.0","693.0","6.0","52.0","2.0","25.0","1023.0","770.0"
"626","1994","18","Himachal Pradesh","Bilashpur","1200.0","723.0","6.0","38.0","3.0","20.0","1209.0","781.0"
"626","1995","18","Himachal Pradesh","Bilashpur","1243.0","679.0","5.0","60.0","3.0","31.0","1251.0","770.0"
"626","1996","18","Himachal Pradesh","Bilashpur","1243.0","703.0","5.0","83.0","3.0","50.0","1251.0","836.0"
"626","1997","18","Himachal Pradesh","Bilashpur","1191.0","778.0","26.0","117.0","13.0","59.0","1230.0","954.0"
"626","1998","18","Himachal Pradesh","Bilashpur","-1.0","-1.0","-1.0","-1.0","-1.0","-1.0","-1.0","-1.0"
"626","1999","18","Himachal Pradesh","Bilashpur","-1.0","-1.0","-1.0","-1.0","-1.0","-1.0","-1.0","-1.0"
"626","2000","18","Himachal Pradesh","Bilashpur","1124.0","331.0","31.0","199.0","15.0","101.0","1170.0","631.0"
"626","2001","18","Himachal Pradesh","Bilashpur","1031.0","622.0","33.0","185.0","16.0","93.0","1080.0","900.0"
"626","2002","18","Himachal Pradesh","Bilashpur","1036.0","425.0","37.0","205.0","19.0","103.0","1092.0","733.0"
"626","2003","18","Himachal Pradesh","Bilashpur","1225.0","676.0","45.0","189.0","22.0","96.0","1292.0","961.0"
"626","2004","18","Himachal Pradesh","Bilashpur","1226.0","610.0","51.0","203.0","26.0","102.0","1303.0","915.0"
"626","2005","18","Himachal Pradesh","Bilashpur","1266.0","690.0","37.0","246.0","19.0","125.0","1322.0","1061.0"
"626","2006","18","Himachal Pradesh","Bilashpur","896.0","598.0","36.0","238.0","20.0","120.0","952.0","956.0"
"626","2007","18","Himachal Pradesh","Bilashpur","1063.0","680.0","39.0","108.0","20.0","79.0","1122.0","867.0"
"626","2008","18","Himachal Pradesh","Bilashpur","1170.0","658.0","80.0","175.0","71.0","151.0","1321.0","984.0"
"626","2009","18","Himachal Pradesh","Bilashpur","790.0","490.0","69.0","190.0","56.0","150.0","915.0","830.0"
"626","2010","18","Himachal Pradesh","Bilashpur","1076.0","714.0","105.0","160.0","73.0","159.0","1254.0","1033.0"
"626","2011","18","Himachal Pradesh","Bilashpur","1309.0","724.0","90.0","129.0","48.0","93.0","1447.0","946.0"
"626","2012","18","Himachal Pradesh","Bilashpur","1257.0","783.0","53.0","76.0","27.0","39.0","1337.0","898.0"
"626","2013","18","Himachal Pradesh","Bilashpur","1261.0","807.0","13.0","77.0","7.0","40.0","1281.0","924.0"
"626","2014","18","Himachal Pradesh","Bilashpur","1286.0","851.0","13.0","86.0","7.0","44.0","1306.0","981.0"
"626","2015","18","Himachal Pradesh","Bilashpur","1252.0","878.0","111.0","80.0","55.0","42.0","1418.0","1000.0"
"626","2016","18","Himachal Pradesh","Bilashpur","1097.0","632.0","48.0","69.0","24.0","38.0","1169.0","739.0"
"626","2017","18","Himachal Pradesh","Bilashpur","1187.0","728.0","11.0","96.0","5.0","40.0","1203.0","864.0"
"627","1990","18","Himachal Pradesh","Chamba","594.0","140.0","25.0","40.0","16.0","35.0","635.0","215.0"
"627","1991","18","Himachal Pradesh","Chamba","302.0","163.0","27.0","36.0","15.0","30.0","344.0","229.0"
"627","1993","18","Himachal Pradesh","Chamba","515.0","189.0","10.0","17.0","4.0","14.0","529.0","220.0"
"627","1994","18","Himachal Pradesh","Chamba","569.0","164.0","8.0","16.0","4.0","17.0","581.0","197.0"
"627","1995","18","Himachal Pradesh","Chamba","600.0","185.0","6.0","15.0","3.0","19.0","609.0","219.0"
"627","1996","18","Himachal Pradesh","Chamba","600.0","199.0","6.0","19.0","3.0","15.0","609.0","233.0"
"627","1997","18","Himachal Pradesh","Chamba","712.0","210.0","3.0","23.0","2.0","22.0","717.0","255.0"
"627","1998","18","Himachal Pradesh","Chamba","-1.0","-1.0","-1.0","-1.0","-1.0","-1.0","-1.0","-1.0"
"627","1999","18","Himachal Pradesh","Chamba","-1.0","-1.0","-1.0","-1.0","-1.0","-1.0","-1.0","-1.0"
"627","2000","18","Himachal Pradesh","Chamba","772.0","85.0","14.0","33.0","7.0","24.0","793.0","142.0"
"627","2001","18","Himachal Pradesh","Chamba","800.0","217.0","16.0","48.0","8.0","40.0","824.0","305.0"
"627","2002","18","Himachal Pradesh","Chamba","636.0","150.0","11.0","39.0","6.0","29.0","653.0","218.0"
"627","2003","18","Himachal Pradesh","Chamba","755.0","228.0","18.0","52.0","11.0","40.0","784.0","320.0"
"627","2004","18","Himachal Pradesh","Chamba","756.0","220.0","21.0","65.0","12.0","47.0","789.0","332.0"
"627","2005","18","Himachal Pradesh","Chamba","765.0","234.0","19.0","78.0","10.0","63.0","794.0","375.0"
"627","2006","18","Himachal Pradesh","Chamba","825.0","260.0","32.0","129.0","16.0","76.0","873.0","465.0"
"627","2007","18","Himachal Pradesh","Chamba","847.0","226.0","26.0","54.0","14.0","45.0","887.0","325.0"
"627","2008","18","Himachal Pradesh","Chamba","975.0","288.0","46.0","63.0","25.0","58.0","1046.0","409.0"
"627","2009","18","Himachal Pradesh","Chamba","806.0","284.0","20.0","91.0","18.0","81.0","844.0","456.0"
"627","2010","18","Himachal Pradesh","Chamba","834.0","274.0","21.0","82.0","19.0","89.0","874.0","445.0"
"627","2011","18","Himachal Pradesh","Chamba","856.0","236.0","27.0","59.0","16.0","48.0","899.0","343.0"
"627","2012","18","Himachal Pradesh","Chamba","686.0","296.0","28.0","49.0","15.0","51.0","729.0","396.0"
"627","2013","18","Himachal Pradesh","Chamba","766.0","267.0","17.0","48.0","12.0","39.0","795.0","354.0"
"627","2014","18","Himachal Pradesh","Chamba","801.0","297.0","13.0","85.0","8.0","69.0","822.0","451.0"
"627","2015","18","Himachal Pradesh","Chamba","846.0","278.0","23.0","94.0","11.0","65.0","880.0","437.0"
"627","2016","18","Himachal Pradesh","Chamba","854.0","269.0","20.0","83.0","9.0","55.0","883.0","407.0"
"627","2017","18","Himachal Pradesh","Chamba","885.0","249.0","20.0","68.0","11.0","52.0","916.0","369.0"
"629","1990","18","Himachal Pradesh","Kangra","5962.0","4788.0","319.0","1298.0","156.0","786.0","6437.0","6872.0"
"629","1991","18","Himachal Pradesh","Kangra","5980.0","4738.0","430.0","1667.0","224.0","813.0","6634.0","7218.0"
"629","1993","18","Himachal Pradesh","Kangra","5995.0","5243.0","148.0","646.0","80.0","305.0","6223.0","6194.0"
"629","1994","18","Himachal Pradesh","Kangra","6518.0","5084.0","139.0","780.0","68.0","349.0","6725.0","6213.0"
"629","1995","18","Himachal Pradesh","Kangra","6314.0","4792.0","180.0","792.0","84.0","433.0","6578.0","6017.0"
"629","1996","18","Himachal Pradesh","Kangra","6314.0","5381.0","180.0","1273.0","84.0","624.0","6578.0","7278.0"
"629","1997","18","Himachal Pradesh","Kangra","6065.0","5775.0","242.0","1494.0","112.0","726.0","6419.0","7995.0"
"629","1998","18","Himachal Pradesh","Kangra","-1.0","-1.0","-1.0","-1.0","-1.0","-1.0","-1.0","-1.0"
"629","1999","18","Himachal Pradesh","Kangra","-1.0","-1.0","-1.0","-1.0","-1.0","-1.0","-1.0","-1.0"
"629","2000","18","Himachal Pradesh","Kangra","6871.0","3845.0","494.0","2240.0","246.0","1041.0","7611.0","7126.0"
"629","2001","18","Himachal Pradesh","Kangra","5615.0","5588.0","459.0","2168.0","217.0","1054.0","6291.0","8810.0"
"629","2002","18","Himachal Pradesh","Kangra","5684.0","5099.0","438.0","2381.0","203.0","1106.0","6325.0","8586.0"
"629","2003","18","Himachal Pradesh","Kangra","6706.0","6222.0","569.0","2550.0","260.0","1197.0","7535.0","9969.0"
"629","2004","18","Himachal Pradesh","Kangra","6820.0","6600.0","654.0","2483.0","327.0","1224.0","7801.0","10307.0"
"629","2005","18","Himachal Pradesh","Kangra","7302.0","5661.0","554.0","2608.0","272.0","1370.0","8128.0","9639.0"
"629","2006","18","Himachal Pradesh","Kangra","6320.0","6881.0","706.0","2840.0","355.0","1461.0","7381.0","11182.0"
"629","2007","18","Himachal Pradesh","Kangra","7301.0","6902.0","734.0","1649.0","436.0","1222.0","8471.0","9773.0"
"629","2008","18","Himachal Pradesh","Kangra","7748.0","7423.0","1447.0","2017.0","1028.0","1648.0","10223.0","11088.0"
"629","2009","18","Himachal Pradesh","Kangra","6880.0","6943.0","1507.0","1961.0","805.0","1525.0","9192.0","10429.0"
"629","2010","18","Himachal Pradesh","Kangra","6748.0","7009.0","1114.0","1712.0","786.0","1692.0","8648.0","10413.0"
"629","2011","18","Himachal Pradesh","Kangra","6989.0","7067.0","1019.0","1830.0","603.0","1324.0","8611.0","10221.0"
"629","2012","18","Himachal Pradesh","Kangra","6507.0","7904.0","764.0","1310.0","470.0","712.0","7741.0","9926.0"
"629","2013","18","Himachal Pradesh","Kangra","6845.0","7340.0","896.0","1786.0","478.0","913.0","8219.0","10039.0"
"629","2014","18","Himachal Pradesh","Kangra","7022.0","8442.0","477.0","2085.0","263.0","1069.0","7762.0","11596.0"
"629","2015","18","Himachal Pradesh","Kangra","7563.0","6938.0","1344.0","1930.0","688.0","979.0","9595.0","9847.0"
"629","2016","18","Himachal Pradesh","Kangra","6256.0","6883.0","1147.0","1962.0","496.0","958.0","7899.0","9803.0"
"629","2017","18","Himachal Pradesh","Kangra","6672.0","7507.0","1060.0","1706.0","538.0","871.0","8270.0","10084.0"
"630","1990","18","Himachal Pradesh","Kinnaur","43.0","40.0","14.0","30.0","15.0","30.0","72.0","100.0"
"630","1991","18","Himachal Pradesh","Kinnaur","14.0","35.0","5.0","26.0","4.0","18.0","23.0","79.0"
"630","1993","18","Himachal Pradesh","Kinnaur","22.0","0.0","2.0","0.0","0.0","0.0","24.0","0.0"
"630","1994","18","Himachal Pradesh","Kinnaur","16.0","52.0","4.0","7.0","3.0","6.0","23.0","65.0"
"630","1995","18","Himachal Pradesh","Kinnaur","17.0","30.0","5.0","8.0","3.0","6.0","25.0","44.0"
"630","1996","18","Himachal Pradesh","Kinnaur","17.0","53.0","5.0","18.0","3.0","20.0","25.0","91.0"
"630","1997","18","Himachal Pradesh","Kinnaur","31.0","65.0","3.0","19.0","3.0","18.0","37.0","102.0"
"630","1998","18","Himachal Pradesh","Kinnaur","-1.0","-1.0","-1.0","-1.0","-1.0","-1.0","-1.0","-1.0"
"630","1999","18","Himachal Pradesh","Kinnaur","-1.0","-1.0","-1.0","-1.0","-1.0","-1.0","-1.0","-1.0"
"630","2000","18","Himachal Pradesh","Kinnaur","18.0","42.0","2.0","14.0","3.0","15.0","23.0","71.0"
"630","2001","18","Himachal Pradesh","Kinnaur","20.0","48.0","5.0","16.0","3.0","24.0","28.0","88.0"
"630","2002","18","Himachal Pradesh","Kinnaur","25.0","41.0","4.0","32.0","2.0","33.0","31.0","106.0"
"630","2003","18","Himachal Pradesh","Kinnaur","35.0","80.0","8.0","25.0","5.0","32.0","48.0","137.0"
"630","2004","18","Himachal Pradesh","Kinnaur","18.0","61.0","10.0","22.0","5.0","20.0","33.0","103.0"
"630","2005","18","Himachal Pradesh","Kinnaur","20.0","58.0","11.0","49.0","11.0","38.0","42.0","145.0"
"630","2006","18","Himachal Pradesh","Kinnaur","32.0","55.0","13.0","53.0","6.0","39.0","51.0","147.0"
"630","2007","18","Himachal Pradesh","Kinnaur","21.0","54.0","22.0","24.0","18.0","33.0","61.0","111.0"
"630","2008","18","Himachal Pradesh","Kinnaur","21.0","96.0","31.0","63.0","25.0","63.0","77.0","222.0"
"630","2009","18","Himachal Pradesh","Kinnaur","20.0","87.0","14.0","71.0","14.0","82.0","48.0","240.0"
"630","2010","18","Himachal Pradesh","Kinnaur","18.0","73.0","11.0","59.0","12.0","78.0","41.0","210.0"
"630","2011","18","Himachal Pradesh","Kinnaur","13.0","88.0","12.0","71.0","9.0","74.0","34.0","233.0"
"630","2012","18","Himachal Pradesh","Kinnaur","14.0","84.0","15.0","44.0","10.0","49.0","39.0","177.0"
"630","2013","18","Himachal Pradesh","Kinnaur","25.0","79.0","17.0","44.0","13.0","44.0","55.0","167.0"
"630","2014","18","Himachal Pradesh","Kinnaur","27.0","61.0","20.0","55.0","13.0","69.0","60.0","185.0"
"630","2015","18","Himachal Pradesh","Kinnaur","33.0","63.0","26.0","61.0","15.0","66.0","74.0","190.0"
"630","2016","18","Himachal Pradesh","Kinnaur","30.0","80.0","18.0","63.0","13.0","83.0","61.0","226.0"
"630","2017","18","Himachal Pradesh","Kinnaur","25.0","86.0","14.0","50.0","8.0","81.0","47.0","217.0"
"631","1990","18","Himachal Pradesh","Kullu","483.0","750.0","87.0","460.0","69.0","490.0","639.0","1700.0"
"631","1991","18","Himachal Pradesh","Kullu","411.0","571.0","89.0","367.0","86.0","403.0","586.0","1341.0"
"631","1993","18","Himachal Pradesh","Kullu","406.0","656.0","11.0","109.0","7.0","175.0","424.0","940.0"
"631","1994","18","Himachal Pradesh","Kullu","426.0","449.0","16.0","81.0","16.0","156.0","458.0","686.0"
"631","1995","18","Himachal Pradesh","Kullu","280.0","692.0","14.0","132.0","11.0","246.0","305.0","1070.0"
"631","1996","18","Himachal Pradesh","Kullu","280.0","715.0","14.0","187.0","11.0","296.0","305.0","1198.0"
"631","1997","18","Himachal Pradesh","Kullu","400.0","788.0","31.0","243.0","24.0","384.0","455.0","1415.0"
"631","1998","18","Himachal Pradesh","Kullu","-1.0","-1.0","-1.0","-1.0","-1.0","-1.0","-1.0","-1.0"
"631","1999","18","Himachal Pradesh","Kullu","-1.0","-1.0","-1.0","-1.0","-1.0","-1.0","-1.0","-1.0"
"631","2000","18","Himachal Pradesh","Kullu","380.0","663.0","54.0","227.0","36.0","298.0","470.0","1188.0"
"631","2001","18","Himachal Pradesh","Kullu","518.0","902.0","79.0","401.0","55.0","522.0","652.0","1825.0"
"631","2002","18","Himachal Pradesh","Kullu","470.0","951.0","119.0","498.0","80.0","537.0","669.0","1986.0"
"631","2003","18","Himachal Pradesh","Kullu","587.0","1106.0","109.0","606.0","67.0","758.0","763.0","2470.0"
"631","2004","18","Himachal Pradesh","Kullu","568.0","1125.0","94.0","673.0","63.0","750.0","725.0","2548.0"
"631","2005","18","Himachal Pradesh","Kullu","630.0","1171.0","157.0","873.0","87.0","877.0","874.0","2921.0"
"631","2006","18","Himachal Pradesh","Kullu","669.0","1088.0","158.0","770.0","104.0","860.0","931.0","2718.0"
"631","2007","18","Himachal Pradesh","Kullu","711.0","1112.0","244.0","756.0","155.0","1005.0","1110.0","2873.0"
"631","2008","18","Himachal Pradesh","Kullu","767.0","1318.0","233.0","789.0","182.0","1080.0","1182.0","3187.0"
"631","2009","18","Himachal Pradesh","Kullu","777.0","1343.0","276.0","860.0","168.0","1260.0","1221.0","3463.0"
"631","2010","18","Himachal Pradesh","Kullu","714.0","1371.0","167.0","1147.0","165.0","1486.0","1046.0","4004.0"
"631","2011","18","Himachal Pradesh","Kullu","671.0","1173.0","294.0","780.0","204.0","956.0","1169.0","2909.0"
"631","2012","18","Himachal Pradesh","Kullu","770.0","1390.0","266.0","521.0","247.0","881.0","1283.0","2792.0"
"631","2013","18","Himachal Pradesh","Kullu","791.0","1242.0","151.0","738.0","114.0","1175.0","1056.0","3155.0"
"631","2014","18","Himachal Pradesh","Kullu","759.0","1040.0","201.0","863.0","142.0","1409.0","1102.0","3312.0"
"631","2015","18","Himachal Pradesh","Kullu","947.0","1591.0","367.0","958.0","210.0","1435.0","1524.0","3984.0"
"631","2016","18","Himachal Pradesh","Kullu","1025.0","1645.0","416.0","1058.0","280.0","1519.0","1721.0","4222.0"
"631","2017","18","Himachal Pradesh","Kullu","1039.0","1747.0","292.0","1092.0","183.0","1699.0","1514.0","4538.0"
"632","1990","18","Himachal Pradesh","Lahul & Spiti","71.0","150.0","51.0","150.0","34.0","90.0","156.0","390.0"
"632","1991","18","Himachal Pradesh","Lahul & Spiti","6.0","117.0","6.0","105.0","2.0","70.0","14.0","292.0"
"632","1993","18","Himachal Pradesh","Lahul & Spiti","3.0","110.0","3.0","47.0","4.0","34.0","10.0","191.0"
"632","1994","18","Himachal Pradesh","Lahul & Spiti","51.0","71.0","32.0","41.0","24.0","32.0","107.0","144.0"
"632","1995","18","Himachal Pradesh","Lahul & Spiti","6.0","76.0","6.0","41.0","5.0","38.0","17.0","155.0"
"632","1996","18","Himachal Pradesh","Lahul & Spiti","6.0","95.0","6.0","44.0","5.0","36.0","17.0","175.0"
"632","1997","18","Himachal Pradesh","Lahul & Spiti","61.0","51.0","39.0","49.0","27.0","28.0","127.0","128.0"
"632","1998","18","Himachal Pradesh","Lahul & Spiti","-1.0","-1.0","-1.0","-1.0","-1.0","-1.0","-1.0","-1.0"
"632","1999","18","Himachal Pradesh","Lahul & Spiti","-1.0","-1.0","-1.0","-1.0","-1.0","-1.0","-1.0","-1.0"
"632","2000","18","Himachal Pradesh","Lahul & Spiti","63.0","37.0","52.0","24.0","34.0","15.0","149.0","76.0"
"632","2001","18","Himachal Pradesh","Lahul & Spiti","66.0","28.0","57.0","21.0","36.0","10.0","159.0","59.0"
"632","2002","18","Himachal Pradesh","Lahul & Spiti","62.0","87.0","70.0","61.0","41.0","38.0","173.0","186.0"
"632","2003","18","Himachal Pradesh","Lahul & Spiti","69.0","61.0","50.0","59.0","30.0","40.0","149.0","160.0"
"632","2004","18","Himachal Pradesh","Lahul & Spiti","80.0","45.0","61.0","37.0","37.0","31.0","178.0","113.0"
"632","2005","18","Himachal Pradesh","Lahul & Spiti","53.0","74.0","56.0","65.0","31.0","43.0","140.0","182.0"
"632","2006","18","Himachal Pradesh","Lahul & Spiti","74.0","59.0","75.0","63.0","44.0","39.0","193.0","161.0"
"632","2007","18","Himachal Pradesh","Lahul & Spiti","57.0","100.0","39.0","113.0","26.0","70.0","122.0","283.0"
"632","2008","18","Himachal Pradesh","Lahul & Spiti","81.0","77.0","56.0","77.0","53.0","75.0","190.0","229.0"
"632","2009","18","Himachal Pradesh","Lahul & Spiti","80.0","70.0","88.0","86.0","62.0","43.0","230.0","199.0"
"632","2010","18","Himachal Pradesh","Lahul & Spiti","41.0","98.0","29.0","106.0","21.0","114.0","91.0","318.0"
"632","2011","18","Himachal Pradesh","Lahul & Spiti","89.0","47.0","105.0","58.0","63.0","48.0","257.0","153.0"
"632","2012","18","Himachal Pradesh","Lahul & Spiti","91.0","39.0","84.0","52.0","42.0","38.0","217.0","129.0"
"632","2013","18","Himachal Pradesh","Lahul & Spiti","78.0","64.0","28.0","128.0","18.0","78.0","124.0","270.0"
"632","2014","18","Himachal Pradesh","Lahul & Spiti","56.0","106.0","23.0","158.0","15.0","95.0","94.0","359.0"
"632","2015","18","Himachal Pradesh","Lahul & Spiti","126.0","43.0","148.0","34.0","80.0","27.0","354.0","104.0"
"632","2016","18","Himachal Pradesh","Lahul & Spiti","130.0","65.0","145.0","45.0","100.0","35.0","375.0","145.0"
"632","2017","18","Himachal Pradesh","Lahul & Spiti","72.0","110.0","81.0","102.0","42.0","67.0","195.0","279.0"
"633","1990","18","Himachal Pradesh","Solan","1460.0","880.0","101.0","280.0","47.0","135.0","1608.0","1295.0"
"633","1991","18","Himachal Pradesh","Solan","1127.0","920.0","202.0","234.0","64.0","94.0","1393.0","1248.0"
"633","1993","18","Himachal Pradesh","Solan","979.0","763.0","149.0","137.0","74.0","66.0","1202.0","966.0"
"633","1994","18","Himachal Pradesh","Solan","1538.0","730.0","38.0","143.0","18.0","65.0","1594.0","938.0"
"633","1995","18","Himachal Pradesh","Solan","1500.0","652.0","44.0","128.0","22.0","62.0","1566.0","842.0"
"633","1996","18","Himachal Pradesh","Solan","1500.0","859.0","44.0","163.0","22.0","76.0","1566.0","1098.0"
"633","1997","18","Himachal Pradesh","Solan","1044.0","658.0","42.0","206.0","22.0","118.0","1108.0","982.0"
"633","1998","18","Himachal Pradesh","Solan","-1.0","-1.0","-1.0","-1.0","-1.0","-1.0","-1.0","-1.0"
"633","1999","18","Himachal Pradesh","Solan","-1.0","-1.0","-1.0","-1.0","-1.0","-1.0","-1.0","-1.0"
"633","2000","18","Himachal Pradesh","Solan","1216.0","620.0","92.0","281.0","43.0","144.0","1351.0","1045.0"
"633","2001","18","Himachal Pradesh","Solan","1796.0","832.0","220.0","301.0","113.0","156.0","2129.0","1289.0"
"633","2002","18","Himachal Pradesh","Solan","1367.0","758.0","154.0","299.0","78.0","154.0","1599.0","1211.0"
"633","2003","18","Himachal Pradesh","Solan","1776.0","1146.0","195.0","364.0","100.0","185.0","2071.0","1695.0"
"633","2004","18","Himachal Pradesh","Solan","1569.0","1103.0","219.0","330.0","115.0","174.0","1903.0","1607.0"
"633","2005","18","Himachal Pradesh","Solan","1698.0","1042.0","270.0","358.0","140.0","183.0","2108.0","1583.0"
"633","2006","18","Himachal Pradesh","Solan","1769.0","1124.0","265.0","483.0","140.0","256.0","2174.0","1863.0"
"633","2007","18","Himachal Pradesh","Solan","1904.0","984.0","243.0","342.0","126.0","256.0","2273.0","1582.0"
"633","2008","18","Himachal Pradesh","Solan","1873.0","1413.0","385.0","437.0","229.0","359.0","2487.0","2209.0"
"633","2009","18","Himachal Pradesh","Solan","1583.0","1138.0","456.0","374.0","166.0","297.0","2205.0","1809.0"
"633","2010","18","Himachal Pradesh","Solan","1648.0","1376.0","334.0","256.0","186.0","266.0","2168.0","1898.0"
"633","2011","18","Himachal Pradesh","Solan","1746.0","1246.0","382.0","307.0","198.0","179.0","2326.0","1732.0"
"633","2012","18","Himachal Pradesh","Solan","1405.0","1623.0","172.0","249.0","95.0","134.0","1672.0","2006.0"
"633","2013","18","Himachal Pradesh","Solan","1718.0","1416.0","164.0","412.0","85.0","226.0","1967.0","2054.0"
"633","2014","18","Himachal Pradesh","Solan","1673.0","1622.0","108.0","215.0","59.0","121.0","1840.0","1958.0"
"633","2015","18","Himachal Pradesh","Solan","1762.0","1119.0","312.0","308.0","164.0","160.0","2238.0","1587.0"
"633","2016","18","Himachal Pradesh","Solan","1469.0","967.0","387.0","258.0","187.0","139.0","2043.0","1364.0"
"633","2017","18","Himachal Pradesh","Solan","1412.0","1017.0","109.0","365.0","61.0","192.0","1582.0","1574.0"
"634","1990","18","Himachal Pradesh","Mandi","2247.0","1600.0","174.0","530.0","94.0","390.0","2515.0","2520.0"
"634","1991","18","Himachal Pradesh","Mandi","1920.0","1744.0","139.0","512.0","92.0","542.0","2151.0","2798.0"
"634","1993","18","Himachal Pradesh","Mandi","1923.0","1733.0","58.0","194.0","30.0","150.0","2011.0","2077.0"
"634","1994","18","Himachal Pradesh","Mandi","2027.0","1695.0","76.0","238.0","34.0","210.0","2137.0","2143.0"
"634","1995","18","Himachal Pradesh","Mandi","2244.0","1803.0","49.0","287.0","26.0","227.0","2319.0","2317.0"
"634","1996","18","Himachal Pradesh","Mandi","2244.0","1855.0","49.0","394.0","26.0","321.0","2319.0","2570.0"
"634","1997","18","Himachal Pradesh","Mandi","2363.0","1949.0","106.0","458.0","55.0","340.0","2524.0","2747.0"
"634","1998","18","Himachal Pradesh","Mandi","-1.0","-1.0","-1.0","-1.0","-1.0","-1.0","-1.0","-1.0"
"634","1999","18","Himachal Pradesh","Mandi","-1.0","-1.0","-1.0","-1.0","-1.0","-1.0","-1.0","-1.0"
"634","2000","18","Himachal Pradesh","Mandi","2357.0","992.0","149.0","663.0","74.0","390.0","2580.0","2045.0"
"634","2001","18","Himachal Pradesh","Mandi","2351.0","2020.0","161.0","768.0","82.0","465.0","2594.0","3253.0"
"634","2002","18","Himachal Pradesh","Mandi","2299.0","1654.0","210.0","954.0","108.0","557.0","2617.0","3165.0"
"634","2003","18","Himachal Pradesh","Mandi","2477.0","2146.0","227.0","1015.0","119.0","661.0","2823.0","3822.0"
"634","2004","18","Himachal Pradesh","Mandi","2367.0","2059.0","258.0","988.0","135.0","623.0","2760.0","3670.0"
"634","2005","18","Himachal Pradesh","Mandi","2366.0","1820.0","203.0","995.0","107.0","670.0","2676.0","3485.0"
"634","2006","18","Himachal Pradesh","Mandi","2341.0","2154.0","240.0","1056.0","127.0","685.0","2708.0","3895.0"
"634","2007","18","Himachal Pradesh","Mandi","2451.0","2166.0","311.0","674.0","161.0","665.0","2923.0","3505.0"
"634","2008","18","Himachal Pradesh","Mandi","2557.0","1981.0","358.0","662.0","238.0","706.0","3153.0","3349.0"
"634","2009","18","Himachal Pradesh","Mandi","1948.0","1880.0","231.0","700.0","203.0","727.0","2382.0","3307.0"
"634","2010","18","Himachal Pradesh","Mandi","2310.0","2220.0","213.0","810.0","145.0","948.0","2668.0","3978.0"
"634","2011","18","Himachal Pradesh","Mandi","2445.0","2189.0","399.0","583.0","250.0","480.0","3094.0","3252.0"
"634","2012","18","Himachal Pradesh","Mandi","2084.0","2239.0","280.0","426.0","169.0","335.0","2533.0","3000.0"
"634","2013","18","Himachal Pradesh","Mandi","2448.0","2175.0","193.0","716.0","112.0","539.0","2753.0","3430.0"
"634","2014","18","Himachal Pradesh","Mandi","2351.0","2147.0","160.0","685.0","86.0","573.0","2597.0","3405.0"
"634","2015","18","Himachal Pradesh","Mandi","2409.0","2284.0","410.0","706.0","215.0","622.0","3034.0","3612.0"
"634","2016","18","Himachal Pradesh","Mandi","2236.0","2154.0","325.0","853.0","172.0","682.0","2733.0","3689.0"
"634","2017","18","Himachal Pradesh","Mandi","2227.0","2151.0","293.0","859.0","152.0","740.0","2672.0","3750.0"
"635","1990","18","Himachal Pradesh","Shimla","1119.0","1310.0","322.0","1270.0","236.0","1170.0","1677.0","3750.0"
"635","1991","18","Himachal Pradesh","Shimla","736.0","1148.0","160.0","1309.0","139.0","1385.0","1035.0","3842.0"
"635","1993","18","Himachal Pradesh","Shimla","1389.0","1484.0","35.0","558.0","16.0","554.0","1440.0","2596.0"
"635","1994","18","Himachal Pradesh","Shimla","758.0","1089.0","102.0","450.0","72.0","777.0","932.0","2316.0"
"635","1995","18","Himachal Pradesh","Shimla","859.0","1210.0","110.0","503.0","81.0","852.0","1050.0","2565.0"
"635","1996","18","Himachal Pradesh","Shimla","859.0","1444.0","110.0","843.0","81.0","1258.0","1050.0","3545.0"
"635","1997","18","Himachal Pradesh","Shimla","803.0","1523.0","111.0","834.0","74.0","1278.0","988.0","3635.0"
"635","1998","18","Himachal Pradesh","Shimla","-1.0","-1.0","-1.0","-1.0","-1.0","-1.0","-1.0","-1.0"
"635","1999","18","Himachal Pradesh","Shimla","-1.0","-1.0","-1.0","-1.0","-1.0","-1.0","-1.0","-1.0"
"635","2000","18","Himachal Pradesh","Shimla","875.0","1629.0","202.0","1239.0","130.0","1708.0","1207.0","4576.0"
"635","2001","18","Himachal Pradesh","Shimla","1024.0","2127.0","171.0","1546.0","151.0","2367.0","1346.0","6040.0"
"635","2002","18","Himachal Pradesh","Shimla","1017.0","2172.0","203.0","1784.0","146.0","2710.0","1366.0","6666.0"
"635","2003","18","Himachal Pradesh","Shimla","1115.0","2428.0","170.0","2013.0","104.0","3240.0","1389.0","7681.0"
"635","2004","18","Himachal Pradesh","Shimla","1083.0","2314.0","146.0","1727.0","114.0","2976.0","1343.0","7017.0"
"635","2005","18","Himachal Pradesh","Shimla","1083.0","2236.0","290.0","2377.0","192.0","3372.0","1565.0","7985.0"
"635","2006","18","Himachal Pradesh","Shimla","1316.0","2066.0","278.0","2200.0","248.0","3064.0","1842.0","7330.0"
"635","2007","18","Himachal Pradesh","Shimla","1214.0","2129.0","392.0","2592.0","287.0","3739.0","1893.0","8460.0"
"635","2008","18","Himachal Pradesh","Shimla","1351.0","2968.0","435.0","2848.0","465.0","4385.0","2251.0","10201.0"
"635","2009","18","Himachal Pradesh","Shimla","1273.0","2473.0","412.0","2994.0","456.0","4575.0","2141.0","10042.0"
"635","2010","18","Himachal Pradesh","Shimla","937.0","2544.0","213.0","3658.0","263.0","4860.0","1413.0","11062.0"
"635","2011","18","Himachal Pradesh","Shimla","945.0","2206.0","453.0","2494.0","313.0","3669.0","1711.0","8369.0"
"635","2012","18","Himachal Pradesh","Shimla","1335.0","2319.0","473.0","1632.0","560.0","3069.0","2368.0","7020.0"
"635","2013","18","Himachal Pradesh","Shimla","1368.0","1475.0","295.0","1951.0","385.0","3993.0","2048.0","7419.0"
"635","2014","18","Himachal Pradesh","Shimla","1088.0","1974.0","281.0","2471.0","352.0","4834.0","1721.0","9279.0"
"635","2015","18","Himachal Pradesh","Shimla","1457.0","3245.0","430.0","2684.0","433.0","4933.0","2320.0","10862.0"
"635","2016","18","Himachal Pradesh","Shimla","1818.0","3698.0","462.0","2580.0","574.0","5523.0","2854.0","11801.0"
"635","2017","18","Himachal Pradesh","Shimla","1923.0","4188.0","343.0","2545.0","450.0","5601.0","2716.0","12334.0"
"636","1990","18","Himachal Pradesh","Sirmaur","1098.0","540.0","56.0","240.0","29.0","140.0","1183.0","920.0"
"636","1991","18","Himachal Pradesh","Sirmaur","1231.0","570.0","76.0","289.0","34.0","135.0","1341.0","994.0"
"636","1993","18","Himachal Pradesh","Sirmaur","990.0","551.0","27.0","125.0","11.0","70.0","1028.0","746.0"
"636","1994","18","Himachal Pradesh","Sirmaur","1135.0","554.0","43.0","145.0","20.0","81.0","1198.0","780.0"
"636","1995","18","Himachal Pradesh","Sirmaur","1115.0","563.0","41.0","141.0","20.0","79.0","1176.0","783.0"
"636","1996","18","Himachal Pradesh","Sirmaur","1115.0","584.0","41.0","158.0","20.0","89.0","1176.0","831.0"
"636","1997","18","Himachal Pradesh","Sirmaur","1557.0","978.0","105.0","231.0","51.0","112.0","1713.0","1321.0"
"636","1998","18","Himachal Pradesh","Sirmaur","-1.0","-1.0","-1.0","-1.0","-1.0","-1.0","-1.0","-1.0"
"636","1999","18","Himachal Pradesh","Sirmaur","-1.0","-1.0","-1.0","-1.0","-1.0","-1.0","-1.0","-1.0"
"636","2000","18","Himachal Pradesh","Sirmaur","1669.0","829.0","179.0","351.0","90.0","180.0","1938.0","1360.0"
"636","2001","18","Himachal Pradesh","Sirmaur","1209.0","689.0","103.0","285.0","49.0","149.0","1361.0","1123.0"
"636","2002","18","Himachal Pradesh","Sirmaur","964.0","748.0","102.0","315.0","49.0","161.0","1115.0","1224.0"
"636","2003","18","Himachal Pradesh","Sirmaur","1263.0","808.0","120.0","322.0","60.0","166.0","1443.0","1296.0"
"636","2004","18","Himachal Pradesh","Sirmaur","1186.0","884.0","147.0","339.0","76.0","174.0","1409.0","1397.0"
"636","2005","18","Himachal Pradesh","Sirmaur","1349.0","857.0","132.0","358.0","67.0","185.0","1548.0","1400.0"
"636","2006","18","Himachal Pradesh","Sirmaur","1262.0","1005.0","148.0","442.0","77.0","225.0","1487.0","1672.0"
"636","2007","18","Himachal Pradesh","Sirmaur","1411.0","1003.0","213.0","336.0","111.0","243.0","1735.0","1582.0"
"636","2008","18","Himachal Pradesh","Sirmaur","1490.0","1208.0","213.0","287.0","135.0","222.0","1838.0","1717.0"
"636","2009","18","Himachal Pradesh","Sirmaur","1305.0","1149.0","250.0","249.0","139.0","192.0","1694.0","1590.0"
"636","2010","18","Himachal Pradesh","Sirmaur","1362.0","1226.0","153.0","378.0","93.0","357.0","1608.0","1961.0"
"636","2011","18","Himachal Pradesh","Sirmaur","1420.0","1343.0","233.0","376.0","131.0","216.0","1784.0","1935.0"
"636","2012","18","Himachal Pradesh","Sirmaur","1669.0","1223.0","166.0","160.0","92.0","93.0","1927.0","1476.0"
"636","2013","18","Himachal Pradesh","Sirmaur","1830.0","1311.0","233.0","354.0","126.0","196.0","2189.0","1861.0"
"636","2014","18","Himachal Pradesh","Sirmaur","1805.0","1629.0","186.0","328.0","93.0","184.0","2084.0","2141.0"
"636","2015","18","Himachal Pradesh","Sirmaur","1969.0","1463.0","223.0","487.0","112.0","265.0","2304.0","2215.0"
"636","2016","18","Himachal Pradesh","Sirmaur","1832.0","1419.0","331.0","381.0","163.0","232.0","2326.0","2032.0"
"636","2017","18","Himachal Pradesh","Sirmaur","1796.0","1579.0","162.0","503.0","83.0","304.0","2041.0","2386.0"
"651","1990","19","Kerala","Alappuzha","3233.0","2955.0","1963.0","1669.0","2642.0","2741.0","7838.0","7365.0"
"651","1991","19","Kerala","Alappuzha","1256.0","2933.0","783.0","1526.0","1823.0","2607.0","3862.0","7066.0"
"651","1993","19","Kerala","Alappuzha","1675.0","3097.0","680.0","1391.0","1523.0","2448.0","3878.0","6936.0"
"651","1994","19","Kerala","Alappuzha","1789.0","3857.0","811.0","1630.0","677.0","3737.0","3277.0","9224.0"
"651","1995","19","Kerala","Alappuzha","2201.0","3217.0","677.0","1425.0","913.0","2271.0","3791.0","6913.0"
"651","1996","19","Kerala","Alappuzha","1708.0","3375.0","705.0","1394.0","1495.0","1543.0","3908.0","6312.0"
"651","1997","19","Kerala","Alappuzha","1926.0","2947.0","890.0","1336.0","1342.0","2080.0","4158.0","6363.0"
"651","1998","19","Kerala","Alappuzha","-1.0","-1.0","-1.0","-1.0","-1.0","-1.0","-1.0","-1.0"
"651","1999","19","Kerala","Alappuzha","-1.0","-1.0","-1.0","-1.0","-1.0","-1.0","-1.0","-1.0"
"651","2000","19","Kerala","Alappuzha","1991.0","3110.0","765.0","1239.0","1976.0","2052.0","4732.0","6401.0"
"651","2001","19","Kerala","Alappuzha","2054.0","3191.0","664.0","1394.0","1795.0","2532.0","4513.0","7117.0"
"651","2002","19","Kerala","Alappuzha","4649.0","4083.0","1933.0","1516.0","2539.0","2466.0","9121.0","8065.0"
"651","2003","19","Kerala","Alappuzha","1518.0","4738.0","587.0","1563.0","1127.0","2393.0","3232.0","8694.0"
"651","2004","19","Kerala","Alappuzha","3013.0","2445.0","822.0","1319.0","1283.0","2280.0","5118.0","6044.0"
"651","2005","19","Kerala","Alappuzha","1708.0","2562.0","833.0","1256.0","1015.0","1536.0","3556.0","5354.0"
"651","2006","19","Kerala","Alappuzha","1608.0","2027.0","801.0","1206.0","1543.0","2258.0","3952.0","5491.0"
"651","2007","19","Kerala","Alappuzha","1716.0","2899.0","1251.0","1398.0","1363.0","2217.0","4330.0","6514.0"
"651","2008","19","Kerala","Alappuzha","2611.0","3471.0","1403.0","2232.0","1727.0","2919.0","5741.0","8622.0"
"651","2009","19","Kerala","Alappuzha","2354.0","4521.0","1572.0","2255.0","1740.0","2512.0","5666.0","9288.0"
"651","2010","19","Kerala","Alappuzha","2446.0","3676.0","1586.0","2158.0","1482.0","3196.0","5514.0","9030.0"
"651","2011","19","Kerala","Alappuzha","2266.0","4990.0","1436.0","2655.0","1098.0","3582.0","4800.0","11227.0"
"651","2012","19","Kerala","Alappuzha","1793.0","4989.0","1170.0","2655.0","1063.0","3582.0","4026.0","11226.0"
"651","2013","19","Kerala","Alappuzha","3540.0","3897.0","1816.0","1517.0","2497.0","2413.0","7853.0","7827.0"
"651","2014","19","Kerala","Alappuzha","2855.0","3658.0","886.0","1433.0","1036.0","2576.0","4777.0","7667.0"
"651","2015","19","Kerala","Alappuzha","2610.0","6453.0","776.0","1729.0","1240.0","3190.0","4626.0","11372.0"
"651","2016","19","Kerala","Alappuzha","1370.0","2662.0","817.0","1446.0","1060.0","1810.0","3247.0","5918.0"
"651","2017","19","Kerala","Alappuzha","3892.0","5855.0","812.0","1775.0","1061.0","1568.0","5765.0","9198.0"
"652","1990","19","Kerala","Kannur","4245.0","2798.0","3264.0","2126.0","6109.0","3012.0","13618.0","7936.0"
"652","1991","19","Kerala","Kannur","4353.0","2830.0","3461.0","2017.0","6271.0","2934.0","14085.0","7781.0"
"652","1993","19","Kerala","Kannur","3534.0","3054.0","1371.0","1699.0","3833.0","3213.0","8737.0","7966.0"
"652","1994","19","Kerala","Kannur","4375.0","4387.0","2270.0","2551.0","3506.0","4567.0","10150.0","11505.0"
"652","1995","19","Kerala","Kannur","4493.0","3741.0","2394.0","1956.0","3894.0","3483.0","10781.0","9180.0"
"652","1996","19","Kerala","Kannur","3993.0","3575.0","2262.0","2046.0","3923.0","2795.0","10177.0","8416.0"
"652","1997","19","Kerala","Kannur","4268.0","3552.0","2506.0","2209.0","4957.0","3400.0","11731.0","9161.0"
"652","1998","19","Kerala","Kannur","-1.0","-1.0","-1.0","-1.0","-1.0","-1.0","-1.0","-1.0"
"652","1999","19","Kerala","Kannur","-1.0","-1.0","-1.0","-1.0","-1.0","-1.0","-1.0","-1.0"
"652","2000","19","Kerala","Kannur","3482.0","2744.0","2141.0","1515.0","3465.0","2503.0","9088.0","6761.0"
"652","2001","19","Kerala","Kannur","2498.0","2509.0","1920.0","1769.0","3161.0","2628.0","7579.0","6906.0"
"652","2002","19","Kerala","Kannur","2814.0","3802.0","1332.0","1916.0","2543.0","3537.0","6689.0","9256.0"
"652","2003","19","Kerala","Kannur","3622.0","3458.0","1641.0","1862.0","3231.0","2847.0","8494.0","8167.0"
"652","2004","19","Kerala","Kannur","4022.0","2478.0","2352.0","1451.0","3698.0","2506.0","10072.0","6435.0"
"652","2005","19","Kerala","Kannur","3057.0","3153.0","1901.0","1706.0","3325.0","3178.0","8283.0","8038.0"
"652","2006","19","Kerala","Kannur","3770.0","3111.0","2295.0","1606.0","3476.0","4022.0","9540.0","8739.0"
"652","2007","19","Kerala","Kannur","4822.0","4113.0","2161.0","1737.0","3968.0","4550.0","10952.0","10400.0"
"652","2008","19","Kerala","Kannur","5808.0","4290.0","2428.0","2120.0","6079.0","3785.0","14314.0","10195.0"
"652","2009","19","Kerala","Kannur","6565.0","5627.0","3104.0","2582.0","5102.0","5892.0","14771.0","14101.0"
"652","2010","19","Kerala","Kannur","4685.0","5264.0","2906.0","2575.0","5483.0","4662.0","13075.0","12501.0"
"652","2011","19","Kerala","Kannur","5857.0","7893.0","3201.0","4306.0","3546.0","6833.0","12604.0","19033.0"
"652","2012","19","Kerala","Kannur","4169.0","7891.0","2471.0","4306.0","3060.0","6833.0","9700.0","19031.0"
"652","2013","19","Kerala","Kannur","5396.0","4429.0","3228.0","2032.0","5872.0","3405.0","14496.0","9866.0"
"652","2014","19","Kerala","Kannur","6824.0","4369.0","2436.0","1732.0","3258.0","2533.0","12518.0","8634.0"
"652","2015","19","Kerala","Kannur","3905.0","9146.0","2035.0","2109.0","3357.0","6370.0","9298.0","17625.0"
"652","2016","19","Kerala","Kannur","3694.0","3243.0","2232.0","1872.0","3535.0","3356.0","9461.0","8471.0"
"652","2017","19","Kerala","Kannur","3684.0","8099.0","2191.0","2114.0","3535.0","4183.0","9410.0","14396.0"
"653","1990","19","Kerala","Eranakulam","5733.0","4261.0","3319.0","2710.0","7499.0","4033.0","16551.0","11004.0"
"653","1991","19","Kerala","Eranakulam","5780.0","4005.0","3160.0","2818.0","6165.0","3861.0","15105.0","10685.0"
"653","1993","19","Kerala","Eranakulam","4604.0","4044.0","1926.0","2167.0","5118.0","3645.0","11648.0","9855.0"
"653","1994","19","Kerala","Eranakulam","5350.0","5009.0","2693.0","2560.0","3982.0","4889.0","12025.0","12458.0"
"653","1995","19","Kerala","Eranakulam","4774.0","4084.0","2580.0","2559.0","4974.0","6863.0","12329.0","13506.0"
"653","1996","19","Kerala","Eranakulam","5896.0","4034.0","2695.0","2535.0","4699.0","2911.0","13290.0","9480.0"
"653","1997","19","Kerala","Eranakulam","5873.0","3733.0","3124.0","2413.0","7115.0","5933.0","16113.0","12080.0"
"653","1998","19","Kerala","Eranakulam","-1.0","-1.0","-1.0","-1.0","-1.0","-1.0","-1.0","-1.0"
"653","1999","19","Kerala","Eranakulam","-1.0","-1.0","-1.0","-1.0","-1.0","-1.0","-1.0","-1.0"
"653","2000","19","Kerala","Eranakulam","4661.0","3897.0","2906.0","2037.0","4204.0","3249.0","11770.0","9184.0"
"653","2001","19","Kerala","Eranakulam","4560.0","3701.0","2403.0","1804.0","4421.0","2654.0","11384.0","8159.0"
"653","2002","19","Kerala","Eranakulam","4320.0","4076.0","1793.0","2419.0","9212.0","5464.0","15325.0","11960.0"
"653","2003","19","Kerala","Eranakulam","6597.0","5828.0","2579.0","2361.0","5301.0","5063.0","14477.0","13253.0"
"653","2004","19","Kerala","Eranakulam","8395.0","6310.0","3309.0","1694.0","6951.0","4309.0","18656.0","12313.0"
"653","2005","19","Kerala","Eranakulam","8200.0","5278.0","3235.0","2244.0","7668.0","5565.0","19104.0","13086.0"
"653","2006","19","Kerala","Eranakulam","11631.0","7358.0","4142.0","1813.0","6334.0","3573.0","22108.0","12744.0"
"653","2007","19","Kerala","Eranakulam","8624.0","6598.0","3556.0","2079.0","4349.0","4664.0","16529.0","13341.0"
"653","2008","19","Kerala","Eranakulam","9301.0","6516.0","3222.0","2908.0","5778.0","3244.0","18301.0","12668.0"
"653","2009","19","Kerala","Eranakulam","7509.0","6304.0","3124.0","2898.0","4549.0","5086.0","15182.0","14288.0"
"653","2010","19","Kerala","Eranakulam","8210.0","6559.0","4155.0","4037.0","6634.0","4627.0","18999.0","15222.0"
"653","2011","19","Kerala","Eranakulam","9197.0","7797.0","6171.0","4231.0","4689.0","7321.0","20057.0","19349.0"
"653","2012","19","Kerala","Eranakulam","6195.0","7521.0","3643.0","4231.0","3439.0","7321.0","13277.0","19073.0"
"653","2013","19","Kerala","Eranakulam","7593.0","7355.0","3583.0","3412.0","6175.0","4167.0","17352.0","14934.0"
"653","2014","19","Kerala","Eranakulam","8558.0","4001.0","3502.0","2663.0","4644.0","4515.0","16704.0","11180.0"
"653","2015","19","Kerala","Eranakulam","9330.0","6269.0","3162.0","2601.0","6578.0","4501.0","19070.0","13371.0"
"653","2016","19","Kerala","Eranakulam","7502.0","6680.0","4287.0","3368.0","4445.0","3586.0","16234.0","13634.0"
"653","2017","19","Kerala","Eranakulam","10650.0","8016.0","4069.0","2817.0","4444.0","3952.0","19164.0","14785.0"
"655","1990","19","Kerala","Kottayam","10289.0","7908.0","5941.0","4524.0","14246.0","8630.0","30476.0","21062.0"
"655","1991","19","Kerala","Kottayam","8850.0","6422.0","6113.0","3710.0","13203.0","8407.0","28166.0","18538.0"
"655","1993","19","Kerala","Kottayam","8827.0","6552.0","2493.0","3665.0","9384.0","6525.0","20704.0","16743.0"
"655","1994","19","Kerala","Kottayam","10061.0","8113.0","4018.0","4118.0","7454.0","12281.0","21533.0","24512.0"
"655","1995","19","Kerala","Kottayam","9329.0","8552.0","3941.0","5832.0","7278.0","10176.0","20547.0","24560.0"
"655","1996","19","Kerala","Kottayam","9069.0","7331.0","4011.0","4108.0","7631.0","4935.0","20711.0","16374.0"
"655","1997","19","Kerala","Kottayam","10853.0","7074.0","5428.0","3576.0","11734.0","8767.0","28014.0","19416.0"
"655","1998","19","Kerala","Kottayam","-1.0","-1.0","-1.0","-1.0","-1.0","-1.0","-1.0","-1.0"
"655","1999","19","Kerala","Kottayam","-1.0","-1.0","-1.0","-1.0","-1.0","-1.0","-1.0","-1.0"
"655","2000","19","Kerala","Kottayam","7186.0","7511.0","4533.0","3537.0","7942.0","6278.0","19662.0","17325.0"
"655","2001","19","Kerala","Kottayam","7701.0","8235.0","4385.0","4434.0","8431.0","6144.0","20517.0","18813.0"
"655","2002","19","Kerala","Kottayam","7607.0","9096.0","4478.0","4523.0","6912.0","8383.0","18997.0","22001.0"
"655","2003","19","Kerala","Kottayam","8981.0","8289.0","4752.0","3643.0","7702.0","5779.0","21435.0","17710.0"
"655","2004","19","Kerala","Kottayam","11007.0","5541.0","5939.0","3232.0","9896.0","6170.0","26841.0","14943.0"
"655","2005","19","Kerala","Kottayam","9057.0","6217.0","5818.0","3814.0","10110.0","6039.0","24984.0","16071.0"
"655","2006","19","Kerala","Kottayam","9859.0","6220.0","6749.0","3577.0","9388.0","6124.0","25995.0","15921.0"
"655","2007","19","Kerala","Kottayam","10300.0","9095.0","4941.0","4322.0","9024.0","6813.0","24265.0","20230.0"
"655","2008","19","Kerala","Kottayam","14262.0","9666.0","6446.0","6798.0","12466.0","7440.0","33174.0","23904.0"
"655","2009","19","Kerala","Kottayam","12932.0","11207.0","7900.0","5973.0","11245.0","9368.0","32077.0","26548.0"
"655","2010","19","Kerala","Kottayam","11628.0","12399.0","9214.0","7697.0","12469.0","10947.0","33311.0","31044.0"
"655","2011","19","Kerala","Kottayam","12653.0","12312.0","7004.0","7672.0","9212.0","11022.0","28869.0","31006.0"
"655","2012","19","Kerala","Kottayam","13594.0","11922.0","5627.0","7452.0","8091.0","10361.0","27312.0","29735.0"
"655","2013","19","Kerala","Kottayam","15009.0","11725.0","6692.0","5158.0","10678.0","6088.0","32378.0","22971.0"
"655","2014","19","Kerala","Kottayam","11450.0","6030.0","4948.0","3209.0","8194.0","4680.0","24592.0","13918.0"
"655","2015","19","Kerala","Kottayam","9710.0","8401.0","4395.0","3939.0","6937.0","6526.0","21042.0","18866.0"
"655","2016","19","Kerala","Kottayam","7679.0","5720.0","5059.0","4517.0","6946.0","5988.0","19684.0","16225.0"
"655","2017","19","Kerala","Kottayam","14199.0","11507.0","4896.0","4191.0","6948.0","5824.0","26042.0","21522.0"
"656","1990","19","Kerala","Kozhikode","4508.0","2743.0","2876.0","1817.0","9204.0","3499.0","16588.0","8059.0"
"656","1991","19","Kerala","Kozhikode","4097.0","2663.0","3305.0","1872.0","9489.0","4135.0","16891.0","8670.0"
"656","1993","19","Kerala","Kozhikode","3355.0","2838.0","1457.0","1724.0","5840.0","2983.0","10653.0","7545.0"
"656","1994","19","Kerala","Kozhikode","4349.0","3919.0","2291.0","2402.0","4240.0","5169.0","10881.0","11490.0"
"656","1995","19","Kerala","Kozhikode","4977.0","3684.0","2531.0","1903.0","5463.0","4827.0","12971.0","10414.0"
"656","1996","19","Kerala","Kozhikode","5553.0","3799.0","2892.0","1746.0","5614.0","3316.0","14060.0","8861.0"
"656","1997","19","Kerala","Kozhikode","4874.0","3896.0","2889.0","2003.0","6642.0","4581.0","14405.0","10480.0"
"656","1998","19","Kerala","Kozhikode","-1.0","-1.0","-1.0","-1.0","-1.0","-1.0","-1.0","-1.0"
"656","1999","19","Kerala","Kozhikode","-1.0","-1.0","-1.0","-1.0","-1.0","-1.0","-1.0","-1.0"
"656","2000","19","Kerala","Kozhikode","3447.0","2575.0","2239.0","1268.0","4250.0","2945.0","9936.0","6789.0"
"656","2001","19","Kerala","Kozhikode","5210.0","2375.0","1728.0","1389.0","4045.0","3274.0","10983.0","7038.0"
"656","2002","19","Kerala","Kozhikode","3994.0","4370.0","1514.0","1569.0","3732.0","4931.0","9240.0","10869.0"
"656","2003","19","Kerala","Kozhikode","4263.0","3495.0","1840.0","1347.0","6015.0","4112.0","12118.0","8954.0"
"656","2004","19","Kerala","Kozhikode","5695.0","2987.0","2492.0","1130.0","6852.0","3476.0","15039.0","7593.0"
"656","2005","19","Kerala","Kozhikode","4131.0","3000.0","2150.0","1560.0","6504.0","5439.0","12785.0","9998.0"
"656","2006","19","Kerala","Kozhikode","6541.0","4949.0","2289.0","1870.0","5400.0","5494.0","14231.0","12313.0"
"656","2007","19","Kerala","Kozhikode","5017.0","4390.0","2261.0","1495.0","4747.0","4625.0","12024.0","10510.0"
"656","2008","19","Kerala","Kozhikode","6695.0","4737.0","2683.0","2390.0","7501.0","4393.0","16880.0","11520.0"
"656","2009","19","Kerala","Kozhikode","6589.0","5360.0","3119.0","2171.0","5292.0","6340.0","15000.0","13871.0"
"656","2010","19","Kerala","Kozhikode","7031.0","5701.0","3412.0","2230.0","6578.0","5059.0","17020.0","12990.0"
"656","2011","19","Kerala","Kozhikode","6518.0","7941.0","3073.0","3466.0","4621.0","7592.0","14212.0","18998.0"
"656","2012","19","Kerala","Kozhikode","8195.0","7941.0","2314.0","3467.0","3126.0","7592.0","13635.0","18999.0"
"656","2013","19","Kerala","Kozhikode","7780.0","5614.0","2879.0","1834.0","6781.0","4619.0","17440.0","12067.0"
"656","2014","19","Kerala","Kozhikode","6016.0","4460.0","1890.0","1225.0","5255.0","3767.0","13161.0","9452.0"
"656","2015","19","Kerala","Kozhikode","4533.0","5802.0","1732.0","1865.0","4582.0","4934.0","10846.0","12601.0"
"656","2016","19","Kerala","Kozhikode","4458.0","4634.0","2456.0","1596.0","3224.0","3771.0","10138.0","10001.0"
"656","2017","19","Kerala","Kozhikode","4456.0","5032.0","2348.0","1374.0","3225.0","3957.0","10029.0","10363.0"
"657","1990","19","Kerala","Malappuram","3205.0","2154.0","1774.0","1250.0","3422.0","2059.0","8401.0","5463.0"
"657","1991","19","Kerala","Malappuram","2859.0","2333.0","1963.0","1373.0","3791.0","2046.0","8613.0","5752.0"
"657","1993","19","Kerala","Malappuram","2983.0","2434.0","1054.0","1215.0","2926.0","1134.0","6963.0","4783.0"
"657","1994","19","Kerala","Malappuram","2794.0","4248.0","1287.0","1741.0","2337.0","1995.0","6418.0","7984.0"
"657","1995","19","Kerala","Malappuram","3085.0","2100.0","1329.0","1023.0","2147.0","1381.0","6561.0","4504.0"
"657","1996","19","Kerala","Malappuram","2913.0","4269.0","1442.0","1330.0","2441.0","1361.0","6796.0","6960.0"
"657","1997","19","Kerala","Malappuram","4508.0","2373.0","1663.0","995.0","3484.0","2145.0","9655.0","5513.0"
"657","1998","19","Kerala","Malappuram","-1.0","-1.0","-1.0","-1.0","-1.0","-1.0","-1.0","-1.0"
"657","1999","19","Kerala","Malappuram","-1.0","-1.0","-1.0","-1.0","-1.0","-1.0","-1.0","-1.0"
"657","2000","19","Kerala","Malappuram","2492.0","2092.0","1164.0","1067.0","1890.0","1644.0","5546.0","4803.0"
"657","2001","19","Kerala","Malappuram","3489.0","2455.0","1359.0","1151.0","3090.0","2039.0","7938.0","5645.0"
"657","2002","19","Kerala","Malappuram","2166.0","2462.0","1151.0","1410.0","2247.0","2775.0","5564.0","6647.0"
"657","2003","19","Kerala","Malappuram","2251.0","2194.0","1333.0","1339.0","2251.0","2232.0","5835.0","5765.0"
"657","2004","19","Kerala","Malappuram","3115.0","1309.0","1725.0","1066.0","3118.0","1663.0","7958.0","4038.0"
"657","2005","19","Kerala","Malappuram","2920.0","2154.0","1859.0","1268.0","3683.0","2019.0","8462.0","5441.0"
"657","2006","19","Kerala","Malappuram","3046.0","1657.0","1934.0","1164.0","2485.0","3007.0","7465.0","5828.0"
"657","2007","19","Kerala","Malappuram","2409.0","1989.0","1614.0","933.0","2689.0","2408.0","6712.0","5330.0"
"657","2008","19","Kerala","Malappuram","2926.0","2488.0","1507.0","1399.0","4916.0","2795.0","9349.0","6682.0"
"657","2009","19","Kerala","Malappuram","2897.0","2466.0","1824.0","1301.0","3299.0","3147.0","8020.0","6914.0"
"657","2010","19","Kerala","Malappuram","2975.0","2885.0","1898.0","1601.0","4353.0","2755.0","9226.0","7241.0"
"657","2011","19","Kerala","Malappuram","3714.0","4792.0","2010.0","2424.0","2618.0","3929.0","8342.0","11145.0"
"657","2012","19","Kerala","Malappuram","3051.0","4792.0","1590.0","2424.0","2324.0","3929.0","6965.0","11145.0"
"657","2013","19","Kerala","Malappuram","4399.0","4746.0","2266.0","1306.0","3971.0","2400.0","10636.0","8452.0"
"657","2014","19","Kerala","Malappuram","5202.0","3171.0","1867.0","1456.0","3600.0","2501.0","10669.0","7128.0"
"657","2015","19","Kerala","Malappuram","2823.0","4269.0","1542.0","1258.0","2966.0","3040.0","7331.0","8567.0"
"657","2016","19","Kerala","Malappuram","2910.0","2503.0","1930.0","1141.0","2903.0","1966.0","7743.0","5610.0"
"657","2017","19","Kerala","Malappuram","4499.0","4629.0","1883.0","1498.0","2903.0","2601.0","9285.0","8728.0"
"658","1990","19","Kerala","Palakkad","8125.0","5176.0","3292.0","2274.0","6164.0","3419.0","17581.0","10869.0"
"658","1991","19","Kerala","Palakkad","6988.0","5242.0","3619.0","2303.0","5373.0","3543.0","15980.0","11088.0"
"658","1993","19","Kerala","Palakkad","7364.0","5891.0","2064.0","2161.0","3443.0","2335.0","12871.0","10387.0"
"658","1994","19","Kerala","Palakkad","7547.0","5805.0","2815.0","2243.0","3316.0","3688.0","13678.0","11736.0"
"658","1995","19","Kerala","Palakkad","7544.0","6585.0","2828.0","2080.0","3779.0","2615.0","14151.0","11280.0"
"658","1996","19","Kerala","Palakkad","8251.0","4532.0","2406.0","1802.0","3167.0","1942.0","13824.0","8276.0"
"658","1997","19","Kerala","Palakkad","7016.0","6235.0","3271.0","1858.0","4918.0","3931.0","15205.0","12024.0"
"658","1998","19","Kerala","Palakkad","-1.0","-1.0","-1.0","-1.0","-1.0","-1.0","-1.0","-1.0"
"658","1999","19","Kerala","Palakkad","-1.0","-1.0","-1.0","-1.0","-1.0","-1.0","-1.0","-1.0"
"658","2000","19","Kerala","Palakkad","7769.0","6127.0","3047.0","2027.0","4858.0","3104.0","15674.0","11258.0"
"658","2001","19","Kerala","Palakkad","7054.0","6359.0","2648.0","2303.0","4209.0","3617.0","13911.0","12279.0"
"658","2002","19","Kerala","Palakkad","11232.0","6858.0","3818.0","3201.0","5971.0","4196.0","21021.0","14255.0"
"658","2003","19","Kerala","Palakkad","6776.0","7205.0","2295.0","2635.0","3632.0","3779.0","12703.0","13619.0"
"658","2004","19","Kerala","Palakkad","10037.0","5127.0","3824.0","1965.0","5212.0","2737.0","19073.0","9829.0"
"658","2005","19","Kerala","Palakkad","6722.0","6209.0","2760.0","2358.0","4129.0","3044.0","13611.0","11611.0"
"658","2006","19","Kerala","Palakkad","7245.0","6398.0","3695.0","2563.0","3589.0","3908.0","14529.0","12869.0"
"658","2007","19","Kerala","Palakkad","7510.0","7049.0","2940.0","2884.0","4319.0","3266.0","14769.0","13199.0"
"658","2008","19","Kerala","Palakkad","11470.0","8380.0","4514.0","4241.0","7380.0","4686.0","23364.0","17307.0"
"658","2009","19","Kerala","Palakkad","10347.0","7591.0","5031.0","3652.0","6497.0","4829.0","21875.0","16072.0"
"658","2010","19","Kerala","Palakkad","10284.0","7932.0","4989.0","3891.0","6814.0","4288.0","22087.0","16111.0"
"658","2011","19","Kerala","Palakkad","10269.0","9293.0","4958.0","4154.0","3666.0","6435.0","18893.0","19882.0"
"658","2012","19","Kerala","Palakkad","8206.0","8371.0","3406.0","3694.0","3529.0","6195.0","15141.0","18260.0"
"658","2013","19","Kerala","Palakkad","9866.0","8926.0","4597.0","3078.0","4994.0","3657.0","19457.0","15661.0"
"658","2014","19","Kerala","Palakkad","7540.0","7138.0","3220.0","2459.0","3544.0","2219.0","14304.0","11816.0"
"658","2015","19","Kerala","Palakkad","7446.0","7214.0","2900.0","2913.0","3526.0","3447.0","13872.0","13574.0"
"658","2016","19","Kerala","Palakkad","6947.0","4838.0","2811.0","1423.0","3658.0","2105.0","13416.0","8366.0"
"658","2017","19","Kerala","Palakkad","19531.0","8645.0","2795.0","2476.0","3665.0","3052.0","25991.0","14173.0"
"659","1990","19","Kerala","Kollam","8865.0","4166.0","6005.0","2782.0","4838.0","2324.0","19708.0","9272.0"
"659","1991","19","Kerala","Kollam","5319.0","3571.0","3774.0","2155.0","4397.0","2158.0","13490.0","7884.0"
"659","1993","19","Kerala","Kollam","4040.0","3356.0","1580.0","1988.0","2552.0","2483.0","8172.0","7827.0"
"659","1994","19","Kerala","Kollam","4260.0","4038.0","2454.0","1967.0","2860.0","3749.0","9574.0","9754.0"
"659","1995","19","Kerala","Kollam","4511.0","3109.0","2732.0","1735.0","2449.0","2446.0","9692.0","7290.0"
"659","1996","19","Kerala","Kollam","4268.0","3059.0","2215.0","2135.0","2688.0","1761.0","9171.0","6955.0"
"659","1997","19","Kerala","Kollam","3733.0","2797.0","2491.0","1598.0","3226.0","2590.0","9450.0","6985.0"
"659","1998","19","Kerala","Kollam","-1.0","-1.0","-1.0","-1.0","-1.0","-1.0","-1.0","-1.0"
"659","1999","19","Kerala","Kollam","-1.0","-1.0","-1.0","-1.0","-1.0","-1.0","-1.0","-1.0"
"659","2000","19","Kerala","Kollam","2830.0","2053.0","2161.0","1256.0","2789.0","1669.0","7780.0","4978.0"
"659","2001","19","Kerala","Kollam","2361.0","2009.0","1738.0","1353.0","2269.0","1852.0","6368.0","5214.0"
"659","2002","19","Kerala","Kollam","1970.0","2123.0","1354.0","1720.0","2158.0","2778.0","5482.0","6621.0"
"659","2003","19","Kerala","Kollam","1978.0","2324.0","1809.0","1551.0","2287.0","2344.0","6074.0","6219.0"
"659","2004","19","Kerala","Kollam","2534.0","1270.0","1897.0","1053.0","1780.0","1222.0","6211.0","3545.0"
"659","2005","19","Kerala","Kollam","2376.0","1833.0","1996.0","1627.0","2039.0","1602.0","6411.0","5062.0"
"659","2006","19","Kerala","Kollam","2093.0","1135.0","2010.0","956.0","1983.0","2446.0","6086.0","4537.0"
"659","2007","19","Kerala","Kollam","2002.0","1818.0","1526.0","1165.0","2507.0","2389.0","6035.0","5372.0"
"659","2008","19","Kerala","Kollam","3880.0","2249.0","2633.0","1761.0","4877.0","2690.0","11390.0","6700.0"
"659","2009","19","Kerala","Kollam","3926.0","3176.0","2486.0","1760.0","4755.0","3196.0","11167.0","8132.0"
"659","2010","19","Kerala","Kollam","4063.0","3616.0","3613.0","2660.0","4258.0","3902.0","11934.0","10178.0"
"659","2011","19","Kerala","Kollam","4685.0","6920.0","2996.0","3991.0","5077.0","7069.0","12758.0","17980.0"
"659","2012","19","Kerala","Kollam","2953.0","6918.0","1967.0","3991.0","2784.0","7069.0","7704.0","17978.0"
"659","2013","19","Kerala","Kollam","4815.0","3001.0","2907.0","1740.0","7326.0","2005.0","15048.0","6746.0"
"659","2014","19","Kerala","Kollam","6169.0","2932.0","3089.0","1215.0","3441.0","1205.0","12699.0","5352.0"
"659","2015","19","Kerala","Kollam","3835.0","3987.0","1862.0","1188.0","2879.0","4546.0","8576.0","9721.0"
"659","2016","19","Kerala","Kollam","3368.0","2034.0","2367.0","1395.0","2761.0","1742.0","8496.0","5171.0"
"659","2017","19","Kerala","Kollam","3613.0","2894.0","2253.0","1306.0","2757.0","1459.0","8623.0","5659.0"
"660","1990","19","Kerala","Thrissur","3018.0","3354.0","1572.0","2013.0","4068.0","3349.0","8658.0","8716.0"
"660","1991","19","Kerala","Thrissur","3132.0","4097.0","1762.0","2164.0","4423.0","3462.0","9317.0","9723.0"
"660","1993","19","Kerala","Thrissur","2790.0","3282.0","1130.0","1498.0","2247.0","2527.0","6167.0","7307.0"
"660","1994","19","Kerala","Thrissur","2697.0","4187.0","1241.0","1935.0","2054.0","3753.0","5992.0","9875.0"
"660","1995","19","Kerala","Thrissur","2872.0","3125.0","1302.0","1350.0","2189.0","2518.0","6363.0","6993.0"
"660","1996","19","Kerala","Thrissur","2907.0","3715.0","1491.0","1639.0","2818.0","2696.0","7216.0","8050.0"
"660","1997","19","Kerala","Thrissur","2835.0","3980.0","1831.0","2274.0","2928.0","3605.0","7594.0","9859.0"
"660","1998","19","Kerala","Thrissur","-1.0","-1.0","-1.0","-1.0","-1.0","-1.0","-1.0","-1.0"
"660","1999","19","Kerala","Thrissur","-1.0","-1.0","-1.0","-1.0","-1.0","-1.0","-1.0","-1.0"
"660","2000","19","Kerala","Thrissur","3126.0","3630.0","1394.0","1406.0","2469.0","2546.0","6989.0","7582.0"
"660","2001","19","Kerala","Thrissur","3475.0","4206.0","1203.0","1588.0","2320.0","2712.0","6998.0","8506.0"
"660","2002","19","Kerala","Thrissur","3291.0","3988.0","1025.0","1671.0","2083.0","3381.0","6399.0","9040.0"
"660","2003","19","Kerala","Thrissur","3626.0","4716.0","1610.0","1863.0","1913.0","3012.0","7149.0","9591.0"
"660","2004","19","Kerala","Thrissur","5144.0","4854.0","2203.0","2255.0","2864.0","4250.0","10211.0","11359.0"
"660","2005","19","Kerala","Thrissur","5041.0","4953.0","2844.0","2232.0","2840.0","2991.0","10725.0","10176.0"
"660","2006","19","Kerala","Thrissur","4811.0","4655.0","2230.0","2227.0","2736.0","3654.0","9777.0","10536.0"
"660","2007","19","Kerala","Thrissur","4388.0","5056.0","2038.0","2033.0","3094.0","3638.0","9520.0","10727.0"
"660","2008","19","Kerala","Thrissur","4886.0","4904.0","1669.0","2270.0","3815.0","5040.0","10370.0","12214.0"
"660","2009","19","Kerala","Thrissur","6364.0","5238.0","2552.0","2224.0","4226.0","4615.0","13142.0","12077.0"
"660","2010","19","Kerala","Thrissur","4007.0","6936.0","2326.0","2739.0","3931.0","3187.0","10264.0","12862.0"
"660","2011","19","Kerala","Thrissur","5839.0","6781.0","2212.0","3364.0","1964.0","6420.0","10015.0","16565.0"
"660","2012","19","Kerala","Thrissur","3243.0","6415.0","1727.0","3364.0","1703.0","6120.0","6673.0","15899.0"
"660","2013","19","Kerala","Thrissur","6307.0","6115.0","2680.0","2003.0","5029.0","2998.0","14016.0","11116.0"
"660","2014","19","Kerala","Thrissur","5082.0","5078.0","1499.0","1960.0","1907.0","2222.0","8488.0","9260.0"
"660","2015","19","Kerala","Thrissur","4309.0","6861.0","1128.0","1751.0","2513.0","2988.0","7950.0","11600.0"
"660","2016","19","Kerala","Thrissur","2354.0","3643.0","1446.0","1567.0","2012.0","2820.0","5812.0","8030.0"
"660","2017","19","Kerala","Thrissur","5515.0","6997.0","1428.0","1629.0","2012.0","2520.0","8955.0","11146.0"
"661","1990","19","Kerala","Thiruvananthapuram","4572.0","2497.0","3083.0","1166.0","2736.0","1161.0","10391.0","4824.0"
"661","1991","19","Kerala","Thiruvananthapuram","2901.0","1779.0","2032.0","1199.0","2590.0","1276.0","7523.0","4254.0"
"661","1993","19","Kerala","Thiruvananthapuram","2003.0","1876.0","960.0","899.0","974.0","977.0","3937.0","3752.0"
"661","1994","19","Kerala","Thiruvananthapuram","2563.0","2473.0","1606.0","1287.0","1481.0","2400.0","5650.0","6160.0"
"661","1995","19","Kerala","Thiruvananthapuram","2950.0","2319.0","1630.0","1035.0","1687.0","1872.0","6267.0","5226.0"
"661","1996","19","Kerala","Thiruvananthapuram","2606.0","1532.0","1535.0","1052.0","1155.0","861.0","5296.0","3445.0"
"661","1997","19","Kerala","Thiruvananthapuram","2995.0","1492.0","1845.0","1026.0","2064.0","1855.0","6904.0","4373.0"
"661","1998","19","Kerala","Thiruvananthapuram","-1.0","-1.0","-1.0","-1.0","-1.0","-1.0","-1.0","-1.0"
"661","1999","19","Kerala","Thiruvananthapuram","-1.0","-1.0","-1.0","-1.0","-1.0","-1.0","-1.0","-1.0"
"661","2000","19","Kerala","Thiruvananthapuram","1876.0","1157.0","1152.0","746.0","1296.0","720.0","4324.0","2623.0"
"661","2001","19","Kerala","Thiruvananthapuram","1716.0","1259.0","1122.0","882.0","1420.0","858.0","4258.0","2999.0"
"661","2002","19","Kerala","Thiruvananthapuram","1636.0","2122.0","667.0","1202.0","850.0","1619.0","3153.0","4943.0"
"661","2003","19","Kerala","Thiruvananthapuram","1669.0","1891.0","1102.0","1223.0","1328.0","1389.0","4099.0","4503.0"
"661","2004","19","Kerala","Thiruvananthapuram","1865.0","1104.0","1260.0","795.0","1353.0","868.0","4478.0","2767.0"
"661","2005","19","Kerala","Thiruvananthapuram","1947.0","1967.0","1531.0","1251.0","1586.0","1414.0","5064.0","4632.0"
"661","2006","19","Kerala","Thiruvananthapuram","2595.0","1674.0","1566.0","1955.0","1769.0","1380.0","5930.0","5009.0"
"661","2007","19","Kerala","Thiruvananthapuram","1777.0","1663.0","1482.0","907.0","967.0","707.0","4226.0","3277.0"
"661","2008","19","Kerala","Thiruvananthapuram","1830.0","1364.0","1422.0","969.0","1268.0","1349.0","4520.0","3682.0"
"661","2009","19","Kerala","Thiruvananthapuram","1927.0","1860.0","1474.0","1175.0","1693.0","1401.0","5094.0","4436.0"
"661","2010","19","Kerala","Thiruvananthapuram","5596.0","1789.0","3867.0","1446.0","1405.0","827.0","10868.0","4062.0"
"661","2011","19","Kerala","Thiruvananthapuram","1996.0","3399.0","1081.0","2034.0","680.0","2255.0","3757.0","7688.0"
"661","2012","19","Kerala","Thiruvananthapuram","1585.0","3399.0","1447.0","2034.0","678.0","2255.0","3710.0","7688.0"
"661","2013","19","Kerala","Thiruvananthapuram","2492.0","1359.0","2064.0","1045.0","1332.0","324.0","5888.0","2728.0"
"661","2014","19","Kerala","Thiruvananthapuram","2646.0","1364.0","1390.0","1053.0","516.0","208.0","4552.0","2625.0"
"661","2015","19","Kerala","Thiruvananthapuram","1999.0","2096.0","1306.0","903.0","441.0","1972.0","3746.0","4971.0"
"661","2016","19","Kerala","Thiruvananthapuram","1288.0","1053.0","857.0","605.0","462.0","494.0","2607.0","2152.0"
"661","2017","19","Kerala","Thiruvananthapuram","3695.0","2805.0","849.0","590.0","464.0","345.0","5008.0","3740.0"
"701","1990","8","Orissa","Balasore","8285.0","7421.0","2357.0","3467.0","1114.0","2542.0","11756.0","13430.0"
"701","1991","8","Orissa","Balasore","7777.0","9367.0","2342.0","3510.0","1459.0","3261.0","11578.0","16138.0"
"701","1993","8","Orissa","Balasore","9806.0","12166.0","2519.0","3615.0","1777.0","1419.0","14102.0","17200.0"
"701","1994","8","Orissa","Balasore","11858.0","15349.0","3064.0","3964.0","2293.0","2636.0","17215.0","21949.0"
"701","1995","8","Orissa","Balasore","13738.0","13009.0","4086.0","3257.0","3293.0","1707.0","21117.0","17973.0"
"701","1996","8","Orissa","Balasore","15994.0","9982.0","5774.0","3407.0","3666.0","3084.0","25434.0","16473.0"
"701","1997","8","Orissa","Balasore","17689.0","9292.0","6265.0","3870.0","4091.0","2746.0","28045.0","15908.0"
"701","1998","8","Orissa","Balasore","-1.0","-1.0","-1.0","-1.0","-1.0","-1.0","-1.0","-1.0"
"701","1999","8","Orissa","Balasore","-1.0","-1.0","-1.0","-1.0","-1.0","-1.0","-1.0","-1.0"
"701","2000","8","Orissa","Balasore","20066.0","5904.0","9043.0","3140.0","5679.0","1476.0","34788.0","10520.0"
"701","2001","8","Orissa","Balasore","19739.0","6658.0","7837.0","2834.0","6238.0","2619.0","33814.0","12111.0"
"701","2002","8","Orissa","Balasore","16959.0","6692.0","6929.0","2876.0","3633.0","1809.0","27521.0","11377.0"
"701","2003","8","Orissa","Balasore","19685.0","7295.0","8250.0","3237.0","5667.0","2126.0","33602.0","12658.0"
"701","2004","8","Orissa","Balasore","21574.0","10117.0","8169.0","6997.0","6387.0","3253.0","36130.0","20367.0"
"701","2005","8","Orissa","Balasore","20886.0","11911.0","8650.0","6737.0","7247.0","3083.0","36783.0","21731.0"
"701","2006","8","Orissa","Balasore","21749.0","11436.0","9923.0","6393.0","3515.0","3833.0","35187.0","21662.0"
"701","2007","8","Orissa","Balasore","22554.0","12293.0","11005.0","10761.0","7296.0","3045.0","40855.0","26099.0"
"701","2008","8","Orissa","Balasore","23266.0","14545.0","13237.0","13182.0","8802.0","4598.0","45305.0","32325.0"
"701","2009","8","Orissa","Balasore","25653.0","12197.0","14807.0","9644.0","6600.0","5545.0","47060.0","27386.0"
"701","2010","8","Orissa","Balasore","26133.0","13400.0","15745.0","7735.0","9519.0","3860.0","51397.0","24995.0"
"701","2011","8","Orissa","Balasore","27877.0","11982.0","12269.0","6353.0","3418.0","4262.0","43564.0","22597.0"
"701","2012","8","Orissa","Balasore","21372.0","8578.0","7746.0","4422.0","3787.0","2256.0","32905.0","15256.0"
"701","2013","8","Orissa","Balasore","24774.0","6369.0","10610.0","4497.0","3813.0","1859.0","39197.0","12725.0"
"701","2014","8","Orissa","Balasore","27509.0","16774.0","12468.0","9472.0","6484.0","4366.0","46461.0","30612.0"
"701","2015","8","Orissa","Balasore","27226.0","7679.0","12855.0","4976.0","6828.0","2957.0","46909.0","15612.0"
"701","2016","8","Orissa","Balasore","26036.0","12866.0","11546.0","7815.0","5662.0","4156.0","43244.0","24837.0"
"701","2017","8","Orissa","Balasore","23146.0","8189.0","14033.0","4577.0","8257.0","2406.0","45436.0","15172.0"
"702","1990","8","Orissa","Bolangir","3722.0","1963.0","1275.0","760.0","694.0","430.0","5691.0","3153.0"
"702","1991","8","Orissa","Bolangir","3449.0","1749.0","1285.0","863.0","756.0","421.0","5490.0","3033.0"
"702","1993","8","Orissa","Bolangir","3378.0","2130.0","920.0","857.0","329.0","284.0","4627.0","3271.0"
"702","1994","8","Orissa","Bolangir","3123.0","1698.0","652.0","552.0","508.0","347.0","4283.0","2597.0"
"702","1995","8","Orissa","Bolangir","4117.0","2086.0","769.0","539.0","606.0","321.0","5492.0","2946.0"
"702","1996","8","Orissa","Bolangir","4596.0","2634.0","1453.0","453.0","702.0","852.0","6751.0","3939.0"
"702","1997","8","Orissa","Bolangir","7009.0","2440.0","2158.0","918.0","1059.0","727.0","10226.0","4085.0"
"702","1998","8","Orissa","Bolangir","-1.0","-1.0","-1.0","-1.0","-1.0","-1.0","-1.0","-1.0"
"702","1999","8","Orissa","Bolangir","-1.0","-1.0","-1.0","-1.0","-1.0","-1.0","-1.0","-1.0"
"702","2000","8","Orissa","Bolangir","7818.0","1841.0","3158.0","736.0","1679.0","435.0","12655.0","3012.0"
"702","2001","8","Orissa","Bolangir","10156.0","1749.0","2878.0","505.0","2123.0","553.0","15157.0","2807.0"
"702","2002","8","Orissa","Bolangir","6385.0","2002.0","2199.0","796.0","1286.0","326.0","9870.0","3124.0"
"702","2003","8","Orissa","Bolangir","7313.0","2114.0","2523.0","789.0","1506.0","372.0","11342.0","3275.0"
"702","2004","8","Orissa","Bolangir","8178.0","1546.0","3101.0","834.0","1450.0","487.0","12729.0","2867.0"
"702","2005","8","Orissa","Bolangir","8786.0","2221.0","3569.0","1379.0","2699.0","575.0","15054.0","4175.0"
"702","2006","8","Orissa","Bolangir","10169.0","2296.0","4250.0","1168.0","2417.0","701.0","16836.0","4165.0"
"702","2007","8","Orissa","Bolangir","10477.0","3230.0","5142.0","1719.0","2798.0","748.0","18417.0","5697.0"
"702","2008","8","Orissa","Bolangir","13044.0","3675.0","4941.0","1896.0","4595.0","901.0","22580.0","6472.0"
"702","2009","8","Orissa","Bolangir","13888.0","5109.0","6666.0","1939.0","4141.0","1053.0","24695.0","8101.0"
"702","2010","8","Orissa","Bolangir","12978.0","3672.0","7158.0","1974.0","4743.0","1447.0","24879.0","7093.0"
"702","2011","8","Orissa","Bolangir","13829.0","4759.0","5354.0","2378.0","3245.0","1590.0","22428.0","8727.0"
"702","2012","8","Orissa","Bolangir","13831.0","5480.0","5246.0","3080.0","2334.0","1578.0","21411.0","10138.0"
"702","2013","8","Orissa","Bolangir","17609.0","3852.0","4812.0","2074.0","3262.0","1124.0","25683.0","7050.0"
"702","2014","8","Orissa","Bolangir","18400.0","12948.0","7436.0","6729.0","3530.0","2145.0","29366.0","21822.0"
"702","2015","8","Orissa","Bolangir","15854.0","3758.0","5121.0","2842.0","2409.0","1281.0","23384.0","7881.0"
"702","2016","8","Orissa","Bolangir","15730.0","5435.0","8030.0","3897.0","4864.0","2341.0","28624.0","11673.0"
"702","2017","8","Orissa","Bolangir","17746.0","4548.0","6307.0","1666.0","3538.0","1120.0","27591.0","7334.0"
"703","1990","8","Orissa","Cuttack","10212.0","6032.0","1719.0","2116.0","1357.0","2235.0","13288.0","10383.0"
"703","1991","8","Orissa","Cuttack","9645.0","7095.0","2456.0","1835.0","1486.0","3163.0","13587.0","12093.0"
"703","1993","8","Orissa","Cuttack","14612.0","11197.0","1765.0","2221.0","2293.0","1234.0","18670.0","14652.0"
"703","1994","8","Orissa","Cuttack","15481.0","12710.0","1876.0","2404.0","1506.0","2606.0","18863.0","17720.0"
"703","1995","8","Orissa","Cuttack","14706.0","10716.0","1718.0","2219.0","2039.0","2258.0","18463.0","15193.0"
"703","1996","8","Orissa","Cuttack","15280.0","11733.0","3184.0","2257.0","2504.0","2752.0","20968.0","16742.0"
"703","1997","8","Orissa","Cuttack","18483.0","10160.0","2835.0","3521.0","3269.0","3426.0","24587.0","17107.0"
"703","1998","8","Orissa","Cuttack","-1.0","-1.0","-1.0","-1.0","-1.0","-1.0","-1.0","-1.0"
"703","1999","8","Orissa","Cuttack","-1.0","-1.0","-1.0","-1.0","-1.0","-1.0","-1.0","-1.0"
"703","2000","8","Orissa","Cuttack","19334.0","6421.0","4545.0","2625.0","3183.0","2045.0","27062.0","11091.0"
"703","2001","8","Orissa","Cuttack","17007.0","7359.0","3994.0","6702.0","3590.0","2543.0","24591.0","16604.0"
"703","2002","8","Orissa","Cuttack","17921.0","5979.0","3820.0","2481.0","2379.0","1643.0","24120.0","10103.0"
"703","2003","8","Orissa","Cuttack","15783.0","4970.0","4358.0","2195.0","3269.0","1706.0","23410.0","8871.0"
"703","2004","8","Orissa","Cuttack","16807.0","6893.0","4053.0","3074.0","3324.0","2496.0","24184.0","12463.0"
"703","2005","8","Orissa","Cuttack","17134.0","8123.0","4845.0","3846.0","3461.0","2750.0","25440.0","14719.0"
"703","2006","8","Orissa","Cuttack","19243.0","9530.0","5485.0","3685.0","2783.0","2701.0","27511.0","15916.0"
"703","2007","8","Orissa","Cuttack","19781.0","9678.0","6615.0","4412.0","4845.0","2875.0","31241.0","16965.0"
"703","2008","8","Orissa","Cuttack","25119.0","12935.0","13749.0","12410.0","7810.0","4523.0","46678.0","29868.0"
"703","2009","8","Orissa","Cuttack","22481.0","8458.0","10753.0","6893.0","5111.0","4809.0","38345.0","20160.0"
"703","2010","8","Orissa","Cuttack","19447.0","9417.0","9677.0","5406.0","6238.0","2792.0","35362.0","17615.0"
"703","2011","8","Orissa","Cuttack","21981.0","10131.0","8508.0","4127.0","2751.0","3052.0","33240.0","17310.0"
"703","2012","8","Orissa","Cuttack","19085.0","10571.0","7290.0","5120.0","3321.0","1997.0","29696.0","17688.0"
"703","2013","8","Orissa","Cuttack","23529.0","7105.0","6993.0","4177.0","3268.0","1840.0","33790.0","13122.0"
"703","2014","8","Orissa","Cuttack","17071.0","12564.0","6743.0","4346.0","3602.0","2412.0","27416.0","19322.0"
"703","2015","8","Orissa","Cuttack","26990.0","7985.0","8718.0","4914.0","4105.0","3310.0","39813.0","16209.0"
"703","2016","8","Orissa","Cuttack","25884.0","11226.0","8968.0","5366.0","4364.0","2747.0","39216.0","19339.0"
"703","2017","8","Orissa","Cuttack","26833.0","7577.0","10733.0","3937.0","6183.0","1928.0","43749.0","13442.0"
"704","1990","8","Orissa","Dhenkanal","3559.0","1710.0","781.0","766.0","516.0","513.0","4856.0","2989.0"
"704","1991","8","Orissa","Dhenkanal","3011.0","1681.0","836.0","659.0","540.0","554.0","4387.0","2894.0"
"704","1993","8","Orissa","Dhenkanal","3675.0","1513.0","769.0","517.0","365.0","268.0","4809.0","2298.0"
"704","1994","8","Orissa","Dhenkanal","4024.0","1303.0","694.0","440.0","443.0","301.0","5161.0","2044.0"
"704","1995","8","Orissa","Dhenkanal","3717.0","1703.0","763.0","523.0","553.0","343.0","5033.0","2569.0"
"704","1996","8","Orissa","Dhenkanal","3777.0","1457.0","1271.0","840.0","662.0","296.0","5710.0","2593.0"
"704","1997","8","Orissa","Dhenkanal","5446.0","1744.0","1546.0","679.0","818.0","483.0","7810.0","2906.0"
"704","1998","8","Orissa","Dhenkanal","-1.0","-1.0","-1.0","-1.0","-1.0","-1.0","-1.0","-1.0"
"704","1999","8","Orissa","Dhenkanal","-1.0","-1.0","-1.0","-1.0","-1.0","-1.0","-1.0","-1.0"
"704","2000","8","Orissa","Dhenkanal","6472.0","1140.0","2181.0","539.0","1088.0","251.0","9741.0","1930.0"
"704","2001","8","Orissa","Dhenkanal","6520.0","1186.0","2415.0","567.0","1314.0","456.0","10249.0","2209.0"
"704","2002","8","Orissa","Dhenkanal","5417.0","1211.0","1864.0","711.0","1048.0","230.0","8329.0","2152.0"
"704","2003","8","Orissa","Dhenkanal","6005.0","1669.0","2035.0","606.0","1384.0","334.0","9424.0","2609.0"
"704","2004","8","Orissa","Dhenkanal","6701.0","1629.0","2190.0","798.0","1048.0","469.0","9939.0","2896.0"
"704","2005","8","Orissa","Dhenkanal","6250.0","1879.0","2296.0","1005.0","1237.0","612.0","9783.0","3496.0"
"704","2006","8","Orissa","Dhenkanal","6709.0","1940.0","2388.0","844.0","850.0","512.0","9947.0","3296.0"
"704","2007","8","Orissa","Dhenkanal","7208.0","2283.0","2864.0","1155.0","1579.0","478.0","11651.0","3916.0"
"704","2008","8","Orissa","Dhenkanal","7580.0","2456.0","2644.0","1729.0","1747.0","797.0","11971.0","4982.0"
"704","2009","8","Orissa","Dhenkanal","8293.0","2469.0","3522.0","1588.0","1792.0","823.0","13607.0","4880.0"
"704","2010","8","Orissa","Dhenkanal","6329.0","2208.0","3401.0","1232.0","1691.0","556.0","11421.0","3996.0"
"704","2011","8","Orissa","Dhenkanal","6444.0","2151.0","2321.0","1488.0","796.0","948.0","9561.0","4587.0"
"704","2012","8","Orissa","Dhenkanal","5146.0","2747.0","2008.0","1498.0","851.0","331.0","8005.0","4576.0"
"704","2013","8","Orissa","Dhenkanal","6223.0","1901.0","2711.0","1276.0","1021.0","423.0","9955.0","3600.0"
"704","2014","8","Orissa","Dhenkanal","6179.0","3146.0","2920.0","1662.0","1176.0","560.0","10275.0","5368.0"
"704","2015","8","Orissa","Dhenkanal","6803.0","1999.0","2896.0","1851.0","1140.0","866.0","10839.0","4716.0"
"704","2016","8","Orissa","Dhenkanal","7429.0","1386.0","3102.0","1094.0","1359.0","369.0","11890.0","2849.0"
"704","2017","8","Orissa","Dhenkanal","6319.0","1456.0","2740.0","822.0","1250.0","402.0","10309.0","2680.0"
"705","1990","8","Orissa","Ganjam","19844.0","4234.0","3245.0","1321.0","1539.0","438.0","24628.0","5993.0"
"705","1991","8","Orissa","Ganjam","14840.0","5645.0","3376.0","679.0","1225.0","533.0","19441.0","6857.0"
"705","1993","8","Orissa","Ganjam","21620.0","5497.0","1495.0","416.0","979.0","233.0","24094.0","6146.0"
"705","1994","8","Orissa","Ganjam","15264.0","6479.0","1460.0","351.0","1017.0","232.0","17741.0","7062.0"
"705","1995","8","Orissa","Ganjam","15889.0","7631.0","1285.0","336.0","1553.0","108.0","18727.0","8075.0"
"705","1996","8","Orissa","Ganjam","20810.0","6783.0","2427.0","243.0","1216.0","414.0","24453.0","7440.0"
"705","1997","8","Orissa","Ganjam","22664.0","3920.0","2250.0","412.0","1619.0","509.0","26533.0","4841.0"
"705","1998","8","Orissa","Ganjam","-1.0","-1.0","-1.0","-1.0","-1.0","-1.0","-1.0","-1.0"
"705","1999","8","Orissa","Ganjam","-1.0","-1.0","-1.0","-1.0","-1.0","-1.0","-1.0","-1.0"
"705","2000","8","Orissa","Ganjam","24185.0","4166.0","3806.0","461.0","1995.0","334.0","29986.0","4961.0"
"705","2001","8","Orissa","Ganjam","24948.0","3103.0","3710.0","524.0","2558.0","652.0","31216.0","4279.0"
"705","2002","8","Orissa","Ganjam","20590.0","3584.0","3910.0","841.0","3152.0","1430.0","27652.0","5855.0"
"705","2003","8","Orissa","Ganjam","23214.0","4507.0","3849.0","1190.0","3366.0","1117.0","30429.0","6814.0"
"705","2004","8","Orissa","Ganjam","20313.0","6737.0","3647.0","960.0","3099.0","1255.0","27059.0","8952.0"
"705","2005","8","Orissa","Ganjam","22220.0","6348.0","3988.0","1308.0","3550.0","1064.0","29758.0","8720.0"
"705","2006","8","Orissa","Ganjam","21868.0","4948.0","4733.0","1249.0","3395.0","1178.0","29996.0","7375.0"
"705","2007","8","Orissa","Ganjam","24657.0","4758.0","5124.0","784.0","3333.0","816.0","33114.0","6358.0"
"705","2008","8","Orissa","Ganjam","24689.0","5532.0","6554.0","2290.0","4359.0","1899.0","35602.0","9721.0"
"705","2009","8","Orissa","Ganjam","24350.0","6874.0","6690.0","2032.0","3016.0","1732.0","34056.0","10638.0"
"705","2010","8","Orissa","Ganjam","25495.0","8630.0","7477.0","2314.0","4941.0","1227.0","37913.0","12171.0"
"705","2011","8","Orissa","Ganjam","25895.0","3950.0","6241.0","1391.0","267.0","870.0","32403.0","6211.0"
"705","2012","8","Orissa","Ganjam","28057.0","9682.0","5590.0","3588.0","1823.0","492.0","35470.0","13762.0"
"705","2013","8","Orissa","Ganjam","29881.0","3088.0","4561.0","2641.0","2584.0","396.0","37026.0","6125.0"
"705","2014","8","Orissa","Ganjam","19674.0","8278.0","4385.0","1202.0","2236.0","631.0","26295.0","10111.0"
"705","2015","8","Orissa","Ganjam","27544.0","5890.0","5926.0","2474.0","1807.0","1306.0","35277.0","9670.0"
"705","2016","8","Orissa","Ganjam","22691.0","6953.0","3710.0","1353.0","2363.0","946.0","28764.0","9252.0"
"705","2017","8","Orissa","Ganjam","24713.0","4990.0","5739.0","1643.0","2963.0","1106.0","33415.0","7739.0"
"706","1990","8","Orissa","Kalahandi","2611.0","737.0","1245.0","339.0","721.0","252.0","4577.0","1328.0"
"706","1991","8","Orissa","Kalahandi","2960.0","1161.0","1531.0","280.0","899.0","298.0","5390.0","1739.0"
"706","1993","8","Orissa","Kalahandi","3159.0","1067.0","1280.0","411.0","488.0","198.0","4927.0","1676.0"
"706","1994","8","Orissa","Kalahandi","4178.0","814.0","1310.0","407.0","626.0","178.0","6114.0","1399.0"
"706","1995","8","Orissa","Kalahandi","4667.0","699.0","1790.0","439.0","662.0","273.0","7119.0","1411.0"
"706","1996","8","Orissa","Kalahandi","5369.0","934.0","2326.0","80.0","667.0","60.0","8362.0","1074.0"
"706","1997","8","Orissa","Kalahandi","6290.0","1155.0","2414.0","555.0","905.0","244.0","9609.0","1954.0"
"706","1998","8","Orissa","Kalahandi","-1.0","-1.0","-1.0","-1.0","-1.0","-1.0","-1.0","-1.0"
"706","1999","8","Orissa","Kalahandi","-1.0","-1.0","-1.0","-1.0","-1.0","-1.0","-1.0","-1.0"
"706","2000","8","Orissa","Kalahandi","11470.0","3213.0","5273.0","1559.0","2167.0","530.0","18910.0","5302.0"
"706","2001","8","Orissa","Kalahandi","12825.0","3977.0","5667.0","2241.0","2742.0","572.0","21234.0","6790.0"
"706","2002","8","Orissa","Kalahandi","8094.0","2352.0","3723.0","930.0","1905.0","1698.0","13722.0","4980.0"
"706","2003","8","Orissa","Kalahandi","10876.0","4520.0","4018.0","1468.0","2028.0","1109.0","16922.0","7097.0"
"706","2004","8","Orissa","Kalahandi","12500.0","5093.0","5297.0","1833.0","3224.0","1149.0","21021.0","8075.0"
"706","2005","8","Orissa","Kalahandi","14400.0","5626.0","5629.0","2781.0","2921.0","1035.0","22950.0","9442.0"
"706","2006","8","Orissa","Kalahandi","17193.0","6384.0","6720.0","2517.0","3215.0","1398.0","27128.0","10299.0"
"706","2007","8","Orissa","Kalahandi","18393.0","6875.0","7964.0","3375.0","3072.0","1262.0","29429.0","11512.0"
"706","2008","8","Orissa","Kalahandi","19326.0","7274.0","8429.0","3795.0","6147.0","2093.0","33902.0","13162.0"
"706","2009","8","Orissa","Kalahandi","17099.0","5279.0","10462.0","2708.0","5390.0","1513.0","32951.0","9500.0"
"706","2010","8","Orissa","Kalahandi","20278.0","6472.0","12430.0","4244.0","5955.0","1879.0","38663.0","12595.0"
"706","2011","8","Orissa","Kalahandi","21237.0","4697.0","7591.0","1828.0","2577.0","2230.0","31405.0","8755.0"
"706","2012","8","Orissa","Kalahandi","20493.0","7037.0","9185.0","4591.0","2425.0","1716.0","32103.0","13344.0"
"706","2013","8","Orissa","Kalahandi","22282.0","5864.0","7738.0","3178.0","3350.0","1193.0","33370.0","10235.0"
"706","2014","8","Orissa","Kalahandi","18732.0","9096.0","8530.0","3604.0","4041.0","1276.0","31303.0","13976.0"
"706","2015","8","Orissa","Kalahandi","21790.0","5725.0","7810.0","3946.0","2412.0","1635.0","32012.0","11306.0"
"706","2016","8","Orissa","Kalahandi","18350.0","6318.0","6056.0","3500.0","2811.0","1458.0","27217.0","11276.0"
"706","2017","8","Orissa","Kalahandi","22722.0","3408.0","9176.0","1982.0","4070.0","1333.0","35968.0","6723.0"
"707","1990","8","Orissa","Keonjhar","1789.0","301.0","918.0","262.0","228.0","138.0","2935.0","701.0"
"707","1991","8","Orissa","Keonjhar","1503.0","501.0","951.0","261.0","324.0","140.0","2778.0","902.0"
"707","1993","8","Orissa","Keonjhar","2102.0","776.0","662.0","300.0","226.0","93.0","2990.0","1169.0"
"707","1994","8","Orissa","Keonjhar","1653.0","700.0","304.0","285.0","142.0","94.0","2099.0","1079.0"
"707","1995","8","Orissa","Keonjhar","2619.0","738.0","440.0","366.0","255.0","183.0","3314.0","1287.0"
"707","1996","8","Orissa","Keonjhar","2768.0","672.0","912.0","106.0","318.0","17.0","3998.0","795.0"
"707","1997","8","Orissa","Keonjhar","4326.0","754.0","1579.0","389.0","503.0","239.0","6408.0","1382.0"
"707","1998","8","Orissa","Keonjhar","0.0","0.0","0.0","0.0","0.0","0.0","0.0","0.0"
"707","1999","8","Orissa","Keonjhar","0.0","0.0","0.0","0.0","0.0","0.0","0.0","0.0"
"707","2000","8","Orissa","Keonjhar","4473.0","689.0","2299.0","581.0","468.0","155.0","7240.0","1425.0"
"707","2001","8","Orissa","Keonjhar","6392.0","862.0","2477.0","489.0","662.0","226.0","9531.0","1577.0"
"707","2002","8","Orissa","Keonjhar","5163.0","907.0","2021.0","672.0","566.0","235.0","7750.0","1814.0"
"707","2003","8","Orissa","Keonjhar","6662.0","523.0","1989.0","349.0","616.0","168.0","9267.0","1040.0"
"707","2004","8","Orissa","Keonjhar","6101.0","848.0","2666.0","951.0","662.0","258.0","9429.0","2057.0"
"707","2005","8","Orissa","Keonjhar","5202.0","950.0","2894.0","889.0","1256.0","223.0","9352.0","2062.0"
"707","2006","8","Orissa","Keonjhar","5444.0","1097.0","3458.0","829.0","662.0","315.0","9564.0","2241.0"
"707","2007","8","Orissa","Keonjhar","6902.0","1051.0","3916.0","620.0","903.0","176.0","11721.0","1847.0"
"707","2008","8","Orissa","Keonjhar","5461.0","1023.0","2733.0","773.0","839.0","269.0","9033.0","2065.0"
"707","2009","8","Orissa","Keonjhar","6195.0","1091.0","3453.0","1053.0","789.0","416.0","10437.0","2560.0"
"707","2010","8","Orissa","Keonjhar","5259.0","1091.0","3298.0","637.0","1075.0","299.0","9632.0","2027.0"
"707","2011","8","Orissa","Keonjhar","5340.0","1314.0","2789.0","977.0","258.0","531.0","8387.0","2822.0"
"707","2012","8","Orissa","Keonjhar","4762.0","2203.0","2149.0","697.0","543.0","349.0","7454.0","3249.0"
"707","2013","8","Orissa","Keonjhar","7147.0","883.0","3242.0","955.0","670.0","249.0","11059.0","2087.0"
"707","2014","8","Orissa","Keonjhar","6999.0","1479.0","3690.0","1081.0","1079.0","358.0","11768.0","2918.0"
"707","2015","8","Orissa","Keonjhar","7947.0","1220.0","4454.0","1423.0","1286.0","466.0","13687.0","3109.0"
"707","2016","8","Orissa","Keonjhar","6741.0","953.0","2085.0","1223.0","913.0","151.0","9739.0","2327.0"
"707","2017","8","Orissa","Keonjhar","8026.0","1159.0","3126.0","575.0","1263.0","462.0","12415.0","2196.0"
"708","1990","8","Orissa","Koraput","6947.0","1495.0","1700.0","332.0","1233.0","225.0","9880.0","2052.0"
"708","1991","8","Orissa","Koraput","6554.0","1066.0","1888.0","281.0","1299.0","347.0","9741.0","1694.0"
"708","1993","8","Orissa","Koraput","7063.0","1379.0","1449.0","456.0","1000.0","206.0","9512.0","2041.0"
"708","1994","8","Orissa","Koraput","7346.0","1120.0","1288.0","303.0","1106.0","271.0","9740.0","1694.0"
"708","1995","8","Orissa","Koraput","9431.0","2038.0","1567.0","492.0","1402.0","477.0","12400.0","3007.0"
"708","1996","8","Orissa","Koraput","10516.0","1590.0","2165.0","254.0","1737.0","413.0","14418.0","2257.0"
"708","1997","8","Orissa","Koraput","12786.0","1651.0","2642.0","707.0","2142.0","458.0","17570.0","2816.0"
"708","1998","8","Orissa","Koraput","-1.0","-1.0","-1.0","-1.0","-1.0","-1.0","-1.0","-1.0"
"708","1999","8","Orissa","Koraput","-1.0","-1.0","-1.0","-1.0","-1.0","-1.0","-1.0","-1.0"
"708","2000","8","Orissa","Koraput","15902.0","1576.0","4253.0","858.0","3534.0","552.0","23689.0","2986.0"
"708","2001","8","Orissa","Koraput","13987.0","2549.0","3675.0","734.0","3790.0","907.0","21452.0","4190.0"
"708","2002","8","Orissa","Koraput","12788.0","2054.0","3906.0","875.0","3279.0","790.0","19973.0","3719.0"
"708","2003","8","Orissa","Koraput","16376.0","2975.0","3648.0","1108.0","4210.0","1314.0","24234.0","5397.0"
"708","2004","8","Orissa","Koraput","18274.0","2572.0","5123.0","1276.0","4023.0","1472.0","27420.0","5320.0"
"708","2005","8","Orissa","Koraput","18787.0","3399.0","6335.0","1367.0","5980.0","1176.0","31102.0","5942.0"
"708","2006","8","Orissa","Koraput","22457.0","5180.0","7161.0","1528.0","5624.0","1290.0","35242.0","7998.0"
"708","2007","8","Orissa","Koraput","24202.0","6422.0","7843.0","2141.0","7313.0","1454.0","39358.0","10017.0"
"708","2008","8","Orissa","Koraput","27357.0","7997.0","8553.0","2567.0","8516.0","1881.0","44426.0","12445.0"
"708","2009","8","Orissa","Koraput","32343.0","6605.0","11807.0","2395.0","7902.0","1247.0","52052.0","10247.0"
"708","2010","8","Orissa","Koraput","32293.0","7749.0","14245.0","2933.0","11907.0","2942.0","58445.0","13624.0"
"708","2011","8","Orissa","Koraput","37553.0","12699.0","15116.0","5268.0","2921.0","5695.0","55590.0","23662.0"
"708","2012","8","Orissa","Koraput","37535.0","13279.0","12291.0","5525.0","6387.0","1765.0","56213.0","20569.0"
"708","2013","8","Orissa","Koraput","45337.0","5418.0","13815.0","3332.0","10284.0","1351.0","69436.0","10101.0"
"708","2014","8","Orissa","Koraput","41691.0","4658.0","13026.0","3267.0","8894.0","1349.0","63611.0","9274.0"
"708","2015","8","Orissa","Koraput","39432.0","10514.0","12532.0","4675.0","5338.0","1344.0","57302.0","16533.0"
"708","2016","8","Orissa","Koraput","37806.0","8883.0","12393.0","5007.0","7329.0","1935.0","57528.0","15825.0"
"708","2017","8","Orissa","Koraput","47037.0","6143.0","14350.0","3765.0","7247.0","2338.0","68634.0","12246.0"
"709","1990","8","Orissa","Mayurbhanja","3151.0","1092.0","1222.0","665.0","410.0","571.0","4783.0","2328.0"
"709","1991","8","Orissa","Mayurbhanja","3098.0","1781.0","1233.0","758.0","446.0","585.0","4777.0","3124.0"
"709","1993","8","Orissa","Mayurbhanja","3471.0","2123.0","763.0","749.0","265.0","272.0","4499.0","3144.0"
"709","1994","8","Orissa","Mayurbhanja","3251.0","2157.0","669.0","722.0","412.0","349.0","4332.0","3228.0"
"709","1995","8","Orissa","Mayurbhanja","3423.0","2180.0","691.0","600.0","565.0","274.0","4679.0","3054.0"
"709","1996","8","Orissa","Mayurbhanja","5180.0","1849.0","1296.0","414.0","650.0","395.0","7126.0","2658.0"
"709","1997","8","Orissa","Mayurbhanja","5527.0","1549.0","1921.0","877.0","1009.0","680.0","8457.0","3106.0"
"709","1998","8","Orissa","Mayurbhanja","-1.0","-1.0","-1.0","-1.0","-1.0","-1.0","-1.0","-1.0"
"709","1999","8","Orissa","Mayurbhanja","-1.0","-1.0","-1.0","-1.0","-1.0","-1.0","-1.0","-1.0"
"709","2000","8","Orissa","Mayurbhanja","7197.0","1253.0","2490.0","901.0","1069.0","285.0","10756.0","2439.0"
"709","2001","8","Orissa","Mayurbhanja","7845.0","1494.0","2373.0","503.0","1332.0","788.0","11550.0","2785.0"
"709","2002","8","Orissa","Mayurbhanja","5935.0","1665.0","2191.0","1035.0","449.0","700.0","8575.0","3400.0"
"709","2003","8","Orissa","Mayurbhanja","7296.0","1529.0","2070.0","742.0","1153.0","380.0","10519.0","2651.0"
"709","2004","8","Orissa","Mayurbhanja","8036.0","2117.0","2428.0","1380.0","1517.0","779.0","11981.0","4276.0"
"709","2005","8","Orissa","Mayurbhanja","7126.0","2725.0","2748.0","1718.0","1568.0","431.0","11442.0","4874.0"
"709","2006","8","Orissa","Mayurbhanja","8864.0","2571.0","3370.0","1173.0","1087.0","781.0","13321.0","4525.0"
"709","2007","8","Orissa","Mayurbhanja","9407.0","2582.0","3887.0","1645.0","1691.0","750.0","14985.0","4977.0"
"709","2008","8","Orissa","Mayurbhanja","8825.0","2916.0","4462.0","2180.0","2496.0","965.0","15783.0","6061.0"
"709","2009","8","Orissa","Mayurbhanja","9097.0","2956.0","5226.0","2424.0","1413.0","1256.0","15736.0","6636.0"
"709","2010","8","Orissa","Mayurbhanja","7211.0","3533.0","4973.0","2199.0","2085.0","890.0","14269.0","6622.0"
"709","2011","8","Orissa","Mayurbhanja","9640.0","3829.0","4344.0","2550.0","992.0","1249.0","14976.0","7628.0"
"709","2012","8","Orissa","Mayurbhanja","8335.0","923.0","2626.0","495.0","1113.0","162.0","12074.0","1580.0"
"709","2013","8","Orissa","Mayurbhanja","12347.0","1880.0","3567.0","1707.0","1320.0","428.0","17234.0","4015.0"
"709","2014","8","Orissa","Mayurbhanja","9901.0","4063.0","4155.0","1954.0","1839.0","474.0","15895.0","6491.0"
"709","2015","8","Orissa","Mayurbhanja","11508.0","3187.0","4558.0","2401.0","1814.0","873.0","17880.0","6461.0"
"709","2016","8","Orissa","Mayurbhanja","12914.0","2097.0","3276.0","1723.0","1536.0","458.0","17726.0","4278.0"
"709","2017","8","Orissa","Mayurbhanja","12204.0","1030.0","4573.0","293.0","2304.0","102.0","19081.0","1425.0"
"710","1990","8","Orissa","Phulbani ( Kandhamal )","1167.0","518.0","292.0","120.0","259.0","108.0","1718.0","746.0"
"710","1991","8","Orissa","Phulbani ( Kandhamal )","865.0","433.0","280.0","78.0","265.0","88.0","1410.0","599.0"
"710","1993","8","Orissa","Phulbani ( Kandhamal )","1139.0","575.0","233.0","158.0","161.0","49.0","1533.0","782.0"
"710","1994","8","Orissa","Phulbani ( Kandhamal )","959.0","463.0","121.0","136.0","125.0","82.0","1205.0","681.0"
"710","1995","8","Orissa","Phulbani ( Kandhamal )","1691.0","549.0","414.0","67.0","240.0","82.0","2345.0","698.0"
"710","1996","8","Orissa","Phulbani ( Kandhamal )","1322.0","520.0","361.0","35.0","280.0","30.0","1963.0","585.0"
"710","1997","8","Orissa","Phulbani ( Kandhamal )","1448.0","340.0","448.0","116.0","328.0","95.0","2224.0","551.0"
"710","1998","8","Orissa","Phulbani ( Kandhamal )","-1.0","-1.0","-1.0","-1.0","-1.0","-1.0","-1.0","-1.0"
"710","1999","8","Orissa","Phulbani ( Kandhamal )","-1.0","-1.0","-1.0","-1.0","-1.0","-1.0","-1.0","-1.0"
"710","2000","8","Orissa","Phulbani ( Kandhamal )","2081.0","104.0","555.0","37.0","326.0","49.0","2962.0","190.0"
"710","2001","8","Orissa","Phulbani ( Kandhamal )","2071.0","180.0","569.0","26.0","454.0","65.0","3094.0","271.0"
"710","2002","8","Orissa","Phulbani ( Kandhamal )","2222.0","254.0","645.0","166.0","457.0","32.0","3324.0","452.0"
"710","2003","8","Orissa","Phulbani ( Kandhamal )","3018.0","426.0","785.0","137.0","539.0","54.0","4342.0","617.0"
"710","2004","8","Orissa","Phulbani ( Kandhamal )","2271.0","347.0","754.0","140.0","404.0","59.0","3429.0","546.0"
"710","2005","8","Orissa","Phulbani ( Kandhamal )","2561.0","496.0","995.0","211.0","570.0","161.0","4126.0","868.0"
"710","2006","8","Orissa","Phulbani ( Kandhamal )","3124.0","1008.0","1089.0","587.0","388.0","486.0","4601.0","2081.0"
"710","2007","8","Orissa","Phulbani ( Kandhamal )","3602.0","955.0","1213.0","343.0","612.0","122.0","5427.0","1420.0"
"710","2008","8","Orissa","Phulbani ( Kandhamal )","4437.0","922.0","1548.0","438.0","1048.0","186.0","7033.0","1546.0"
"710","2009","8","Orissa","Phulbani ( Kandhamal )","4278.0","971.0","1995.0","271.0","995.0","285.0","7268.0","1527.0"
"710","2010","8","Orissa","Phulbani ( Kandhamal )","4003.0","942.0","1722.0","355.0","951.0","145.0","6676.0","1442.0"
"710","2011","8","Orissa","Phulbani ( Kandhamal )","3361.0","1252.0","1399.0","779.0","455.0","387.0","5215.0","2418.0"
"710","2012","8","Orissa","Phulbani ( Kandhamal )","3255.0","2148.0","1242.0","1083.0","430.0","379.0","4927.0","3610.0"
"710","2013","8","Orissa","Phulbani ( Kandhamal )","4595.0","794.0","1390.0","570.0","713.0","145.0","6698.0","1509.0"
"710","2014","8","Orissa","Phulbani ( Kandhamal )","4001.0","937.0","1728.0","412.0","618.0","203.0","6347.0","1552.0"
"710","2015","8","Orissa","Phulbani ( Kandhamal )","4759.0","634.0","1973.0","363.0","536.0","197.0","7268.0","1194.0"
"710","2016","8","Orissa","Phulbani ( Kandhamal )","4802.0","997.0","1988.0","705.0","638.0","393.0","7428.0","2095.0"
"710","2017","8","Orissa","Phulbani ( Kandhamal )","3845.0","1075.0","1457.0","234.0","727.0","148.0","6029.0","1457.0"
"711","1990","8","Orissa","Puri","7811.0","3998.0","936.0","864.0","1126.0","1134.0","9873.0","5996.0"
"711","1991","8","Orissa","Puri","7323.0","6947.0","919.0","1307.0","1025.0","2525.0","9267.0","10779.0"
"711","1993","8","Orissa","Puri","9651.0","6496.0","625.0","1066.0","1156.0","951.0","11432.0","8513.0"
"711","1994","8","Orissa","Puri","9269.0","10045.0","831.0","1401.0","997.0","2033.0","11097.0","13479.0"
"711","1995","8","Orissa","Puri","11885.0","10805.0","662.0","1257.0","1254.0","2153.0","13801.0","14215.0"
"711","1996","8","Orissa","Puri","11554.0","10198.0","997.0","1249.0","1478.0","1994.0","14029.0","13441.0"
"711","1997","8","Orissa","Puri","12839.0","5861.0","1190.0","1332.0","1821.0","1573.0","15850.0","8766.0"
"711","1998","8","Orissa","Puri","-1.0","-1.0","-1.0","-1.0","-1.0","-1.0","-1.0","-1.0"
"711","1999","8","Orissa","Puri","-1.0","-1.0","-1.0","-1.0","-1.0","-1.0","-1.0","-1.0"
"711","2000","8","Orissa","Puri","12387.0","3919.0","2140.0","994.0","2796.0","936.0","17323.0","5849.0"
"711","2001","8","Orissa","Puri","12730.0","6342.0","1379.0","1899.0","2251.0","2526.0","16360.0","10767.0"
"711","2002","8","Orissa","Puri","11351.0","3615.0","1294.0","1010.0","1732.0","994.0","14377.0","5619.0"
"711","2003","8","Orissa","Puri","9918.0","7390.0","900.0","2219.0","1865.0","2219.0","12683.0","11828.0"
"711","2004","8","Orissa","Puri","11148.0","6935.0","1126.0","2132.0","2272.0","2801.0","14546.0","11868.0"
"711","2005","8","Orissa","Puri","12510.0","9838.0","1535.0","3438.0","2461.0","3338.0","16506.0","16614.0"
"711","2006","8","Orissa","Puri","12684.0","10851.0","1661.0","2200.0","2003.0","2883.0","16348.0","15934.0"
"711","2007","8","Orissa","Puri","11873.0","9980.0","2238.0","2492.0","2895.0","2079.0","17006.0","14551.0"
"711","2008","8","Orissa","Puri","13634.0","9231.0","4358.0","4894.0","3869.0","4071.0","21861.0","18196.0"
"711","2009","8","Orissa","Puri","14030.0","7930.0","4474.0","5220.0","2663.0","3512.0","21167.0","16662.0"
"711","2010","8","Orissa","Puri","12373.0","7568.0","5476.0","3592.0","4957.0","2200.0","22806.0","13360.0"
"711","2011","8","Orissa","Puri","16214.0","7499.0","4953.0","3040.0","1857.0","3131.0","23024.0","13670.0"
"711","2012","8","Orissa","Puri","13613.0","7950.0","4342.0","3532.0","2509.0","1984.0","20464.0","13466.0"
"711","2013","8","Orissa","Puri","14514.0","5825.0","3016.0","3319.0","2528.0","1687.0","20058.0","10831.0"
"711","2014","8","Orissa","Puri","10609.0","8450.0","2894.0","2783.0","1447.0","2140.0","14950.0","13373.0"
"711","2015","8","Orissa","Puri","14470.0","5900.0","3218.0","3300.0","1655.0","2792.0","19343.0","11992.0"
"711","2016","8","Orissa","Puri","14624.0","5673.0","3726.0","3417.0","3185.0","1444.0","21535.0","10534.0"
"711","2017","8","Orissa","Puri","15585.0","7379.0","5026.0","4028.0","4433.0","2292.0","25044.0","13699.0"
"712","1990","8","Orissa","Sambalpur","14932.0","11243.0","6344.0","6720.0","2878.0","3266.0","24154.0","21229.0"
"712","1991","8","Orissa","Sambalpur","13597.0","11671.0","5783.0","6851.0","2295.0","3380.0","21675.0","21902.0"
"712","1993","8","Orissa","Sambalpur","14254.0","12730.0","5000.0","4855.0","1988.0","2047.0","21242.0","19632.0"
"712","1994","8","Orissa","Sambalpur","17034.0","12849.0","5000.0","4141.0","2978.0","3060.0","25012.0","20050.0"
"712","1995","8","Orissa","Sambalpur","15597.0","17998.0","4206.0","5274.0","2853.0","3496.0","22656.0","26768.0"
"712","1996","8","Orissa","Sambalpur","18035.0","11722.0","7273.0","3240.0","2785.0","1671.0","28093.0","16633.0"
"712","1997","8","Orissa","Sambalpur","25498.0","12525.0","9335.0","5584.0","5719.0","4106.0","40552.0","22215.0"
"712","1998","8","Orissa","Sambalpur","-1.0","-1.0","-1.0","-1.0","-1.0","-1.0","-1.0","-1.0"
"712","1999","8","Orissa","Sambalpur","-1.0","-1.0","-1.0","-1.0","-1.0","-1.0","-1.0","-1.0"
"712","2000","8","Orissa","Sambalpur","27060.0","14244.0","12080.0","5008.0","6136.0","2635.0","45276.0","21887.0"
"712","2001","8","Orissa","Sambalpur","29871.0","16021.0","10729.0","5065.0","6687.0","4853.0","47287.0","25939.0"
"712","2002","8","Orissa","Sambalpur","23928.0","14646.0","10433.0","5688.0","6627.0","4884.0","40988.0","25218.0"
"712","2003","8","Orissa","Sambalpur","25316.0","16606.0","9234.0","6740.0","7434.0","4603.0","41984.0","27949.0"
"712","2004","8","Orissa","Sambalpur","28034.0","14594.0","9436.0","7205.0","6477.0","4423.0","43947.0","26222.0"
"712","2005","8","Orissa","Sambalpur","30558.0","18299.0","11184.0","9198.0","7408.0","4788.0","49150.0","32285.0"
"712","2006","8","Orissa","Sambalpur","31229.0","13088.0","12061.0","5608.0","5546.0","5098.0","48836.0","23794.0"
"712","2007","8","Orissa","Sambalpur","30509.0","15859.0","15711.0","10160.0","7515.0","4230.0","53735.0","30249.0"
"712","2008","8","Orissa","Sambalpur","32162.0","17247.0","15649.0","10519.0","9838.0","5669.0","57649.0","33435.0"
"712","2009","8","Orissa","Sambalpur","28712.0","16764.0","17637.0","9901.0","8010.0","6775.0","54359.0","33440.0"
"712","2010","8","Orissa","Sambalpur","30532.0","19487.0","21143.0","9772.0","9571.0","5563.0","61246.0","34822.0"
"712","2011","8","Orissa","Sambalpur","37439.0","23605.0","20414.0","9894.0","5197.0","6490.0","63050.0","39989.0"
"712","2012","8","Orissa","Sambalpur","37894.0","22594.0","17233.0","9994.0","7372.0","3982.0","62499.0","36570.0"
"712","2013","8","Orissa","Sambalpur","36579.0","16302.0","14995.0","8577.0","8335.0","3369.0","59909.0","28248.0"
"712","2014","8","Orissa","Sambalpur","29647.0","13714.0","12858.0","5109.0","5013.0","2117.0","47518.0","20940.0"
"712","2015","8","Orissa","Sambalpur","42088.0","16982.0","17133.0","9300.0","6112.0","4842.0","65333.0","31124.0"
"712","2016","8","Orissa","Sambalpur","28827.0","6139.0","14948.0","4092.0","6037.0","1962.0","49812.0","12193.0"
"712","2017","8","Orissa","Sambalpur","36849.0","21660.0","17243.0","9747.0","8642.0","5216.0","62734.0","36623.0"
"713","1990","8","Orissa","Sundargarh","1387.0","498.0","955.0","327.0","707.0","331.0","3049.0","1156.0"
"713","1991","8","Orissa","Sundargarh","1755.0","735.0","913.0","350.0","642.0","343.0","3310.0","1428.0"
"713","1993","8","Orissa","Sundargarh","1929.0","1083.0","658.0","404.0","332.0","334.0","2919.0","1821.0"
"713","1994","8","Orissa","Sundargarh","1439.0","1205.0","411.0","486.0","320.0","275.0","2170.0","1966.0"
"713","1995","8","Orissa","Sundargarh","2040.0","1100.0","897.0","444.0","487.0","222.0","3424.0","1766.0"
"713","1996","8","Orissa","Sundargarh","2217.0","931.0","946.0","174.0","455.0","115.0","3618.0","1220.0"
"713","1997","8","Orissa","Sundargarh","3267.0","1172.0","1383.0","590.0","628.0","284.0","5278.0","2046.0"
"713","1998","8","Orissa","Sundargarh","-1.0","-1.0","-1.0","-1.0","-1.0","-1.0","-1.0","-1.0"
"713","1999","8","Orissa","Sundargarh","-1.0","-1.0","-1.0","-1.0","-1.0","-1.0","-1.0","-1.0"
"713","2000","8","Orissa","Sundargarh","3213.0","1286.0","1373.0","574.0","483.0","305.0","5069.0","2165.0"
"713","2001","8","Orissa","Sundargarh","4257.0","1341.0","1593.0","563.0","763.0","289.0","6613.0","2193.0"
"713","2002","8","Orissa","Sundargarh","2887.0","807.0","1244.0","601.0","751.0","256.0","4882.0","1664.0"
"713","2003","8","Orissa","Sundargarh","3155.0","927.0","1542.0","655.0","644.0","319.0","5341.0","1901.0"
"713","2004","8","Orissa","Sundargarh","3250.0","928.0","1777.0","646.0","631.0","351.0","5658.0","1925.0"
"713","2005","8","Orissa","Sundargarh","4054.0","925.0","1910.0","594.0","746.0","285.0","6710.0","1804.0"
"713","2006","8","Orissa","Sundargarh","4362.0","1114.0","2256.0","431.0","653.0","257.0","7271.0","1802.0"
"713","2007","8","Orissa","Sundargarh","4949.0","1625.0","2950.0","687.0","1028.0","117.0","8927.0","2429.0"
"713","2008","8","Orissa","Sundargarh","5457.0","1657.0","2975.0","1423.0","903.0","349.0","9335.0","3429.0"
"713","2009","8","Orissa","Sundargarh","6771.0","2397.0","3954.0","1075.0","1296.0","372.0","12021.0","3844.0"
"713","2010","8","Orissa","Sundargarh","6044.0","2178.0","4063.0","769.0","1469.0","256.0","11576.0","3203.0"
"713","2011","8","Orissa","Sundargarh","6309.0","2417.0","3191.0","920.0","222.0","409.0","9722.0","3746.0"
"713","2012","8","Orissa","Sundargarh","6862.0","1611.0","3183.0","433.0","972.0","111.0","11017.0","2155.0"
"713","2013","8","Orissa","Sundargarh","7574.0","1318.0","3376.0","574.0","1095.0","137.0","12045.0","2029.0"
"713","2014","8","Orissa","Sundargarh","6374.0","1174.0","3137.0","634.0","1067.0","183.0","10578.0","1991.0"
"713","2015","8","Orissa","Sundargarh","8297.0","1014.0","3708.0","294.0","1364.0","170.0","13369.0","1478.0"
"713","2016","8","Orissa","Sundargarh","10586.0","1089.0","11386.0","483.0","1411.0","191.0","23383.0","1763.0"
"713","2017","8","Orissa","Sundargarh","10492.0","918.0","12045.0","549.0","1646.0","135.0","24183.0","1602.0"
"800","1990","13","West Bengal","24 Parganas","14400.0","29429.0","8731.0","13721.0","5953.0","9429.0","29084.0","52579.0"
"800","1991","13","West Bengal","24 Parganas","15349.0","24080.0","10985.0","11721.0","8691.0","10433.0","35025.0","46234.0"
"800","1993","13","West Bengal","24 Parganas","18504.0","27289.0","7158.0","12926.0","5534.0","13183.0","31196.0","53398.0"
"800","1994","13","West Bengal","24 Parganas","21718.0","27506.0","8179.0","11856.0","6585.0","9618.0","36482.0","48980.0"
"800","1995","13","West Bengal","24 Parganas","24755.0","35222.0","9463.0","12010.0","8167.0","9616.0","42385.0","56848.0"
"800","1996","13","West Bengal","24 Parganas","25538.0","36835.0","8206.0","16046.0","8151.0","9892.0","41895.0","62773.0"
"800","1997","13","West Bengal","24 Parganas","26546.0","37633.0","10024.0","18194.0","7244.0","14590.0","43814.0","70417.0"
"800","1998","13","West Bengal","24 Parganas","-1.0","-1.0","-1.0","-1.0","-1.0","-1.0","-1.0","-1.0"
"800","1999","13","West Bengal","24 Parganas","-1.0","-1.0","-1.0","-1.0","-1.0","-1.0","-1.0","-1.0"
"800","2000","13","West Bengal","24 Parganas","28823.0","37554.0","12070.0","20793.0","6255.0","21345.0","47148.0","79692.0"
"800","2001","13","West Bengal","24 Parganas","33313.0","37330.0","16560.0","21355.0","13315.0","20535.0","63188.0","79220.0"
"800","2002","13","West Bengal","24 Parganas","31483.0","36980.0","16534.0","22689.0","11980.0","22213.0","59997.0","81882.0"
"800","2003","13","West Bengal","24 Parganas","31945.0","38430.0","13485.0","20839.0","10151.0","19751.0","55581.0","79020.0"
"800","2004","13","West Bengal","24 Parganas","34123.0","39660.0","14475.0","29880.0","13805.0","23880.0","62403.0","93420.0"
"800","2005","13","West Bengal","24 Parganas","34623.0","38735.0","18240.0","25775.0","14015.0","21165.0","66878.0","85675.0"
"800","2006","13","West Bengal","24 Parganas","20230.0","33569.0","8505.0","15833.0","8075.0","14677.0","36810.0","64079.0"
"800","2007","13","West Bengal","24 Parganas","23312.0","41239.0","12091.0","17679.0","11643.0","13372.0","47046.0","72290.0"
"800","2008","13","West Bengal","24 Parganas","22986.0","44371.0","11560.0","21895.0","14653.0","21099.0","49199.0","87365.0"
"800","2009","13","West Bengal","24 Parganas","25347.0","41825.0","16629.0","25628.0","13818.0","25569.0","55794.0","93022.0"
"800","2010","13","West Bengal","24 Parganas","24301.0","45648.0","21154.0","25465.0","14291.0","20787.0","59746.0","91900.0"
"800","2011","13","West Bengal","24 Parganas","28135.0","47238.0","16738.0","23952.0","6851.0","18952.0","51724.0","90142.0"
"800","2012","13","West Bengal","24 Parganas","29286.0","50139.0","12307.0","21781.0","6810.0","12288.0","48403.0","84208.0"
"800","2013","13","West Bengal","24 Parganas","25983.0","39238.0","7222.0","16745.0","9567.0","12554.0","42772.0","68537.0"
"800","2014","13","West Bengal","24 Parganas","31931.0","41737.0","14572.0","20384.0","11721.0","13879.0","58224.0","76000.0"
"800","2015","13","West Bengal","24 Parganas","32949.0","41358.0","14259.0","23817.0","12791.0","15273.0","59999.0","80448.0"
"800","2016","13","West Bengal","24 Parganas","24140.0","41145.0","11080.0","24004.0","9304.0","15323.0","44525.0","80472.0"
"800","2017","13","West Bengal","24 Parganas","22341.0","37576.0","11140.0","19307.0","9382.0","14367.0","42863.0","71250.0"
"803","1990","13","West Bengal","Nadia","8279.0","20701.0","4777.0","9119.0","3219.0","6415.0","16275.0","36235.0"
"803","1991","13","West Bengal","Nadia","8657.0","17195.0","5913.0","8119.0","3974.0","6917.0","18544.0","32231.0"
"803","1993","13","West Bengal","Nadia","10408.0","19532.0","3805.0","8288.0","2501.0","6449.0","16714.0","34269.0"
"803","1994","13","West Bengal","Nadia","12033.0","19713.0","4289.0","7251.0","2909.0","5554.0","19231.0","32518.0"
"803","1995","13","West Bengal","Nadia","14001.0","19831.0","6071.0","7219.0","3993.0","5570.0","24065.0","32620.0"
"803","1996","13","West Bengal","Nadia","14408.0","20013.0","5732.0","9486.0","3984.0","5601.0","24124.0","35100.0"
"803","1997","13","West Bengal","Nadia","14896.0","20471.0","6087.0","10496.0","3370.0","8239.0","24353.0","39206.0"
"803","1998","13","West Bengal","Nadia","-1.0","-1.0","-1.0","-1.0","-1.0","-1.0","-1.0","-1.0"
"803","1999","13","West Bengal","Nadia","-1.0","-1.0","-1.0","-1.0","-1.0","-1.0","-1.0","-1.0"
"803","2000","13","West Bengal","Nadia","9516.0","15467.0","4050.0","8340.0","2738.0","10980.0","16304.0","34787.0"
"803","2001","13","West Bengal","Nadia","11491.0","15363.0","6025.0","8696.0","6838.0","10565.0","24354.0","34624.0"
"803","2002","13","West Bengal","Nadia","11286.0","15188.0","6008.0","9363.0","6228.0","11404.0","23522.0","35955.0"
"803","2003","13","West Bengal","Nadia","11535.0","16325.0","4985.0","8463.0","4778.0","10304.0","21298.0","35092.0"
"803","2004","13","West Bengal","Nadia","12563.0","21545.0","5800.0","9863.0","5664.0","10515.0","24027.0","41923.0"
"803","2005","13","West Bengal","Nadia","13063.0","21650.0","7715.0","11100.0","6355.0","8790.0","27133.0","41540.0"
"803","2006","13","West Bengal","Nadia","19157.0","32382.0","7631.0","12035.0","6044.0","13650.0","32832.0","58067.0"
"803","2007","13","West Bengal","Nadia","18468.0","31247.0","9625.0","11210.0","7379.0","8308.0","35472.0","50765.0"
"803","2008","13","West Bengal","Nadia","20017.0","32153.0","9196.0","13038.0","12345.0","12121.0","41558.0","57312.0"
"803","2009","13","West Bengal","Nadia","21739.0","31157.0","12182.0","13849.0","7474.0","18866.0","41395.0","63872.0"
"803","2010","13","West Bengal","Nadia","17705.0","31157.0","14557.0","15412.0","9308.0","12753.0","41570.0","59322.0"
"803","2011","13","West Bengal","Nadia","22955.0","36040.0","11185.0","16483.0","4569.0","14131.0","38709.0","66654.0"
"803","2012","13","West Bengal","Nadia","23400.0","40412.0","9263.0","16044.0","8988.0","8939.0","41651.0","65395.0"
"803","2013","13","West Bengal","Nadia","20407.0","37431.0","6741.0","11490.0","7124.0","7648.0","34272.0","56569.0"
"803","2014","13","West Bengal","Nadia","25985.0","28918.0","9034.0","11005.0","8802.0","6786.0","43821.0","46709.0"
"803","2015","13","West Bengal","Nadia","26845.0","34222.0","9617.0","16722.0","5224.0","8735.0","41686.0","59679.0"
"803","2016","13","West Bengal","Nadia","19796.0","34362.0","9423.0","16912.0","7393.0","8818.0","36612.0","60092.0"
"803","2017","13","West Bengal","Nadia","20640.0","33774.0","10167.0","14687.0","8266.0","9446.0","39074.0","57907.0"
"804","1990","13","West Bengal","Murshidabad","7951.0","21305.0","5596.0","9513.0","3611.0","7167.0","17158.0","37985.0"
"804","1991","13","West Bengal","Murshidabad","8072.0","17312.0","5859.0","8513.0","4652.0","7669.0","18583.0","33494.0"
"804","1993","13","West Bengal","Murshidabad","10365.0","20081.0","3812.0","8412.0","2342.0","8215.0","16519.0","36708.0"
"804","1994","13","West Bengal","Murshidabad","11995.0","20323.0","4427.0","7390.0","2914.0","6333.0","19336.0","34046.0"
"804","1995","13","West Bengal","Murshidabad","12854.0","19705.0","6362.0","7515.0","3886.0","6413.0","23102.0","33633.0"
"804","1996","13","West Bengal","Murshidabad","13479.0","20110.0","5817.0","9340.0","3872.0","4823.0","23168.0","34273.0"
"804","1997","13","West Bengal","Murshidabad","13903.0","20816.0","6102.0","10612.0","3232.0","7027.0","23237.0","38455.0"
"804","1998","13","West Bengal","Murshidabad","-1.0","-1.0","-1.0","-1.0","-1.0","-1.0","-1.0","-1.0"
"804","1999","13","West Bengal","Murshidabad","-1.0","-1.0","-1.0","-1.0","-1.0","-1.0","-1.0","-1.0"
"804","2000","13","West Bengal","Murshidabad","8467.0","16250.0","4049.0","9695.0","2837.0","10325.0","15353.0","36270.0"
"804","2001","13","West Bengal","Murshidabad","10592.0","16130.0","6174.0","9995.0","6027.0","9930.0","22793.0","36055.0"
"804","2002","13","West Bengal","Murshidabad","10442.0","15955.0","6161.0","10662.0","5275.0","10769.0","21878.0","37386.0"
"804","2003","13","West Bengal","Murshidabad","10730.0","16705.0","5100.0","9702.0","4370.0","9644.0","20200.0","36051.0"
"804","2004","13","West Bengal","Murshidabad","11785.0","21425.0","5160.0","10488.0","5006.0","9873.0","21951.0","41786.0"
"804","2005","13","West Bengal","Murshidabad","12285.0","22135.0","6828.0","11325.0","5205.0","9075.0","24318.0","42535.0"
"804","2006","13","West Bengal","Murshidabad","31486.0","48509.0","15476.0","18747.0","6139.0","17158.0","53101.0","84414.0"
"804","2007","13","West Bengal","Murshidabad","26937.0","44947.0","15343.0","18671.0","11298.0","14747.0","53578.0","78365.0"
"804","2008","13","West Bengal","Murshidabad","30290.0","46905.0","16273.0","19152.0","13385.0","18634.0","59948.0","84691.0"
"804","2009","13","West Bengal","Murshidabad","33726.0","49079.0","18910.0","23813.0","11652.0","25292.0","64288.0","98184.0"
"804","2010","13","West Bengal","Murshidabad","28476.0","47219.0","21852.0","23202.0","11926.0","17893.0","62254.0","88314.0"
"804","2011","13","West Bengal","Murshidabad","33920.0","51235.0","18682.0","23742.0","5616.0","17069.0","58218.0","92046.0"
"804","2012","13","West Bengal","Murshidabad","32225.0","49645.0","15247.0","23387.0","7733.0","10668.0","55205.0","83700.0"
"804","2013","13","West Bengal","Murshidabad","29566.0","40566.0","7330.0","11156.0","5680.0","8331.0","42576.0","60053.0"
"804","2014","13","West Bengal","Murshidabad","33872.0","42077.0","13176.0","15389.0","9038.0","9731.0","56085.0","67197.0"
"804","2015","13","West Bengal","Murshidabad","33439.0","48983.0","14648.0","22093.0","9261.0","11748.0","57348.0","82824.0"
"804","2016","13","West Bengal","Murshidabad","28477.0","49126.0","11157.0","22156.0","9793.0","11912.0","49427.0","83194.0"
"804","2017","13","West Bengal","Murshidabad","31190.0","42269.0","14893.0","21677.0","11023.0","14738.0","57106.0","78684.0"
"805","1990","13","West Bengal","Burdwan","16208.0","33913.0","8102.0","15111.0","5437.0","7019.0","29747.0","56043.0"
"805","1991","13","West Bengal","Burdwan","9519.0","20395.0","5653.0","9690.0","4354.0","6717.0","19526.0","36802.0"
"805","1993","13","West Bengal","Burdwan","16783.0","32596.0","6495.0","14112.0","4117.0","9816.0","27395.0","56524.0"
"805","1994","13","West Bengal","Burdwan","19034.0","32722.0","6858.0","13095.0","4818.0","8444.0","30710.0","54261.0"
"805","1995","13","West Bengal","Burdwan","21469.0","37397.0","10117.0","13275.0","7092.0","8592.0","38678.0","59264.0"
"805","1996","13","West Bengal","Burdwan","21932.0","38145.0","10953.0","15319.0","7087.0","8692.0","39972.0","62156.0"
"805","1997","13","West Bengal","Burdwan","22795.0","39041.0","11094.0","16685.0","6412.0","12172.0","40301.0","67898.0"
"805","1998","13","West Bengal","Burdwan","-1.0","-1.0","-1.0","-1.0","-1.0","-1.0","-1.0","-1.0"
"805","1999","13","West Bengal","Burdwan","-1.0","-1.0","-1.0","-1.0","-1.0","-1.0","-1.0","-1.0"
"805","2000","13","West Bengal","Burdwan","20121.0","43465.0","9859.0","22115.0","6104.0","16422.0","36084.0","82002.0"
"805","2001","13","West Bengal","Burdwan","21686.0","43360.0","11424.0","22471.0","9324.0","16002.0","42434.0","81833.0"
"805","2002","13","West Bengal","Burdwan","21081.0","43185.0","11397.0","23138.0","8399.0","16841.0","40877.0","83164.0"
"805","2003","13","West Bengal","Burdwan","21975.0","43885.0","9445.0","21619.0","6906.0","15716.0","38326.0","81220.0"
"805","2004","13","West Bengal","Burdwan","22610.0","44200.0","9700.0","24069.0","9115.0","19355.0","41425.0","87624.0"
"805","2005","13","West Bengal","Burdwan","23210.0","42885.0","11543.0","22975.0","9320.0","16665.0","44073.0","82525.0"
"805","2006","13","West Bengal","Burdwan","29958.0","53421.0","19069.0","34853.0","9635.0","28131.0","58662.0","116405.0"
"805","2007","13","West Bengal","Burdwan","29429.0","51466.0","25310.0","35344.0","15838.0","25200.0","70577.0","112010.0"
"805","2008","13","West Bengal","Burdwan","31211.0","52363.0","25817.0","33844.0","22394.0","28060.0","79422.0","114267.0"
"805","2009","13","West Bengal","Burdwan","33341.0","51834.0","28016.0","34373.0","14073.0","34563.0","75430.0","120770.0"
"805","2010","13","West Bengal","Burdwan","26195.0","42436.0","29525.0","28119.0","17973.0","20321.0","73693.0","90876.0"
"805","2011","13","West Bengal","Burdwan","29398.0","48113.0","22717.0","30294.0","7694.0","27343.0","59809.0","105750.0"
"805","2012","13","West Bengal","Burdwan","33139.0","47709.0","23538.0","30651.0","10007.0","17023.0","66684.0","95383.0"
"805","2013","13","West Bengal","Burdwan","28482.0","42902.0","11115.0","19360.0","13030.0","17902.0","52627.0","80164.0"
"805","2014","13","West Bengal","Burdwan","32756.0","49046.0","22095.0","26304.0","16469.0","21652.0","71320.0","97002.0"
"805","2015","13","West Bengal","Burdwan","38770.0","46864.0","22644.0","30604.0","17867.0","23519.0","79281.0","100987.0"
"805","2016","13","West Bengal","Burdwan","31144.0","46920.0","18953.0","30664.0","13078.0","23625.0","63175.0","101209.0"
"805","2017","13","West Bengal","Burdwan","30497.0","46639.0","18450.0","34026.0","15787.0","27273.0","64733.0","107938.0"
"806","1990","13","West Bengal","Birbhum","7205.0","22970.0","4292.0","10190.0","3539.0","6215.0","15036.0","39375.0"
"806","1991","13","West Bengal","Birbhum","5692.0","11877.0","4173.0","6717.0","3017.0","3821.0","12882.0","22415.0"
"806","1993","13","West Bengal","Birbhum","11651.0","20121.0","3557.0","9287.0","2579.0","5275.0","17787.0","34683.0"
"806","1994","13","West Bengal","Birbhum","12521.0","20236.0","3999.0","8269.0","2927.0","3908.0","19447.0","32413.0"
"806","1995","13","West Bengal","Birbhum","13775.0","19733.0","5229.0","8079.0","4081.0","4075.0","23085.0","31887.0"
"806","1996","13","West Bengal","Birbhum","13676.0","19312.0","4809.0","9970.0","4076.0","4153.0","22561.0","33435.0"
"806","1997","13","West Bengal","Birbhum","14187.0","19715.0","5690.0","10981.0","3669.0","6137.0","23546.0","36833.0"
"806","1998","13","West Bengal","Birbhum","-1.0","-1.0","-1.0","-1.0","-1.0","-1.0","-1.0","-1.0"
"806","1999","13","West Bengal","Birbhum","-1.0","-1.0","-1.0","-1.0","-1.0","-1.0","-1.0","-1.0"
"806","2000","13","West Bengal","Birbhum","12583.0","20614.0","3920.0","12420.0","4651.0","10415.0","21154.0","43449.0"
"806","2001","13","West Bengal","Birbhum","13608.0","20495.0","4945.0","12730.0","6756.0","10025.0","25309.0","43250.0"
"806","2002","13","West Bengal","Birbhum","12076.0","20320.0","4935.0","13397.0","6181.0","10864.0","23192.0","44581.0"
"806","2003","13","West Bengal","Birbhum","12350.0","21070.0","3915.0","12497.0","5505.0","9739.0","21770.0","43306.0"
"806","2004","13","West Bengal","Birbhum","12785.0","21370.0","5110.0","13376.0","4330.0","10770.0","22225.0","45516.0"
"806","2005","13","West Bengal","Birbhum","13085.0","19100.0","6330.0","12010.0","4415.0","9020.0","23830.0","40130.0"
"806","2006","13","West Bengal","Birbhum","17309.0","25608.0","13336.0","9661.0","6297.0","8973.0","36942.0","44242.0"
"806","2007","13","West Bengal","Birbhum","21116.0","30045.0","9487.0","14668.0","4833.0","9331.0","35436.0","54044.0"
"806","2008","13","West Bengal","Birbhum","19988.0","25266.0","12733.0","11863.0","8299.0","9776.0","41020.0","46905.0"
"806","2009","13","West Bengal","Birbhum","19887.0","23328.0","12440.0","14022.0","5269.0","14913.0","37596.0","52263.0"
"806","2010","13","West Bengal","Birbhum","18647.0","27710.0","13552.0","14911.0","7898.0","9061.0","40097.0","51682.0"
"806","2011","13","West Bengal","Birbhum","21397.0","28644.0","11446.0","14292.0","3620.0","13849.0","36463.0","56785.0"
"806","2012","13","West Bengal","Birbhum","20888.0","26740.0","11520.0","11333.0","3566.0","9126.0","35974.0","47199.0"
"806","2013","13","West Bengal","Birbhum","19282.0","21324.0","5606.0","11233.0","4899.0","9565.0","29787.0","42122.0"
"806","2014","13","West Bengal","Birbhum","23372.0","25224.0","10766.0","9130.0","8034.0","7817.0","42172.0","42171.0"
"806","2015","13","West Bengal","Birbhum","21070.0","27029.0","11797.0","8361.0","8003.0","6500.0","40870.0","41890.0"
"806","2016","13","West Bengal","Birbhum","23108.0","26354.0","9994.0","8214.0","7661.0","6614.0","40764.0","41182.0"
"806","2017","13","West Bengal","Birbhum","21525.0","27163.0","10371.0","11918.0","7897.0","9673.0","39793.0","48754.0"
"807","1990","13","West Bengal","Bankura","4785.0","14107.0","3185.0","6717.0","2436.0","3319.0","10406.0","24143.0"
"807","1991","13","West Bengal","Bankura","16590.0","30910.0","9462.0","14811.0","7931.0","7511.0","33983.0","53232.0"
"807","1993","13","West Bengal","Bankura","6670.0","11998.0","4369.0","6135.0","2569.0","4315.0","13608.0","22448.0"
"807","1994","13","West Bengal","Bankura","7891.0","12137.0","4807.0","6106.0","2989.0","3350.0","15687.0","21593.0"
"807","1995","13","West Bengal","Bankura","8734.0","12067.0","4293.0","6217.0","3374.0","3423.0","16401.0","21707.0"
"807","1996","13","West Bengal","Bankura","8985.0","12178.0","3815.0","8040.0","3369.0","3687.0","16169.0","23905.0"
"807","1997","13","West Bengal","Bankura","9698.0","12424.0","4415.0","9087.0","2816.0","5778.0","16929.0","27289.0"
"807","1998","13","West Bengal","Bankura","-1.0","-1.0","-1.0","-1.0","-1.0","-1.0","-1.0","-1.0"
"807","1999","13","West Bengal","Bankura","-1.0","-1.0","-1.0","-1.0","-1.0","-1.0","-1.0","-1.0"
"807","2000","13","West Bengal","Bankura","9378.0","16578.0","3032.0","14532.0","1920.0","9115.0","14330.0","40225.0"
"807","2001","13","West Bengal","Bankura","10453.0","16456.0","4107.0","14834.0","2920.0","8700.0","17480.0","39990.0"
"807","2002","13","West Bengal","Bankura","6440.0","16281.0","4094.0","15501.0","1895.0","9539.0","12429.0","41321.0"
"807","2003","13","West Bengal","Bankura","6755.0","17031.0","3105.0","14551.0","1925.0","8439.0","11785.0","40021.0"
"807","2004","13","West Bengal","Bankura","7010.0","17545.0","4053.0","15005.0","3150.0","10081.0","14213.0","42631.0"
"807","2005","13","West Bengal","Bankura","7510.0","15630.0","5342.0","14310.0","3085.0","8875.0","15937.0","38815.0"
"807","2006","13","West Bengal","Bankura","19321.0","17230.0","13809.0","10790.0","5057.0","9507.0","38187.0","37527.0"
"807","2007","13","West Bengal","Bankura","19227.0","18853.0","14847.0","11550.0","7457.0","8950.0","41531.0","39353.0"
"807","2008","13","West Bengal","Bankura","17730.0","18388.0","13198.0","11752.0","9038.0","10624.0","39966.0","40764.0"
"807","2009","13","West Bengal","Bankura","16386.0","16837.0","13225.0","14048.0","8371.0","14085.0","37982.0","44970.0"
"807","2010","13","West Bengal","Bankura","12306.0","16957.0","15612.0","10974.0","8547.0","8647.0","36465.0","36578.0"
"807","2011","13","West Bengal","Bankura","14489.0","17338.0","10532.0","14312.0","2234.0","13941.0","27255.0","45591.0"
"807","2012","13","West Bengal","Bankura","18420.0","20065.0","16075.0","13251.0","5353.0","7781.0","39848.0","41097.0"
"807","2013","13","West Bengal","Bankura","14726.0","15926.0","5414.0","8185.0","7027.0","6909.0","27167.0","31020.0"
"807","2014","13","West Bengal","Bankura","16521.0","18927.0","12279.0","10033.0","10286.0","7601.0","39085.0","36561.0"
"807","2015","13","West Bengal","Bankura","20551.0","19016.0","14207.0","12924.0","7970.0","9096.0","42728.0","41036.0"
"807","2016","13","West Bengal","Bankura","17037.0","19155.0","9627.0","13023.0","7126.0","9125.0","33790.0","41303.0"
"807","2017","13","West Bengal","Bankura","15844.0","18280.0","11525.0","15137.0","9004.0","11303.0","36374.0","44720.0"
"810","1990","13","West Bengal","Hooghly","14992.0","29712.0","7382.0","13235.0","5262.0","6017.0","27636.0","48964.0"
"810","1991","13","West Bengal","Hooghly","14612.0","26741.0","9273.0","12335.0","5975.0","6519.0","29860.0","45595.0"
"810","1993","13","West Bengal","Hooghly","16407.0","28432.0","5946.0","12028.0","3862.0","8477.0","26215.0","48937.0"
"810","1994","13","West Bengal","Hooghly","18391.0","28614.0","6514.0","11000.0","3855.0","6493.0","28760.0","46107.0"
"810","1995","13","West Bengal","Hooghly","18190.0","31397.0","8065.0","10932.0","5632.0","6117.0","31887.0","48446.0"
"810","1996","13","West Bengal","Hooghly","18523.0","32242.0","8495.0","12670.0","5621.0","6507.0","32639.0","51419.0"
"810","1997","13","West Bengal","Hooghly","19430.0","32730.0","9586.0","13387.0","5060.0","9037.0","34076.0","55154.0"
"810","1998","13","West Bengal","Hooghly","-1.0","-1.0","-1.0","-1.0","-1.0","-1.0","-1.0","-1.0"
"810","1999","13","West Bengal","Hooghly","-1.0","-1.0","-1.0","-1.0","-1.0","-1.0","-1.0","-1.0"
"810","2000","13","West Bengal","Hooghly","20435.0","36715.0","9225.0","16876.0","6001.0","13060.0","35661.0","66651.0"
"810","2001","13","West Bengal","Hooghly","21685.0","36603.0","10475.0","17232.0","8501.0","12635.0","40661.0","66470.0"
"810","2002","13","West Bengal","Hooghly","20680.0","36428.0","10454.0","17899.0","7476.0","13474.0","38610.0","67801.0"
"810","2003","13","West Bengal","Hooghly","21315.0","37328.0","9730.0","16929.0","7100.0","12349.0","38145.0","66606.0"
"810","2004","13","West Bengal","Hooghly","22165.0","38773.0","9925.0","18904.0","9055.0","15312.0","41145.0","72989.0"
"810","2005","13","West Bengal","Hooghly","22765.0","36150.0","11320.0","12560.0","9225.0","12617.0","43310.0","61327.0"
"810","2006","13","West Bengal","Hooghly","18283.0","35346.0","17412.0","30763.0","12440.0","31358.0","48135.0","97467.0"
"810","2007","13","West Bengal","Hooghly","18125.0","36233.0","18906.0","27938.0","16063.0","26035.0","53094.0","90206.0"
"810","2008","13","West Bengal","Hooghly","18832.0","30906.0","20412.0","31005.0","19297.0","26950.0","58541.0","88861.0"
"810","2009","13","West Bengal","Hooghly","21617.0","32983.0","24934.0","29428.0","17188.0","28385.0","63739.0","90796.0"
"810","2010","13","West Bengal","Hooghly","19594.0","34891.0","28342.0","28627.0","20909.0","21935.0","68845.0","85453.0"
"810","2011","13","West Bengal","Hooghly","21444.0","36554.0","21010.0","32580.0","9541.0","31154.0","51995.0","100288.0"
"810","2012","13","West Bengal","Hooghly","24061.0","37856.0","22643.0","29974.0","13690.0","25428.0","60394.0","93258.0"
"810","2013","13","West Bengal","Hooghly","16438.0","30929.0","10487.0","18044.0","15315.0","16612.0","42240.0","65585.0"
"810","2014","13","West Bengal","Hooghly","20748.0","34105.0","18094.0","23650.0","16733.0","21563.0","55575.0","79318.0"
"810","2015","13","West Bengal","Hooghly","22895.0","37323.0","17301.0","31580.0","16543.0","25656.0","56739.0","94559.0"
"810","2016","13","West Bengal","Hooghly","16737.0","37373.0","14319.0","31622.0","12131.0","26214.0","43188.0","95209.0"
"810","2017","13","West Bengal","Hooghly","15261.0","36076.0","12786.0","32035.0","11857.0","27311.0","39904.0","95422.0"
"811","1990","13","West Bengal","Howrah","5873.0","15316.0","4321.0","7589.0","3217.0","5311.0","13411.0","28216.0"
"811","1991","13","West Bengal","Howrah","6719.0","13633.0","5075.0","6589.0","4550.0","5417.0","16344.0","25639.0"
"811","1993","13","West Bengal","Howrah","7692.0","13691.0","3875.0","7179.0","2709.0","6415.0","14276.0","27285.0"
"811","1994","13","West Bengal","Howrah","9173.0","13889.0","4435.0","5175.0","3379.0","4245.0","16987.0","23309.0"
"811","1995","13","West Bengal","Howrah","10171.0","14275.0","4279.0","5004.0","4172.0","4471.0","18622.0","23750.0"
"811","1996","13","West Bengal","Howrah","10421.0","15103.0","3726.0","6995.0","4160.0","4485.0","18307.0","26583.0"
"811","1997","13","West Bengal","Howrah","10996.0","15403.0","4312.0","7986.0","3416.0","6323.0","18724.0","29712.0"
"811","1998","13","West Bengal","Howrah","-1.0","-1.0","-1.0","-1.0","-1.0","-1.0","-1.0","-1.0"
"811","1999","13","West Bengal","Howrah","-1.0","-1.0","-1.0","-1.0","-1.0","-1.0","-1.0","-1.0"
"811","2000","13","West Bengal","Howrah","10985.0","18985.0","4419.0","10120.0","4067.0","9326.0","19471.0","38431.0"
"811","2001","13","West Bengal","Howrah","14055.0","18875.0","7489.0","10326.0","6434.0","8941.0","27978.0","38142.0"
"811","2002","13","West Bengal","Howrah","13755.0","18700.0","7472.0","10993.0","5424.0","9780.0","26651.0","39473.0"
"811","2003","13","West Bengal","Howrah","13965.0","19430.0","5395.0","10043.0","4975.0","8680.0","24335.0","38153.0"
"811","2004","13","West Bengal","Howrah","14320.0","19840.0","6075.0","10869.0","6115.0","9110.0","26510.0","39819.0"
"811","2005","13","West Bengal","Howrah","14620.0","18300.0","7705.0","9700.0","6220.0","7155.0","28545.0","35155.0"
"811","2006","13","West Bengal","Howrah","2639.0","6136.0","1817.0","4757.0","1272.0","3582.0","5728.0","14475.0"
"811","2007","13","West Bengal","Howrah","1673.0","6893.0","1617.0","3500.0","1276.0","2474.0","4566.0","12867.0"
"811","2008","13","West Bengal","Howrah","3240.0","6467.0","2187.0","4209.0","2170.0","4100.0","7597.0","14776.0"
"811","2009","13","West Bengal","Howrah","4393.0","6668.0","2836.0","4300.0","1923.0","4294.0","9152.0","15262.0"
"811","2010","13","West Bengal","Howrah","3259.0","6869.0","3636.0","4703.0","2461.0","3476.0","9356.0","15048.0"
"811","2011","13","West Bengal","Howrah","4093.0","8534.0","2890.0","6042.0","806.0","5194.0","7789.0","19770.0"
"811","2012","13","West Bengal","Howrah","5183.0","8758.0","2710.0","4638.0","4386.0","2953.0","12279.0","16349.0"
"811","2013","13","West Bengal","Howrah","3470.0","7062.0","887.0","2582.0","1473.0","2255.0","5830.0","11899.0"
"811","2014","13","West Bengal","Howrah","4237.0","7212.0","2452.0","4835.0","1925.0","3735.0","8615.0","15782.0"
"811","2015","13","West Bengal","Howrah","5003.0","7101.0","2022.0","4881.0","1489.0","2947.0","8514.0","14929.0"
"811","2016","13","West Bengal","Howrah","3121.0","7154.0","1273.0","4926.0","892.0","3142.0","5286.0","15222.0"
"811","2017","13","West Bengal","Howrah","2076.0","7992.0","1235.0","4739.0","1082.0","3908.0","4392.0","16639.0"
"812","1990","13","West Bengal","Jalpaiguri","2857.0","8109.0","1897.0","5690.0","1537.0","3619.0","6291.0","17418.0"
"812","1991","13","West Bengal","Jalpaiguri","5290.0","7588.0","1618.0","4690.0","1231.0","3821.0","8139.0","16099.0"
"812","1993","13","West Bengal","Jalpaiguri","7019.0","7429.0","1752.0","4662.0","1332.0","2857.0","10103.0","14948.0"
"812","1994","13","West Bengal","Jalpaiguri","8373.0","7519.0","1974.0","3622.0","1794.0","2687.0","12141.0","13828.0"
"812","1995","13","West Bengal","Jalpaiguri","9503.0","13397.0","2491.0","3704.0","2237.0","2593.0","14231.0","19694.0"
"812","1996","13","West Bengal","Jalpaiguri","9843.0","14297.0","2165.0","6030.0","2224.0","2832.0","14232.0","23159.0"
"812","1997","13","West Bengal","Jalpaiguri","10192.0","14792.0","4885.0","7037.0","1891.0","4176.0","16968.0","26005.0"
"812","1998","13","West Bengal","Jalpaiguri","-1.0","-1.0","-1.0","-1.0","-1.0","-1.0","-1.0","-1.0"
"812","1999","13","West Bengal","Jalpaiguri","-1.0","-1.0","-1.0","-1.0","-1.0","-1.0","-1.0","-1.0"
"812","2000","13","West Bengal","Jalpaiguri","8865.0","18856.0","4612.0","12615.0","1708.0","7112.0","15185.0","38583.0"
"812","2001","13","West Bengal","Jalpaiguri","10085.0","18749.0","5832.0","12935.0","3968.0","6742.0","19885.0","38426.0"
"812","2002","13","West Bengal","Jalpaiguri","9885.0","18574.0","5821.0","13602.0","3728.0","7581.0","19434.0","39757.0"
"812","2003","13","West Bengal","Jalpaiguri","10115.0","19334.0","4920.0","12652.0","3220.0","6466.0","18255.0","38452.0"
"812","2004","13","West Bengal","Jalpaiguri","11055.0","20159.0","5415.0","13477.0","4754.0","11673.0","21224.0","45309.0"
"812","2005","13","West Bengal","Jalpaiguri","11355.0","18050.0","7394.0","12870.0","4800.0","12572.0","23549.0","43492.0"
"812","2006","13","West Bengal","Jalpaiguri","7928.0","11026.0","5558.0","7939.0","3160.0","8259.0","16646.0","27224.0"
"812","2007","13","West Bengal","Jalpaiguri","8185.0","11962.0","5406.0","7130.0","3816.0","6411.0","17407.0","25503.0"
"812","2008","13","West Bengal","Jalpaiguri","12297.0","20873.0","5929.0","13188.0","12270.0","17279.0","30496.0","51340.0"
"812","2009","13","West Bengal","Jalpaiguri","21864.0","27189.0","13919.0","14494.0","13362.0","28319.0","49145.0","70002.0"
"812","2010","13","West Bengal","Jalpaiguri","22624.0","28350.0","13772.0","17563.0","9332.0","18636.0","45728.0","64549.0"
"812","2011","13","West Bengal","Jalpaiguri","23585.0","38247.0","11647.0","15462.0","4511.0","21839.0","39743.0","75548.0"
"812","2012","13","West Bengal","Jalpaiguri","29435.0","32671.0","6759.0","19234.0","2927.0","19514.0","39121.0","71419.0"
"812","2013","13","West Bengal","Jalpaiguri","30254.0","28045.0","5143.0","9344.0","10842.0","15085.0","46239.0","52474.0"
"812","2014","13","West Bengal","Jalpaiguri","29743.0","32063.0","8046.0","14652.0","12411.0","14862.0","50199.0","61577.0"
"812","2015","13","West Bengal","Jalpaiguri","31833.0","35537.0","9032.0","16103.0","16413.0","14158.0","57278.0","65798.0"
"812","2016","13","West Bengal","Jalpaiguri","29644.0","35746.0","5640.0","16189.0","13990.0","14277.0","49274.0","66212.0"
"812","2017","13","West Bengal","Jalpaiguri","25630.0","37805.0","5788.0","18729.0","17626.0","18661.0","49043.0","75195.0"
"813","1990","13","West Bengal","Darjeeling","1942.0","5212.0","1475.0","3115.0","1290.0","2112.0","4707.0","10439.0"
"813","1991","13","West Bengal","Darjeeling","2649.0","4803.0","1985.0","2916.0","1890.0","2124.0","6524.0","9843.0"
"813","1993","13","West Bengal","Darjeeling","3280.0","5017.0","1461.0","2914.0","1261.0","2279.0","6002.0","10210.0"
"813","1994","13","West Bengal","Darjeeling","3792.0","5100.0","1682.0","2887.0","1396.0","2316.0","6870.0","10303.0"
"813","1995","13","West Bengal","Darjeeling","4217.0","6041.0","1587.0","2791.0","1509.0","2281.0","7313.0","11113.0"
"813","1996","13","West Bengal","Darjeeling","4528.0","6792.0","1283.0","3890.0","1501.0","2390.0","7312.0","13072.0"
"813","1997","13","West Bengal","Darjeeling","4879.0","7080.0","3290.0","4782.0","1407.0","3241.0","9576.0","15103.0"
"813","1998","13","West Bengal","Darjeeling","-1.0","-1.0","-1.0","-1.0","-1.0","-1.0","-1.0","-1.0"
"813","1999","13","West Bengal","Darjeeling","-1.0","-1.0","-1.0","-1.0","-1.0","-1.0","-1.0","-1.0"
"813","2000","13","West Bengal","Darjeeling","5544.0","9578.0","3487.0","6125.0","1700.0","5789.0","10731.0","21492.0"
"813","2001","13","West Bengal","Darjeeling","6004.0","9460.0","3947.0","6431.0","3225.0","5377.0","13176.0","21268.0"
"813","2002","13","West Bengal","Darjeeling","5993.0","9285.0","3959.0","7098.0","2975.0","6216.0","12927.0","22599.0"
"813","2003","13","West Bengal","Darjeeling","6135.0","9985.0","3005.0","6198.0","2115.0","5111.0","11255.0","21294.0"
"813","2004","13","West Bengal","Darjeeling","5895.0","14110.0","2750.0","6599.0","2406.0","6225.0","11051.0","26934.0"
"813","2005","13","West Bengal","Darjeeling","5995.0","13199.0","3585.0","6020.0","2498.0","5453.0","12078.0","24672.0"
"813","2006","13","West Bengal","Darjeeling","14628.0","12494.0","3465.0","5375.0","2634.0","3839.0","20727.0","21708.0"
"813","2007","13","West Bengal","Darjeeling","17174.0","12050.0","2937.0","5812.0","6077.0","4869.0","26188.0","22731.0"
"813","2008","13","West Bengal","Darjeeling","10832.0","3647.0","1330.0","862.0","3891.0","2388.0","16053.0","6897.0"
"813","2009","13","West Bengal","Darjeeling","8821.0","3670.0","968.0","1573.0","825.0","4460.0","10614.0","9703.0"
"813","2010","13","West Bengal","Darjeeling","6083.0","5577.0","2276.0","2755.0","2253.0","4972.0","10612.0","13304.0"
"813","2011","13","West Bengal","Darjeeling","5258.0","2546.0","2655.0","4882.0","623.0","1803.0","8536.0","9231.0"
"813","2012","13","West Bengal","Darjeeling","1743.0","121.0","609.0","156.0","1010.0","24.0","3362.0","301.0"
"813","2013","13","West Bengal","Darjeeling","0.0","163.0","0.0","31.0","0.0","0.0","0.0","194.0"
"813","2014","13","West Bengal","Darjeeling","-1.0","-1.0","-1.0","-1.0","-1.0","-1.0","-1.0","-1.0"
"813","2015","13","West Bengal","Darjeeling","-1.0","-1.0","-1.0","-1.0","-1.0","-1.0","-1.0","-1.0"
"813","2016","13","West Bengal","Darjeeling","-1.0","-1.0","-1.0","-1.0","-1.0","-1.0","-1.0","-1.0"
"813","2017","13","West Bengal","Darjeeling","290.0","1488.0","3.0","20.0","195.0","274.0","488.0","1782.0"
"814","1990","13","West Bengal","Malda","5217.0","18917.0","3897.0","7418.0","2672.0","6119.0","11786.0","32454.0"
"814","1991","13","West Bengal","Malda","5513.0","14290.0","4291.0","6418.0","4070.0","6521.0","13874.0","27229.0"
"814","1993","13","West Bengal","Malda","7119.0","16429.0","2168.0","6914.0","1837.0","5477.0","11124.0","28820.0"
"814","1994","13","West Bengal","Malda","8179.0","16646.0","2672.0","5854.0","2509.0","4698.0","13360.0","27198.0"
"814","1995","13","West Bengal","Malda","9507.0","13519.0","2805.0","5507.0","2635.0","4379.0","14947.0","23405.0"
"814","1996","13","West Bengal","Malda","9882.0","14229.0","2417.0","7295.0","2627.0","4510.0","14926.0","26034.0"
"814","1997","13","West Bengal","Malda","10715.0","14587.0","4939.0","8198.0","2139.0","6403.0","17793.0","29188.0"
"814","1998","13","West Bengal","Malda","-1.0","-1.0","-1.0","-1.0","-1.0","-1.0","-1.0","-1.0"
"814","1999","13","West Bengal","Malda","-1.0","-1.0","-1.0","-1.0","-1.0","-1.0","-1.0","-1.0"
"814","2000","13","West Bengal","Malda","7212.0","13326.0","3055.0","8545.0","1516.0","9630.0","11783.0","31501.0"
"814","2001","13","West Bengal","Malda","8922.0","13214.0","4765.0","8957.0","4066.0","9240.0","17753.0","31411.0"
"814","2002","13","West Bengal","Malda","8872.0","13039.0","4752.0","9624.0","3346.0","10079.0","16970.0","32742.0"
"814","2003","13","West Bengal","Malda","9125.0","13799.0","3985.0","8724.0","2895.0","8954.0","16005.0","31477.0"
"814","2004","13","West Bengal","Malda","10134.0","20344.0","4555.0","10717.0","4485.0","9915.0","19174.0","40976.0"
"814","2005","13","West Bengal","Malda","10534.0","20050.0","6315.0","11050.0","4590.0","9110.0","21439.0","40210.0"
"814","2006","13","West Bengal","Malda","14720.0","36414.0","7046.0","15437.0","4635.0","15910.0","26401.0","67761.0"
"814","2007","13","West Bengal","Malda","14657.0","32010.0","6973.0","8429.0","7013.0","9652.0","28643.0","50091.0"
"814","2008","13","West Bengal","Malda","20734.0","32011.0","9021.0","12620.0","13531.0","13466.0","43286.0","58097.0"
"814","2009","13","West Bengal","Malda","19787.0","32981.0","10266.0","10778.0","7712.0","20713.0","37765.0","64472.0"
"814","2010","13","West Bengal","Malda","19079.0","35219.0","10360.0","14028.0","6879.0","13549.0","36318.0","62796.0"
"814","2011","13","West Bengal","Malda","19663.0","31262.0","10062.0","13674.0","4083.0","12691.0","33808.0","57627.0"
"814","2012","13","West Bengal","Malda","20599.0","34363.0","5566.0","18443.0","3563.0","12383.0","29728.0","65189.0"
"814","2013","13","West Bengal","Malda","16319.0","29308.0","3883.0","9575.0","3611.0","7881.0","23813.0","46764.0"
"814","2014","13","West Bengal","Malda","22924.0","36274.0","7765.0","15376.0","7063.0","10349.0","37752.0","61999.0"
"814","2015","13","West Bengal","Malda","22981.0","38811.0","8722.0","16000.0","7134.0","10488.0","38837.0","65299.0"
"814","2016","13","West Bengal","Malda","18916.0","39112.0","6359.0","16000.0","7076.0","10510.0","32350.0","65622.0"
"814","2017","13","West Bengal","Malda","14268.0","32122.0","4950.0","18324.0","7203.0","12180.0","26421.0","62626.0"
"816","1990","13","West Bengal","Cooch Behar","4795.0","12617.0","2862.0","6712.0","1981.0","4017.0","9638.0","23346.0"
"816","1991","13","West Bengal","Cooch Behar","6978.0","10892.0","3359.0","5712.0","2162.0","4519.0","12499.0","21123.0"
"816","1993","13","West Bengal","Cooch Behar","7715.0","11312.0","2095.0","5856.0","1558.0","3686.0","11368.0","20854.0"
"816","1994","13","West Bengal","Cooch Behar","8812.0","11509.0","2885.0","4797.0","1989.0","3308.0","13686.0","19614.0"
"816","1995","13","West Bengal","Cooch Behar","10051.0","14503.0","3017.0","4532.0","2784.0","3432.0","15852.0","22467.0"
"816","1996","13","West Bengal","Cooch Behar","10407.0","14690.0","3723.0","7115.0","2772.0","3892.0","16902.0","25697.0"
"816","1997","13","West Bengal","Cooch Behar","11313.0","15173.0","5712.0","8241.0","1969.0","5317.0","18994.0","28731.0"
"816","1998","13","West Bengal","Cooch Behar","-1.0","-1.0","-1.0","-1.0","-1.0","-1.0","-1.0","-1.0"
"816","1999","13","West Bengal","Cooch Behar","-1.0","-1.0","-1.0","-1.0","-1.0","-1.0","-1.0","-1.0"
"816","2000","13","West Bengal","Cooch Behar","10534.0","19575.0","4767.0","12936.0","1597.0","8625.0","16898.0","41136.0"
"816","2001","13","West Bengal","Cooch Behar","12319.0","19465.0","6552.0","13236.0","4772.0","8215.0","23643.0","40916.0"
"816","2002","13","West Bengal","Cooch Behar","12019.0","19290.0","6533.0","13903.0","4397.0","9054.0","22949.0","42247.0"
"816","2003","13","West Bengal","Cooch Behar","12665.0","20040.0","5515.0","12943.0","3775.0","7929.0","21955.0","40912.0"
"816","2004","13","West Bengal","Cooch Behar","13635.0","20998.0","6010.0","14193.0","5475.0","12312.0","25120.0","47503.0"
"816","2005","13","West Bengal","Cooch Behar","13935.0","18635.0","8125.0","13925.0","5534.0","13118.0","27594.0","45678.0"
"816","2006","13","West Bengal","Cooch Behar","6312.0","11153.0","4303.0","5420.0","2526.0","5474.0","13141.0","22047.0"
"816","2007","13","West Bengal","Cooch Behar","7792.0","13024.0","4314.0","4975.0","4601.0","3672.0","16707.0","21671.0"
"816","2008","13","West Bengal","Cooch Behar","6289.0","13921.0","3700.0","6907.0","5693.0","9226.0","15682.0","30054.0"
"816","2009","13","West Bengal","Cooch Behar","7504.0","12088.0","5418.0","8303.0","3228.0","10244.0","16150.0","30635.0"
"816","2010","13","West Bengal","Cooch Behar","8119.0","13048.0","5331.0","9415.0","4414.0","6398.0","17864.0","28861.0"
"816","2011","13","West Bengal","Cooch Behar","9056.0","16331.0","5205.0","9753.0","1311.0","7432.0","15572.0","33516.0"
"816","2012","13","West Bengal","Cooch Behar","9168.0","19963.0","2579.0","8723.0","695.0","7063.0","12442.0","35749.0"
"816","2013","13","West Bengal","Cooch Behar","6424.0","15996.0","2324.0","6547.0","2460.0","5086.0","11208.0","27629.0"
"816","2014","13","West Bengal","Cooch Behar","5930.0","12581.0","4539.0","7131.0","2670.0","5006.0","13139.0","24718.0"
"816","2015","13","West Bengal","Cooch Behar","7517.0","17895.0","4225.0","8946.0","3267.0","5108.0","15009.0","31949.0"
"816","2016","13","West Bengal","Cooch Behar","6649.0","18015.0","3038.0","9006.0","1927.0","5142.0","11613.0","32163.0"
"816","2017","13","West Bengal","Cooch Behar","5083.0","18617.0","2310.0","12117.0","1954.0","8019.0","9347.0","38753.0"
"817","1990","13","West Bengal","Purulia","4275.0","9915.0","2679.0","5413.0","2187.0","3110.0","9141.0","18438.0"
"817","1991","13","West Bengal","Purulia","5371.0","8637.0","3368.0","5413.0","2867.0","3612.0","11606.0","17662.0"
"817","1993","13","West Bengal","Purulia","6392.0","8829.0","2831.0","5279.0","2258.0","3464.0","11481.0","17572.0"
"817","1994","13","West Bengal","Purulia","7403.0","8941.0","3526.0","5222.0","2476.0","2480.0","13405.0","16643.0"
"817","1995","13","West Bengal","Purulia","8257.0","10260.0","4615.0","5389.0","3151.0","2597.0","16023.0","18246.0"
"817","1996","13","West Bengal","Purulia","8537.0","10372.0","4159.0","7292.0","3146.0","3373.0","15842.0","21037.0"
"817","1997","13","West Bengal","Purulia","9104.0","10791.0","4002.0","8338.0","2705.0","5690.0","15811.0","24819.0"
"817","1998","13","West Bengal","Purulia","-1.0","-1.0","-1.0","-1.0","-1.0","-1.0","-1.0","-1.0"
"817","1999","13","West Bengal","Purulia","-1.0","-1.0","-1.0","-1.0","-1.0","-1.0","-1.0","-1.0"
"817","2000","13","West Bengal","Purulia","7106.0","12125.0","2554.0","12730.0","2883.0","9550.0","12543.0","34405.0"
"817","2001","13","West Bengal","Purulia","8061.0","12023.0","3509.0","13086.0","3783.0","9125.0","15353.0","34234.0"
"817","2002","13","West Bengal","Purulia","3690.0","11848.0","3497.0","13753.0","2768.0","9964.0","9955.0","35565.0"
"817","2003","13","West Bengal","Purulia","4010.0","12608.0","2100.0","12803.0","2007.0","8839.0","8117.0","34250.0"
"817","2004","13","West Bengal","Purulia","4085.0","13025.0","2635.0","13115.0","2507.0","10315.0","9227.0","36455.0"
"817","2005","13","West Bengal","Purulia","4585.0","11525.0","3400.0","12300.0","2530.0","8890.0","10515.0","32715.0"
"817","2006","13","West Bengal","Purulia","5604.0","2162.0","3487.0","673.0","1081.0","627.0","10172.0","3462.0"
"817","2007","13","West Bengal","Purulia","5266.0","2453.0","3280.0","847.0","623.0","514.0","9169.0","3814.0"
"817","2008","13","West Bengal","Purulia","7419.0","2902.0","2589.0","752.0","824.0","847.0","10832.0","4501.0"
"817","2009","13","West Bengal","Purulia","6514.0","2566.0","2845.0","2571.0","1029.0","2976.0","10388.0","8113.0"
"817","2010","13","West Bengal","Purulia","4302.0","6081.0","3293.0","1378.0","1742.0","1226.0","9337.0","8685.0"
"817","2011","13","West Bengal","Purulia","8139.0","2386.0","2462.0","2191.0","459.0","1862.0","11060.0","6439.0"
"817","2012","13","West Bengal","Purulia","7982.0","4654.0","2932.0","2489.0","1428.0","1099.0","12342.0","8242.0"
"817","2013","13","West Bengal","Purulia","6724.0","2694.0","886.0","416.0","931.0","207.0","8541.0","3317.0"
"817","2014","13","West Bengal","Purulia","5170.0","1542.0","1963.0","1206.0","1038.0","1156.0","8172.0","3904.0"
"817","2015","13","West Bengal","Purulia","7436.0","1611.0","3723.0","790.0","1207.0","289.0","12366.0","2690.0"
"817","2016","13","West Bengal","Purulia","7727.0","1613.0","2770.0","796.0","1191.0","296.0","11689.0","2705.0"
"817","2017","13","West Bengal","Purulia","7714.0","2582.0","2660.0","833.0","1324.0","737.0","11698.0","4152.0"
"818","1990","13","West Bengal","Midnapur","16785.0","32231.0","7990.0","15831.0","6466.0","8431.0","31241.0","56493.0"
"818","1991","13","West Bengal","Midnapur","17503.0","30417.0","10321.0","15664.0","8289.0","9445.0","36113.0","55526.0"
"818","1993","13","West Bengal","Midnapur","20006.0","30342.0","6805.0","14256.0","4708.0","11546.0","31519.0","56144.0"
"818","1994","13","West Bengal","Midnapur","23801.0","30546.0","7542.0","13162.0","5595.0","8204.0","36938.0","51912.0"
"818","1995","13","West Bengal","Midnapur","29054.0","41773.0","12395.0","13144.0","9113.0","8378.0","50562.0","63295.0"
"818","1996","13","West Bengal","Midnapur","30202.0","43750.0","11334.0","16438.0","9042.0","9907.0","50578.0","70095.0"
"818","1997","13","West Bengal","Midnapur","31218.0","44472.0","12146.0","18923.0","7455.0","14640.0","50819.0","78035.0"
"818","1998","13","West Bengal","Midnapur","-1.0","-1.0","-1.0","-1.0","-1.0","-1.0","-1.0","-1.0"
"818","1999","13","West Bengal","Midnapur","-1.0","-1.0","-1.0","-1.0","-1.0","-1.0","-1.0","-1.0"
"818","2000","13","West Bengal","Midnapur","35944.0","55827.0","11623.0","30276.0","10402.0","18874.0","57969.0","104977.0"
"818","2001","13","West Bengal","Midnapur","37975.0","55601.0","14403.0","30738.0","13661.0","18064.0","66039.0","104403.0"
"818","2002","13","West Bengal","Midnapur","31946.0","55084.0","14062.0","32741.0","10660.0","20583.0","56668.0","108408.0"
"818","2003","13","West Bengal","Midnapur","30643.0","56584.0","12374.0","30831.0","9135.0","18333.0","52152.0","105748.0"
"818","2004","13","West Bengal","Midnapur","33145.0","57950.0","12403.0","33010.0","11222.0","24115.0","56770.0","115075.0"
"818","2005","13","West Bengal","Midnapur","34155.0","54405.0","19394.0","30944.0","12507.0","18874.0","66056.0","104223.0"
"818","2006","13","West Bengal","Midnapur","38921.0","56384.0","25876.0","39685.0","14069.0","38333.0","78866.0","134402.0"
"818","2007","13","West Bengal","Midnapur","33239.0","55682.0","30078.0","37195.0","21165.0","33191.0","84482.0","126068.0"
"818","2008","13","West Bengal","Midnapur","33524.0","51796.0","27530.0","38183.0","28973.0","35685.0","90027.0","125664.0"
"818","2009","13","West Bengal","Midnapur","36196.0","51227.0","30935.0","41811.0","20911.0","46006.0","88042.0","139044.0"
"818","2010","13","West Bengal","Midnapur","30371.0","53048.0","34660.0","37246.0","23903.0","31743.0","88934.0","122037.0"
"818","2011","13","West Bengal","Midnapur","29912.0","68808.0","27913.0","54868.0","7087.0","44249.0","64912.0","167925.0"
"818","2012","13","West Bengal","Midnapur","31885.0","68688.0","26520.0","54022.0","18246.0","34570.0","76651.0","157280.0"
"818","2013","13","West Bengal","Midnapur","34642.0","53297.0","14579.0","29808.0","22614.0","27055.0","71835.0","110160.0"
"818","2014","13","West Bengal","Midnapur","34603.0","60676.0","26323.0","43469.0","20950.0","31665.0","81876.0","135810.0"
"818","2015","13","West Bengal","Midnapur","42082.0","63587.0","28298.0","50587.0","17714.0","32048.0","88094.0","146222.0"
"818","2016","13","West Bengal","Midnapur","36712.0","62781.0","23637.0","50015.0","18612.0","31453.0","78961.0","144249.0"
"818","2017","13","West Bengal","Midnapur","35301.0","66039.0","27053.0","55180.0","21758.0","42803.0","84113.0","164022.0"
"822","1995","13","West Bengal","West Dinajpur","-1.0","-1.0","-1.0","-1.0","-1.0","-1.0","-1.0","-1.0"
"822","1996","13","West Bengal","West Dinajpur","-1.0","-1.0","-1.0","-1.0","-1.0","-1.0","-1.0","-1.0"
"822","1997","13","West Bengal","West Dinajpur","-1.0","-1.0","-1.0","-1.0","-1.0","-1.0","-1.0","-1.0"
"822","1998","13","West Bengal","West Dinajpur","-1.0","-1.0","-1.0","-1.0","-1.0","-1.0","-1.0","-1.0"
"822","1999","13","West Bengal","West Dinajpur","-1.0","-1.0","-1.0","-1.0","-1.0","-1.0","-1.0","-1.0"
"822","2000","13","West Bengal","West Dinajpur","-1.0","-1.0","-1.0","-1.0","-1.0","-1.0","-1.0","-1.0"
"822","2001","13","West Bengal","West Dinajpur","-1.0","-1.0","-1.0","-1.0","-1.0","-1.0","-1.0","-1.0"
"822","2002","13","West Bengal","West Dinajpur","10350.0","22843.0","5983.0","15219.0","4890.0","9394.0","21223.0","47456.0"
"822","2003","13","West Bengal","West Dinajpur","11860.0","24288.0","4905.0","13419.0","3785.0","7184.0","20550.0","44891.0"
"822","2004","13","West Bengal","West Dinajpur","13363.0","31328.0","5990.0","15994.0","5365.0","14994.0","24718.0","62316.0"
"822","2005","13","West Bengal","West Dinajpur","13663.0","25560.0","8390.0","19295.0","5565.0","13264.0","27618.0","58119.0"
"822","2006","13","West Bengal","West Dinajpur","16693.0","33412.0","11002.0","16495.0","5105.0","12819.0","32800.0","62726.0"
"822","2007","13","West Bengal","West Dinajpur","18843.0","32996.0","8766.0","11833.0","8992.0","9634.0","36601.0","54463.0"
"822","2008","13","West Bengal","West Dinajpur","26238.0","34643.0","11980.0","22697.0","14186.0","14446.0","52404.0","71786.0"
"822","2009","13","West Bengal","West Dinajpur","28303.0","41837.0","16073.0","18761.0","9893.0","31113.0","54269.0","91711.0"
"822","2010","13","West Bengal","West Dinajpur","28758.0","48345.0","20027.0","23834.0","11192.0","19444.0","59977.0","91623.0"
"822","2011","13","West Bengal","West Dinajpur","27954.0","49976.0","16907.0","25978.0","5817.0","22700.0","50678.0","98654.0"
"822","2012","13","West Bengal","West Dinajpur","32968.0","61835.0","12442.0","28839.0","5818.0","19651.0","51228.0","110325.0"
"822","2013","13","West Bengal","West Dinajpur","26402.0","48961.0","7517.0","19279.0","9487.0","19806.0","43406.0","88046.0"
"822","2014","13","West Bengal","West Dinajpur","34976.0","43693.0","14604.0","22547.0","15360.0","20937.0","64940.0","87177.0"
"822","2015","13","West Bengal","West Dinajpur","38538.0","67312.0","15885.0","31418.0","14087.0","21354.0","68510.0","120084.0"
"822","2016","13","West Bengal","West Dinajpur","30232.0","67211.0","9886.0","31523.0","12290.0","21400.0","52408.0","120134.0"
"822","2017","13","West Bengal","West Dinajpur","28263.0","62445.0","9968.0","34070.0","15258.0","27745.0","53490.0","124260.0"
"901","1990","2","Bihar","Champaran","-1.0","-1.0","-1.0","-1.0","-1.0","-1.0","-1.0","-1.0"
"901","1991","2","Bihar","Champaran","-1.0","-1.0","-1.0","-1.0","-1.0","-1.0","-1.0","-1.0"
"901","1993","2","Bihar","Champaran","34722.0","29623.0","2792.0","4684.0","439.0","1407.0","37953.0","35714.0"
"901","1994","2","Bihar","Champaran","28093.0","25754.0","5198.0","5596.0","1616.0","3746.0","34907.0","35096.0"
"901","1995","2","Bihar","Champaran","27625.0","24766.0","3908.0","6740.0","2784.0","2423.0","34317.0","33929.0"
"901","1996","2","Bihar","Champaran","31859.0","28150.0","3383.0","5678.0","1844.0","4248.0","37086.0","38076.0"
"901","1997","2","Bihar","Champaran","-1.0","-1.0","-1.0","-1.0","-1.0","-1.0","-1.0","-1.0"
"901","1998","2","Bihar","Champaran","-1.0","-1.0","-1.0","-1.0","-1.0","-1.0","-1.0","-1.0"
"901","1999","2","Bihar","Champaran","47100.0","41800.0","10100.0","12400.0","3200.0","5200.0","60400.0","59400.0"
"901","2000","2","Bihar","Champaran","41305.0","40152.0","5819.0","15379.0","2482.0","4323.0","49606.0","59854.0"
"901","2001","2","Bihar","Champaran","45448.0","36460.0","7322.0","10012.0","2429.0","5723.0","55199.0","52195.0"
"901","2002","2","Bihar","Champaran","-1.0","-1.0","-1.0","-1.0","-1.0","-1.0","-1.0","-1.0"
"901","2003","2","Bihar","Champaran","45933.0","35979.0","238.0","3541.0","126.0","3130.0","46297.0","42650.0"
"901","2004","2","Bihar","Champaran","52315.0","35972.0","3529.0","8326.0","519.0","3492.0","56363.0","47790.0"
"901","2005","2","Bihar","Champaran","48813.0","40607.0","5385.0","12096.0","5964.0","9185.0","60162.0","61888.0"
"901","2006","2","Bihar","Champaran","48515.0","52292.0","8940.0","16474.0","2851.0","7239.0","60306.0","76005.0"
"901","2007","2","Bihar","Champaran","45451.0","66431.0","7232.0","11281.0","3421.0","5768.0","56104.0","83480.0"
"901","2008","2","Bihar","Champaran","60985.0","55907.0","13367.0","13798.0","9166.0","9598.0","83518.0","79303.0"
"901","2009","2","Bihar","Champaran","59387.0","53866.0","10508.0","16479.0","5481.0","13489.0","75376.0","83834.0"
"901","2010","2","Bihar","Champaran","54291.0","57727.0","14031.0","19048.0","4775.0","15251.0","73097.0","92026.0"
"901","2011","2","Bihar","Champaran","55364.0","66348.0","11052.0","23184.0","2016.0","12346.0","68432.0","101878.0"
"901","2012","2","Bihar","Champaran","61671.0","72719.0","15243.0","24420.0","5615.0","5665.0","82529.0","102804.0"
"901","2013","2","Bihar","Champaran","59593.0","53790.0","6392.0","15354.0","5090.0","5351.0","71075.0","74495.0"
"901","2014","2","Bihar","Champaran","55124.0","64149.0","10229.0","19334.0","6002.0","11138.0","71356.0","94621.0"
"901","2015","2","Bihar","Champaran","60825.0","90646.0","13725.0","25244.0","5156.0","9897.0","79705.0","125787.0"
"901","2016","2","Bihar","Champaran","56762.0","68211.0","9339.0","26400.0","4045.0","16795.0","70146.0","111406.0"
"901","2017","2","Bihar","Champaran","59202.0","66725.0","15680.0","30913.0","7402.0","12927.0","82285.0","110565.0"
"902","1990","2","Bihar","Muzaffarpur","-1.0","-1.0","-1.0","-1.0","-1.0","-1.0","-1.0","-1.0"
"902","1991","2","Bihar","Muzaffarpur","-1.0","-1.0","-1.0","-1.0","-1.0","-1.0","-1.0","-1.0"
"902","1993","2","Bihar","Muzaffarpur","15183.0","19665.0","2212.0","5708.0","268.0","971.0","17663.0","26344.0"
"902","1994","2","Bihar","Muzaffarpur","14833.0","17843.0","3543.0","3702.0","1171.0","1043.0","19547.0","22588.0"
"902","1995","2","Bihar","Muzaffarpur","23885.0","19049.0","5479.0","5252.0","2455.0","610.0","31819.0","24911.0"
"902","1996","2","Bihar","Muzaffarpur","27546.0","21652.0","4744.0","4425.0","1625.0","1069.0","33915.0","27146.0"
"902","1997","2","Bihar","Muzaffarpur","-1.0","-1.0","-1.0","-1.0","-1.0","-1.0","-1.0","-1.0"
"902","1998","2","Bihar","Muzaffarpur","-1.0","-1.0","-1.0","-1.0","-1.0","-1.0","-1.0","-1.0"
"902","1999","2","Bihar","Muzaffarpur","36800.0","40300.0","8900.0","11900.0","2700.0","4500.0","48400.0","56700.0"
"902","2000","2","Bihar","Muzaffarpur","48384.0","53432.0","6895.0","15301.0","2520.0","2905.0","57799.0","71638.0"
"902","2001","2","Bihar","Muzaffarpur","29008.0","32862.0","6158.0","10076.0","1621.0","6145.0","36787.0","49083.0"
"902","2002","2","Bihar","Muzaffarpur","-1.0","-1.0","-1.0","-1.0","-1.0","-1.0","-1.0","-1.0"
"902","2003","2","Bihar","Muzaffarpur","25085.0","34091.0","338.0","3477.0","40.0","2295.0","25463.0","39863.0"
"902","2004","2","Bihar","Muzaffarpur","32218.0","35795.0","1310.0","4534.0","179.0","6291.0","33707.0","46620.0"
"902","2005","2","Bihar","Muzaffarpur","29413.0","48683.0","3952.0","9816.0","3539.0","8237.0","36904.0","66736.0"
"902","2006","2","Bihar","Muzaffarpur","35486.0","56710.0","7538.0","10185.0","3870.0","5040.0","46894.0","71935.0"
"902","2007","2","Bihar","Muzaffarpur","38151.0","43181.0","6315.0","11969.0","2594.0","3677.0","47060.0","58827.0"
"902","2008","2","Bihar","Muzaffarpur","49409.0","61607.0","15434.0","20185.0","11581.0","9537.0","76424.0","91329.0"
"902","2009","2","Bihar","Muzaffarpur","50667.0","62453.0","13893.0","19201.0","8352.0","15206.0","72912.0","96860.0"
"902","2010","2","Bihar","Muzaffarpur","40978.0","72477.0","16849.0","22325.0","6706.0","14347.0","64533.0","109149.0"
"902","2011","2","Bihar","Muzaffarpur","46035.0","62004.0","14880.0","19663.0","3688.0","10593.0","64603.0","92260.0"
"902","2012","2","Bihar","Muzaffarpur","50973.0","76687.0","13668.0","18038.0","4016.0","7018.0","68657.0","101743.0"
"902","2013","2","Bihar","Muzaffarpur","42656.0","60030.0","7502.0","17929.0","3056.0","6879.0","53214.0","84838.0"
"902","2014","2","Bihar","Muzaffarpur","39357.0","59492.0","6095.0","14892.0","4450.0","6967.0","49902.0","81351.0"
"902","2015","2","Bihar","Muzaffarpur","50549.0","76805.0","10970.0","23282.0","4432.0","7182.0","65952.0","107269.0"
"902","2016","2","Bihar","Muzaffarpur","42408.0","61180.0","6834.0","24978.0","4423.0","13489.0","53666.0","99647.0"
"902","2017","2","Bihar","Muzaffarpur","44890.0","64573.0","17500.0","25921.0","6956.0","14233.0","69348.0","104727.0"
"903","1990","2","Bihar","Darbhanga","-1.0","-1.0","-1.0","-1.0","-1.0","-1.0","-1.0","-1.0"
"903","1991","2","Bihar","Darbhanga","-1.0","-1.0","-1.0","-1.0","-1.0","-1.0","-1.0","-1.0"
"903","1993","2","Bihar","Darbhanga","11204.0","14800.0","1961.0","3520.0","397.0","816.0","13562.0","19136.0"
"903","1994","2","Bihar","Darbhanga","12563.0","17070.0","3431.0","4126.0","923.0","766.0","16917.0","21962.0"
"903","1995","2","Bihar","Darbhanga","14994.0","17642.0","4779.0","6353.0","2352.0","1385.0","22125.0","25380.0"
"903","1996","2","Bihar","Darbhanga","17292.0","20052.0","4138.0","5351.0","1557.0","2429.0","22987.0","27832.0"
"903","1997","2","Bihar","Darbhanga","-1.0","-1.0","-1.0","-1.0","-1.0","-1.0","-1.0","-1.0"
"903","1998","2","Bihar","Darbhanga","-1.0","-1.0","-1.0","-1.0","-1.0","-1.0","-1.0","-1.0"
"903","1999","2","Bihar","Darbhanga","18000.0","28200.0","5800.0","9700.0","1100.0","3200.0","24900.0","41100.0"
"903","2000","2","Bihar","Darbhanga","16097.0","20235.0","3689.0","8424.0","1381.0","1461.0","21167.0","30120.0"
"903","2001","2","Bihar","Darbhanga","20789.0","31206.0","6168.0","10391.0","1402.0","4107.0","28359.0","45704.0"
"903","2002","2","Bihar","Darbhanga","-1.0","-1.0","-1.0","-1.0","-1.0","-1.0","-1.0","-1.0"
"903","2003","2","Bihar","Darbhanga","22198.0","29765.0","357.0","5684.0","217.0","3394.0","22772.0","38843.0"
"903","2004","2","Bihar","Darbhanga","19754.0","34911.0","2516.0","7569.0","341.0","5225.0","22611.0","47705.0"
"903","2005","2","Bihar","Darbhanga","24182.0","36607.0","3437.0","8525.0","2774.0","6939.0","30393.0","52071.0"
"903","2006","2","Bihar","Darbhanga","20397.0","40707.0","6763.0","8311.0","3304.0","4103.0","30464.0","53121.0"
"903","2007","2","Bihar","Darbhanga","19314.0","42588.0","5123.0","11672.0","2230.0","4423.0","26667.0","58683.0"
"903","2008","2","Bihar","Darbhanga","30843.0","40338.0","11020.0","13085.0","6297.0","7218.0","48160.0","60641.0"
"903","2009","2","Bihar","Darbhanga","27106.0","42869.0","7340.0","14707.0","5240.0","11068.0","39686.0","68644.0"
"903","2010","2","Bihar","Darbhanga","27837.0","52398.0","13880.0","16008.0","5076.0","10381.0","46793.0","78787.0"
"903","2011","2","Bihar","Darbhanga","32970.0","51064.0","11843.0","17476.0","1614.0","6959.0","46427.0","75499.0"
"903","2012","2","Bihar","Darbhanga","36934.0","59243.0","12627.0","17293.0","2722.0","4570.0","52283.0","81106.0"
"903","2013","2","Bihar","Darbhanga","28064.0","50091.0","4451.0","16079.0","2841.0","6778.0","35356.0","72948.0"
"903","2014","2","Bihar","Darbhanga","31216.0","50653.0","5885.0","17900.0","3185.0","7431.0","40286.0","75984.0"
"903","2015","2","Bihar","Darbhanga","39471.0","69694.0","9978.0","20083.0","3834.0","5309.0","53285.0","95086.0"
"903","2016","2","Bihar","Darbhanga","28651.0","46721.0","4419.0","19236.0","3607.0","9620.0","36677.0","75577.0"
"903","2017","2","Bihar","Darbhanga","31664.0","48212.0","10729.0","20799.0","4238.0","9101.0","46631.0","78112.0"
"904","1990","2","Bihar","Saharsa","-1.0","-1.0","-1.0","-1.0","-1.0","-1.0","-1.0","-1.0"
"904","1991","2","Bihar","Saharsa","-1.0","-1.0","-1.0","-1.0","-1.0","-1.0","-1.0","-1.0"
"904","1993","2","Bihar","Saharsa","5847.0","7094.0","467.0","474.0","43.0","67.0","6357.0","7635.0"
"904","1994","2","Bihar","Saharsa","8114.0","11911.0","1039.0","1097.0","46.0","76.0","9199.0","13084.0"
"904","1995","2","Bihar","Saharsa","5260.0","8668.0","679.0","1378.0","473.0","588.0","6412.0","10634.0"
"904","1996","2","Bihar","Saharsa","6067.0","9853.0","588.0","1161.0","314.0","1031.0","6969.0","12045.0"
"904","1997","2","Bihar","Saharsa","-1.0","-1.0","-1.0","-1.0","-1.0","-1.0","-1.0","-1.0"
"904","1998","2","Bihar","Saharsa","-1.0","-1.0","-1.0","-1.0","-1.0","-1.0","-1.0","-1.0"
"904","1999","2","Bihar","Saharsa","5900.0","10000.0","1000.0","3200.0","300.0","1000.0","7200.0","14200.0"
"904","2000","2","Bihar","Saharsa","7110.0","9132.0","1770.0","2808.0","451.0","1608.0","9331.0","13548.0"
"904","2001","2","Bihar","Saharsa","4202.0","8466.0","1507.0","2166.0","309.0","1037.0","6018.0","11669.0"
"904","2002","2","Bihar","Saharsa","-1.0","-1.0","-1.0","-1.0","-1.0","-1.0","-1.0","-1.0"
"904","2003","2","Bihar","Saharsa","4488.0","12258.0","108.0","1549.0","30.0","530.0","4626.0","14337.0"
"904","2004","2","Bihar","Saharsa","4373.0","7347.0","247.0","1358.0","27.0","1804.0","4647.0","10509.0"
"904","2005","2","Bihar","Saharsa","4239.0","7073.0","455.0","1962.0","330.0","2104.0","5024.0","11139.0"
"904","2006","2","Bihar","Saharsa","5258.0","14522.0","900.0","4248.0","222.0","3025.0","6380.0","21795.0"
"904","2007","2","Bihar","Saharsa","6789.0","14342.0","1353.0","3230.0","791.0","3072.0","8933.0","20644.0"
"904","2008","2","Bihar","Saharsa","6170.0","13446.0","2007.0","3945.0","1406.0","5082.0","9583.0","22473.0"
"904","2009","2","Bihar","Saharsa","9154.0","14925.0","2122.0","4615.0","977.0","4998.0","12253.0","24538.0"
"904","2010","2","Bihar","Saharsa","9169.0","14027.0","2542.0","3842.0","858.0","5165.0","12569.0","23034.0"
"904","2011","2","Bihar","Saharsa","9251.0","18604.0","2606.0","5648.0","760.0","4062.0","12617.0","28314.0"
"904","2012","2","Bihar","Saharsa","12304.0","21352.0","2295.0","6923.0","957.0","2976.0","15556.0","31251.0"
"904","2013","2","Bihar","Saharsa","11222.0","19401.0","1378.0","7056.0","1625.0","3097.0","14225.0","29554.0"
"904","2014","2","Bihar","Saharsa","9823.0","23006.0","1975.0","6635.0","1865.0","5092.0","13663.0","34733.0"
"904","2015","2","Bihar","Saharsa","15045.0","29708.0","4604.0","10234.0","2232.0","5409.0","21880.0","45351.0"
"904","2016","2","Bihar","Saharsa","13319.0","27354.0","3557.0","11649.0","1972.0","8490.0","18849.0","47493.0"
"904","2017","2","Bihar","Saharsa","14680.0","29402.0","4258.0","14036.0","4394.0","7298.0","23332.0","50736.0"
"905","1990","2","Bihar","Purnea","-1.0","-1.0","-1.0","-1.0","-1.0","-1.0","-1.0","-1.0"
"905","1991","2","Bihar","Purnea","-1.0","-1.0","-1.0","-1.0","-1.0","-1.0","-1.0","-1.0"
"905","1993","2","Bihar","Purnea","16109.0","14482.0","2276.0","1471.0","703.0","1880.0","19088.0","17833.0"
"905","1994","2","Bihar","Purnea","22577.0","36988.0","3160.0","4300.0","831.0","5295.0","26568.0","46583.0"
"905","1995","2","Bihar","Purnea","19927.0","24196.0","3418.0","6991.0","4829.0","5669.0","28174.0","36856.0"
"905","1996","2","Bihar","Purnea","22982.0","27502.0","2959.0","5890.0","3196.0","9939.0","29137.0","43331.0"
"905","1997","2","Bihar","Purnea","-1.0","-1.0","-1.0","-1.0","-1.0","-1.0","-1.0","-1.0"
"905","1998","2","Bihar","Purnea","-1.0","-1.0","-1.0","-1.0","-1.0","-1.0","-1.0","-1.0"
"905","1999","2","Bihar","Purnea","21000.0","26000.0","7200.0","10100.0","1400.0","2700.0","29600.0","38800.0"
"905","2000","2","Bihar","Purnea","23095.0","29318.0","4905.0","11151.0","1260.0","4375.0","29260.0","44844.0"
"905","2001","2","Bihar","Purnea","20142.0","31026.0","5570.0","4748.0","3887.0","4797.0","29599.0","40571.0"
"905","2002","2","Bihar","Purnea","-1.0","-1.0","-1.0","-1.0","-1.0","-1.0","-1.0","-1.0"
"905","2003","2","Bihar","Purnea","24607.0","29663.0","1974.0","5225.0","624.0","3887.0","27205.0","38775.0"
"905","2004","2","Bihar","Purnea","24418.0","29290.0","1623.0","7186.0","126.0","6309.0","26167.0","42785.0"
"905","2005","2","Bihar","Purnea","31665.0","39149.0","6835.0","14106.0","8570.0","14095.0","47070.0","67350.0"
"905","2006","2","Bihar","Purnea","30271.0","48766.0","7277.0","15359.0","6525.0","10003.0","44073.0","74128.0"
"905","2007","2","Bihar","Purnea","30460.0","53845.0","6804.0","10731.0","3513.0","6942.0","40777.0","71518.0"
"905","2008","2","Bihar","Purnea","35189.0","61916.0","7712.0","18595.0","9311.0","19929.0","52212.0","100440.0"
"905","2009","2","Bihar","Purnea","44544.0","48475.0","10805.0","13585.0","6954.0","22182.0","62303.0","84242.0"
"905","2010","2","Bihar","Purnea","41480.0","56896.0","15837.0","19020.0","10508.0","18872.0","67825.0","94788.0"
"905","2011","2","Bihar","Purnea","46993.0","58033.0","16421.0","25889.0","4176.0","17686.0","67590.0","101608.0"
"905","2012","2","Bihar","Purnea","51611.0","79099.0","18049.0","34802.0","5373.0","12425.0","75033.0","126326.0"
"905","2013","2","Bihar","Purnea","54122.0","80992.0","8457.0","33842.0","11363.0","17178.0","73942.0","132012.0"
"905","2014","2","Bihar","Purnea","53007.0","78488.0","11010.0","24580.0","8961.0","18030.0","72979.0","121098.0"
"905","2015","2","Bihar","Purnea","54575.0","108019.0","16580.0","43240.0","6930.0","20052.0","78084.0","171311.0"
"905","2016","2","Bihar","Purnea","47590.0","106565.0","10568.0","46191.0","7093.0","31188.0","65249.0","183944.0"
"905","2017","2","Bihar","Purnea","42102.0","106499.0","10696.0","51841.0","11153.0","27954.0","63949.0","186294.0"
"906","1990","2","Bihar","Saran","-1.0","-1.0","-1.0","-1.0","-1.0","-1.0","-1.0","-1.0"
"906","1991","2","Bihar","Saran","-1.0","-1.0","-1.0","-1.0","-1.0","-1.0","-1.0","-1.0"
"906","1993","2","Bihar","Saran","11406.0","10235.0","2163.0","2669.0","767.0","790.0","14336.0","13694.0"
"906","1994","2","Bihar","Saran","18191.0","19898.0","2613.0","5955.0","1699.0","755.0","22503.0","26608.0"
"906","1995","2","Bihar","Saran","15671.0","20093.0","2906.0","5800.0","1739.0","826.0","20316.0","26719.0"
"906","1996","2","Bihar","Saran","18073.0","22838.0","2516.0","4886.0","1151.0","1449.0","21740.0","29173.0"
"906","1997","2","Bihar","Saran","-1.0","-1.0","-1.0","-1.0","-1.0","-1.0","-1.0","-1.0"
"906","1998","2","Bihar","Saran","-1.0","-1.0","-1.0","-1.0","-1.0","-1.0","-1.0","-1.0"
"906","1999","2","Bihar","Saran","18700.0","27000.0","5900.0","9800.0","1200.0","3100.0","25800.0","39900.0"
"906","2000","2","Bihar","Saran","16072.0","18134.0","4318.0","5656.0","524.0","1752.0","20914.0","25542.0"
"906","2001","2","Bihar","Saran","16119.0","17738.0","2723.0","3169.0","830.0","654.0","19672.0","21561.0"
"906","2002","2","Bihar","Saran","-1.0","-1.0","-1.0","-1.0","-1.0","-1.0","-1.0","-1.0"
"906","2003","2","Bihar","Saran","13889.0","14923.0","362.0","1501.0","195.0","931.0","14446.0","17355.0"
"906","2004","2","Bihar","Saran","13467.0","20717.0","125.0","2649.0","130.0","942.0","13722.0","24308.0"
"906","2005","2","Bihar","Saran","19146.0","21605.0","1833.0","3819.0","680.0","1650.0","21659.0","27074.0"
"906","2006","2","Bihar","Saran","22899.0","30368.0","3110.0","6628.0","533.0","1793.0","26542.0","38789.0"
"906","2007","2","Bihar","Saran","35648.0","40532.0","6120.0","10562.0","1556.0","2718.0","43324.0","53812.0"
"906","2008","2","Bihar","Saran","28190.0","34886.0","9167.0","11111.0","3595.0","5355.0","40952.0","51352.0"
"906","2009","2","Bihar","Saran","25289.0","35557.0","4288.0","14651.0","2462.0","6007.0","32039.0","56215.0"
"906","2010","2","Bihar","Saran","26751.0","36661.0","8131.0","9352.0","2152.0","4737.0","37034.0","50750.0"
"906","2011","2","Bihar","Saran","27658.0","33577.0","8334.0","10377.0","2477.0","2992.0","38469.0","46946.0"
"906","2012","2","Bihar","Saran","26911.0","43812.0","8128.0","13610.0","1091.0","2803.0","36130.0","60225.0"
"906","2013","2","Bihar","Saran","19869.0","31278.0","2170.0","7698.0","681.0","1734.0","22720.0","40710.0"
"906","2014","2","Bihar","Saran","24606.0","33666.0","3836.0","7515.0","1252.0","2673.0","29694.0","43854.0"
"906","2015","2","Bihar","Saran","31296.0","46126.0","4877.0","11341.0","1137.0","1614.0","37309.0","59081.0"
"906","2016","2","Bihar","Saran","21140.0","34714.0","1195.0","6814.0","58.0","693.0","22392.0","42221.0"
"906","2017","2","Bihar","Saran","30047.0","35637.0","3827.0","12383.0","600.0","2935.0","34473.0","50955.0"
"907","1990","2","Bihar","Patna","-1.0","-1.0","-1.0","-1.0","-1.0","-1.0","-1.0","-1.0"
"907","1991","2","Bihar","Patna","-1.0","-1.0","-1.0","-1.0","-1.0","-1.0","-1.0","-1.0"
"907","1993","2","Bihar","Patna","18918.0","33881.0","3594.0","7746.0","332.0","997.0","22844.0","42624.0"
"907","1994","2","Bihar","Patna","17148.0","23911.0","3645.0","2686.0","978.0","1032.0","21771.0","27629.0"
"907","1995","2","Bihar","Patna","32313.0","36691.0","3221.0","4880.0","1211.0","243.0","36745.0","41814.0"
"907","1996","2","Bihar","Patna","37265.0","41704.0","2789.0","4111.0","801.0","426.0","40855.0","46241.0"
"907","1997","2","Bihar","Patna","-1.0","-1.0","-1.0","-1.0","-1.0","-1.0","-1.0","-1.0"
"907","1998","2","Bihar","Patna","-1.0","-1.0","-1.0","-1.0","-1.0","-1.0","-1.0","-1.0"
"907","1999","2","Bihar","Patna","32800.0","26800.0","5200.0","10900.0","2300.0","3100.0","40300.0","40800.0"
"907","2000","2","Bihar","Patna","28973.0","28520.0","6532.0","9454.0","653.0","1285.0","36158.0","39259.0"
"907","2001","2","Bihar","Patna","25446.0","26543.0","4031.0","3447.0","590.0","1512.0","30067.0","31502.0"
"907","2002","2","Bihar","Patna","-1.0","-1.0","-1.0","-1.0","-1.0","-1.0","-1.0","-1.0"
"907","2003","2","Bihar","Patna","27731.0","31097.0","170.0","6049.0","29.0","1421.0","27930.0","38567.0"
"907","2004","2","Bihar","Patna","21709.0","29369.0","1344.0","8654.0","574.0","2104.0","23627.0","40127.0"
"907","2005","2","Bihar","Patna","28540.0","37819.0","5300.0","10356.0","1533.0","3707.0","35373.0","51882.0"
"907","2006","2","Bihar","Patna","29935.0","46523.0","6796.0","10249.0","2265.0","3045.0","38996.0","59817.0"
"907","2007","2","Bihar","Patna","38137.0","43653.0","5243.0","11532.0","2149.0","4383.0","45529.0","59568.0"
"907","2008","2","Bihar","Patna","38233.0","43673.0","9115.0","12450.0","5294.0","4777.0","52642.0","60900.0"
"907","2009","2","Bihar","Patna","29995.0","42361.0","8275.0","13268.0","3290.0","7835.0","41560.0","63464.0"
"907","2010","2","Bihar","Patna","29669.0","48834.0","11527.0","11738.0","4584.0","5888.0","45780.0","66460.0"
"907","2011","2","Bihar","Patna","36805.0","47238.0","9499.0","14001.0","1441.0","5874.0","47745.0","67113.0"
"907","2012","2","Bihar","Patna","39320.0","47598.0","8386.0","11190.0","2911.0","3789.0","50617.0","62577.0"
"907","2013","2","Bihar","Patna","36910.0","37175.0","5404.0","8332.0","955.0","2971.0","43269.0","48478.0"
"907","2014","2","Bihar","Patna","36081.0","40595.0","8029.0","11554.0","1693.0","2074.0","45802.0","54223.0"
"907","2015","2","Bihar","Patna","44720.0","58973.0","12258.0","13540.0","1820.0","2045.0","58798.0","74558.0"
"907","2016","2","Bihar","Patna","40612.0","42799.0","8350.0","14201.0","1240.0","4706.0","50203.0","61706.0"
"907","2017","2","Bihar","Patna","46902.0","43997.0","11624.0","13148.0","1283.0","2995.0","59808.0","60140.0"
"908","1990","2","Bihar","Mungair","-1.0","-1.0","-1.0","-1.0","-1.0","-1.0","-1.0","-1.0"
"908","1991","2","Bihar","Mungair","-1.0","-1.0","-1.0","-1.0","-1.0","-1.0","-1.0","-1.0"
"908","1993","2","Bihar","Mungair","8789.0","29251.0","2474.0","5739.0","740.0","1714.0","12003.0","36704.0"
"908","1994","2","Bihar","Mungair","20717.0","28715.0","5431.0","3632.0","2743.0","2399.0","28891.0","34746.0"
"908","1995","2","Bihar","Mungair","20512.0","27356.0","5768.0","3790.0","3727.0","647.0","30007.0","31793.0"
"908","1996","2","Bihar","Mungair","23657.0","31095.0","4994.0","3193.0","2467.0","1135.0","31118.0","35423.0"
"908","1997","2","Bihar","Mungair","-1.0","-1.0","-1.0","-1.0","-1.0","-1.0","-1.0","-1.0"
"908","1998","2","Bihar","Mungair","-1.0","-1.0","-1.0","-1.0","-1.0","-1.0","-1.0","-1.0"
"908","1999","2","Bihar","Mungair","26400.0","38600.0","6000.0","11400.0","1600.0","4400.0","34000.0","54400.0"
"908","2000","2","Bihar","Mungair","24019.0","41070.0","5931.0","12475.0","2796.0","2452.0","32746.0","55997.0"
"908","2001","2","Bihar","Mungair","24306.0","36528.0","5969.0","4776.0","1981.0","6049.0","32256.0","47353.0"
"908","2002","2","Bihar","Mungair","-1.0","-1.0","-1.0","-1.0","-1.0","-1.0","-1.0","-1.0"
"908","2003","2","Bihar","Mungair","23969.0","42387.0","1268.0","3032.0","196.0","5101.0","25433.0","50520.0"
"908","2004","2","Bihar","Mungair","25884.0","48213.0","1801.0","7996.0","163.0","7982.0","27848.0","64191.0"
"908","2005","2","Bihar","Mungair","26937.0","51417.0","4002.0","10587.0","3721.0","10962.0","34660.0","72966.0"
"908","2006","2","Bihar","Mungair","27441.0","55160.0","9774.0","12840.0","6564.0","7980.0","43779.0","75980.0"
"908","2007","2","Bihar","Mungair","37864.0","71918.0","11812.0","15940.0","5334.0","9096.0","55010.0","96954.0"
"908","2008","2","Bihar","Mungair","34346.0","62505.0","12491.0","18279.0","11082.0","12482.0","57919.0","93266.0"
"908","2009","2","Bihar","Mungair","31414.0","60910.0","11080.0","18605.0","6019.0","20917.0","48513.0","100432.0"
"908","2010","2","Bihar","Mungair","35587.0","67436.0","19380.0","15612.0","5790.0","17411.0","60757.0","100459.0"
"908","2011","2","Bihar","Mungair","41490.0","70161.0","16386.0","20730.0","3191.0","11951.0","61067.0","102842.0"
"908","2012","2","Bihar","Mungair","50446.0","79123.0","18059.0","29284.0","4231.0","11447.0","72736.0","119854.0"
"908","2013","2","Bihar","Mungair","38748.0","69111.0","6662.0","20577.0","3784.0","10955.0","49194.0","100643.0"
"908","2014","2","Bihar","Mungair","46259.0","71779.0","8752.0","21162.0","4416.0","9585.0","59427.0","102526.0"
"908","2015","2","Bihar","Mungair","49820.0","91579.0","14332.0","26903.0","4494.0","11080.0","68646.0","129562.0"
"908","2016","2","Bihar","Mungair","40542.0","79096.0","11347.0","31224.0","4044.0","18955.0","55933.0","129275.0"
"908","2017","2","Bihar","Mungair","45559.0","80102.0","13986.0","28575.0","5773.0","15360.0","65318.0","124037.0"
"909","1990","2","Bihar","Bhagalpur","-1.0","-1.0","-1.0","-1.0","-1.0","-1.0","-1.0","-1.0"
"909","1991","2","Bihar","Bhagalpur","-1.0","-1.0","-1.0","-1.0","-1.0","-1.0","-1.0","-1.0"
"909","1993","2","Bihar","Bhagalpur","10269.0","17637.0","2985.0","3245.0","217.0","140.0","13471.0","21022.0"
"909","1994","2","Bihar","Bhagalpur","19311.0","7756.0","3993.0","1423.0","1210.0","2273.0","24514.0","11452.0"
"909","1995","2","Bihar","Bhagalpur","21230.0","15069.0","4100.0","4024.0","4276.0","1528.0","29606.0","20621.0"
"909","1996","2","Bihar","Bhagalpur","24483.0","17128.0","3549.0","3391.0","2831.0","2679.0","30863.0","23198.0"
"909","1997","2","Bihar","Bhagalpur","-1.0","-1.0","-1.0","-1.0","-1.0","-1.0","-1.0","-1.0"
"909","1998","2","Bihar","Bhagalpur","-1.0","-1.0","-1.0","-1.0","-1.0","-1.0","-1.0","-1.0"
"909","1999","2","Bihar","Bhagalpur","20300.0","19200.0","6600.0","5500.0","1300.0","2100.0","28200.0","26800.0"
"909","2000","2","Bihar","Bhagalpur","15269.0","17248.0","3311.0","8090.0","1383.0","521.0","19963.0","25859.0"
"909","2001","2","Bihar","Bhagalpur","13310.0","15572.0","1678.0","552.0","933.0","2184.0","15921.0","18308.0"
"909","2002","2","Bihar","Bhagalpur","-1.0","-1.0","-1.0","-1.0","-1.0","-1.0","-1.0","-1.0"
"909","2003","2","Bihar","Bhagalpur","12232.0","13451.0","3.0","485.0","1.0","298.0","12236.0","14234.0"
"909","2004","2","Bihar","Bhagalpur","10832.0","13345.0","419.0","987.0","119.0","3650.0","11370.0","17982.0"
"909","2005","2","Bihar","Bhagalpur","13188.0","14209.0","2703.0","4602.0","2757.0","5611.0","18648.0","24422.0"
"909","2006","2","Bihar","Bhagalpur","15444.0","24500.0","3211.0","5164.0","2417.0","4135.0","21072.0","33799.0"
"909","2007","2","Bihar","Bhagalpur","22218.0","27277.0","3258.0","4433.0","1946.0","3724.0","27422.0","35434.0"
"909","2008","2","Bihar","Bhagalpur","24906.0","26245.0","4327.0","4451.0","4110.0","4374.0","33343.0","35070.0"
"909","2009","2","Bihar","Bhagalpur","19252.0","27240.0","4575.0","6004.0","2494.0","6470.0","26321.0","39714.0"
"909","2010","2","Bihar","Bhagalpur","17109.0","26833.0","6385.0","5846.0","2608.0","5428.0","26102.0","38107.0"
"909","2011","2","Bihar","Bhagalpur","19529.0","26281.0","5721.0","6811.0","1695.0","3964.0","26945.0","37056.0"
"909","2012","2","Bihar","Bhagalpur","22478.0","24268.0","5986.0","7593.0","1363.0","2284.0","29827.0","34145.0"
"909","2013","2","Bihar","Bhagalpur","18652.0","26465.0","1845.0","5451.0","2461.0","2984.0","22958.0","34900.0"
"909","2014","2","Bihar","Bhagalpur","24950.0","30736.0","3241.0","6007.0","3349.0","3954.0","31540.0","40697.0"
"909","2015","2","Bihar","Bhagalpur","24225.0","34101.0","6786.0","10081.0","1944.0","3791.0","32955.0","47973.0"
"909","2016","2","Bihar","Bhagalpur","20373.0","34530.0","4224.0","8872.0","2881.0","6351.0","27477.0","49753.0"
"909","2017","2","Bihar","Bhagalpur","23950.0","36829.0","8028.0","11278.0","4200.0","7011.0","36178.0","55118.0"
"910","1990","15","Jharkhand","Santhal Paragana / Dumka","-1.0","-1.0","-1.0","-1.0","-1.0","-1.0","-1.0","-1.0"
"910","1991","15","Jharkhand","Santhal Paragana / Dumka","-1.0","-1.0","-1.0","-1.0","-1.0","-1.0","-1.0","-1.0"
"910","1993","15","Jharkhand","Santhal Paragana / Dumka","5797.0","5174.0","1437.0","2324.0","170.0","219.0","7404.0","7717.0"
"910","1994","15","Jharkhand","Santhal Paragana / Dumka","7661.0","4345.0","1508.0","597.0","645.0","379.0","9814.0","5321.0"
"910","1995","15","Jharkhand","Santhal Paragana / Dumka","9199.0","6019.0","3423.0","2341.0","555.0","149.0","13177.0","8509.0"
"910","1996","15","Jharkhand","Santhal Paragana / Dumka","10608.0","6842.0","2964.0","1972.0","366.0","261.0","13938.0","9075.0"
"910","1997","15","Jharkhand","Santhal Paragana / Dumka","-1.0","-1.0","-1.0","-1.0","-1.0","-1.0","-1.0","-1.0"
"910","1998","15","Jharkhand","Santhal Paragana / Dumka","-1.0","-1.0","-1.0","-1.0","-1.0","-1.0","-1.0","-1.0"
"910","1999","15","Jharkhand","Santhal Paragana / Dumka","12100.0","8700.0","7600.0","3800.0","600.0","900.0","20300.0","13400.0"
"910","2003","15","Jharkhand","Santhal Paragana / Dumka","15371.0","7985.0","6975.0","4022.0","592.0","1045.0","22938.0","13052.0"
"910","2004","15","Jharkhand","Santhal Paragana / Dumka","14889.0","8198.0","5031.0","3473.0","743.0","1140.0","20663.0","12811.0"
"910","2005","15","Jharkhand","Santhal Paragana / Dumka","25109.0","9343.0","5546.0","6983.0","1487.0","1301.0","32142.0","17627.0"
"910","2006","15","Jharkhand","Santhal Paragana / Dumka","19849.0","7000.0","8578.0","5205.0","633.0","907.0","29060.0","13112.0"
"910","2007","15","Jharkhand","Santhal Paragana / Dumka","15641.0","11527.0","7532.0","6596.0","990.0","1860.0","24163.0","19983.0"
"910","2008","15","Jharkhand","Santhal Paragana / Dumka","19598.0","9611.0","9765.0","6159.0","3473.0","1311.0","32836.0","17081.0"
"910","2009","15","Jharkhand","Santhal Paragana / Dumka","16672.0","18575.0","9079.0","9769.0","2617.0","4691.0","28368.0","33035.0"
"910","2010","15","Jharkhand","Santhal Paragana / Dumka","15549.0","11253.0","7792.0","5938.0","1493.0","1543.0","24834.0","18734.0"
"910","2011","15","Jharkhand","Santhal Paragana / Dumka","23408.0","15674.0","7878.0","5730.0","2382.0","1355.0","33668.0","22759.0"
"910","2012","15","Jharkhand","Santhal Paragana / Dumka","18650.0","14544.0","3904.0","5512.0","436.0","344.0","22990.0","20400.0"
"910","2013","15","Jharkhand","Santhal Paragana / Dumka","16091.0","6919.0","2003.0","2430.0","299.0","495.0","18393.0","9844.0"
"910","2014","15","Jharkhand","Santhal Paragana / Dumka","18867.0","15248.0","3778.0","3766.0","722.0","508.0","23366.0","19522.0"
"910","2015","15","Jharkhand","Santhal Paragana / Dumka","24090.0","13704.0","9319.0","6351.0","1377.0","494.0","34786.0","20549.0"
"910","2016","15","Jharkhand","Santhal Paragana / Dumka","26189.0","13847.0","4405.0","4902.0","371.0","489.0","30964.0","19238.0"
"910","2017","15","Jharkhand","Santhal Paragana / Dumka","22059.0","7126.0","10503.0","17786.0","546.0","6757.0","33108.0","31669.0"
"911","1990","2","Bihar","Shahabad (now part of Bhojpur district)","-1.0","-1.0","-1.0","-1.0","-1.0","-1.0","-1.0","-1.0"
"911","1991","2","Bihar","Shahabad (now part of Bhojpur district)","-1.0","-1.0","-1.0","-1.0","-1.0","-1.0","-1.0","-1.0"
"911","1993","2","Bihar","Shahabad (now part of Bhojpur district)","28529.0","24028.0","5071.0","5708.0","12.0","129.0","33612.0","29865.0"
"911","1994","2","Bihar","Shahabad (now part of Bhojpur district)","24745.0","10936.0","4670.0","4934.0","568.0","711.0","29983.0","16581.0"
"911","1995","2","Bihar","Shahabad (now part of Bhojpur district)","38558.0","31239.0","6107.0","3456.0","1327.0","176.0","45992.0","34871.0"
"911","1996","2","Bihar","Shahabad (now part of Bhojpur district)","44468.0","35507.0","5288.0","2911.0","879.0","309.0","50635.0","38727.0"
"911","1997","2","Bihar","Shahabad (now part of Bhojpur district)","-1.0","-1.0","-1.0","-1.0","-1.0","-1.0","-1.0","-1.0"
"911","1998","2","Bihar","Shahabad (now part of Bhojpur district)","-1.0","-1.0","-1.0","-1.0","-1.0","-1.0","-1.0","-1.0"
"911","1999","2","Bihar","Shahabad (now part of Bhojpur district)","42400.0","39400.0","7900.0","8600.0","3000.0","5500.0","53300.0","53500.0"
"911","2000","2","Bihar","Shahabad (now part of Bhojpur district)","49034.0","40006.0","9724.0","8815.0","1063.0","1351.0","59821.0","50172.0"
"911","2001","2","Bihar","Shahabad (now part of Bhojpur district)","49310.0","35691.0","5669.0","7453.0","868.0","1049.0","55847.0","44193.0"
"911","2002","2","Bihar","Shahabad (now part of Bhojpur district)","-1.0","-1.0","-1.0","-1.0","-1.0","-1.0","-1.0","-1.0"
"911","2003","2","Bihar","Shahabad (now part of Bhojpur district)","51379.0","47849.0","258.0","2118.0","13.0","344.0","51650.0","50311.0"
"911","2004","2","Bihar","Shahabad (now part of Bhojpur district)","49747.0","42942.0","2058.0","3754.0","592.0","2138.0","52397.0","48834.0"
"911","2005","2","Bihar","Shahabad (now part of Bhojpur district)","49848.0","41553.0","3804.0","6640.0","487.0","2382.0","54139.0","50575.0"
"911","2006","2","Bihar","Shahabad (now part of Bhojpur district)","53097.0","63006.0","8965.0","11730.0","2453.0","2355.0","64515.0","77091.0"
"911","2007","2","Bihar","Shahabad (now part of Bhojpur district)","71593.0","70485.0","12612.0","13871.0","3369.0","3895.0","87574.0","88251.0"
"911","2008","2","Bihar","Shahabad (now part of Bhojpur district)","68675.0","60811.0","13365.0","14835.0","9223.0","4397.0","91263.0","80043.0"
"911","2009","2","Bihar","Shahabad (now part of Bhojpur district)","55976.0","66927.0","13026.0","16826.0","4537.0","6578.0","73539.0","90331.0"
"911","2010","2","Bihar","Shahabad (now part of Bhojpur district)","47278.0","58670.0","17766.0","16117.0","3722.0","3821.0","68766.0","78608.0"
"911","2011","2","Bihar","Shahabad (now part of Bhojpur district)","56660.0","64416.0","13431.0","16405.0","1680.0","4223.0","71771.0","85044.0"
"911","2012","2","Bihar","Shahabad (now part of Bhojpur district)","63340.0","83106.0","15509.0","21988.0","2725.0","3885.0","81574.0","108979.0"
"911","2013","2","Bihar","Shahabad (now part of Bhojpur district)","66681.0","63186.0","8995.0","14839.0","1936.0","3111.0","77612.0","81136.0"
"911","2014","2","Bihar","Shahabad (now part of Bhojpur district)","63509.0","67026.0","13006.0","15239.0","2405.0","3692.0","78921.0","85957.0"
"911","2015","2","Bihar","Shahabad (now part of Bhojpur district)","71110.0","85180.0","18794.0","17937.0","1903.0","3138.0","91807.0","106255.0"
"911","2016","2","Bihar","Shahabad (now part of Bhojpur district)","71939.0","66996.0","13957.0","21532.0","1641.0","3575.0","87538.0","92103.0"
"911","2017","2","Bihar","Shahabad (now part of Bhojpur district)","73207.0","89721.0","21289.0","29509.0","4199.0","3735.0","98696.0","122965.0"
"912","1990","2","Bihar","Gaya","-1.0","-1.0","-1.0","-1.0","-1.0","-1.0","-1.0","-1.0"
"912","1991","2","Bihar","Gaya","-1.0","-1.0","-1.0","-1.0","-1.0","-1.0","-1.0","-1.0"
"912","1993","2","Bihar","Gaya","27251.0","38906.0","4931.0","16419.0","183.0","544.0","32365.0","55869.0"
"912","1994","2","Bihar","Gaya","17874.0","9305.0","7529.0","2682.0","1399.0","1418.0","26802.0","13405.0"
"912","1995","2","Bihar","Gaya","35968.0","27240.0","8265.0","5681.0","1806.0","209.0","46039.0","33130.0"
"912","1996","2","Bihar","Gaya","41480.0","30962.0","7155.0","4786.0","1196.0","366.0","49831.0","36114.0"
"912","1997","2","Bihar","Gaya","-1.0","-1.0","-1.0","-1.0","-1.0","-1.0","-1.0","-1.0"
"912","1998","2","Bihar","Gaya","-1.0","-1.0","-1.0","-1.0","-1.0","-1.0","-1.0","-1.0"
"912","1999","2","Bihar","Gaya","47900.0","33700.0","11700.0","6500.0","3200.0","4700.0","62800.0","44900.0"
"912","2000","2","Bihar","Gaya","47033.0","35175.0","8938.0","4307.0","519.0","539.0","56490.0","40021.0"
"912","2001","2","Bihar","Gaya","46078.0","31265.0","5192.0","2641.0","602.0","684.0","51872.0","34590.0"
"912","2002","2","Bihar","Gaya","-1.0","-1.0","-1.0","-1.0","-1.0","-1.0","-1.0","-1.0"
"912","2003","2","Bihar","Gaya","51226.0","29382.0","7260.0","851.0","1979.0","897.0","60465.0","31130.0"
"912","2004","2","Bihar","Gaya","35417.0","30233.0","1144.0","1241.0","476.0","414.0","37037.0","31888.0"
"912","2005","2","Bihar","Gaya","38946.0","34622.0","5324.0","6418.0","1658.0","1880.0","45928.0","42920.0"
"912","2006","2","Bihar","Gaya","45464.0","42609.0","6938.0","7676.0","1636.0","1892.0","54038.0","52177.0"
"912","2007","2","Bihar","Gaya","39009.0","33755.0","5510.0","7314.0","1483.0","1871.0","46002.0","42940.0"
"912","2008","2","Bihar","Gaya","57091.0","43087.0","12417.0","11856.0","8290.0","3439.0","77798.0","58382.0"
"912","2009","2","Bihar","Gaya","39148.0","47004.0","10408.0","13178.0","2926.0","4512.0","52482.0","64694.0"
"912","2010","2","Bihar","Gaya","36292.0","49738.0","12540.0","11816.0","2241.0","5519.0","51073.0","67073.0"
"912","2011","2","Bihar","Gaya","50999.0","51726.0","8821.0","10432.0","1593.0","2155.0","61413.0","64313.0"
"912","2012","2","Bihar","Gaya","54905.0","53255.0","10729.0","11778.0","1211.0","954.0","66845.0","65987.0"
"912","2013","2","Bihar","Gaya","45198.0","41718.0","3891.0","5541.0","221.0","934.0","49310.0","48193.0"
"912","2014","2","Bihar","Gaya","49189.0","47201.0","10296.0","7937.0","1796.0","1161.0","61281.0","56299.0"
"912","2015","2","Bihar","Gaya","58218.0","59105.0","15195.0","10914.0","1561.0","1200.0","74975.0","71219.0"
"912","2016","2","Bihar","Gaya","60697.0","40808.0","11435.0","12525.0","755.0","1103.0","72886.0","54436.0"
"912","2017","2","Bihar","Gaya","52029.0","47288.0","17244.0","12976.0","1952.0","2417.0","71224.0","62681.0"
"913","1990","15","Jharkhand","Hazaribagh","-1.0","-1.0","-1.0","-1.0","-1.0","-1.0","-1.0","-1.0"
"913","1991","15","Jharkhand","Hazaribagh","-1.0","-1.0","-1.0","-1.0","-1.0","-1.0","-1.0","-1.0"
"913","1993","15","Jharkhand","Hazaribagh","4362.0","1445.0","764.0","468.0","16.0","102.0","5142.0","2015.0"
"913","1994","15","Jharkhand","Hazaribagh","2042.0","18214.0","1685.0","447.0","303.0","86.0","4030.0","18747.0"
"913","1995","15","Jharkhand","Hazaribagh","5879.0","3019.0","1341.0","649.0","451.0","257.0","7670.0","3925.0"
"913","1996","15","Jharkhand","Hazaribagh","6780.0","3431.0","1160.0","547.0","300.0","452.0","8240.0","4430.0"
"913","1997","15","Jharkhand","Hazaribagh","-1.0","-1.0","-1.0","-1.0","-1.0","-1.0","-1.0","-1.0"
"913","1998","15","Jharkhand","Hazaribagh","-1.0","-1.0","-1.0","-1.0","-1.0","-1.0","-1.0","-1.0"
"913","1999","15","Jharkhand","Hazaribagh","8035.0","4135.0","6268.0","2102.0","400.0","500.0","14703.0","6737.0"
"913","2003","15","Jharkhand","Hazaribagh","8551.0","3499.0","6623.0","1463.0","564.0","337.0","15738.0","5299.0"
"913","2004","15","Jharkhand","Hazaribagh","8230.0","4109.0","3542.0","3838.0","104.0","515.0","11876.0","8462.0"
"913","2005","15","Jharkhand","Hazaribagh","9481.0","5539.0","4263.0","3432.0","828.0","594.0","14572.0","9565.0"
"913","2006","15","Jharkhand","Hazaribagh","12127.0","8483.0","5173.0","3449.0","436.0","257.0","17736.0","12189.0"
"913","2007","15","Jharkhand","Hazaribagh","13201.0","3943.0","6278.0","3069.0","1335.0","1016.0","20814.0","8028.0"
"913","2008","15","Jharkhand","Hazaribagh","11368.0","5923.0","5713.0","2377.0","1418.0","832.0","18500.0","9132.0"
"913","2009","15","Jharkhand","Hazaribagh","8177.0","7392.0","4817.0","5080.0","1480.0","1900.0","14474.0","14372.0"
"913","2010","15","Jharkhand","Hazaribagh","7592.0","5428.0","4499.0","2606.0","1135.0","576.0","13226.0","8609.0"
"913","2011","15","Jharkhand","Hazaribagh","12737.0","11204.0","5836.0","3224.0","1183.0","1271.0","19756.0","15700.0"
"913","2012","15","Jharkhand","Hazaribagh","13555.0","6035.0","2731.0","1956.0","1122.0","100.0","17407.0","8091.0"
"913","2013","15","Jharkhand","Hazaribagh","12659.0","6223.0","1725.0","1969.0","402.0","834.0","14785.0","9025.0"
"913","2014","15","Jharkhand","Hazaribagh","10531.0","6002.0","1234.0","217.0","183.0","19.0","11951.0","6238.0"
"913","2015","15","Jharkhand","Hazaribagh","15336.0","9543.0","5557.0","2115.0","1208.0","83.0","22101.0","11741.0"
"913","2016","15","Jharkhand","Hazaribagh","16035.0","5397.0","4082.0","2118.0","159.0","151.0","20275.0","7666.0"
"913","2017","15","Jharkhand","Hazaribagh","12893.0","2483.0","4975.0","6116.0","283.0","1203.0","18151.0","9802.0"
"914","1990","15","Jharkhand","Dhanbad","-1.0","-1.0","-1.0","-1.0","-1.0","-1.0","-1.0","-1.0"
"914","1991","15","Jharkhand","Dhanbad","-1.0","-1.0","-1.0","-1.0","-1.0","-1.0","-1.0","-1.0"
"914","1993","15","Jharkhand","Dhanbad","296.0","391.0","12.0","1102.0","204.0","121.0","512.0","1614.0"
"914","1994","15","Jharkhand","Dhanbad","1220.0","2068.0","86.0","153.0","320.0","32.0","1626.0","2253.0"
"914","1995","15","Jharkhand","Dhanbad","358.0","420.0","18.0","82.0","13.0","59.0","390.0","561.0"
"914","1996","15","Jharkhand","Dhanbad","413.0","477.0","16.0","69.0","9.0","103.0","437.0","649.0"
"914","1997","15","Jharkhand","Dhanbad","-1.0","-1.0","-1.0","-1.0","-1.0","-1.0","-1.0","-1.0"
"914","1998","15","Jharkhand","Dhanbad","-1.0","-1.0","-1.0","-1.0","-1.0","-1.0","-1.0","-1.0"
"914","1999","15","Jharkhand","Dhanbad","365.0","365.0","132.0","198.0","0.0","0.0","497.0","563.0"
"914","2003","15","Jharkhand","Dhanbad","258.0","42.0","148.0","25.0","2.0","0.0","408.0","67.0"
"914","2004","15","Jharkhand","Dhanbad","293.0","120.0","146.0","65.0","9.0","11.0","448.0","196.0"
"914","2005","15","Jharkhand","Dhanbad","475.0","32.0","642.0","72.0","10.0","8.0","1127.0","112.0"
"914","2006","15","Jharkhand","Dhanbad","649.0","534.0","80.0","169.0","3.0","32.0","732.0","735.0"
"914","2007","15","Jharkhand","Dhanbad","495.0","146.0","43.0","74.0","5.0","7.0","544.0","227.0"
"914","2008","15","Jharkhand","Dhanbad","349.0","49.0","79.0","12.0","11.0","8.0","438.0","69.0"
"914","2009","15","Jharkhand","Dhanbad","196.0","81.0","44.0","52.0","6.0","10.0","246.0","143.0"
"914","2010","15","Jharkhand","Dhanbad","174.0","227.0","41.0","90.0","5.0","0.0","220.0","318.0"
"914","2011","15","Jharkhand","Dhanbad","775.0","345.0","102.0","110.0","38.0","13.0","915.0","467.0"
"914","2012","15","Jharkhand","Dhanbad","720.0","705.0","52.0","27.0","0.0","1.0","773.0","733.0"
"914","2013","15","Jharkhand","Dhanbad","719.0","675.0","50.0","85.0","0.0","1.0","770.0","762.0"
"914","2014","15","Jharkhand","Dhanbad","163.0","131.0","28.0","3.0","1.0","0.0","193.0","134.0"
"914","2015","15","Jharkhand","Dhanbad","788.0","199.0","267.0","82.0","156.0","1.0","1211.0","282.0"
"914","2016","15","Jharkhand","Dhanbad","343.0","164.0","60.0","69.0","1.0","2.0","403.0","235.0"
"914","2017","15","Jharkhand","Dhanbad","359.0","69.0","136.0","161.0","4.0","78.0","500.0","308.0"
"915","1990","15","Jharkhand","Palamau","-1.0","-1.0","-1.0","-1.0","-1.0","-1.0","-1.0","-1.0"
"915","1991","15","Jharkhand","Palamau","-1.0","-1.0","-1.0","-1.0","-1.0","-1.0","-1.0","-1.0"
"915","1993","15","Jharkhand","Palamau","2571.0","131.0","347.0","441.0","57.0","44.0","2975.0","616.0"
"915","1994","15","Jharkhand","Palamau","11880.0","6484.0","1253.0","425.0","163.0","97.0","13296.0","7006.0"
"915","1995","15","Jharkhand","Palamau","3098.0","3251.0","922.0","423.0","96.0","267.0","4116.0","3941.0"
"915","1996","15","Jharkhand","Palamau","3572.0","3695.0","798.0","356.0","63.0","468.0","4433.0","4519.0"
"915","1997","15","Jharkhand","Palamau","-1.0","-1.0","-1.0","-1.0","-1.0","-1.0","-1.0","-1.0"
"915","1998","15","Jharkhand","Palamau","-1.0","-1.0","-1.0","-1.0","-1.0","-1.0","-1.0","-1.0"
"915","1999","15","Jharkhand","Palamau","4400.0","2600.0","1800.0","800.0","200.0","400.0","6400.0","3800.0"
"915","2003","15","Jharkhand","Palamau","3118.0","1816.0","1710.0","1872.0","106.0","159.0","4934.0","3847.0"
"915","2004","15","Jharkhand","Palamau","4740.0","5225.0","3186.0","4895.0","90.0","384.0","8016.0","10504.0"
"915","2005","15","Jharkhand","Palamau","10090.0","1506.0","1961.0","1755.0","468.0","415.0","12519.0","3676.0"
"915","2006","15","Jharkhand","Palamau","10525.0","3683.0","4083.0","1339.0","272.0","81.0","14880.0","5103.0"
"915","2007","15","Jharkhand","Palamau","9886.0","4396.0","4184.0","1179.0","567.0","245.0","14637.0","5820.0"
"915","2008","15","Jharkhand","Palamau","10251.0","3974.0","4819.0","2744.0","844.0","231.0","15914.0","6949.0"
"915","2009","15","Jharkhand","Palamau","8491.0","4519.0","3895.0","3845.0","574.0","948.0","12960.0","9312.0"
"915","2010","15","Jharkhand","Palamau","9418.0","3837.0","3332.0","1048.0","458.0","130.0","13208.0","5015.0"
"915","2011","15","Jharkhand","Palamau","10565.0","7643.0","2594.0","1901.0","228.0","326.0","13387.0","9870.0"
"915","2012","15","Jharkhand","Palamau","8491.0","7069.0","2632.0","2683.0","267.0","171.0","11390.0","9923.0"
"915","2013","15","Jharkhand","Palamau","8100.0","5702.0","1826.0","1822.0","262.0","270.0","10188.0","7794.0"
"915","2014","15","Jharkhand","Palamau","4742.0","5372.0","609.0","24.0","113.0","16.0","5465.0","5412.0"
"915","2015","15","Jharkhand","Palamau","11083.0","7260.0","2625.0","482.0","257.0","24.0","13965.0","7766.0"
"915","2016","15","Jharkhand","Palamau","13409.0","3225.0","2243.0","1089.0","120.0","69.0","15773.0","4383.0"
"915","2017","15","Jharkhand","Palamau","13689.0","2373.0","2931.0","6028.0","97.0","1606.0","16716.0","10007.0"
"916","1990","15","Jharkhand","Ranchi","-1.0","-1.0","-1.0","-1.0","-1.0","-1.0","-1.0","-1.0"
"916","1991","15","Jharkhand","Ranchi","-1.0","-1.0","-1.0","-1.0","-1.0","-1.0","-1.0","-1.0"
"916","1993","15","Jharkhand","Ranchi","9188.0","1869.0","2656.0","637.0","174.0","81.0","12018.0","2587.0"
"916","1994","15","Jharkhand","Ranchi","21773.0","20957.0","6620.0","1218.0","1088.0","461.0","29481.0","22636.0"
"916","1995","15","Jharkhand","Ranchi","11752.0","5663.0","3455.0","1797.0","336.0","299.0","15543.0","7759.0"
"916","1996","15","Jharkhand","Ranchi","13554.0","6437.0","2991.0","1514.0","223.0","524.0","16768.0","8475.0"
"916","1997","15","Jharkhand","Ranchi","-1.0","-1.0","-1.0","-1.0","-1.0","-1.0","-1.0","-1.0"
"916","1998","15","Jharkhand","Ranchi","-1.0","-1.0","-1.0","-1.0","-1.0","-1.0","-1.0","-1.0"
"916","1999","15","Jharkhand","Ranchi","11800.0","7100.0","7000.0","4700.0","800.0","600.0","19600.0","12400.0"
"916","2003","15","Jharkhand","Ranchi","15724.0","5616.0","10363.0","5095.0","683.0","610.0","26770.0","11321.0"
"916","2004","15","Jharkhand","Ranchi","17633.0","5243.0","10289.0","4597.0","709.0","92.0","28631.0","9932.0"
"916","2005","15","Jharkhand","Ranchi","15009.0","7107.0","8373.0","5333.0","1100.0","622.0","24482.0","13062.0"
"916","2006","15","Jharkhand","Ranchi","15371.0","10562.0","10318.0","3412.0","1130.0","437.0","26819.0","14411.0"
"916","2007","15","Jharkhand","Ranchi","21063.0","8053.0","11640.0","4357.0","2155.0","1545.0","34858.0","13955.0"
"916","2008","15","Jharkhand","Ranchi","19031.0","6523.0","9891.0","3203.0","3300.0","1126.0","32222.0","10852.0"
"916","2009","15","Jharkhand","Ranchi","18735.0","8731.0","9458.0","6724.0","3630.0","3493.0","31823.0","18948.0"
"916","2010","15","Jharkhand","Ranchi","17260.0","7553.0","9378.0","2830.0","2372.0","1233.0","29010.0","11616.0"
"916","2011","15","Jharkhand","Ranchi","19740.0","13771.0","9446.0","4674.0","2067.0","2346.0","31253.0","20791.0"
"916","2012","15","Jharkhand","Ranchi","18552.0","12775.0","5267.0","5133.0","615.0","505.0","24434.0","18413.0"
"916","2013","15","Jharkhand","Ranchi","15556.0","6035.0","2305.0","2705.0","479.0","603.0","18340.0","9343.0"
"916","2014","15","Jharkhand","Ranchi","19228.0","8592.0","7538.0","2062.0","977.0","690.0","27743.0","11344.0"
"916","2015","15","Jharkhand","Ranchi","25505.0","11966.0","9827.0","3565.0","1356.0","301.0","36688.0","15832.0"
"916","2016","15","Jharkhand","Ranchi","25193.0","8684.0","7699.0","4836.0","836.0","278.0","33727.0","13798.0"
"916","2017","15","Jharkhand","Ranchi","25191.0","3702.0","11365.0","9010.0","1385.0","2566.0","37940.0","15278.0"
"917","1990","15","Jharkhand","Singhbhum","-1.0","-1.0","-1.0","-1.0","-1.0","-1.0","-1.0","-1.0"
"917","1991","15","Jharkhand","Singhbhum","-1.0","-1.0","-1.0","-1.0","-1.0","-1.0","-1.0","-1.0"
"917","1993","15","Jharkhand","Singhbhum","-1.0","-1.0","-1.0","-1.0","-1.0","-1.0","-1.0","-1.0"
"917","1994","15","Jharkhand","Singhbhum","-1.0","-1.0","-1.0","-1.0","-1.0","-1.0","-1.0","-1.0"
"917","1995","15","Jharkhand","Singhbhum","765.0","802.0","302.0","142.0","161.0","86.0","1228.0","1030.0"
"917","1996","15","Jharkhand","Singhbhum","882.0","912.0","262.0","120.0","107.0","151.0","1251.0","1183.0"
"917","1997","15","Jharkhand","Singhbhum","-1.0","-1.0","-1.0","-1.0","-1.0","-1.0","-1.0","-1.0"
"917","1998","15","Jharkhand","Singhbhum","-1.0","-1.0","-1.0","-1.0","-1.0","-1.0","-1.0","-1.0"
"917","1999","15","Jharkhand","Singhbhum","1000.0","300.0","700.0","400.0","0.0","0.0","1700.0","700.0"
"917","2003","15","Jharkhand","Singhbhum","3897.0","1881.0","2409.0","1660.0","297.0","148.0","6603.0","3689.0"
"917","2004","15","Jharkhand","Singhbhum","5699.0","1787.0","2674.0","1226.0","549.0","33.0","8922.0","3046.0"
"917","2005","15","Jharkhand","Singhbhum","2287.0","233.0","2613.0","88.0","345.0","0.0","5245.0","321.0"
"917","2006","15","Jharkhand","Singhbhum","1484.0","1862.0","24.0","613.0","0.0","67.0","1508.0","2542.0"
"917","2007","15","Jharkhand","Singhbhum","822.0","234.0","561.0","316.0","22.0","19.0","1405.0","569.0"
"917","2008","15","Jharkhand","Singhbhum","1534.0","376.0","1053.0","133.0","130.0","52.0","2717.0","561.0"
"917","2009","15","Jharkhand","Singhbhum","1189.0","1274.0","575.0","504.0","28.0","111.0","1792.0","1889.0"
"917","2010","15","Jharkhand","Singhbhum","562.0","226.0","465.0","86.0","48.0","17.0","1075.0","329.0"
"917","2011","15","Jharkhand","Singhbhum","1619.0","525.0","315.0","198.0","27.0","97.0","1961.0","820.0"
"917","2012","15","Jharkhand","Singhbhum","1927.0","1836.0","145.0","159.0","29.0","18.0","2101.0","2013.0"
"917","2013","15","Jharkhand","Singhbhum","1905.0","1891.0","123.0","269.0","18.0","25.0","2046.0","2185.0"
"917","2014","15","Jharkhand","Singhbhum","2155.0","770.0","314.0","13.0","14.0","0.0","2481.0","783.0"
"917","2015","15","Jharkhand","Singhbhum","2653.0","714.0","672.0","143.0","155.0","0.0","3480.0","857.0"
"917","2016","15","Jharkhand","Singhbhum","1507.0","509.0","324.0","105.0","20.0","0.0","1851.0","614.0"
"917","2017","15","Jharkhand","Singhbhum","2277.0","310.0","911.0","689.0","28.0","94.0","3216.0","1093.0"